[1;32mDEBUG [0m]: User-specified config location: '/tmp/pw-84hdu59m/hyprland.conf'
Welcome to Hyprland!

                                                  
                     YY    UJ                     
                    YYY    UUJ                    
                   XXXY    UUUU                   
                  zXXXX    UUUUU                  
                zzzzX        UUUUJ                
               cczzz          UUUUJ               
             vccccz            UUUUUJ             
            vvcccc              UUUUUJ            
           vvvvv                  UUUUJ           
          uuuvv                    UUUUJ          
         uuuuu                      UUUUU         
        nnnuu                        UUUUU        
       nnnnn                          YUUUU       
       xxnn                            YUUU       
       xxxn                            YYUU       
      xxxx                              YYUU      
      rxxx                              YYYY      
      rrrx                              YYYY      
       rrrx                            XXXY       
       rrrr                            XXXX       
        rrrr                          zzXX        
         rrrr                        zzzz         
          rrrrr                    ccczz          
           rrrrrx                vccccc           
             rrrrxxxx        uuvvvvvc             
                rrxxxxxxnnnnuuuuuv                
                    xxxxxnnnnu                    



[1;33mWARN [0m]: Failed to change process scheduling strategy
[!!WARNING!!] XDG_RUNTIME_DIR looks non-standard. Proceeding anyways...
DEBUG ]: Old rlimit: soft -> 1024, hard -> 524288
DEBUG ]: New rlimit: soft -> 524288, hard -> 524288
WARN ]: WARNING: Hyprland is being launched without start-hyprland. This is highly advised against.
DEBUG ]: Creating the EventLoopManager!
DEBUG ]: Creating the KeybindManager!
DEBUG ]: Creating the AnimationManager!
DEBUG ]: Creating the DynamicPermissionManager!
DEBUG ]: Creating the MonitorState!
DEBUG ]: Creating the WorkspaceState!
DEBUG ]: Creating the ConfigManager!
DEBUG ]: [cfg] Config is either explicit or special.
DEBUG ]: [cfg] Config is NOT lua, loading regular mgr
DEBUG ]: Using config: /tmp/pw-84hdu59m/hyprland.conf
DEBUG ]: !!!!HEY YOU, YES YOU!!!!: further logs to stdout / logfile are disabled by default. BEFORE SENDING THIS LOG, ENABLE THEM. Use debug:disable_logs = false to do so: https://wiki.hypr.land/Configuring/Basics/Variables/#debug
DEBUG ]: Creating the Error Overlay!
DEBUG ]: Creating the LayoutManager!
DEBUG ]: Creating the TokenManager!
DEBUG ]: Creating the EventManager!
DEBUG ]: Using config: /tmp/pw-84hdu59m/hyprland.conf
DEBUG ]: Creating the PointerManager!
DEBUG ]: Creating the AsyncResourceGatherer!
[1;32mDEBUG [0mfrom aquamarine ]: Creating an Aquamarine backend!
[1;32mDEBUG [0mfrom aquamarine ]: [libseat] [libseat/backend/seatd.c:64] Could not connect to socket /run/seatd.sock: No such file or directory
[1;32mDEBUG [0mfrom aquamarine ]: [libseat] [libseat/libseat.c:76] Backend 'seatd' failed to open seat, skipping
[1;31mERR [0mfrom aquamarine ]: [libseat] [libseat/backend/logind.c:638] Could not get primary session for user: No data available
[1;32mDEBUG [0mfrom aquamarine ]: [libseat] [libseat/libseat.c:76] Backend 'logind' failed to open seat, skipping
[1;31mERR [0mfrom aquamarine ]: [libseat] [libseat/libseat.c:79] No backend was able to open a seat
[1;31mERR [0mfrom aquamarine ]: libseat: failed to open a seat
[1;31mERR [0mfrom aquamarine ]: Failed to open a session
[1;31mERR [0mfrom aquamarine ]: DRM Backend failed
[1;32mDEBUG [0mfrom aquamarine ]: Starting the Aquamarine backend!
[1;32mDEBUG [0mfrom aquamarine ]: Starting the Wayland backend!
[1;32mDEBUG [0mfrom aquamarine ]: Connected to a wayland compositor: unknown (XDG_CURRENT_DEKSTOP unset?)
[1;32mDEBUG [0mfrom aquamarine ]: Got registry at 0x55dfad466eb0
[1;32mDEBUG [0mfrom aquamarine ]: New wayland keyboard wl_keyboard
[1;32mDEBUG [0mfrom aquamarine ]: New wayland pointer wl_pointer
[1;32mDEBUG [0mfrom aquamarine ]: zwp_linux_dmabuf_v1: Got format AB4H with modifier LINEAR
[1;32mDEBUG [0mfrom aquamarine ]: zwp_linux_dmabuf_v1: Got format AB4H with modifier X_TILED
[1;32mDEBUG [0mfrom aquamarine ]: zwp_linux_dmabuf_v1: Got format AB4H with modifier 4_TILED
[1;32mDEBUG [0mfrom aquamarine ]: zwp_linux_dmabuf_v1: Got format AB4H with modifier 4_TILED_LNL_CCS
[1;32mDEBUG [0mfrom aquamarine ]: zwp_linux_dmabuf_v1: Got format AB4H with modifier INVALID
[1;32mDEBUG [0mfrom aquamarine ]: zwp_linux_dmabuf_v1: Got format XB4H with modifier LINEAR
[1;32mDEBUG [0mfrom aquamarine ]: zwp_linux_dmabuf_v1: Got format XB4H with modifier X_TILED
[1;32mDEBUG [0mfrom aquamarine ]: zwp_linux_dmabuf_v1: Got format XB4H with modifier 4_TILED
[1;32mDEBUG [0mfrom aquamarine ]: zwp_linux_dmabuf_v1: Got format XB4H with modifier 4_TILED_LNL_CCS
[1;32mDEBUG [0mfrom aquamarine ]: zwp_linux_dmabuf_v1: Got format XB4H with modifier INVALID
[1;32mDEBUG [0mfrom aquamarine ]: zwp_linux_dmabuf_v1: Got format AB48 with modifier LINEAR
[1;32mDEBUG [0mfrom aquamarine ]: zwp_linux_dmabuf_v1: Got format AB48 with modifier X_TILED
[1;32mDEBUG [0mfrom aquamarine ]: zwp_linux_dmabuf_v1: Got format AB48 with modifier 4_TILED
[1;32mDEBUG [0mfrom aquamarine ]: zwp_linux_dmabuf_v1: Got format AB48 with modifier 4_TILED_LNL_CCS
[1;32mDEBUG [0mfrom aquamarine ]: zwp_linux_dmabuf_v1: Got format AB48 with modifier INVALID
[1;32mDEBUG [0mfrom aquamarine ]: zwp_linux_dmabuf_v1: Got format XB48 with modifier LINEAR
[1;32mDEBUG [0mfrom aquamarine ]: zwp_linux_dmabuf_v1: Got format XB48 with modifier X_TILED
[1;32mDEBUG [0mfrom aquamarine ]: zwp_linux_dmabuf_v1: Got format XB48 with modifier 4_TILED
[1;32mDEBUG [0mfrom aquamarine ]: zwp_linux_dmabuf_v1: Got format XB48 with modifier 4_TILED_LNL_CCS
[1;32mDEBUG [0mfrom aquamarine ]: zwp_linux_dmabuf_v1: Got format XB48 with modifier INVALID
[1;32mDEBUG [0mfrom aquamarine ]: zwp_linux_dmabuf_v1: Got format AR30 with modifier LINEAR
[1;32mDEBUG [0mfrom aquamarine ]: zwp_linux_dmabuf_v1: Got format AR30 with modifier X_TILED
[1;32mDEBUG [0mfrom aquamarine ]: zwp_linux_dmabuf_v1: Got format AR30 with modifier 4_TILED
[1;32mDEBUG [0mfrom aquamarine ]: zwp_linux_dmabuf_v1: Got format AR30 with modifier 4_TILED_LNL_CCS
[1;32mDEBUG [0mfrom aquamarine ]: zwp_linux_dmabuf_v1: Got format AR30 with modifier INVALID
[1;32mDEBUG [0mfrom aquamarine ]: zwp_linux_dmabuf_v1: Got format XR30 with modifier LINEAR
[1;32mDEBUG [0mfrom aquamarine ]: zwp_linux_dmabuf_v1: Got format XR30 with modifier X_TILED
[1;32mDEBUG [0mfrom aquamarine ]: zwp_linux_dmabuf_v1: Got format XR30 with modifier 4_TILED
[1;32mDEBUG [0mfrom aquamarine ]: zwp_linux_dmabuf_v1: Got format XR30 with modifier 4_TILED_LNL_CCS
[1;32mDEBUG [0mfrom aquamarine ]: zwp_linux_dmabuf_v1: Got format XR30 with modifier INVALID
[1;32mDEBUG [0mfrom aquamarine ]: zwp_linux_dmabuf_v1: Got format AB30 with modifier LINEAR
[1;32mDEBUG [0mfrom aquamarine ]: zwp_linux_dmabuf_v1: Got format AB30 with modifier X_TILED
[1;32mDEBUG [0mfrom aquamarine ]: zwp_linux_dmabuf_v1: Got format AB30 with modifier 4_TILED
[1;32mDEBUG [0mfrom aquamarine ]: zwp_linux_dmabuf_v1: Got format AB30 with modifier 4_TILED_LNL_CCS
[1;32mDEBUG [0mfrom aquamarine ]: zwp_linux_dmabuf_v1: Got format AB30 with modifier INVALID
[1;32mDEBUG [0mfrom aquamarine ]: zwp_linux_dmabuf_v1: Got format XB30 with modifier LINEAR
[1;32mDEBUG [0mfrom aquamarine ]: zwp_linux_dmabuf_v1: Got format XB30 with modifier X_TILED
[1;32mDEBUG [0mfrom aquamarine ]: zwp_linux_dmabuf_v1: Got format XB30 with modifier 4_TILED
[1;32mDEBUG [0mfrom aquamarine ]: zwp_linux_dmabuf_v1: Got format XB30 with modifier 4_TILED_LNL_CCS
[1;32mDEBUG [0mfrom aquamarine ]: zwp_linux_dmabuf_v1: Got format XB30 with modifier INVALID
[1;32mDEBUG [0mfrom aquamarine ]: zwp_linux_dmabuf_v1: Got format AR24 with modifier LINEAR
[1;32mDEBUG [0mfrom aquamarine ]: zwp_linux_dmabuf_v1: Got format AR24 with modifier X_TILED
[1;32mDEBUG [0mfrom aquamarine ]: zwp_linux_dmabuf_v1: Got format AR24 with modifier 4_TILED
[1;32mDEBUG [0mfrom aquamarine ]: zwp_linux_dmabuf_v1: Got format AR24 with modifier 4_TILED_LNL_CCS
[1;32mDEBUG [0mfrom aquamarine ]: zwp_linux_dmabuf_v1: Got format AR24 with modifier INVALID
[1;32mDEBUG [0mfrom aquamarine ]: zwp_linux_dmabuf_v1: Got format AB24 with modifier LINEAR
[1;32mDEBUG [0mfrom aquamarine ]: zwp_linux_dmabuf_v1: Got format AB24 with modifier X_TILED
[1;32mDEBUG [0mfrom aquamarine ]: zwp_linux_dmabuf_v1: Got format AB24 with modifier 4_TILED
[1;32mDEBUG [0mfrom aquamarine ]: zwp_linux_dmabuf_v1: Got format AB24 with modifier 4_TILED_LNL_CCS
[1;32mDEBUG [0mfrom aquamarine ]: zwp_linux_dmabuf_v1: Got format AB24 with modifier INVALID
[1;32mDEBUG [0mfrom aquamarine ]: zwp_linux_dmabuf_v1: Got format XR24 with modifier LINEAR
[1;32mDEBUG [0mfrom aquamarine ]: zwp_linux_dmabuf_v1: Got format XR24 with modifier X_TILED
[1;32mDEBUG [0mfrom aquamarine ]: zwp_linux_dmabuf_v1: Got format XR24 with modifier 4_TILED
[1;32mDEBUG [0mfrom aquamarine ]: zwp_linux_dmabuf_v1: Got format XR24 with modifier 4_TILED_LNL_CCS
[1;32mDEBUG [0mfrom aquamarine ]: zwp_linux_dmabuf_v1: Got format XR24 with modifier INVALID
[1;32mDEBUG [0mfrom aquamarine ]: zwp_linux_dmabuf_v1: Got format XB24 with modifier LINEAR
[1;32mDEBUG [0mfrom aquamarine ]: zwp_linux_dmabuf_v1: Got format XB24 with modifier X_TILED
[1;32mDEBUG [0mfrom aquamarine ]: zwp_linux_dmabuf_v1: Got format XB24 with modifier 4_TILED
[1;32mDEBUG [0mfrom aquamarine ]: zwp_linux_dmabuf_v1: Got format XB24 with modifier 4_TILED_LNL_CCS
[1;32mDEBUG [0mfrom aquamarine ]: zwp_linux_dmabuf_v1: Got format XB24 with modifier INVALID
[1;32mDEBUG [0mfrom aquamarine ]: zwp_linux_dmabuf_v1: Got format AR15 with modifier LINEAR
[1;32mDEBUG [0mfrom aquamarine ]: zwp_linux_dmabuf_v1: Got format AR15 with modifier X_TILED
[1;32mDEBUG [0mfrom aquamarine ]: zwp_linux_dmabuf_v1: Got format AR15 with modifier 4_TILED
[1;32mDEBUG [0mfrom aquamarine ]: zwp_linux_dmabuf_v1: Got format AR15 with modifier 4_TILED_LNL_CCS
[1;32mDEBUG [0mfrom aquamarine ]: zwp_linux_dmabuf_v1: Got format AR15 with modifier INVALID
[1;32mDEBUG [0mfrom aquamarine ]: zwp_linux_dmabuf_v1: Got format AR12 with modifier LINEAR
[1;32mDEBUG [0mfrom aquamarine ]: zwp_linux_dmabuf_v1: Got format AR12 with modifier X_TILED
[1;32mDEBUG [0mfrom aquamarine ]: zwp_linux_dmabuf_v1: Got format AR12 with modifier 4_TILED
[1;32mDEBUG [0mfrom aquamarine ]: zwp_linux_dmabuf_v1: Got format AR12 with modifier 4_TILED_LNL_CCS
[1;32mDEBUG [0mfrom aquamarine ]: zwp_linux_dmabuf_v1: Got format AR12 with modifier INVALID
[1;32mDEBUG [0mfrom aquamarine ]: zwp_linux_dmabuf_v1: Got format RG16 with modifier LINEAR
[1;32mDEBUG [0mfrom aquamarine ]: zwp_linux_dmabuf_v1: Got format RG16 with modifier X_TILED
[1;32mDEBUG [0mfrom aquamarine ]: zwp_linux_dmabuf_v1: Got format RG16 with modifier 4_TILED
[1;32mDEBUG [0mfrom aquamarine ]: zwp_linux_dmabuf_v1: Got format RG16 with modifier 4_TILED_LNL_CCS
[1;32mDEBUG [0mfrom aquamarine ]: zwp_linux_dmabuf_v1: Got format RG16 with modifier INVALID
[1;32mDEBUG [0mfrom aquamarine ]: zwp_linux_dmabuf_v1: Got format R8 with modifier LINEAR
[1;32mDEBUG [0mfrom aquamarine ]: zwp_linux_dmabuf_v1: Got format R8 with modifier X_TILED
[1;32mDEBUG [0mfrom aquamarine ]: zwp_linux_dmabuf_v1: Got format R8 with modifier 4_TILED
[1;32mDEBUG [0mfrom aquamarine ]: zwp_linux_dmabuf_v1: Got format R8 with modifier 4_TILED_LNL_CCS
[1;32mDEBUG [0mfrom aquamarine ]: zwp_linux_dmabuf_v1: Got format R8 with modifier INVALID
[1;32mDEBUG [0mfrom aquamarine ]: zwp_linux_dmabuf_v1: Got format R16 with modifier LINEAR
[1;32mDEBUG [0mfrom aquamarine ]: zwp_linux_dmabuf_v1: Got format R16 with modifier X_TILED
[1;32mDEBUG [0mfrom aquamarine ]: zwp_linux_dmabuf_v1: Got format R16 with modifier 4_TILED
[1;32mDEBUG [0mfrom aquamarine ]: zwp_linux_dmabuf_v1: Got format R16 with modifier 4_TILED_LNL_CCS
[1;32mDEBUG [0mfrom aquamarine ]: zwp_linux_dmabuf_v1: Got format R16 with modifier INVALID
[1;32mDEBUG [0mfrom aquamarine ]: zwp_linux_dmabuf_v1: Got format GR88 with modifier LINEAR
[1;32mDEBUG [0mfrom aquamarine ]: zwp_linux_dmabuf_v1: Got format GR88 with modifier X_TILED
[1;32mDEBUG [0mfrom aquamarine ]: zwp_linux_dmabuf_v1: Got format GR88 with modifier 4_TILED
[1;32mDEBUG [0mfrom aquamarine ]: zwp_linux_dmabuf_v1: Got format GR88 with modifier 4_TILED_LNL_CCS
[1;32mDEBUG [0mfrom aquamarine ]: zwp_linux_dmabuf_v1: Got format GR88 with modifier INVALID
[1;32mDEBUG [0mfrom aquamarine ]: zwp_linux_dmabuf_v1: Got format GR32 with modifier LINEAR
[1;32mDEBUG [0mfrom aquamarine ]: zwp_linux_dmabuf_v1: Got format GR32 with modifier X_TILED
[1;32mDEBUG [0mfrom aquamarine ]: zwp_linux_dmabuf_v1: Got format GR32 with modifier 4_TILED
[1;32mDEBUG [0mfrom aquamarine ]: zwp_linux_dmabuf_v1: Got format GR32 with modifier 4_TILED_LNL_CCS
[1;32mDEBUG [0mfrom aquamarine ]: zwp_linux_dmabuf_v1: Got format GR32 with modifier INVALID
[1;32mDEBUG [0mfrom aquamarine ]: zwp_linux_dmabuf_v1: Got format R  H with modifier LINEAR
[1;32mDEBUG [0mfrom aquamarine ]: zwp_linux_dmabuf_v1: Got format R  H with modifier X_TILED
[1;32mDEBUG [0mfrom aquamarine ]: zwp_linux_dmabuf_v1: Got format R  H with modifier 4_TILED
[1;32mDEBUG [0mfrom aquamarine ]: zwp_linux_dmabuf_v1: Got format R  H with modifier 4_TILED_LNL_CCS
[1;32mDEBUG [0mfrom aquamarine ]: zwp_linux_dmabuf_v1: Got format R  H with modifier INVALID
[1;32mDEBUG [0mfrom aquamarine ]: zwp_linux_dmabuf_v1: Got format R  F with modifier LINEAR
[1;32mDEBUG [0mfrom aquamarine ]: zwp_linux_dmabuf_v1: Got format R  F with modifier X_TILED
[1;32mDEBUG [0mfrom aquamarine ]: zwp_linux_dmabuf_v1: Got format R  F with modifier 4_TILED
[1;32mDEBUG [0mfrom aquamarine ]: zwp_linux_dmabuf_v1: Got format R  F with modifier 4_TILED_LNL_CCS
[1;32mDEBUG [0mfrom aquamarine ]: zwp_linux_dmabuf_v1: Got format R  F with modifier INVALID
[1;32mDEBUG [0mfrom aquamarine ]: zwp_linux_dmabuf_v1: Got format GR H with modifier LINEAR
[1;32mDEBUG [0mfrom aquamarine ]: zwp_linux_dmabuf_v1: Got format GR H with modifier X_TILED
[1;32mDEBUG [0mfrom aquamarine ]: zwp_linux_dmabuf_v1: Got format GR H with modifier 4_TILED
[1;32mDEBUG [0mfrom aquamarine ]: zwp_linux_dmabuf_v1: Got format GR H with modifier 4_TILED_LNL_CCS
[1;32mDEBUG [0mfrom aquamarine ]: zwp_linux_dmabuf_v1: Got format GR H with modifier INVALID
[1;32mDEBUG [0mfrom aquamarine ]: zwp_linux_dmabuf_v1: Got format GR F with modifier LINEAR
[1;32mDEBUG [0mfrom aquamarine ]: zwp_linux_dmabuf_v1: Got format GR F with modifier X_TILED
[1;32mDEBUG [0mfrom aquamarine ]: zwp_linux_dmabuf_v1: Got format GR F with modifier 4_TILED
[1;32mDEBUG [0mfrom aquamarine ]: zwp_linux_dmabuf_v1: Got format GR F with modifier 4_TILED_LNL_CCS
[1;32mDEBUG [0mfrom aquamarine ]: zwp_linux_dmabuf_v1: Got format GR F with modifier INVALID
[1;32mDEBUG [0mfrom aquamarine ]: zwp_linux_dmabuf_v1: Got format AB8F with modifier LINEAR
[1;32mDEBUG [0mfrom aquamarine ]: zwp_linux_dmabuf_v1: Got format AB8F with modifier X_TILED
[1;32mDEBUG [0mfrom aquamarine ]: zwp_linux_dmabuf_v1: Got format AB8F with modifier 4_TILED
[1;32mDEBUG [0mfrom aquamarine ]: zwp_linux_dmabuf_v1: Got format AB8F with modifier 4_TILED_LNL_CCS
[1;32mDEBUG [0mfrom aquamarine ]: zwp_linux_dmabuf_v1: Got format AB8F with modifier INVALID
[1;32mDEBUG [0mfrom aquamarine ]: zwp_linux_dmabuf_v1: Got format YUV9 with modifier INVALID
[1;32mDEBUG [0mfrom aquamarine ]: zwp_linux_dmabuf_v1: Got format YU11 with modifier INVALID
[1;32mDEBUG [0mfrom aquamarine ]: zwp_linux_dmabuf_v1: Got format YU12 with modifier INVALID
[1;32mDEBUG [0mfrom aquamarine ]: zwp_linux_dmabuf_v1: Got format YU16 with modifier INVALID
[1;32mDEBUG [0mfrom aquamarine ]: zwp_linux_dmabuf_v1: Got format YU24 with modifier INVALID
[1;32mDEBUG [0mfrom aquamarine ]: zwp_linux_dmabuf_v1: Got format YVU9 with modifier INVALID
[1;32mDEBUG [0mfrom aquamarine ]: zwp_linux_dmabuf_v1: Got format YV11 with modifier INVALID
[1;32mDEBUG [0mfrom aquamarine ]: zwp_linux_dmabuf_v1: Got format YV12 with modifier INVALID
[1;32mDEBUG [0mfrom aquamarine ]: zwp_linux_dmabuf_v1: Got format YV16 with modifier INVALID
[1;32mDEBUG [0mfrom aquamarine ]: zwp_linux_dmabuf_v1: Got format YV24 with modifier INVALID
[1;32mDEBUG [0mfrom aquamarine ]: zwp_linux_dmabuf_v1: Got format S010 with modifier INVALID
[1;32mDEBUG [0mfrom aquamarine ]: zwp_linux_dmabuf_v1: Got format S210 with modifier INVALID
[1;32mDEBUG [0mfrom aquamarine ]: zwp_linux_dmabuf_v1: Got format S410 with modifier INVALID
[1;32mDEBUG [0mfrom aquamarine ]: zwp_linux_dmabuf_v1: Got format S012 with modifier INVALID
[1;32mDEBUG [0mfrom aquamarine ]: zwp_linux_dmabuf_v1: Got format S212 with modifier INVALID
[1;32mDEBUG [0mfrom aquamarine ]: zwp_linux_dmabuf_v1: Got format S412 with modifier INVALID
[1;32mDEBUG [0mfrom aquamarine ]: zwp_linux_dmabuf_v1: Got format S016 with modifier INVALID
[1;32mDEBUG [0mfrom aquamarine ]: zwp_linux_dmabuf_v1: Got format S216 with modifier INVALID
[1;32mDEBUG [0mfrom aquamarine ]: zwp_linux_dmabuf_v1: Got format S416 with modifier INVALID
[1;32mDEBUG [0mfrom aquamarine ]: zwp_linux_dmabuf_v1: Got format NV12 with modifier INVALID
[1;32mDEBUG [0mfrom aquamarine ]: zwp_linux_dmabuf_v1: Got format NV21 with modifier INVALID
[1;32mDEBUG [0mfrom aquamarine ]: zwp_linux_dmabuf_v1: Got format P010 with modifier INVALID
[1;32mDEBUG [0mfrom aquamarine ]: zwp_linux_dmabuf_v1: Got format P012 with modifier INVALID
[1;32mDEBUG [0mfrom aquamarine ]: zwp_linux_dmabuf_v1: Got format P016 with modifier INVALID
[1;32mDEBUG [0mfrom aquamarine ]: zwp_linux_dmabuf_v1: Got format P030 with modifier INVALID
[1;32mDEBUG [0mfrom aquamarine ]: zwp_linux_dmabuf_v1: Got format NV16 with modifier INVALID
[1;32mDEBUG [0mfrom aquamarine ]: zwp_linux_dmabuf_v1: Got format NV61 with modifier INVALID
[1;32mDEBUG [0mfrom aquamarine ]: zwp_linux_dmabuf_v1: Got format NV24 with modifier INVALID
[1;32mDEBUG [0mfrom aquamarine ]: zwp_linux_dmabuf_v1: Got format NV42 with modifier INVALID
[1;32mDEBUG [0mfrom aquamarine ]: zwp_linux_dmabuf_v1: Got format AYUV with modifier INVALID
[1;32mDEBUG [0mfrom aquamarine ]: zwp_linux_dmabuf_v1: Got format XYUV with modifier INVALID
[1;32mDEBUG [0mfrom aquamarine ]: zwp_linux_dmabuf_v1: Got format Y410 with modifier INVALID
[1;32mDEBUG [0mfrom aquamarine ]: zwp_linux_dmabuf_v1: Got format Y412 with modifier INVALID
[1;32mDEBUG [0mfrom aquamarine ]: zwp_linux_dmabuf_v1: Got format Y416 with modifier INVALID
[1;32mDEBUG [0mfrom aquamarine ]: zwp_linux_dmabuf_v1: Got format YUYV with modifier INVALID
[1;32mDEBUG [0mfrom aquamarine ]: zwp_linux_dmabuf_v1: Got format YVYU with modifier INVALID
[1;32mDEBUG [0mfrom aquamarine ]: zwp_linux_dmabuf_v1: Got format UYVY with modifier INVALID
[1;32mDEBUG [0mfrom aquamarine ]: zwp_linux_dmabuf_v1: Got format VYUY with modifier INVALID
[1;32mDEBUG [0mfrom aquamarine ]: zwp_linux_dmabuf_v1: Got format Y210 with modifier INVALID
[1;32mDEBUG [0mfrom aquamarine ]: zwp_linux_dmabuf_v1: Got format Y212 with modifier INVALID
[1;32mDEBUG [0mfrom aquamarine ]: zwp_linux_dmabuf_v1: Got format Y216 with modifier INVALID
[1;32mDEBUG [0mfrom aquamarine ]: zwp_linux_dmabuf_v1: Got format C8 with modifier 4_TILED_LNL_CCS
[1;32mDEBUG [0mfrom aquamarine ]: zwp_linux_dmabuf_v1: Got format C8 with modifier 4_TILED
[1;32mDEBUG [0mfrom aquamarine ]: zwp_linux_dmabuf_v1: Got format XR4H with modifier 4_TILED_LNL_CCS
[1;32mDEBUG [0mfrom aquamarine ]: zwp_linux_dmabuf_v1: Got format XR4H with modifier 4_TILED
[1;32mDEBUG [0mfrom aquamarine ]: zwp_linux_dmabuf_v1: Got format AR4H with modifier 4_TILED_LNL_CCS
[1;32mDEBUG [0mfrom aquamarine ]: zwp_linux_dmabuf_v1: Got format AR4H with modifier 4_TILED
[1;32mDEBUG [0mfrom aquamarine ]: zwp_linux_dmabuf_v1: Got format YUYV with modifier 4_TILED_LNL_CCS
[1;32mDEBUG [0mfrom aquamarine ]: zwp_linux_dmabuf_v1: Got format YUYV with modifier 4_TILED
[1;32mDEBUG [0mfrom aquamarine ]: zwp_linux_dmabuf_v1: Got format YVYU with modifier 4_TILED_LNL_CCS
[1;32mDEBUG [0mfrom aquamarine ]: zwp_linux_dmabuf_v1: Got format YVYU with modifier 4_TILED
[1;32mDEBUG [0mfrom aquamarine ]: zwp_linux_dmabuf_v1: Got format UYVY with modifier 4_TILED_LNL_CCS
[1;32mDEBUG [0mfrom aquamarine ]: zwp_linux_dmabuf_v1: Got format UYVY with modifier 4_TILED
[1;32mDEBUG [0mfrom aquamarine ]: zwp_linux_dmabuf_v1: Got format VYUY with modifier 4_TILED_LNL_CCS
[1;32mDEBUG [0mfrom aquamarine ]: zwp_linux_dmabuf_v1: Got format VYUY with modifier 4_TILED
[1;32mDEBUG [0mfrom aquamarine ]: zwp_linux_dmabuf_v1: Got format NV12 with modifier 4_TILED_LNL_CCS
[1;32mDEBUG [0mfrom aquamarine ]: zwp_linux_dmabuf_v1: Got format NV12 with modifier 4_TILED
[1;32mDEBUG [0mfrom aquamarine ]: zwp_linux_dmabuf_v1: Got format P010 with modifier 4_TILED_LNL_CCS
[1;32mDEBUG [0mfrom aquamarine ]: zwp_linux_dmabuf_v1: Got format P010 with modifier 4_TILED
[1;32mDEBUG [0mfrom aquamarine ]: zwp_linux_dmabuf_v1: Got format P012 with modifier 4_TILED_LNL_CCS
[1;32mDEBUG [0mfrom aquamarine ]: zwp_linux_dmabuf_v1: Got format P012 with modifier 4_TILED
[1;32mDEBUG [0mfrom aquamarine ]: zwp_linux_dmabuf_v1: Got format P016 with modifier 4_TILED_LNL_CCS
[1;32mDEBUG [0mfrom aquamarine ]: zwp_linux_dmabuf_v1: Got format P016 with modifier 4_TILED
[1;32mDEBUG [0mfrom aquamarine ]: zwp_linux_dmabuf_v1: Got format Y210 with modifier 4_TILED_LNL_CCS
[1;32mDEBUG [0mfrom aquamarine ]: zwp_linux_dmabuf_v1: Got format Y210 with modifier 4_TILED
[1;32mDEBUG [0mfrom aquamarine ]: zwp_linux_dmabuf_v1: Got format Y212 with modifier 4_TILED_LNL_CCS
[1;32mDEBUG [0mfrom aquamarine ]: zwp_linux_dmabuf_v1: Got format Y212 with modifier 4_TILED
[1;32mDEBUG [0mfrom aquamarine ]: zwp_linux_dmabuf_v1: Got format Y216 with modifier 4_TILED_LNL_CCS
[1;32mDEBUG [0mfrom aquamarine ]: zwp_linux_dmabuf_v1: Got format Y216 with modifier 4_TILED
[1;32mDEBUG [0mfrom aquamarine ]: zwp_linux_dmabuf_v1: Got format XYUV with modifier 4_TILED_LNL_CCS
[1;32mDEBUG [0mfrom aquamarine ]: zwp_linux_dmabuf_v1: Got format XYUV with modifier 4_TILED
[1;32mDEBUG [0mfrom aquamarine ]: zwp_linux_dmabuf_v1: Got format XV30 with modifier 4_TILED_LNL_CCS
[1;32mDEBUG [0mfrom aquamarine ]: zwp_linux_dmabuf_v1: Got format XV30 with modifier 4_TILED
[1;32mDEBUG [0mfrom aquamarine ]: zwp_linux_dmabuf_v1: Got format XV36 with modifier 4_TILED_LNL_CCS
[1;32mDEBUG [0mfrom aquamarine ]: zwp_linux_dmabuf_v1: Got format XV36 with modifier 4_TILED
[1;32mDEBUG [0mfrom aquamarine ]: zwp_linux_dmabuf_v1: Got format XV48 with modifier 4_TILED_LNL_CCS
[1;32mDEBUG [0mfrom aquamarine ]: zwp_linux_dmabuf_v1: Got format XV48 with modifier 4_TILED
[1;32mDEBUG [0mfrom aquamarine ]: zwp_linux_dmabuf_v1: Got main device
[1;32mDEBUG [0mfrom aquamarine ]: zwp_linux_dmabuf_v1: Got node /dev/dri/renderD128
[1;32mDEBUG [0mfrom aquamarine ]: zwp_linux_dmabuf_v1: Got done
[1;32mDEBUG [0mfrom aquamarine ]: zwp_linux_dmabuf_v1: opened node /dev/dri/renderD128 with fd 16
[1;32mDEBUG [0mfrom aquamarine ]: Output WAYLAND-1: initialized
[1;32mDEBUG [0mfrom aquamarine ]: reopenDRMNode: opening node /dev/dri/renderD128
[1;32mDEBUG [0mfrom aquamarine ]: Created a GBM allocator with drm fd 17
[1;32mDEBUG [0m]: Instance Signature: efb50993780079460b0cbed1363e2166a2de1d9f_1789587329_1210631468
[1;32mDEBUG [0m]: Runtime directory: /tmp/pw-84hdu59m/r/hypr/efb50993780079460b0cbed1363e2166a2de1d9f_1789587329_1210631468
[1;32mDEBUG [0m]: Hyprland PID: 15
[1;32mDEBUG [0m]: ===== SYSTEM INFO: =====
[1;32mDEBUG [0m]: Hyprland 0.56.2 built from branch v0.56.2 at commit efb50993780079460b0cbed1363e2166a2de1d9f clean ([gha] Nix: update inputs).
Date: Wed Aug 5 14:13:21 2026
Tag: v0.56.2, commits: 7661

Libraries:
Hyprgraphics: built against 0.5.1, system has 0.5.1
Hyprutils: built against 0.14.1, system has 0.14.2
Hyprcursor: built against 0.1.13, system has 0.1.13
Hyprlang: built against 0.6.8, system has 0.6.8
Aquamarine: built against 0.15.0, system has 0.15.0

Version ABI string: efb50993780079460b0cbed1363e2166a2de1d9f_aq_0.15_hu_0.14_hg_0.5_hc_0.1_hlg_0.6
no flags were set


System Information:
System name: Linux
Node name: lenovo-x1
Release: 7.2.4-arch1-2
Version: #1 SMP PREEMPT_DYNAMIC Tue, 08 Sep 2026 10:22:31 +0000

Libraries:
Hyprgraphics: built against 0.5.1, system has 0.5.1
Hyprutils: built against 0.14.1, system has 0.14.2
Hyprcursor: built against 0.1.13, system has 0.1.13
Hyprlang: built against 0.6.8, system has 0.6.8
Aquamarine: built against 0.15.0, system has 0.15.0



GPU information: 
00:02.0 VGA compatible controller [0300]: Intel Corporation Panther Lake [Intel Graphics] [8086:b090] (prog-if 00 [VGA controller])


os-release: NAME="Arch Linux"
PRETTY_NAME="Arch Linux"
ID=arch
BUILD_ID=rolling
ANSI_COLOR="38;2;23;147;209"
HOME_URL="https://archlinux.org/"
DOCUMENTATION_URL="https://wiki.archlinux.org/"
SUPPORT_URL="https://bbs.archlinux.org/"
BUG_REPORT_URL="https://gitlab.archlinux.org/groups/archlinux/-/issues"
PRIVACY_POLICY_URL="https://terms.archlinux.org/docs/privacy-policy/"
LOGO=archlinux-logo


plugins:
	unknown: not runtime

Backend: sessionless

Monitor info:

State:

configProvider: hyprlang
backend: wayland



[1;32mDEBUG [0m]: ========================
[1;32mDEBUG [0m]: 


[1;32mDEBUG [0m]: If you are crashing, or encounter any bugs, please consult https://wiki.hypr.land/Crashes-and-Bugs/


[1;32mDEBUG [0m]: 
Current splash: By dt, do you mean damage tracking or distrotube?


[1;32mDEBUG [0m]: Running on DRMFD: 16
[1;32mDEBUG [0m]: Using RENDERNODEFD: 16
[1;32mDEBUG [0m]: DRM DisplayNode syncobj timeline support: yes
[1;32mDEBUG [0m]: DRM RenderNode syncobj timeline support: yes
[1;32mDEBUG [0m]: wl_display_add_socket for wayland-1 succeeded with 0
[1;32mDEBUG [0m]: Creating the CHyprOpenGLImpl!
[1;32mDEBUG [0m]: Supported EGL global extensions: (16) EGL_EXT_device_base EGL_EXT_device_enumeration EGL_EXT_device_query EGL_EXT_platform_base EGL_KHR_client_get_all_proc_addresses EGL_EXT_client_extensions EGL_KHR_debug EGL_EXT_platform_device EGL_EXT_explicit_device EGL_EXT_platform_wayland EGL_KHR_platform_wayland EGL_EXT_platform_x11 EGL_KHR_platform_x11 EGL_EXT_platform_xcb EGL_MESA_platform_gbm EGL_KHR_platform_gbm EGL_MESA_platform_surfaceless
[1;32mDEBUG [0m]: eglDeviceFromDRMFD: No drm devices found
[1;33mWARN [0m]: EGL: EXT_platform_device or EGL_EXT_device_query not supported, using gbm
[1;32mDEBUG [0m]: openRenderNode got drm device /dev/dri/renderD128
[1;32mDEBUG [0m]: EGL: IMG_context_priority supported, requesting high
[1;32mDEBUG [0m]: EGL: EXT_create_context_robustness supported, requesting lose on reset
[1;32mDEBUG [0m]: EGL: Using KHR_context_flush_control
[1;32mDEBUG [0m]: EGL: Got a high priority context
[1;32mDEBUG [0m]: Creating the Hypr OpenGL Renderer!
[1;32mDEBUG [0m]: Using: OpenGL ES 3.2 Mesa 26.2.2-arch1.1
[1;32mDEBUG [0m]: Vendor: Intel
[1;32mDEBUG [0m]: Renderer: Mesa Intel(R) Graphics (PTL)
[1;32mDEBUG [0m]: Supported extensions: (166) GL_EXT_blend_minmax GL_EXT_multi_draw_arrays GL_EXT_texture_filter_anisotropic GL_EXT_texture_compression_s3tc GL_EXT_texture_compression_dxt1 GL_EXT_texture_compression_rgtc GL_EXT_texture_format_BGRA8888 GL_OES_compressed_ETC1_RGB8_texture GL_OES_depth24 GL_OES_element_index_uint GL_OES_fbo_render_mipmap GL_OES_mapbuffer GL_OES_rgb8_rgba8 GL_OES_standard_derivatives GL_OES_stencil8 GL_OES_texture_3D GL_OES_texture_float GL_OES_texture_float_linear GL_OES_texture_half_float GL_OES_texture_half_float_linear GL_OES_texture_npot GL_OES_vertex_half_float GL_EXT_draw_instanced GL_EXT_texture_sRGB_decode GL_OES_EGL_image GL_OES_depth_texture GL_AMD_performance_monitor GL_OES_packed_depth_stencil GL_EXT_texture_type_2_10_10_10_REV GL_NV_conditional_render GL_OES_get_program_binary GL_APPLE_texture_max_level GL_EXT_discard_framebuffer GL_EXT_read_format_bgra GL_EXT_texture_storage GL_NV_pack_subimage GL_NV_texture_barrier GL_EXT_frag_depth GL_NV_fbo_color_attachments GL_OES_EGL_image_external GL_OES_EGL_sync GL_OES_vertex_array_object GL_OES_viewport_array GL_ANGLE_pack_reverse_row_order GL_ANGLE_texture_compression_dxt3 GL_ANGLE_texture_compression_dxt5 GL_EXT_occlusion_query_boolean GL_EXT_robustness GL_EXT_sRGB GL_EXT_texture_rg GL_EXT_unpack_subimage GL_NV_draw_buffers GL_NV_read_buffer GL_NV_read_depth GL_NV_read_depth_stencil GL_NV_read_stencil GL_APPLE_sync GL_EXT_draw_buffers GL_EXT_instanced_arrays GL_EXT_map_buffer_range GL_EXT_shadow_samplers GL_KHR_debug GL_KHR_robustness GL_KHR_texture_compression_astc_ldr GL_NV_generate_mipmap_sRGB GL_NV_pixel_buffer_object GL_OES_depth_texture_cube_map GL_OES_required_internalformat GL_OES_surfaceless_context GL_EXT_color_buffer_float GL_EXT_debug_label GL_EXT_sRGB_write_control GL_EXT_separate_shader_objects GL_EXT_shader_group_vote GL_EXT_shader_implicit_conversions GL_EXT_shader_integer_mix GL_EXT_tessellation_point_size GL_EXT_tessellation_shader GL_INTEL_conservative_rasterization GL_INTEL_performance_query GL_ANDROID_extension_pack_es31a GL_EXT_base_instance GL_EXT_compressed_ETC1_RGB8_sub_texture GL_EXT_copy_image GL_EXT_draw_buffers_indexed GL_EXT_draw_elements_base_vertex GL_EXT_gpu_shader5 GL_EXT_multi_draw_indirect GL_EXT_polygon_offset_clamp GL_EXT_primitive_bounding_box GL_EXT_render_snorm GL_EXT_shader_io_blocks GL_EXT_texture_border_clamp GL_EXT_texture_buffer GL_EXT_texture_cube_map_array GL_EXT_texture_norm16 GL_EXT_texture_view GL_KHR_blend_equation_advanced GL_KHR_context_flush_control GL_KHR_robust_buffer_access_behavior GL_NV_image_formats GL_NV_shader_noperspective_interpolation GL_OES_copy_image GL_OES_draw_buffers_indexed GL_OES_draw_elements_base_vertex GL_OES_gpu_shader5 GL_OES_primitive_bounding_box GL_OES_sample_shading GL_OES_sample_variables GL_OES_shader_io_blocks GL_OES_shader_multisample_interpolation GL_OES_tessellation_point_size GL_OES_tessellation_shader GL_OES_texture_border_clamp GL_OES_texture_buffer GL_OES_texture_cube_map_array GL_OES_texture_stencil8 GL_OES_texture_storage_multisample_2d_array GL_OES_texture_view GL_EXT_blend_func_extended GL_EXT_buffer_storage GL_EXT_float_blend GL_EXT_geometry_point_size GL_EXT_geometry_shader GL_EXT_shader_samples_identical GL_EXT_texture_sRGB_R8 GL_KHR_no_error GL_KHR_texture_compression_astc_sliced_3d GL_NV_fragment_shader_interlock GL_OES_EGL_image_external_essl3 GL_OES_geometry_point_size GL_OES_geometry_shader GL_OES_shader_image_atomic GL_EXT_clear_texture GL_EXT_clip_cull_distance GL_EXT_conservative_depth GL_EXT_disjoint_timer_query GL_EXT_texture_compression_s3tc_srgb GL_MESA_shader_integer_functions GL_EXT_clip_control GL_EXT_color_buffer_half_float GL_EXT_memory_object GL_EXT_memory_object_fd GL_EXT_protected_textures GL_EXT_semaphore GL_EXT_semaphore_fd GL_EXT_texture_compression_bptc GL_EXT_texture_mirror_clamp_to_edge GL_KHR_parallel_shader_compile GL_NV_alpha_to_coverage_dither_control GL_EXT_EGL_image_storage GL_EXT_shader_framebuffer_fetch_non_coherent GL_EXT_texture_shadow_lod GL_INTEL_blackhole_render GL_MESA_framebuffer_flip_y GL_NV_compute_shader_derivatives GL_EXT_demote_to_helper_invocation GL_EXT_depth_clamp GL_EXT_texture_query_lod GL_KHR_shader_subgroup GL_MESA_sampler_objects GL_EXT_EGL_image_storage_compression GL_EXT_texture_storage_compression GL_MESA_bgra GL_MESA_texture_const_bandwidth GL_EXT_shader_clock 
[1;32mDEBUG [0m]: Supported EGL display extensions: (37) EGL_ANDROID_blob_cache EGL_ANDROID_native_fence_sync EGL_EXT_buffer_age EGL_EXT_config_select_group EGL_EXT_create_context_robustness EGL_EXT_image_dma_buf_import EGL_EXT_image_dma_buf_import_modifiers EGL_EXT_protected_content EGL_EXT_query_reset_notification_strategy EGL_EXT_surface_compression EGL_IMG_context_priority EGL_KHR_cl_event2 EGL_KHR_config_attribs EGL_KHR_context_flush_control EGL_KHR_create_context EGL_KHR_create_context_no_error EGL_KHR_fence_sync EGL_KHR_get_all_proc_addresses EGL_KHR_gl_colorspace EGL_KHR_gl_renderbuffer_image EGL_KHR_gl_texture_2D_image EGL_KHR_gl_texture_3D_image EGL_KHR_gl_texture_cubemap_image EGL_KHR_image EGL_KHR_image_base EGL_KHR_image_pixmap EGL_KHR_no_config_context EGL_KHR_partial_update EGL_KHR_reusable_sync EGL_KHR_surfaceless_context EGL_EXT_pixel_format_float EGL_KHR_wait_sync EGL_MESA_configless_context EGL_MESA_gl_interop EGL_MESA_image_dma_buf_export EGL_MESA_query_driver EGL_MESA_x11_native_visual_id 
[1;32mDEBUG [0m]: Supported DMA-BUF formats:
[1;32mDEBUG [0m]: EGL: GPU Supports Format AB4H (0x48344241)
[1;32mDEBUG [0m]: EGL: | with modifier INVALID (0xffffffffffffff)
[1;32mDEBUG [0m]: EGL: | with modifier 4_TILED_LNL_CCS (0x100000000000010)
[1;32mDEBUG [0m]: EGL: | with modifier 4_TILED (0x100000000000009)
[1;32mDEBUG [0m]: EGL: | with modifier X_TILED (0x100000000000001)
[1;32mDEBUG [0m]: EGL: | with modifier LINEAR (0x0)
[1;32mDEBUG [0m]: EGL: GPU Supports Format XB4H (0x48344258)
[1;32mDEBUG [0m]: EGL: | with modifier INVALID (0xffffffffffffff)
[1;32mDEBUG [0m]: EGL: | with modifier 4_TILED_LNL_CCS (0x100000000000010)
[1;32mDEBUG [0m]: EGL: | with modifier 4_TILED (0x100000000000009)
[1;32mDEBUG [0m]: EGL: | with modifier X_TILED (0x100000000000001)
[1;32mDEBUG [0m]: EGL: | with modifier LINEAR (0x0)
[1;32mDEBUG [0m]: EGL: GPU Supports Format AB48 (0x38344241)
[1;32mDEBUG [0m]: EGL: | with modifier INVALID (0xffffffffffffff)
[1;32mDEBUG [0m]: EGL: | with modifier 4_TILED_LNL_CCS (0x100000000000010)
[1;32mDEBUG [0m]: EGL: | with modifier 4_TILED (0x100000000000009)
[1;32mDEBUG [0m]: EGL: | with modifier X_TILED (0x100000000000001)
[1;32mDEBUG [0m]: EGL: | with modifier LINEAR (0x0)
[1;32mDEBUG [0m]: EGL: GPU Supports Format XB48 (0x38344258)
[1;32mDEBUG [0m]: EGL: | with modifier INVALID (0xffffffffffffff)
[1;32mDEBUG [0m]: EGL: | with modifier 4_TILED_LNL_CCS (0x100000000000010)
[1;32mDEBUG [0m]: EGL: | with modifier 4_TILED (0x100000000000009)
[1;32mDEBUG [0m]: EGL: | with modifier X_TILED (0x100000000000001)
[1;32mDEBUG [0m]: EGL: | with modifier LINEAR (0x0)
[1;32mDEBUG [0m]: EGL: GPU Supports Format AR30 (0x30335241)
[1;32mDEBUG [0m]: EGL: | with modifier INVALID (0xffffffffffffff)
[1;32mDEBUG [0m]: EGL: | with modifier 4_TILED_LNL_CCS (0x100000000000010)
[1;32mDEBUG [0m]: EGL: | with modifier 4_TILED (0x100000000000009)
[1;32mDEBUG [0m]: EGL: | with modifier X_TILED (0x100000000000001)
[1;32mDEBUG [0m]: EGL: | with modifier LINEAR (0x0)
[1;32mDEBUG [0m]: EGL: GPU Supports Format XR30 (0x30335258)
[1;32mDEBUG [0m]: EGL: | with modifier INVALID (0xffffffffffffff)
[1;32mDEBUG [0m]: EGL: | with modifier 4_TILED_LNL_CCS (0x100000000000010)
[1;32mDEBUG [0m]: EGL: | with modifier 4_TILED (0x100000000000009)
[1;32mDEBUG [0m]: EGL: | with modifier X_TILED (0x100000000000001)
[1;32mDEBUG [0m]: EGL: | with modifier LINEAR (0x0)
[1;32mDEBUG [0m]: EGL: GPU Supports Format AB30 (0x30334241)
[1;32mDEBUG [0m]: EGL: | with modifier INVALID (0xffffffffffffff)
[1;32mDEBUG [0m]: EGL: | with modifier 4_TILED_LNL_CCS (0x100000000000010)
[1;32mDEBUG [0m]: EGL: | with modifier 4_TILED (0x100000000000009)
[1;32mDEBUG [0m]: EGL: | with modifier X_TILED (0x100000000000001)
[1;32mDEBUG [0m]: EGL: | with modifier LINEAR (0x0)
[1;32mDEBUG [0m]: EGL: GPU Supports Format XB30 (0x30334258)
[1;32mDEBUG [0m]: EGL: | with modifier INVALID (0xffffffffffffff)
[1;32mDEBUG [0m]: EGL: | with modifier 4_TILED_LNL_CCS (0x100000000000010)
[1;32mDEBUG [0m]: EGL: | with modifier 4_TILED (0x100000000000009)
[1;32mDEBUG [0m]: EGL: | with modifier X_TILED (0x100000000000001)
[1;32mDEBUG [0m]: EGL: | with modifier LINEAR (0x0)
[1;32mDEBUG [0m]: EGL: GPU Supports Format AR24 (0x34325241)
[1;32mDEBUG [0m]: EGL: | with modifier INVALID (0xffffffffffffff)
[1;32mDEBUG [0m]: EGL: | with modifier 4_TILED_LNL_CCS (0x100000000000010)
[1;32mDEBUG [0m]: EGL: | with modifier 4_TILED (0x100000000000009)
[1;32mDEBUG [0m]: EGL: | with modifier X_TILED (0x100000000000001)
[1;32mDEBUG [0m]: EGL: | with modifier LINEAR (0x0)
[1;32mDEBUG [0m]: EGL: GPU Supports Format AB24 (0x34324241)
[1;32mDEBUG [0m]: EGL: | with modifier INVALID (0xffffffffffffff)
[1;32mDEBUG [0m]: EGL: | with modifier 4_TILED_LNL_CCS (0x100000000000010)
[1;32mDEBUG [0m]: EGL: | with modifier 4_TILED (0x100000000000009)
[1;32mDEBUG [0m]: EGL: | with modifier X_TILED (0x100000000000001)
[1;32mDEBUG [0m]: EGL: | with modifier LINEAR (0x0)
[1;32mDEBUG [0m]: EGL: GPU Supports Format XR24 (0x34325258)
[1;32mDEBUG [0m]: EGL: | with modifier INVALID (0xffffffffffffff)
[1;32mDEBUG [0m]: EGL: | with modifier 4_TILED_LNL_CCS (0x100000000000010)
[1;32mDEBUG [0m]: EGL: | with modifier 4_TILED (0x100000000000009)
[1;32mDEBUG [0m]: EGL: | with modifier X_TILED (0x100000000000001)
[1;32mDEBUG [0m]: EGL: | with modifier LINEAR (0x0)
[1;32mDEBUG [0m]: EGL: GPU Supports Format XB24 (0x34324258)
[1;32mDEBUG [0m]: EGL: | with modifier INVALID (0xffffffffffffff)
[1;32mDEBUG [0m]: EGL: | with modifier 4_TILED_LNL_CCS (0x100000000000010)
[1;32mDEBUG [0m]: EGL: | with modifier 4_TILED (0x100000000000009)
[1;32mDEBUG [0m]: EGL: | with modifier X_TILED (0x100000000000001)
[1;32mDEBUG [0m]: EGL: | with modifier LINEAR (0x0)
[1;32mDEBUG [0m]: EGL: GPU Supports Format AR15 (0x35315241)
[1;32mDEBUG [0m]: EGL: | with modifier INVALID (0xffffffffffffff)
[1;32mDEBUG [0m]: EGL: | with modifier 4_TILED_LNL_CCS (0x100000000000010)
[1;32mDEBUG [0m]: EGL: | with modifier 4_TILED (0x100000000000009)
[1;32mDEBUG [0m]: EGL: | with modifier X_TILED (0x100000000000001)
[1;32mDEBUG [0m]: EGL: | with modifier LINEAR (0x0)
[1;32mDEBUG [0m]: EGL: GPU Supports Format AR12 (0x32315241)
[1;32mDEBUG [0m]: EGL: | with modifier INVALID (0xffffffffffffff)
[1;32mDEBUG [0m]: EGL: | with modifier 4_TILED_LNL_CCS (0x100000000000010)
[1;32mDEBUG [0m]: EGL: | with modifier 4_TILED (0x100000000000009)
[1;32mDEBUG [0m]: EGL: | with modifier X_TILED (0x100000000000001)
[1;32mDEBUG [0m]: EGL: | with modifier LINEAR (0x0)
[1;32mDEBUG [0m]: EGL: GPU Supports Format RG16 (0x36314752)
[1;32mDEBUG [0m]: EGL: | with modifier INVALID (0xffffffffffffff)
[1;32mDEBUG [0m]: EGL: | with modifier 4_TILED_LNL_CCS (0x100000000000010)
[1;32mDEBUG [0m]: EGL: | with modifier 4_TILED (0x100000000000009)
[1;32mDEBUG [0m]: EGL: | with modifier X_TILED (0x100000000000001)
[1;32mDEBUG [0m]: EGL: | with modifier LINEAR (0x0)
[1;32mDEBUG [0m]: EGL: GPU Supports Format R8 (0x20203852)
[1;32mDEBUG [0m]: EGL: | with modifier INVALID (0xffffffffffffff)
[1;32mDEBUG [0m]: EGL: | with modifier 4_TILED_LNL_CCS (0x100000000000010)
[1;32mDEBUG [0m]: EGL: | with modifier 4_TILED (0x100000000000009)
[1;32mDEBUG [0m]: EGL: | with modifier X_TILED (0x100000000000001)
[1;32mDEBUG [0m]: EGL: | with modifier LINEAR (0x0)
[1;32mDEBUG [0m]: EGL: GPU Supports Format R16 (0x20363152)
[1;32mDEBUG [0m]: EGL: | with modifier INVALID (0xffffffffffffff)
[1;32mDEBUG [0m]: EGL: | with modifier 4_TILED_LNL_CCS (0x100000000000010)
[1;32mDEBUG [0m]: EGL: | with modifier 4_TILED (0x100000000000009)
[1;32mDEBUG [0m]: EGL: | with modifier X_TILED (0x100000000000001)
[1;32mDEBUG [0m]: EGL: | with modifier LINEAR (0x0)
[1;32mDEBUG [0m]: EGL: GPU Supports Format GR88 (0x38385247)
[1;32mDEBUG [0m]: EGL: | with modifier INVALID (0xffffffffffffff)
[1;32mDEBUG [0m]: EGL: | with modifier 4_TILED_LNL_CCS (0x100000000000010)
[1;32mDEBUG [0m]: EGL: | with modifier 4_TILED (0x100000000000009)
[1;32mDEBUG [0m]: EGL: | with modifier X_TILED (0x100000000000001)
[1;32mDEBUG [0m]: EGL: | with modifier LINEAR (0x0)
[1;32mDEBUG [0m]: EGL: GPU Supports Format GR32 (0x32335247)
[1;32mDEBUG [0m]: EGL: | with modifier INVALID (0xffffffffffffff)
[1;32mDEBUG [0m]: EGL: | with modifier 4_TILED_LNL_CCS (0x100000000000010)
[1;32mDEBUG [0m]: EGL: | with modifier 4_TILED (0x100000000000009)
[1;32mDEBUG [0m]: EGL: | with modifier X_TILED (0x100000000000001)
[1;32mDEBUG [0m]: EGL: | with modifier LINEAR (0x0)
[1;32mDEBUG [0m]: EGL: GPU Supports Format R  H (0x48202052)
[1;32mDEBUG [0m]: EGL: | with modifier INVALID (0xffffffffffffff)
[1;32mDEBUG [0m]: EGL: | with modifier 4_TILED_LNL_CCS (0x100000000000010)
[1;32mDEBUG [0m]: EGL: | with modifier 4_TILED (0x100000000000009)
[1;32mDEBUG [0m]: EGL: | with modifier X_TILED (0x100000000000001)
[1;32mDEBUG [0m]: EGL: | with modifier LINEAR (0x0)
[1;32mDEBUG [0m]: EGL: GPU Supports Format R  F (0x46202052)
[1;32mDEBUG [0m]: EGL: | with modifier INVALID (0xffffffffffffff)
[1;32mDEBUG [0m]: EGL: | with modifier 4_TILED_LNL_CCS (0x100000000000010)
[1;32mDEBUG [0m]: EGL: | with modifier 4_TILED (0x100000000000009)
[1;32mDEBUG [0m]: EGL: | with modifier X_TILED (0x100000000000001)
[1;32mDEBUG [0m]: EGL: | with modifier LINEAR (0x0)
[1;32mDEBUG [0m]: EGL: GPU Supports Format GR H (0x48205247)
[1;32mDEBUG [0m]: EGL: | with modifier INVALID (0xffffffffffffff)
[1;32mDEBUG [0m]: EGL: | with modifier 4_TILED_LNL_CCS (0x100000000000010)
[1;32mDEBUG [0m]: EGL: | with modifier 4_TILED (0x100000000000009)
[1;32mDEBUG [0m]: EGL: | with modifier X_TILED (0x100000000000001)
[1;32mDEBUG [0m]: EGL: | with modifier LINEAR (0x0)
[1;32mDEBUG [0m]: EGL: GPU Supports Format GR F (0x46205247)
[1;32mDEBUG [0m]: EGL: | with modifier INVALID (0xffffffffffffff)
[1;32mDEBUG [0m]: EGL: | with modifier 4_TILED_LNL_CCS (0x100000000000010)
[1;32mDEBUG [0m]: EGL: | with modifier 4_TILED (0x100000000000009)
[1;32mDEBUG [0m]: EGL: | with modifier X_TILED (0x100000000000001)
[1;32mDEBUG [0m]: EGL: | with modifier LINEAR (0x0)
[1;32mDEBUG [0m]: EGL: GPU Supports Format AB8F (0x46384241)
[1;32mDEBUG [0m]: EGL: | with modifier INVALID (0xffffffffffffff)
[1;32mDEBUG [0m]: EGL: | with modifier 4_TILED_LNL_CCS (0x100000000000010)
[1;32mDEBUG [0m]: EGL: | with modifier 4_TILED (0x100000000000009)
[1;32mDEBUG [0m]: EGL: | with modifier X_TILED (0x100000000000001)
[1;32mDEBUG [0m]: EGL: | with modifier LINEAR (0x0)
[1;32mDEBUG [0m]: EGL: GPU Supports Format YUV9 (0x39565559)
[1;32mDEBUG [0m]: EGL: | with modifier INVALID (0xffffffffffffff)
[1;32mDEBUG [0m]: EGL: GPU Supports Format YU11 (0x31315559)
[1;32mDEBUG [0m]: EGL: | with modifier INVALID (0xffffffffffffff)
[1;32mDEBUG [0m]: EGL: GPU Supports Format YU12 (0x32315559)
[1;32mDEBUG [0m]: EGL: | with modifier INVALID (0xffffffffffffff)
[1;32mDEBUG [0m]: EGL: GPU Supports Format YU16 (0x36315559)
[1;32mDEBUG [0m]: EGL: | with modifier INVALID (0xffffffffffffff)
[1;32mDEBUG [0m]: EGL: GPU Supports Format YU24 (0x34325559)
[1;32mDEBUG [0m]: EGL: | with modifier INVALID (0xffffffffffffff)
[1;32mDEBUG [0m]: EGL: GPU Supports Format YVU9 (0x39555659)
[1;32mDEBUG [0m]: EGL: | with modifier INVALID (0xffffffffffffff)
[1;32mDEBUG [0m]: EGL: GPU Supports Format YV11 (0x31315659)
[1;32mDEBUG [0m]: EGL: | with modifier INVALID (0xffffffffffffff)
[1;32mDEBUG [0m]: EGL: GPU Supports Format YV12 (0x32315659)
[1;32mDEBUG [0m]: EGL: | with modifier INVALID (0xffffffffffffff)
[1;32mDEBUG [0m]: EGL: GPU Supports Format YV16 (0x36315659)
[1;32mDEBUG [0m]: EGL: | with modifier INVALID (0xffffffffffffff)
[1;32mDEBUG [0m]: EGL: GPU Supports Format YV24 (0x34325659)
[1;32mDEBUG [0m]: EGL: | with modifier INVALID (0xffffffffffffff)
[1;32mDEBUG [0m]: EGL: GPU Supports Format S010 (0x30313053)
[1;32mDEBUG [0m]: EGL: | with modifier INVALID (0xffffffffffffff)
[1;32mDEBUG [0m]: EGL: GPU Supports Format S210 (0x30313253)
[1;32mDEBUG [0m]: EGL: | with modifier INVALID (0xffffffffffffff)
[1;32mDEBUG [0m]: EGL: GPU Supports Format S410 (0x30313453)
[1;32mDEBUG [0m]: EGL: | with modifier INVALID (0xffffffffffffff)
[1;32mDEBUG [0m]: EGL: GPU Supports Format S012 (0x32313053)
[1;32mDEBUG [0m]: EGL: | with modifier INVALID (0xffffffffffffff)
[1;32mDEBUG [0m]: EGL: GPU Supports Format S212 (0x32313253)
[1;32mDEBUG [0m]: EGL: | with modifier INVALID (0xffffffffffffff)
[1;32mDEBUG [0m]: EGL: GPU Supports Format S412 (0x32313453)
[1;32mDEBUG [0m]: EGL: | with modifier INVALID (0xffffffffffffff)
[1;32mDEBUG [0m]: EGL: GPU Supports Format S016 (0x36313053)
[1;32mDEBUG [0m]: EGL: | with modifier INVALID (0xffffffffffffff)
[1;32mDEBUG [0m]: EGL: GPU Supports Format S216 (0x36313253)
[1;32mDEBUG [0m]: EGL: | with modifier INVALID (0xffffffffffffff)
[1;32mDEBUG [0m]: EGL: GPU Supports Format S416 (0x36313453)
[1;32mDEBUG [0m]: EGL: | with modifier INVALID (0xffffffffffffff)
[1;32mDEBUG [0m]: EGL: GPU Supports Format NV12 (0x3231564e)
[1;32mDEBUG [0m]: EGL: | with modifier INVALID (0xffffffffffffff)
[1;32mDEBUG [0m]: EGL: GPU Supports Format NV21 (0x3132564e)
[1;32mDEBUG [0m]: EGL: | with modifier INVALID (0xffffffffffffff)
[1;32mDEBUG [0m]: EGL: GPU Supports Format P010 (0x30313050)
[1;32mDEBUG [0m]: EGL: | with modifier INVALID (0xffffffffffffff)
[1;32mDEBUG [0m]: EGL: GPU Supports Format P012 (0x32313050)
[1;32mDEBUG [0m]: EGL: | with modifier INVALID (0xffffffffffffff)
[1;32mDEBUG [0m]: EGL: GPU Supports Format P016 (0x36313050)
[1;32mDEBUG [0m]: EGL: | with modifier INVALID (0xffffffffffffff)
[1;32mDEBUG [0m]: EGL: GPU Supports Format P030 (0x30333050)
[1;32mDEBUG [0m]: EGL: | with modifier INVALID (0xffffffffffffff)
[1;32mDEBUG [0m]: EGL: GPU Supports Format NV16 (0x3631564e)
[1;32mDEBUG [0m]: EGL: | with modifier INVALID (0xffffffffffffff)
[1;32mDEBUG [0m]: EGL: GPU Supports Format NV61 (0x3136564e)
[1;32mDEBUG [0m]: EGL: | with modifier INVALID (0xffffffffffffff)
[1;32mDEBUG [0m]: EGL: GPU Supports Format NV24 (0x3432564e)
[1;32mDEBUG [0m]: EGL: | with modifier INVALID (0xffffffffffffff)
[1;32mDEBUG [0m]: EGL: GPU Supports Format NV42 (0x3234564e)
[1;32mDEBUG [0m]: EGL: | with modifier INVALID (0xffffffffffffff)
[1;32mDEBUG [0m]: EGL: GPU Supports Format AYUV (0x56555941)
[1;32mDEBUG [0m]: EGL: | with modifier INVALID (0xffffffffffffff)
[1;32mDEBUG [0m]: EGL: GPU Supports Format XYUV (0x56555958)
[1;32mDEBUG [0m]: EGL: | with modifier INVALID (0xffffffffffffff)
[1;32mDEBUG [0m]: EGL: GPU Supports Format Y410 (0x30313459)
[1;32mDEBUG [0m]: EGL: | with modifier INVALID (0xffffffffffffff)
[1;32mDEBUG [0m]: EGL: GPU Supports Format Y412 (0x32313459)
[1;32mDEBUG [0m]: EGL: | with modifier INVALID (0xffffffffffffff)
[1;32mDEBUG [0m]: EGL: GPU Supports Format Y416 (0x36313459)
[1;32mDEBUG [0m]: EGL: | with modifier INVALID (0xffffffffffffff)
[1;32mDEBUG [0m]: EGL: GPU Supports Format YUYV (0x56595559)
[1;32mDEBUG [0m]: EGL: | with modifier INVALID (0xffffffffffffff)
[1;32mDEBUG [0m]: EGL: GPU Supports Format YVYU (0x55595659)
[1;32mDEBUG [0m]: EGL: | with modifier INVALID (0xffffffffffffff)
[1;32mDEBUG [0m]: EGL: GPU Supports Format UYVY (0x59565955)
[1;32mDEBUG [0m]: EGL: | with modifier INVALID (0xffffffffffffff)
[1;32mDEBUG [0m]: EGL: GPU Supports Format VYUY (0x59555956)
[1;32mDEBUG [0m]: EGL: | with modifier INVALID (0xffffffffffffff)
[1;32mDEBUG [0m]: EGL: GPU Supports Format Y210 (0x30313259)
[1;32mDEBUG [0m]: EGL: | with modifier INVALID (0xffffffffffffff)
[1;32mDEBUG [0m]: EGL: GPU Supports Format Y212 (0x32313259)
[1;32mDEBUG [0m]: EGL: | with modifier INVALID (0xffffffffffffff)
[1;32mDEBUG [0m]: EGL: GPU Supports Format Y216 (0x36313259)
[1;32mDEBUG [0m]: EGL: | with modifier INVALID (0xffffffffffffff)
[1;32mDEBUG [0m]: EGL: 65 formats found in total. Some modifiers may be omitted as they are external-only.
[1;32mDEBUG [0m]: Creating the HyprRenderer!
[1;32mDEBUG [0m]: Aq backend has no session, omitting full DRM node checks
[1;32mDEBUG [0m]: Primary DRM driver information: xe v1.1.0 from 0 description Intel Xe2 Graphics
[1;32mDEBUG [0m]: Creating the ProtocolManager!
[1;32mDEBUG [0m]: [IWaylandProtocol] Registered global [WLSeat]
[1;32mDEBUG [0m]: [IWaylandProtocol] Registered global [WLDataDevice]
[1;32mDEBUG [0m]: [IWaylandProtocol] Registered global [WLCompositor]
[1;32mDEBUG [0m]: [IWaylandProtocol] Registered global [WLSubcompositor]
[1;32mDEBUG [0m]: [IWaylandProtocol] Registered global [WLSHM]
[1;32mDEBUG [0m]: [IWaylandProtocol] Registered global [Viewporter]
[1;32mDEBUG [0m]: [IWaylandProtocol] Registered global [TearingControl]
[1;32mDEBUG [0m]: [IWaylandProtocol] Registered global [FractionalScale]
[1;32mDEBUG [0m]: [IWaylandProtocol] Registered global [XDGOutput]
[1;32mDEBUG [0m]: [IWaylandProtocol] Registered global [CursorShape]
[1;32mDEBUG [0m]: [IWaylandProtocol] Registered global [IdleInhibit]
[1;32mDEBUG [0m]: [IWaylandProtocol] Registered global [RelativePointer]
[1;32mDEBUG [0m]: [IWaylandProtocol] Registered global [XDGDecoration]
[1;32mDEBUG [0m]: [IWaylandProtocol] Registered global [AlphaModifier]
[1;32mDEBUG [0m]: [IWaylandProtocol] Registered global [GammaControl]
[1;32mDEBUG [0m]: [IWaylandProtocol] Registered global [ForeignToplevel]
[1;32mDEBUG [0m]: [IWaylandProtocol] Registered global [PointerGestures]
[1;32mDEBUG [0m]: [IWaylandProtocol] Registered global [ForeignToplevelWlr]
[1;32mDEBUG [0m]: [IWaylandProtocol] Registered global [ShortcutsInhibit]
[1;32mDEBUG [0m]: [IWaylandProtocol] Registered global [TextInputV1]
[1;32mDEBUG [0m]: [IWaylandProtocol] Registered global [TextInputV3]
[1;32mDEBUG [0m]: [IWaylandProtocol] Registered global [PointerConstraints]
[1;32mDEBUG [0m]: [IWaylandProtocol] Registered global [OutputPower]
[1;32mDEBUG [0m]: [IWaylandProtocol] Registered global [XDGActivation]
[1;32mDEBUG [0m]: [IWaylandProtocol] Registered global [IdleNotify]
[1;32mDEBUG [0m]: [IWaylandProtocol] Registered global [IdleNotify]
[1;32mDEBUG [0m]: [IWaylandProtocol] Registered global [SessionLock]
[1;32mDEBUG [0m]: [IWaylandProtocol] Registered global [IMEv2]
[1;32mDEBUG [0m]: [IWaylandProtocol] Registered global [VirtualKeyboard]
[1;32mDEBUG [0m]: [IWaylandProtocol] Registered global [VirtualPointer]
[1;32mDEBUG [0m]: [IWaylandProtocol] Registered global [OutputManagement]
[1;32mDEBUG [0m]: [IWaylandProtocol] Registered global [ServerDecorationKDE]
[1;32mDEBUG [0m]: [IWaylandProtocol] Registered global [FocusGrab]
[1;32mDEBUG [0m]: [IWaylandProtocol] Registered global [TabletV2]
[1;32mDEBUG [0m]: [IWaylandProtocol] Registered global [LayerShell]
[1;32mDEBUG [0m]: [IWaylandProtocol] Registered global [Presentation]
[1;32mDEBUG [0m]: [IWaylandProtocol] Registered global [XDGShell]
[1;32mDEBUG [0m]: [IWaylandProtocol] Registered global [DataDeviceWlr]
[1;32mDEBUG [0m]: [IWaylandProtocol] Registered global [PrimarySelection]
[1;32mDEBUG [0m]: [IWaylandProtocol] Registered global [XWaylandShell]
[1;32mDEBUG [0m]: [IWaylandProtocol] Registered global [ToplevelMapping]
[1;32mDEBUG [0m]: [IWaylandProtocol] Registered global [GlobalShortcuts]
[1;32mDEBUG [0m]: [IWaylandProtocol] Registered global [XDGDialog]
[1;32mDEBUG [0m]: [IWaylandProtocol] Registered global [SinglePixel]
[1;32mDEBUG [0m]: [IWaylandProtocol] Registered global [SecurityContext]
[1;32mDEBUG [0m]: [IWaylandProtocol] Registered global [CTMControl]
[1;32mDEBUG [0m]: [IWaylandProtocol] Registered global [InputCapture]
[1;32mDEBUG [0m]: [IWaylandProtocol] Registered global [HyprlandSurface]
[1;32mDEBUG [0m]: [IWaylandProtocol] Registered global [ContentType]
[1;32mDEBUG [0m]: [IWaylandProtocol] Registered global [XDGTag]
[1;32mDEBUG [0m]: [IWaylandProtocol] Registered global [XDGBell]
[1;32mDEBUG [0m]: [IWaylandProtocol] Registered global [Hotkey]
[1;32mDEBUG [0m]: [IWaylandProtocol] Registered global [ExtWorkspace]
[1;32mDEBUG [0m]: [IWaylandProtocol] Registered global [ExtDataDevice]
[1;32mDEBUG [0m]: [IWaylandProtocol] Registered global [PointerWarp]
[1;32mDEBUG [0m]: [IWaylandProtocol] Registered global [Fifo]
[1;32mDEBUG [0m]: [IWaylandProtocol] Registered global [XDGForeignExporter]
[1;32mDEBUG [0m]: [IWaylandProtocol] Registered global [XDGForeignImporter]
[1;32mDEBUG [0m]: [IWaylandProtocol] Registered global [BackgroundEffect]
[1;32mDEBUG [0m]: [IWaylandProtocol] Registered global [CommitTiming]
[1;32mDEBUG [0m]: [IWaylandProtocol] Registered global [Screencopy]
[1;32mDEBUG [0m]: [IWaylandProtocol] Registered global [ToplevelExport]
[1;32mDEBUG [0m]: [IWaylandProtocol] Registered global [OutputImageCaptureSource]
[1;32mDEBUG [0m]: [IWaylandProtocol] Registered global [ForeignToplevelImageCaptureSource]
[1;32mDEBUG [0m]: [IWaylandProtocol] Registered global [ImageCopyCapture]
[1;32mDEBUG [0m]: [IWaylandProtocol] Registered global [ColorManagement]
[1;32mDEBUG [0m]: [IWaylandProtocol] Registered global [MesaDRM]
[1;32mDEBUG [0m]: [IWaylandProtocol] Registered global [LinuxDMABUF]
[1;32mDEBUG [0m]: Creating the SeatManager!
[1;32mDEBUG [0m]: Creating the SessionLockManager!
[1;32mDEBUG [0m]: Creating CHyprCtl
[1;32mDEBUG [0m]: Hypr socket started at /tmp/pw-84hdu59m/r/hypr/efb50993780079460b0cbed1363e2166a2de1d9f_1789587329_1210631468/.socket.sock
[1;32mDEBUG [0m]: Creating the InputManager!
[1;32mDEBUG [0m]: Creating the XWaylandManager!
[1;32mDEBUG [0m]: Creating the Debug Overlay!
[1;32mDEBUG [0m]: Creating the NotificationOverlay!
[1;32mDEBUG [0m]: Creating the PluginSystem!
[1;32mDEBUG [0m]: Creating the DecorationPositioner!
[1;32mDEBUG [0m]: Creating the CursorManager!
[1;32mDEBUG [0m]: [hc] CHyprcursorManager: attempting to find theme from env
[1;32mDEBUG [0m]: [hc] themeNameFromEnv: env unset
[1;32mDEBUG [0m]: [hc] CHyprcursorManager: attempting to find any theme
[1;32mDEBUG [0m]: [hc] CHyprcursorManager: no themes matched
[1;31mERR [0m]: Hyprcursor failed loading theme "", falling back to Xcursor.
[1;33mWARN [0m]: XCURSOR_SIZE size not set, defaulting to size 24
[1;32mDEBUG [0m]: XCursor scanning theme default
[1;32mDEBUG [0m]: XCursor parsing index.theme /usr/share/icons/default/index.theme
[1;32mDEBUG [0m]: XCursor theme default inherits Adwaita
[1;32mDEBUG [0m]: XCursor scanning theme Adwaita
[1;32mDEBUG [0m]: XCursor using theme path /usr/share/icons/Adwaita/cursors
[1;32mDEBUG [0m]: XCursor parsing index.theme /usr/share/icons/Adwaita/index.theme
[1;32mDEBUG [0m]: XCursor theme Adwaita inherits AdwaitaLegacy
[1;32mDEBUG [0m]: XCursor theme Adwaita inherits hicolor
[1;32mDEBUG [0m]: XCursor scanning theme Adwaita
[1;32mDEBUG [0m]: XCursor using theme path /usr/share/icons/Adwaita/cursors
[1;32mDEBUG [0m]: XCursor parsing index.theme /usr/share/icons/Adwaita/index.theme
[1;32mDEBUG [0m]: XCursor theme Adwaita inherits AdwaitaLegacy
[1;32mDEBUG [0m]: XCursor theme Adwaita inherits hicolor
[1;32mDEBUG [0m]: XCursor scanning theme AdwaitaLegacy
[1;32mDEBUG [0m]: XCursor parsing index.theme /usr/share/icons/AdwaitaLegacy/index.theme
[1;32mDEBUG [0m]: XCursor theme AdwaitaLegacy inherits hicolor
[1;32mDEBUG [0m]: XCursor scanning theme hicolor
[1;32mDEBUG [0m]: XCursor parsing index.theme /usr/share/icons/hicolor/index.theme
[1;32mDEBUG [0m]: XCursor already has a shape default loaded, skipping
[1;32mDEBUG [0m]: XCursor already has a shape context-menu loaded, skipping
[1;32mDEBUG [0m]: XCursor already has a shape help loaded, skipping
[1;32mDEBUG [0m]: XCursor already has a shape pointer loaded, skipping
[1;32mDEBUG [0m]: XCursor already has a shape progress loaded, skipping
[1;32mDEBUG [0m]: XCursor already has a shape wait loaded, skipping
[1;32mDEBUG [0m]: XCursor failed to find a legacy shape with name plus, skipping
[1;32mDEBUG [0m]: XCursor already has a shape crosshair loaded, skipping
[1;32mDEBUG [0m]: XCursor already has a shape text loaded, skipping
[1;32mDEBUG [0m]: XCursor already has a shape vertical-text loaded, skipping
[1;32mDEBUG [0m]: XCursor failed to find a legacy shape with name dnd-link, skipping
[1;32mDEBUG [0m]: XCursor failed to find a legacy shape with name dnd-copy, skipping
[1;32mDEBUG [0m]: XCursor already has a shape move loaded, skipping
[1;32mDEBUG [0m]: XCursor failed to find a legacy shape with name dnd-none, skipping
[1;32mDEBUG [0m]: XCursor failed to find a legacy shape with name crossed_circle, skipping
[1;32mDEBUG [0m]: XCursor already has a shape grab loaded, skipping
[1;32mDEBUG [0m]: XCursor already has a shape grabbing loaded, skipping
[1;32mDEBUG [0m]: XCursor already has a shape e-resize loaded, skipping
[1;32mDEBUG [0m]: XCursor already has a shape n-resize loaded, skipping
[1;32mDEBUG [0m]: XCursor already has a shape ne-resize loaded, skipping
[1;32mDEBUG [0m]: XCursor already has a shape nw-resize loaded, skipping
[1;32mDEBUG [0m]: XCursor already has a shape s-resize loaded, skipping
[1;32mDEBUG [0m]: XCursor already has a shape se-resize loaded, skipping
[1;32mDEBUG [0m]: XCursor already has a shape sw-resize loaded, skipping
[1;32mDEBUG [0m]: XCursor already has a shape w-resize loaded, skipping
[1;32mDEBUG [0m]: XCursor already has a shape ew-resize loaded, skipping
[1;32mDEBUG [0m]: XCursor already has a shape ns-resize loaded, skipping
[1;32mDEBUG [0m]: XCursor already has a shape nesw-resize loaded, skipping
[1;32mDEBUG [0m]: XCursor already has a shape nwse-resize loaded, skipping
[1;32mDEBUG [0m]: XCursor already has a shape col-resize loaded, skipping
[1;32mDEBUG [0m]: XCursor already has a shape row-resize loaded, skipping
[1;32mDEBUG [0m]: XCursor already has a shape all-scroll loaded, skipping
[1;32mDEBUG [0m]: XCursor already has a shape zoom-in loaded, skipping
[1;32mDEBUG [0m]: XCursor already has a shape zoom-out loaded, skipping
[1;32mDEBUG [0m]: XCursor failed to find a legacy shape with name dnd-copy, skipping
[1;32mDEBUG [0m]: XCursor already has a shape all-resize loaded, skipping
[1;33mWARN [0m]: GSettings default schema source does not exist, can't sync GSettings
[1;33mWARN [0m]: GSettings parameter doesn't exist cursor-theme in org.gnome.desktop.interface
[1;33mWARN [0m]: GSettings default schema source does not exist, can't sync GSettings
[1;33mWARN [0m]: GSettings parameter doesn't exist cursor-size in org.gnome.desktop.interface
[1;32mDEBUG [0m]: [hc] CHyprcursorManager: attempting to find theme from env
[1;32mDEBUG [0m]: [hc] themeNameFromEnv: env unset
[1;32mDEBUG [0m]: [hc] CHyprcursorManager: attempting to find any theme
[1;32mDEBUG [0m]: [hc] CHyprcursorManager: no themes matched
[1;31mERR [0m]: Hyprcursor failed loading theme "", falling back to Xcursor.
[1;33mWARN [0m]: XCURSOR_SIZE size not set, defaulting to size 24
[1;32mDEBUG [0m]: XCursor scanning theme default
[1;32mDEBUG [0m]: XCursor parsing index.theme /usr/share/icons/default/index.theme
[1;32mDEBUG [0m]: XCursor theme default inherits Adwaita
[1;32mDEBUG [0m]: XCursor scanning theme Adwaita
[1;32mDEBUG [0m]: XCursor using theme path /usr/share/icons/Adwaita/cursors
[1;32mDEBUG [0m]: XCursor parsing index.theme /usr/share/icons/Adwaita/index.theme
[1;32mDEBUG [0m]: XCursor theme Adwaita inherits AdwaitaLegacy
[1;32mDEBUG [0m]: XCursor theme Adwaita inherits hicolor
[1;32mDEBUG [0m]: XCursor scanning theme Adwaita
[1;32mDEBUG [0m]: XCursor using theme path /usr/share/icons/Adwaita/cursors
[1;32mDEBUG [0m]: XCursor parsing index.theme /usr/share/icons/Adwaita/index.theme
[1;32mDEBUG [0m]: XCursor theme Adwaita inherits AdwaitaLegacy
[1;32mDEBUG [0m]: XCursor theme Adwaita inherits hicolor
[1;32mDEBUG [0m]: XCursor scanning theme AdwaitaLegacy
[1;32mDEBUG [0m]: XCursor parsing index.theme /usr/share/icons/AdwaitaLegacy/index.theme
[1;32mDEBUG [0m]: XCursor theme AdwaitaLegacy inherits hicolor
[1;32mDEBUG [0m]: XCursor scanning theme hicolor
[1;32mDEBUG [0m]: XCursor parsing index.theme /usr/share/icons/hicolor/index.theme
[1;32mDEBUG [0m]: XCursor already has a shape default loaded, skipping
[1;32mDEBUG [0m]: XCursor already has a shape context-menu loaded, skipping
[1;32mDEBUG [0m]: XCursor already has a shape help loaded, skipping
[1;32mDEBUG [0m]: XCursor already has a shape pointer loaded, skipping
[1;32mDEBUG [0m]: XCursor already has a shape progress loaded, skipping
[1;32mDEBUG [0m]: XCursor already has a shape wait loaded, skipping
[1;32mDEBUG [0m]: XCursor failed to find a legacy shape with name plus, skipping
[1;32mDEBUG [0m]: XCursor already has a shape crosshair loaded, skipping
[1;32mDEBUG [0m]: XCursor already has a shape text loaded, skipping
[1;32mDEBUG [0m]: XCursor already has a shape vertical-text loaded, skipping
[1;32mDEBUG [0m]: XCursor failed to find a legacy shape with name dnd-link, skipping
[1;32mDEBUG [0m]: XCursor failed to find a legacy shape with name dnd-copy, skipping
[1;32mDEBUG [0m]: XCursor already has a shape move loaded, skipping
[1;32mDEBUG [0m]: XCursor failed to find a legacy shape with name dnd-none, skipping
[1;32mDEBUG [0m]: XCursor failed to find a legacy shape with name crossed_circle, skipping
[1;32mDEBUG [0m]: XCursor already has a shape grab loaded, skipping
[1;32mDEBUG [0m]: XCursor already has a shape grabbing loaded, skipping
[1;32mDEBUG [0m]: XCursor already has a shape e-resize loaded, skipping
[1;32mDEBUG [0m]: XCursor already has a shape n-resize loaded, skipping
[1;32mDEBUG [0m]: XCursor already has a shape ne-resize loaded, skipping
[1;32mDEBUG [0m]: XCursor already has a shape nw-resize loaded, skipping
[1;32mDEBUG [0m]: XCursor already has a shape s-resize loaded, skipping
[1;32mDEBUG [0m]: XCursor already has a shape se-resize loaded, skipping
[1;32mDEBUG [0m]: XCursor already has a shape sw-resize loaded, skipping
[1;32mDEBUG [0m]: XCursor already has a shape w-resize loaded, skipping
[1;32mDEBUG [0m]: XCursor already has a shape ew-resize loaded, skipping
[1;32mDEBUG [0m]: XCursor already has a shape ns-resize loaded, skipping
[1;32mDEBUG [0m]: XCursor already has a shape nesw-resize loaded, skipping
[1;32mDEBUG [0m]: XCursor already has a shape nwse-resize loaded, skipping
[1;32mDEBUG [0m]: XCursor already has a shape col-resize loaded, skipping
[1;32mDEBUG [0m]: XCursor already has a shape row-resize loaded, skipping
[1;32mDEBUG [0m]: XCursor already has a shape all-scroll loaded, skipping
[1;32mDEBUG [0m]: XCursor already has a shape zoom-in loaded, skipping
[1;32mDEBUG [0m]: XCursor already has a shape zoom-out loaded, skipping
[1;32mDEBUG [0m]: XCursor failed to find a legacy shape with name dnd-copy, skipping
[1;32mDEBUG [0m]: XCursor already has a shape all-resize loaded, skipping
[1;33mWARN [0m]: GSettings default schema source does not exist, can't sync GSettings
[1;33mWARN [0m]: GSettings parameter doesn't exist cursor-theme in org.gnome.desktop.interface
[1;33mWARN [0m]: GSettings default schema source does not exist, can't sync GSettings
[1;33mWARN [0m]: GSettings parameter doesn't exist cursor-size in org.gnome.desktop.interface
[1;32mDEBUG [0m]: Creating the VersionKeeper!
[1;32mDEBUG [0m]: FsUtils::getDataHome: no hyprland data home, creating.
[1;32mDEBUG [0m]: Creating the DonationNag!
[1;32mDEBUG [0m]: Creating the WelcomeManager!
[1;32mDEBUG [0m]: [welcome] skipping, not autogen
[1;32mDEBUG [0m]: Creating the ANRManager!
[1;32mDEBUG [0m]: Starting XWayland
[1;32mDEBUG [0m]: XWayland has been disabled, cleaning up...
[1;32mDEBUG [0m]: Hyprland init finished.
[1;32mDEBUG [0m]: Running on WAYLAND_DISPLAY: wayland-1
[1;32mDEBUG [0m]: systemd integration is baked in but system itself is not booted à la systemd!
[1;32mDEBUG [0m]: Hyprland is ready, running the event loop!
[1;32mDEBUG [0mfrom aquamarine ]: backend: poll fd 12 for implementation headless
[1;32mDEBUG [0mfrom aquamarine ]: backend: poll fd 14 for implementation wayland
[1;32mDEBUG [0mfrom aquamarine ]: backend: poll fd 13 for idle
[1;32mDEBUG [0m]: Hyprctl: new connection from pid 26
[1;32mDEBUG [0m]: New aquamarine keyboard with name wl_keyboard
[1;32mDEBUG [0m]: ApplyConfigToKeyboard for "wl_keyboard", hasconfig: 0
[1;32mDEBUG [0m]: Attempting to create a keymap for layout us with variant  (rules: , model: , options: )
[1;32mDEBUG [0m]: Updating keyboard 55dfad620c70's translation state from a provided keymap
[1;32mDEBUG [0m]: xkb: LED index 0 (name Num Lock) got index 1
[1;32mDEBUG [0m]: xkb: LED index 1 (name Caps Lock) got index 0
[1;32mDEBUG [0m]: xkb: LED index 2 (name Scroll Lock) got index 2
[1;32mDEBUG [0m]: xkb: Mod index 0 (name Shift) got index 0
[1;32mDEBUG [0m]: xkb: Mod index 1 (name Lock) got index 1
[1;32mDEBUG [0m]: xkb: Mod index 2 (name Control) got index 2
[1;32mDEBUG [0m]: xkb: Mod index 3 (name Mod1) got index 3
[1;32mDEBUG [0m]: xkb: Mod index 4 (name Mod2) got index 4
[1;32mDEBUG [0m]: xkb: Mod index 5 (name Mod3) got index 5
[1;32mDEBUG [0m]: xkb: Mod index 6 (name Mod4) got index 6
[1;32mDEBUG [0m]: xkb: Mod index 7 (name Mod5) got index 7
[1;32mDEBUG [0m]: Updating keymap fd for keyboard wl_keyboard
[1;32mDEBUG [0m]: Updated keymap fd to 40, keymap V1 to: 42
[1;32mDEBUG [0m]: Set the keyboard layout to us and variant to  for keyboard "wl_keyboard"
[1;32mDEBUG [0m]: New keyboard created, pointers Hypr: 55dfad620c70 and AQ: 55dfad46ed90
[1;32mDEBUG [0m]: New aquamarine pointer with name wl_pointer
[1;32mDEBUG [0m]: Attached pointer wl_pointer to global
[1;32mDEBUG [0m]: New mouse created, pointer AQ: 55dfad46d6b0
[1;32mDEBUG [0m]: New aquamarine output with name WAYLAND-1
[1;32mDEBUG [0m]: [CMonitorStateTracker] New monitor: WAYLAND-1
[1;33mWARN [0m]: No rule found for WAYLAND-1, trying to use the first.
[1;32mDEBUG [0m]: Applying monitor rule for WAYLAND-1
[1;31mERR [0m]: Monitor WAYLAND-1 has NO PREFERRED MODE
[1;32mDEBUG [0mfrom aquamarine ]: GBM: Allocated a new buffer with size [Vector2D: x: 1920, y: 1080] and format XR24 with modifier 0x100000000000010 : 4_TILED_LNL_CCS
[1;32mDEBUG [0mfrom aquamarine ]: GBM: Allocated a new buffer with size [Vector2D: x: 1920, y: 1080] and format XR24 with modifier 0x100000000000010 : 4_TILED_LNL_CCS
[1;32mDEBUG [0mfrom aquamarine ]: GBM: Allocated a new buffer with size [Vector2D: x: 1920, y: 1080] and format XR24 with modifier 0x100000000000010 : 4_TILED_LNL_CCS
[1;32mDEBUG [0mfrom aquamarine ]: Swapchain: Reconfigured a swapchain to [Vector2D: x: 1920, y: 1080] XR24 of length 3
[1;32mDEBUG [0m]: CMonitorState::ensureBufferPresent: no buffer or mismatched format, attaching one from the swapchain for modeset being possible
[1;32mDEBUG [0m]: Monitor WAYLAND-1: requested 1920x1080@60.00Hz, using custom mode 1920x1080@0.00Hz
[1;32mDEBUG [0m]: output WAYLAND-1 succeeded basic test on format DRM_FORMAT_XRGB8888
[1;32mDEBUG [0m]: Starting ScreenshareManager
[1;32mDEBUG [0m]: Monitor WAYLAND-1 -> destroyed all render data
[1;32mDEBUG [0m]: CMonitor::updateVCGTRamps: skipping, no gamma ramp for output
[1;32mDEBUG [0m]: Monitor WAYLAND-1 data dump: res 1920x1080@60.00Hz, scale 1.00, transform 0, pos -1x-1, 10b 0
[1;33mWARN [0mfrom aquamarine ]: Output WAYLAND-1: pending state has a non-released buffer??
[1;32mDEBUG [0m]: Added new monitor with name WAYLAND-1 at [-1, -1] with size [1920, 1080], pointer 55dfad4719e0
[1;32mDEBUG [0m]: New monitor: WORKSPACEID 1, exists: 0
[1;32mDEBUG [0m]: checking if we have seen this monitor before: WAYLAND-1
[1;32mDEBUG [0m]: Monitor WAYLAND-1 was not on any workspace
[1;32mDEBUG [0mfrom aquamarine ]: GBM: Automatically selected format AR24 for new GBM buffer
[1;32mDEBUG [0mfrom aquamarine ]: GBM: Allocated a new buffer with size [Vector2D: x: 24, y: 24] and format AR24 with modifier 0x100000000000010 : 4_TILED_LNL_CCS
[1;32mDEBUG [0mfrom aquamarine ]: GBM: Automatically selected format AR24 for new GBM buffer
[1;32mDEBUG [0mfrom aquamarine ]: GBM: Allocated a new buffer with size [Vector2D: x: 24, y: 24] and format AR24 with modifier 0x100000000000010 : 4_TILED_LNL_CCS
[1;32mDEBUG [0mfrom aquamarine ]: Swapchain: Reconfigured a swapchain to [Vector2D: x: 24, y: 24] AR24 of length 2
[1;32mDEBUG [0m]: Framebuffer "Monitor WAYLAND-1 blur FB" created, status 36053
[1;32mDEBUG [0m]: Shaders initialized successfully.
[1;31mERR [0m]: getConvertedColor: failed to get image description
[1;32mDEBUG [0m]: compiling feature set 1 for surface.frag
[1;32mDEBUG [0m]: [IWaylandProtocol] Registered global [WLOutput (WAYLAND-1)]
[1;32mDEBUG [0m]: arrangeMonitors: 1 to arrange
[1;32mDEBUG [0m]: arrangeMonitors: WAYLAND-1 auto [0, 0]
[1;32mDEBUG [0m]: arrangeMonitors: WAYLAND-1 xwayland [0, 0]
[1;32mDEBUG [0m]: [CXDGOutputProtocol] updating all xdg_output heads
[1;31mERR [0m]: getConvertedColor: failed to get image description
[1;32mDEBUG [0m]: [CXDGOutputProtocol] updating all xdg_output heads
[1;33mWARN [0m]: No rule found for WAYLAND-1, trying to use the first.
[1;32mDEBUG [0m]: ApplyConfigToKeyboard for "wl_keyboard", hasconfig: 0
[1;32mDEBUG [0m]: Not applying config to keyboard, it did not change.
[1;33mWARN [0m]: [FallbackStateKeeper] Start fired, removing fallback timer
[1;32mDEBUG [0m]: Framebuffer "Monitor WAYLAND-1 workbuffer" created, status 36053
[1;32mDEBUG [0m]: compiling feature set 0 for quad.frag
[1;32mDEBUG [0m]: compiling feature set 0 for passthru.frag
[1;33mWARN [0mfrom aquamarine ]: Output WAYLAND-1: pending state has a non-released buffer??
[1;33mWARN [0m]: FIXME: color management protocol is enabled and outputs changed, check preferred image description changes
[1;32mDEBUG [0m]: Hyprctl: new connection from pid 27
[1;32mDEBUG [0mfrom aquamarine ]: Output WAYLAND-1: wm_capabilities received
[1;32mDEBUG [0mfrom aquamarine ]: Output WAYLAND-1: configure toplevel with 950x1132
[1;32mDEBUG [0m]: Applying monitor rule for WAYLAND-1
[1;31mERR [0m]: Monitor WAYLAND-1 has NO PREFERRED MODE
[1;32mDEBUG [0mfrom aquamarine ]: GBM: Allocated a new buffer with size [Vector2D: x: 950, y: 1132] and format XR24 with modifier 0x100000000000010 : 4_TILED_LNL_CCS
[1;32mDEBUG [0mfrom aquamarine ]: GBM: Allocated a new buffer with size [Vector2D: x: 950, y: 1132] and format XR24 with modifier 0x100000000000010 : 4_TILED_LNL_CCS
[1;32mDEBUG [0mfrom aquamarine ]: GBM: Allocated a new buffer with size [Vector2D: x: 950, y: 1132] and format XR24 with modifier 0x100000000000010 : 4_TILED_LNL_CCS
[1;32mDEBUG [0mfrom aquamarine ]: Swapchain: Reconfigured a swapchain to [Vector2D: x: 950, y: 1132] XR24 of length 3
[1;32mDEBUG [0m]: Monitor WAYLAND-1: requested 950x1132@60.00Hz, using custom mode 950x1132@0.00Hz
[1;32mDEBUG [0m]: output WAYLAND-1 succeeded basic test on format DRM_FORMAT_XRGB8888
[1;32mDEBUG [0m]: Monitor WAYLAND-1 -> destroyed all render data
[1;32mDEBUG [0m]: CMonitor::updateVCGTRamps: skipping, no gamma ramp for output
[1;32mDEBUG [0m]: Monitor WAYLAND-1 data dump: res 950x1132@60.00Hz, scale 1.00, transform 0, pos 0x0, 10b 0
[1;33mWARN [0m]: FIXME: color management protocol is enabled and outputs changed, check preferred image description changes
[1;32mDEBUG [0m]: Framebuffer "Monitor WAYLAND-1 blur FB" created, status 36053
[1;32mDEBUG [0m]: Framebuffer "Monitor WAYLAND-1 workbuffer" created, status 36053
[1;32mDEBUG [0mfrom aquamarine ]: Output WAYLAND-1: configure surface with 69792
[1;32mDEBUG [0mfrom aquamarine ]: Output WAYLAND-1: configure toplevel with 941x1128
[1;32mDEBUG [0m]: Applying monitor rule for WAYLAND-1
[1;31mERR [0m]: Monitor WAYLAND-1 has NO PREFERRED MODE
[1;32mDEBUG [0mfrom aquamarine ]: GBM: Allocated a new buffer with size [Vector2D: x: 941, y: 1128] and format XR24 with modifier 0x100000000000010 : 4_TILED_LNL_CCS
[1;32mDEBUG [0mfrom aquamarine ]: GBM: Allocated a new buffer with size [Vector2D: x: 941, y: 1128] and format XR24 with modifier 0x100000000000010 : 4_TILED_LNL_CCS
[1;32mDEBUG [0mfrom aquamarine ]: GBM: Allocated a new buffer with size [Vector2D: x: 941, y: 1128] and format XR24 with modifier 0x100000000000010 : 4_TILED_LNL_CCS
[1;32mDEBUG [0mfrom aquamarine ]: Swapchain: Reconfigured a swapchain to [Vector2D: x: 941, y: 1128] XR24 of length 3
[1;32mDEBUG [0m]: Monitor WAYLAND-1: requested 941x1128@60.00Hz, using custom mode 941x1128@0.00Hz
[1;32mDEBUG [0m]: output WAYLAND-1 succeeded basic test on format DRM_FORMAT_XRGB8888
[1;32mDEBUG [0m]: Monitor WAYLAND-1 -> destroyed all render data
[1;32mDEBUG [0m]: CMonitor::updateVCGTRamps: skipping, no gamma ramp for output
[1;32mDEBUG [0m]: Monitor WAYLAND-1 data dump: res 941x1128@60.00Hz, scale 1.00, transform 0, pos 0x0, 10b 0
[1;33mWARN [0m]: FIXME: color management protocol is enabled and outputs changed, check preferred image description changes
[1;32mDEBUG [0m]: Framebuffer "Monitor WAYLAND-1 blur FB" created, status 36053
[1;32mDEBUG [0m]: Framebuffer "Monitor WAYLAND-1 workbuffer" created, status 36053
[1;32mDEBUG [0mfrom aquamarine ]: Output WAYLAND-1: configure surface with 69793
[1;31mERR [0m]: getConvertedColor: failed to get image description
[1;31mERR [0m]: getConvertedColor: failed to get image description
[1;32mDEBUG [0m]: Hyprctl: new connection from pid 29
[1;32mDEBUG [0m]: New aquamarine output with name HEADLESS-1
[1;32mDEBUG [0m]: [CMonitorStateTracker] New monitor: HEADLESS-1
[1;33mWARN [0m]: No rule found for HEADLESS-1, trying to use the first.
[1;32mDEBUG [0m]: Applying monitor rule for HEADLESS-1
[1;32mDEBUG [0mfrom aquamarine ]: GBM: Allocated a new buffer with size [Vector2D: x: 1920, y: 1080] and format XR24 with modifier 0x0 : LINEAR
[1;32mDEBUG [0mfrom aquamarine ]: GBM: Allocated a new buffer with size [Vector2D: x: 1920, y: 1080] and format XR24 with modifier 0x0 : LINEAR
[1;32mDEBUG [0mfrom aquamarine ]: GBM: Allocated a new buffer with size [Vector2D: x: 1920, y: 1080] and format XR24 with modifier 0x0 : LINEAR
[1;32mDEBUG [0mfrom aquamarine ]: Swapchain: Reconfigured a swapchain to [Vector2D: x: 1920, y: 1080] XR24 of length 3
[1;32mDEBUG [0m]: CMonitorState::ensureBufferPresent: no buffer or mismatched format, attaching one from the swapchain for modeset being possible
[1;32mDEBUG [0m]: Monitor HEADLESS-1: requested 1920x1080@60.00Hz, using preferred mode 1920x1080@60.00Hz
[1;32mDEBUG [0m]: output HEADLESS-1 succeeded basic test on format DRM_FORMAT_XRGB8888
[1;32mDEBUG [0m]: Monitor HEADLESS-1 -> destroyed all render data
[1;32mDEBUG [0m]: CMonitor::updateVCGTRamps: skipping, no gamma ramp for output
[1;32mDEBUG [0m]: Monitor HEADLESS-1 data dump: res 1920x1080@60.00Hz, scale 1.00, transform 0, pos -1x-1, 10b 0
[1;32mDEBUG [0m]: Added new monitor with name HEADLESS-1 at [-1, -1] with size [1920, 1080], pointer 55dfae4ee640
[1;32mDEBUG [0m]: New monitor: WORKSPACEID 2, exists: 0
[1;32mDEBUG [0m]: checking if we have seen this monitor before: HEADLESS-1
[1;32mDEBUG [0m]: Monitor HEADLESS-1 was not on any workspace
[1;31mERR [0m]: getConvertedColor: failed to get image description
[1;32mDEBUG [0m]: [IWaylandProtocol] Registered global [WLOutput (HEADLESS-1)]
[1;32mDEBUG [0m]: arrangeMonitors: 2 to arrange
[1;32mDEBUG [0m]: arrangeMonitors: WAYLAND-1 auto [0, 0]
[1;32mDEBUG [0m]: arrangeMonitors: HEADLESS-1 auto [941, 0]
[1;32mDEBUG [0m]: arrangeMonitors: WAYLAND-1 xwayland [0, 0]
[1;32mDEBUG [0m]: arrangeMonitors: HEADLESS-1 xwayland [941, 0]
[1;32mDEBUG [0m]: [CXDGOutputProtocol] updating all xdg_output heads
[1;31mERR [0m]: getConvertedColor: failed to get image description
[1;32mDEBUG [0m]: [CXDGOutputProtocol] updating all xdg_output heads
[1;33mWARN [0m]: No rule found for WAYLAND-1, trying to use the first.
[1;32mDEBUG [0m]: Applying monitor rule for WAYLAND-1
[1;31mERR [0m]: Monitor WAYLAND-1 has NO PREFERRED MODE
[1;32mDEBUG [0mfrom aquamarine ]: GBM: Allocated a new buffer with size [Vector2D: x: 1920, y: 1080] and format XR24 with modifier 0x100000000000010 : 4_TILED_LNL_CCS
[1;32mDEBUG [0mfrom aquamarine ]: GBM: Allocated a new buffer with size [Vector2D: x: 1920, y: 1080] and format XR24 with modifier 0x100000000000010 : 4_TILED_LNL_CCS
[1;32mDEBUG [0mfrom aquamarine ]: GBM: Allocated a new buffer with size [Vector2D: x: 1920, y: 1080] and format XR24 with modifier 0x100000000000010 : 4_TILED_LNL_CCS
[1;32mDEBUG [0mfrom aquamarine ]: Swapchain: Reconfigured a swapchain to [Vector2D: x: 1920, y: 1080] XR24 of length 3
[1;32mDEBUG [0m]: Monitor WAYLAND-1: requested 1920x1080@60.00Hz, using custom mode 1920x1080@0.00Hz
[1;32mDEBUG [0m]: output WAYLAND-1 succeeded basic test on format DRM_FORMAT_XRGB8888
[1;32mDEBUG [0m]: Monitor WAYLAND-1 -> destroyed all render data
[1;32mDEBUG [0m]: CMonitor::updateVCGTRamps: skipping, no gamma ramp for output
[1;32mDEBUG [0m]: Monitor WAYLAND-1 data dump: res 1920x1080@60.00Hz, scale 1.00, transform 0, pos 0x0, 10b 0
[1;33mWARN [0m]: FIXME: color management protocol is enabled and outputs changed, check preferred image description changes
[1;33mWARN [0m]: No rule found for HEADLESS-1, trying to use the first.
[1;32mDEBUG [0m]: arrangeMonitors: 2 to arrange
[1;32mDEBUG [0m]: arrangeMonitors: WAYLAND-1 auto [0, 0]
[1;32mDEBUG [0m]: arrangeMonitors: HEADLESS-1 auto [1920, 0]
[1;32mDEBUG [0m]: arrangeMonitors: WAYLAND-1 xwayland [0, 0]
[1;32mDEBUG [0m]: arrangeMonitors: HEADLESS-1 xwayland [1920, 0]
[1;32mDEBUG [0m]: [CXDGOutputProtocol] updating all xdg_output heads
[1;32mDEBUG [0m]: Framebuffer "Monitor WAYLAND-1 blur FB" created, status 36053
[1;31mERR [0m]: getConvertedColor: failed to get image description
[1;32mDEBUG [0m]: [CXDGOutputProtocol] updating all xdg_output heads
[1;31mERR [0m]: getConvertedColor: failed to get image description
[1;32mDEBUG [0m]: [CXDGOutputProtocol] updating all xdg_output heads
[1;32mDEBUG [0m]: Framebuffer "Monitor HEADLESS-1 blur FB" created, status 36053
[1;32mDEBUG [0m]: Framebuffer "Monitor HEADLESS-1 workbuffer" created, status 36053
[1;33mWARN [0m]: FIXME: color management protocol is enabled and outputs changed, check preferred image description changes
[1;32mDEBUG [0m]: Framebuffer "Monitor WAYLAND-1 workbuffer" created, status 36053
[1;31mERR [0m]: getConvertedColor: failed to get image description
[1;32mDEBUG [0m]: Hyprctl: new connection from pid 30
[1;32mDEBUG [0m]: Hyprctl: new connection from pid 31
[1;32mDEBUG [0m]: Hyprctl: keyword monitor : HEADLESS-1,1920x1080@60,2000x0,1
[1;32mDEBUG [0m]: ApplyConfigToKeyboard for "wl_keyboard", hasconfig: 0
[1;32mDEBUG [0m]: Not applying config to keyboard, it did not change.
[1;33mWARN [0m]: No rule found for WAYLAND-1, trying to use the first.
[1;32mDEBUG [0m]: arrangeMonitors: 2 to arrange
[1;32mDEBUG [0m]: arrangeMonitors: HEADLESS-1 explicit [2000, 0]
[1;32mDEBUG [0m]: arrangeMonitors: WAYLAND-1 auto [3920, 0]
[1;32mDEBUG [0m]: arrangeMonitors: WAYLAND-1 xwayland [0, 0]
[1;32mDEBUG [0m]: arrangeMonitors: HEADLESS-1 xwayland [1920, 0]
[1;32mDEBUG [0m]: [CXDGOutputProtocol] updating all xdg_output heads
[1;32mDEBUG [0m]: [CXDGOutputProtocol] updating all xdg_output heads
[1;32mDEBUG [0m]: [CXDGOutputProtocol] updating all xdg_output heads
[1;32mDEBUG [0m]: Hyprctl: new connection from pid 32
[1;32mDEBUG [0m]: Hyprctl: dispatcher focusmonitor : HEADLESS-1
[1;32mDEBUG [0m]: Hyprctl: new connection from pid 33
[1;32mDEBUG [0m]: Hyprctl: new connection from pid 34
[1;32mDEBUG [0m]: [CWLSeatProtocol] New seat resource bound at 55dfae10fa40
[1;32mDEBUG [0m]: [CWLDataDeviceProtocol] New datamgr resource bound at 55dfad7242c0
[1;32mDEBUG [0m]: [CWLDataDeviceManagerResource] New data device bound at 55dfad71b070
[1;32mDEBUG [0m]: [CTextInputV1Protocol] New TI V1 at 55dfae4b4560
[1;32mDEBUG [0m]: [CTextInputV3] New tiv3 at 000055dfae43cda0
[1;32mDEBUG [0m]: [CPrimarySelectionProtocol] New primary_seletion_manager at 55dfad721130
[1;32mDEBUG [0m]: [CPrimarySelectionManager] New primary selection data device bound at 55dfad7216e0
[1;32mDEBUG [0m]: [CXDGOutputProtocol] New xdg_output for WAYLAND-1: client 55dfae4f30c0 (not xwayland)
[1;32mDEBUG [0m]: [CXDGOutputProtocol] New xdg_output for HEADLESS-1: client 55dfae4f30c0 (not xwayland)
[1;32mDEBUG [0m]: [CXDGShellProtocol] New xdg_wm_base at 55dfad7222e0
[1;32mDEBUG [0m]: Hyprctl: new connection from pid 35
[1;32mDEBUG [0m]: Socket2 accepted a new client at FD 43
[1;32mDEBUG [0m]: [CWLCompositorResource] New wl_surface with id 45 at 55dfae636430
[1;32mDEBUG [0m]: [CWLCompositorResource] New wl_surface with id 49 at 55dfae653120
[1;32mDEBUG [0m]: CWLSurface 55dfae64cc70 called init()
[1;32mDEBUG [0m]: LayerSurface 55dfae4d21e0 (namespace putkin-wallpaper layer 0) created on monitor WAYLAND-1
[1;32mDEBUG [0m]: [CLayerShellProtocol] New wlr_layer_surface 55dfae4d21e0
[1;32mDEBUG [0m]: [CWLCompositorResource] New wl_surface with id 53 at 55dfae636530
[1;32mDEBUG [0m]: [CWLCompositorResource] New wl_surface with id 56 at 55dfae636530
[1;32mDEBUG [0m]: CWLSurface 55dfae653ab0 called init()
[1;32mDEBUG [0m]: LayerSurface 55dfae4efe30 (namespace putkin-wallpaper layer 0) created on monitor HEADLESS-1
[1;32mDEBUG [0m]: [CLayerShellProtocol] New wlr_layer_surface 55dfae4efe30
[1;32mDEBUG [0m]: [CWLCompositorResource] New wl_surface with id 60 at 55dfae64d290
[1;32mDEBUG [0m]: [CWLCompositorResource] New wl_surface with id 63 at 55dfae64d290
[1;32mDEBUG [0m]: CWLSurface 55dfae637210 called init()
[1;32mDEBUG [0m]: LayerSurface 55dfae64fb70 (namespace putkin-bar layer 2) created on monitor WAYLAND-1
[1;32mDEBUG [0m]: [CLayerShellProtocol] New wlr_layer_surface 55dfae64fb70
[1;32mDEBUG [0m]: [CWLCompositorResource] New wl_surface with id 67 at 55dfae64db10
[1;32mDEBUG [0m]: [CWLCompositorResource] New wl_surface with id 70 at 55dfae64db10
[1;32mDEBUG [0m]: CWLSurface 55dfae6509b0 called init()
[1;32mDEBUG [0m]: LayerSurface 55dfae64e190 (namespace putkin-bar layer 2) created on monitor HEADLESS-1
[1;32mDEBUG [0m]: [CLayerShellProtocol] New wlr_layer_surface 55dfae64e190
[1;32mDEBUG [0m]: Socket2 accepted a new client at FD 41
[1;32mDEBUG [0m]: Hyprctl: new connection from pid 35
[1;32mDEBUG [0m]: Hyprctl: new connection from pid 35
[1;32mDEBUG [0m]: Hyprctl: new connection from pid 35
[1;32mDEBUG [0m]: [CWLCompositorResource] New wl_region with id 69 at 55dfad730fa0
[1;32mDEBUG [0m]: [CWLCompositorResource] New wl_region with id 62 at 55dfae620850
[1;32mDEBUG [0m]: [CLinuxDMABUFParamsResource] Creating a dmabuf, with id 55: size [Vector2D: x: 1920, y: 1080], fmt AR24, planes 1
[1;32mDEBUG [0m]: [CLinuxDMABUFParamsResource]  | plane 0: mod 72057594037927952 fd 51 stride 7680 offset 0
[1;32mDEBUG [0m]: LayerSurface 55dfae4d21e0 mapped
[1;32mDEBUG [0m]: [CWLCompositorResource] New wl_region with id 47 at 55dfae620850
[1;32mDEBUG [0m]: [CWLCompositorResource] New wl_region with id 69 at 55dfae662330
[1;32mDEBUG [0m]: [CLinuxDMABUFParamsResource] Creating a dmabuf, with id 62: size [Vector2D: x: 1920, y: 1080], fmt AR24, planes 1
[1;32mDEBUG [0m]: [CLinuxDMABUFParamsResource]  | plane 0: mod 72057594037927952 fd 52 stride 7680 offset 0
[1;32mDEBUG [0m]: [CWLCompositorResource] New wl_region with id 40 at 55dfae6622f0
[1;32mDEBUG [0m]: LayerSurface 55dfae4efe30 mapped
[1;32mDEBUG [0m]: [CLinuxDMABUFParamsResource] Creating a dmabuf, with id 60: size [Vector2D: x: 1920, y: 32], fmt AR24, planes 1
[1;32mDEBUG [0m]: [CLinuxDMABUFParamsResource]  | plane 0: mod 72057594037927952 fd 55 stride 7680 offset 0
[1;32mDEBUG [0m]: LayerSurface 55dfae64fb70 mapped
[1;32mDEBUG [0m]: [CWLCompositorResource] New wl_region with id 74 at 55dfae662330
[1;32mDEBUG [0m]: [CLinuxDMABUFParamsResource] Creating a dmabuf, with id 40: size [Vector2D: x: 1920, y: 32], fmt AR24, planes 1
[1;32mDEBUG [0m]: [CLinuxDMABUFParamsResource]  | plane 0: mod 72057594037927952 fd 57 stride 7680 offset 0
[1;32mDEBUG [0m]: LayerSurface 55dfae64e190 mapped
[1;32mDEBUG [0m]: [CLinuxDMABUFParamsResource] Creating a dmabuf, with id 76: size [Vector2D: x: 1920, y: 32], fmt AR24, planes 1
[1;32mDEBUG [0m]: [CLinuxDMABUFParamsResource]  | plane 0: mod 72057594037927952 fd 58 stride 7680 offset 0
[1;32mDEBUG [0m]: [CLinuxDMABUFParamsResource] Creating a dmabuf, with id 79: size [Vector2D: x: 1920, y: 32], fmt AR24, planes 1
[1;32mDEBUG [0m]: [CLinuxDMABUFParamsResource]  | plane 0: mod 72057594037927952 fd 80 stride 7680 offset 0
[1;32mDEBUG [0m]: [CLinuxDMABUFParamsResource] Creating a dmabuf, with id 47: size [Vector2D: x: 1920, y: 32], fmt AR24, planes 1
[1;32mDEBUG [0m]: [CLinuxDMABUFParamsResource]  | plane 0: mod 72057594037927952 fd 63 stride 7680 offset 0
[1;32mDEBUG [0m]: [CLinuxDMABUFParamsResource] Creating a dmabuf, with id 40: size [Vector2D: x: 1920, y: 32], fmt AR24, planes 1
[1;32mDEBUG [0m]: [CLinuxDMABUFParamsResource]  | plane 0: mod 72057594037927952 fd 55 stride 7680 offset 0
[1;32mDEBUG [0m]: [CWLSeatProtocol] New seat resource bound at 55dfae631e90
[1;32mDEBUG [0m]: [CWLDataDeviceProtocol] New datamgr resource bound at 55dfad717640
[1;32mDEBUG [0m]: [CWLDataDeviceManagerResource] New data device bound at 55dfae14b350
[1;32mDEBUG [0m]: [CTextInputV1Protocol] New TI V1 at 55dfae668510
[1;32mDEBUG [0m]: [CTextInputV3] New tiv3 at 000055dfae43d530
[1;32mDEBUG [0m]: [CPrimarySelectionProtocol] New primary_seletion_manager at 55dfae639300
[1;32mDEBUG [0m]: [CPrimarySelectionManager] New primary selection data device bound at 55dfae66e600
[1;32mDEBUG [0m]: [CXDGOutputProtocol] New xdg_output for WAYLAND-1: client 55dfae4f2380 (not xwayland)
[1;32mDEBUG [0m]: [CXDGOutputProtocol] New xdg_output for HEADLESS-1: client 55dfae4f2380 (not xwayland)
[1;32mDEBUG [0m]: [CXDGShellProtocol] New xdg_wm_base at 55dfae638bc0
[1;32mDEBUG [0m]: [CWLCompositorResource] New wl_surface with id 45 at 55dfae67a440
[1;32mDEBUG [0m]: [CWLCompositorResource] New wl_surface with id 49 at 55dfae67a440
[1;32mDEBUG [0m]: CWLSurface 55dfae670530 called init()
[1;32mDEBUG [0m]: LayerSurface 55dfae67ac60 (namespace putkin-test-capture layer 0) created on monitor WAYLAND-1
[1;32mDEBUG [0m]: [CLayerShellProtocol] New wlr_layer_surface 55dfae67ac60
[1;32mDEBUG [0m]: [CWLCompositorResource] New wl_region with id 45 at 55dfae6713b0
[1;32mDEBUG [0m]: [CLinuxDMABUFParamsResource] Creating a dmabuf, with id 54: size [Vector2D: x: 1, y: 1], fmt AR24, planes 1
[1;32mDEBUG [0m]: [CLinuxDMABUFParamsResource]  | plane 0: mod 72057594037927952 fd 60 stride 128 offset 0
[1;32mDEBUG [0m]: LayerSurface 55dfae67ac60 mapped
[1;32mDEBUG [0m]: [CWLCompositorResource] New wl_surface with id 78 at 55dfae67cba0
[1;32mDEBUG [0m]: [CWLCompositorResource] New wl_surface with id 82 at 55dfae67cba0
[1;32mDEBUG [0m]: [CPrimarySelectionProtocol] CPrimarySelectionProtocol::updateSelection: cannot send selection to a client without a data_device
[1;32mDEBUG [0m]: CWLSurface 55dfae67c820 called init()
[1;32mDEBUG [0m]: LayerSurface 55dfae67e3b0 (namespace putkin-panel layer 3) created on monitor HEADLESS-1
[1;32mDEBUG [0m]: [CLayerShellProtocol] New wlr_layer_surface 55dfae67e3b0
[1;32mDEBUG [0m]: cursorImage request: shape 1 -> default
[1;32mDEBUG [0m]: [CWLCompositorResource] New wl_region with id 78 at 55dfae67c380
[1;32mDEBUG [0m]: [CWLCompositorResource] New wl_region with id 86 at 55dfae67c380
[1;32mDEBUG [0m]: [CLinuxDMABUFParamsResource] Creating a dmabuf, with id 89: size [Vector2D: x: 368, y: 64], fmt AR24, planes 1
[1;32mDEBUG [0m]: [CLinuxDMABUFParamsResource]  | plane 0: mod 72057594037927952 fd 61 stride 1536 offset 0
[1;32mDEBUG [0m]: LayerSurface 55dfae67e3b0 mapped
[1;32mDEBUG [0m]: [CLinuxDMABUFParamsResource] Creating a dmabuf, with id 88: size [Vector2D: x: 368, y: 64], fmt AR24, planes 1
[1;32mDEBUG [0m]: [CLinuxDMABUFParamsResource]  | plane 0: mod 72057594037927952 fd 79 stride 1536 offset 0
[1;32mDEBUG [0m]: [CLinuxDMABUFParamsResource] Creating a dmabuf, with id 87: size [Vector2D: x: 368, y: 1040], fmt AR24, planes 1
[1;32mDEBUG [0m]: [CLinuxDMABUFParamsResource]  | plane 0: mod 72057594037927952 fd 82 stride 1536 offset 0
[1;32mDEBUG [0m]: Hyprctl: new connection from pid 98
[1;32mDEBUG [0m]: Hyprctl: new connection from pid 99
[1;32mDEBUG [0m]: [COutputImageCaptureSourceProtocol] New capture source for monitor: HEADLESS-1
[1;32mDEBUG [0m]: [CImageCopyCaptureProtocol] New image copy capture session for source (monitor): "HEADLESS-1"
[1;32mDEBUG [0m]: [CLinuxDMABUFParamsResource] Creating a dmabuf, with id 58: size [Vector2D: x: 1920, y: 1080], fmt AR24, planes 1
[1;32mDEBUG [0m]: [CLinuxDMABUFParamsResource]  | plane 0: mod 72057594037927952 fd 61 stride 7680 offset 0
[1;32mDEBUG [0m]: Framebuffer "Monitor HEADLESS-1 mirror FB" created, status 36053
[1;32mDEBUG [0m]: [Screenshare] Started screenshare session for (monitor): HEADLESS-1
[1;32mDEBUG [0m]: [CLinuxDMABUFParamsResource] Creating a dmabuf, with id 60: size [Vector2D: x: 1, y: 1], fmt AR24, planes 1
[1;32mDEBUG [0m]: [CLinuxDMABUFParamsResource]  | plane 0: mod 72057594037927952 fd 86 stride 128 offset 0
[1;32mDEBUG [0m]: [CLinuxDMABUFParamsResource] Creating a dmabuf, with id 57: size [Vector2D: x: 1, y: 1], fmt AR24, planes 1
[1;32mDEBUG [0m]: [CLinuxDMABUFParamsResource]  | plane 0: mod 72057594037927952 fd 78 stride 128 offset 0
[1;32mDEBUG [0m]: Hyprctl: new connection from pid 108
[1;32mDEBUG [0m]: [CWLCompositorResource] New wl_region with id 89 at 55dfae67c650
[1;32mDEBUG [0m]: [CLinuxDMABUFParamsResource] Creating a dmabuf, with id 86: size [Vector2D: x: 368, y: 1040], fmt AR24, planes 1
[1;32mDEBUG [0m]: [CLinuxDMABUFParamsResource]  | plane 0: mod 72057594037927952 fd 77 stride 1536 offset 0
[1;32mDEBUG [0m]: LayerSurface 55dfae67e3b0 destroyed
[1;32mDEBUG [0m]: Forcing an unmap of a LS that did a straight destroy!
[1;32mDEBUG [0m]: LayerSurface 55dfae67e3b0 unmapped
[1;32mDEBUG [0m]: renderer: making a snapshot of layer 55dfae67e840
[1;32mDEBUG [0m]: Framebuffer "layer snapshot" created, status 36053
[1;32mDEBUG [0m]: renderer: cleared a snapshot of layer 55dfae67e840
[1;32mDEBUG [0m]: renderer: rendered a snapshot of layer 55dfae67e840
[1;32mDEBUG [0m]: renderer: made a snapshot of layer 55dfae67e840
[1;32mDEBUG [0m]: CWLSurface 55dfae67c820 called destroy()
[1;32mDEBUG [0m]: [Screenshare] Stopped screenshare session for (monitor): HEADLESS-1
[1;32mDEBUG [0m]: Cleanup: removed 1 fadeouts
[1;32mDEBUG [0m]: [CWLSeatProtocol] New seat resource bound at 55dfae62b800
[1;32mDEBUG [0m]: [CWLDataDeviceProtocol] New datamgr resource bound at 55dfae648820
[1;32mDEBUG [0m]: [CWLDataDeviceManagerResource] New data device bound at 55dfae650b40
[1;32mDEBUG [0m]: [CTextInputV1Protocol] New TI V1 at 55dfae680200
[1;32mDEBUG [0m]: [CTextInputV3] New tiv3 at 000055dfae67e600
[1;32mDEBUG [0m]: [CPrimarySelectionProtocol] New primary_seletion_manager at 55dfae6488f0
[1;32mDEBUG [0m]: [CPrimarySelectionManager] New primary selection data device bound at 55dfae641730
[1;32mDEBUG [0m]: [CXDGOutputProtocol] New xdg_output for WAYLAND-1: client 55dfae4d8820 (not xwayland)
[1;32mDEBUG [0m]: [CXDGOutputProtocol] New xdg_output for HEADLESS-1: client 55dfae4d8820 (not xwayland)
[1;32mDEBUG [0m]: [CXDGShellProtocol] New xdg_wm_base at 55dfae649670
[1;32mDEBUG [0m]: [CWLCompositorResource] New wl_surface with id 43 at 55dfae67f000
[1;32mDEBUG [0m]: [CWLCompositorResource] New wl_region with id 46 at 55dfae682430
[1;32mDEBUG [0m]: [CXDGWMBase] New xdg_surface at 55dfae4e1f50
[1;32mDEBUG [0m]: [CXDGSurfaceResource] xdg_surface 55dfae649670 gets a toplevel 55dfad43acf0
[1;32mDEBUG [0m]: CWLSurface 55dfae4e2e80 called init()
[1;32mDEBUG [0m]: [CXDGDecoration] setMode: MODE_SERVER_SIDE. Sending MODE_SERVER_SIDE as reply.
[1;32mDEBUG [0m]: Window 55dfae682de0 set title to Putkin private input test
[1;32mDEBUG [0m]: Window 55dfae682de0 set class to org.quickshell
[1;32mDEBUG [0m]: Layout predicts size [Vector2D: x: 1920, y: 1080] for [Window 55dfae682de0: title: "Putkin private input test"]
[1;32mDEBUG [0m]: [CXDGActivationToken] assigned new xdg-activation token 6181dee5-2731-4ce5-8a83-f7f021d3f082
[1;32mDEBUG [0m]: [CXDGSurfaceResource] xdg_surface 55dfae4e1f50 requests geometry 0x0 1920x1080
[1;32mDEBUG [0m]: [CWLCompositorResource] New wl_region with id 46 at 55dfae654190
[1;32mDEBUG [0m]: [CLinuxDMABUFParamsResource] Creating a dmabuf, with id 52: size [Vector2D: x: 1920, y: 1080], fmt AR24, planes 1
[1;32mDEBUG [0m]: [CLinuxDMABUFParamsResource]  | plane 0: mod 72057594037927952 fd 85 stride 7680 offset 0
[1;32mDEBUG [0m]: [CForeignToplevelWlrManager] Newly mapped window 000055dfae682de0
[1;32mDEBUG [0m]: Set keyboard focus to surface 55dfae67f000, with [Window 55dfae682de0: title: "Putkin private input test"]
[1;32mDEBUG [0m]: Map request dispatched, monitor HEADLESS-1, window pos: [2021.00000, 53.00000], window size: [1878.00000, 1006.00000]
[1;32mDEBUG [0m]: compiling feature set 16 for shadow.frag
[1;32mDEBUG [0m]: compiling feature set 8 for border.frag
[1;32mDEBUG [0m]: [CLinuxDMABUFParamsResource] Creating a dmabuf, with id 50: size [Vector2D: x: 1920, y: 1080], fmt AR24, planes 1
[1;32mDEBUG [0m]: [CLinuxDMABUFParamsResource]  | plane 0: mod 72057594037927952 fd 89 stride 7680 offset 0
[1;32mDEBUG [0m]: [CXDGSurfaceResource] xdg_surface 55dfae4e1f50 requests geometry 0x0 1878x1006
[1;32mDEBUG [0m]: [CWLCompositorResource] New wl_region with id 55 at 55dfae6931f0
[1;32mDEBUG [0m]: [CLinuxDMABUFParamsResource] Creating a dmabuf, with id 55: size [Vector2D: x: 1920, y: 1080], fmt AR24, planes 1
[1;32mDEBUG [0m]: [CLinuxDMABUFParamsResource]  | plane 0: mod 72057594037927952 fd 82 stride 7680 offset 0
[1;32mDEBUG [0m]: [CLinuxDMABUFParamsResource] Creating a dmabuf, with id 53: size [Vector2D: x: 1878, y: 1006], fmt AR24, planes 1
[1;32mDEBUG [0m]: [CLinuxDMABUFParamsResource]  | plane 0: mod 72057594037927952 fd 92 stride 7552 offset 0
[1;32mDEBUG [0m]: [CWLSeatProtocol] New seat resource bound at 55dfaf051610
[1;32mDEBUG [0m]: [CVirtualKeyboardProtocol] New VKeyboard at id 5
[1;32mDEBUG [0m]: ApplyConfigToKeyboard for "hl-virtual-keyboard-wtype", hasconfig: 0
[1;32mDEBUG [0m]: Attempting to create a keymap for layout us with variant  (rules: , model: , options: )
[1;32mDEBUG [0m]: Updating keyboard 55dfae688740's translation state from a provided keymap
[1;32mDEBUG [0m]: xkb: LED index 0 (name Num Lock) got index 1
[1;32mDEBUG [0m]: xkb: LED index 1 (name Caps Lock) got index 0
[1;32mDEBUG [0m]: xkb: LED index 2 (name Scroll Lock) got index 2
[1;32mDEBUG [0m]: xkb: Mod index 0 (name Shift) got index 0
[1;32mDEBUG [0m]: xkb: Mod index 1 (name Lock) got index 1
[1;32mDEBUG [0m]: xkb: Mod index 2 (name Control) got index 2
[1;32mDEBUG [0m]: xkb: Mod index 3 (name Mod1) got index 3
[1;32mDEBUG [0m]: xkb: Mod index 4 (name Mod2) got index 4
[1;32mDEBUG [0m]: xkb: Mod index 5 (name Mod3) got index 5
[1;32mDEBUG [0m]: xkb: Mod index 6 (name Mod4) got index 6
[1;32mDEBUG [0m]: xkb: Mod index 7 (name Mod5) got index 7
[1;32mDEBUG [0m]: Updating keymap fd for keyboard hl-virtual-keyboard-wtype
[1;32mDEBUG [0m]: Updated keymap fd to 99, keymap V1 to: 101
[1;32mDEBUG [0m]: Set the keyboard layout to us and variant to  for keyboard "hl-virtual-keyboard-wtype"
[1;32mDEBUG [0m]: New virtual keyboard created at 55dfae688740
[1;32mDEBUG [0m]: Updating keyboard 55dfae688740's translation state from a provided keymap
[1;32mDEBUG [0m]: Updating keymap fd for keyboard hl-virtual-keyboard-wtype
[1;32mDEBUG [0m]: Updated keymap fd to 99, keymap V1 to: 101
[1;32mDEBUG [0m]: [CLinuxDMABUFParamsResource] Creating a dmabuf, with id 46: size [Vector2D: x: 1878, y: 1006], fmt AR24, planes 1
[1;32mDEBUG [0m]: [CLinuxDMABUFParamsResource]  | plane 0: mod 72057594037927952 fd 94 stride 7552 offset 0
[1;32mDEBUG [0m]: Keyboard at 55dfae688740 removed
[1;32mDEBUG [0m]: Destroyed keyboard 55dfae688740
[1;32mDEBUG [0m]: [CWLCompositorResource] New wl_surface with id 87 at 55dfaedbed10
[1;32mDEBUG [0m]: [CWLCompositorResource] New wl_surface with id 84 at 55dfaedbed10
[1;32mDEBUG [0m]: CWLSurface 55dfae67be00 called init()
[1;32mDEBUG [0m]: LayerSurface 55dfad41a030 (namespace putkin-notifications layer 3) created on monitor HEADLESS-1
[1;32mDEBUG [0m]: [CLayerShellProtocol] New wlr_layer_surface 55dfad41a030
[1;32mDEBUG [0m]: [CWLCompositorResource] New wl_region with id 87 at 55dfae783100
[1;32mDEBUG [0m]: [CLinuxDMABUFParamsResource] Creating a dmabuf, with id 75: size [Vector2D: x: 368, y: 40], fmt AR24, planes 1
[1;32mDEBUG [0m]: [CLinuxDMABUFParamsResource]  | plane 0: mod 72057594037927952 fd 79 stride 1536 offset 0
[1;32mDEBUG [0m]: LayerSurface 55dfad41a030 mapped
[1;32mDEBUG [0m]: [CLinuxDMABUFParamsResource] Creating a dmabuf, with id 81: size [Vector2D: x: 368, y: 254], fmt AR24, planes 1
[1;32mDEBUG [0m]: [CLinuxDMABUFParamsResource]  | plane 0: mod 72057594037927952 fd 88 stride 1536 offset 0
[1;32mDEBUG [0m]: [CWLCompositorResource] New wl_surface with id 78 at 55dfaed8bac0
[1;32mDEBUG [0m]: [CWLCompositorResource] New wl_surface with id 91 at 55dfaed8bac0
[1;32mDEBUG [0m]: CWLSurface 55dfaeb963e0 called init()
[1;32mDEBUG [0m]: LayerSurface 55dfae67e3b0 (namespace putkin-osd layer 3) created on monitor HEADLESS-1
[1;32mDEBUG [0m]: [CLayerShellProtocol] New wlr_layer_surface 55dfae67e3b0
[1;32mDEBUG [0m]: [CWLCompositorResource] New wl_region with id 90 at 55dfae77fce0
[1;32mDEBUG [0m]: [CLinuxDMABUFParamsResource] Creating a dmabuf, with id 78: size [Vector2D: x: 280, y: 100], fmt AR24, planes 1
[1;32mDEBUG [0m]: [CLinuxDMABUFParamsResource]  | plane 0: mod 72057594037927952 fd 79 stride 1152 offset 0
[1;32mDEBUG [0m]: LayerSurface 55dfae67e3b0 mapped
[1;32mDEBUG [0m]: [CWLSeatProtocol] New seat resource bound at 55dfae6a6a90
[1;32mDEBUG [0m]: [CVirtualKeyboardProtocol] New VKeyboard at id 5
[1;32mDEBUG [0m]: ApplyConfigToKeyboard for "hl-virtual-keyboard-wtype", hasconfig: 0
[1;32mDEBUG [0m]: Attempting to create a keymap for layout us with variant  (rules: , model: , options: )
[1;32mDEBUG [0m]: Updating keyboard 55dfae688740's translation state from a provided keymap
[1;32mDEBUG [0m]: xkb: LED index 0 (name Num Lock) got index 1
[1;32mDEBUG [0m]: xkb: LED index 1 (name Caps Lock) got index 0
[1;32mDEBUG [0m]: xkb: LED index 2 (name Scroll Lock) got index 2
[1;32mDEBUG [0m]: xkb: Mod index 0 (name Shift) got index 0
[1;32mDEBUG [0m]: xkb: Mod index 1 (name Lock) got index 1
[1;32mDEBUG [0m]: xkb: Mod index 2 (name Control) got index 2
[1;32mDEBUG [0m]: xkb: Mod index 3 (name Mod1) got index 3
[1;32mDEBUG [0m]: xkb: Mod index 4 (name Mod2) got index 4
[1;32mDEBUG [0m]: xkb: Mod index 5 (name Mod3) got index 5
[1;32mDEBUG [0m]: xkb: Mod index 6 (name Mod4) got index 6
[1;32mDEBUG [0m]: xkb: Mod index 7 (name Mod5) got index 7
[1;32mDEBUG [0m]: Updating keymap fd for keyboard hl-virtual-keyboard-wtype
[1;32mDEBUG [0m]: Updated keymap fd to 99, keymap V1 to: 101
[1;32mDEBUG [0m]: Set the keyboard layout to us and variant to  for keyboard "hl-virtual-keyboard-wtype"
[1;32mDEBUG [0m]: New virtual keyboard created at 55dfae688740
[1;32mDEBUG [0m]: Updating keyboard 55dfae688740's translation state from a provided keymap
[1;32mDEBUG [0m]: Updating keymap fd for keyboard hl-virtual-keyboard-wtype
[1;32mDEBUG [0m]: Updated keymap fd to 99, keymap V1 to: 101
[1;32mDEBUG [0m]: Keyboard at 55dfae688740 removed
[1;32mDEBUG [0m]: Destroyed keyboard 55dfae688740
[1;32mDEBUG [0m]: Hyprctl: new connection from pid 159
[1;32mDEBUG [0m]: [COutputImageCaptureSourceProtocol] New capture source for monitor: HEADLESS-1
[1;32mDEBUG [0m]: [CImageCopyCaptureProtocol] New image copy capture session for source (monitor): "HEADLESS-1"
[1;32mDEBUG [0m]: [CLinuxDMABUFParamsResource] Creating a dmabuf, with id 55: size [Vector2D: x: 1920, y: 1080], fmt AR24, planes 1
[1;32mDEBUG [0m]: [CLinuxDMABUFParamsResource]  | plane 0: mod 72057594037927952 fd 61 stride 7680 offset 0
[1;32mDEBUG [0m]: [Screenshare] Started screenshare session for (monitor): HEADLESS-1
[1;32mDEBUG [0m]: Hyprctl: new connection from pid 168
[1;32mDEBUG [0m]: LayerSurface 55dfae67e3b0 destroyed
[1;32mDEBUG [0m]: Forcing an unmap of a LS that did a straight destroy!
[1;32mDEBUG [0m]: LayerSurface 55dfae67e3b0 unmapped
[1;32mDEBUG [0m]: renderer: making a snapshot of layer 55dfae8ed1f0
[1;32mDEBUG [0m]: Framebuffer "layer snapshot" created, status 36053
[1;32mDEBUG [0m]: renderer: cleared a snapshot of layer 55dfae8ed1f0
[1;32mDEBUG [0m]: renderer: rendered a snapshot of layer 55dfae8ed1f0
[1;32mDEBUG [0m]: renderer: made a snapshot of layer 55dfae8ed1f0
[1;32mDEBUG [0m]: [CPrimarySelectionProtocol] CPrimarySelectionProtocol::updateSelection: cannot send selection to a client without a data_device
[1;32mDEBUG [0m]: CWLSurface 55dfaeb963e0 called destroy()
[1;32mDEBUG [0m]: [CWLCompositorResource] New wl_region with id 77 at 55dfae79a4d0
[1;32mDEBUG [0m]: [CLinuxDMABUFParamsResource] Creating a dmabuf, with id 96: size [Vector2D: x: 368, y: 254], fmt AR24, planes 1
[1;32mDEBUG [0m]: [CLinuxDMABUFParamsResource]  | plane 0: mod 72057594037927952 fd 84 stride 1536 offset 0
[1;32mDEBUG [0m]: Cleanup: removed 1 fadeouts
[1;32mDEBUG [0m]: cursorImage request: shape 1 -> default
[1;32mDEBUG [0m]: cursorImage request: shape 9 -> text
[1;32mDEBUG [0m]: LayerSurface 55dfad41a030 destroyed
[1;32mDEBUG [0m]: Forcing an unmap of a LS that did a straight destroy!
[1;32mDEBUG [0m]: LayerSurface 55dfad41a030 unmapped
[1;32mDEBUG [0m]: renderer: making a snapshot of layer 55dfaea9b170
[1;32mDEBUG [0m]: Framebuffer "layer snapshot" created, status 36053
[1;32mDEBUG [0m]: renderer: cleared a snapshot of layer 55dfaea9b170
[1;32mDEBUG [0m]: renderer: rendered a snapshot of layer 55dfaea9b170
[1;32mDEBUG [0m]: renderer: made a snapshot of layer 55dfaea9b170
[1;32mDEBUG [0m]: CWLSurface 55dfae67be00 called destroy()
[1;32mDEBUG [0m]: Cleanup: removed 1 fadeouts
[1;32mDEBUG [0m]: [CWLCompositorResource] New wl_surface with id 96 at 55dfaedbed10
[1;32mDEBUG [0m]: [CWLCompositorResource] New wl_surface with id 81 at 55dfaedbed10
[1;32mDEBUG [0m]: [CPrimarySelectionProtocol] CPrimarySelectionProtocol::updateSelection: cannot send selection to a client without a data_device
[1;32mDEBUG [0m]: CWLSurface 55dfae6a6460 called init()
[1;32mDEBUG [0m]: LayerSurface 55dfad41a030 (namespace putkin-panel layer 3) created on monitor HEADLESS-1
[1;32mDEBUG [0m]: [CLayerShellProtocol] New wlr_layer_surface 55dfad41a030
[1;32mDEBUG [0m]: cursorImage request: shape 1 -> default
[1;32mDEBUG [0m]: [CWLCompositorResource] New wl_region with id 96 at 55dfae77f7e0
[1;32mDEBUG [0m]: [CWLCompositorResource] New wl_region with id 91 at 55dfae77f7e0
[1;32mDEBUG [0m]: [CLinuxDMABUFParamsResource] Creating a dmabuf, with id 95: size [Vector2D: x: 368, y: 64], fmt AR24, planes 1
[1;32mDEBUG [0m]: [CLinuxDMABUFParamsResource]  | plane 0: mod 72057594037927952 fd 79 stride 1536 offset 0
[1;32mDEBUG [0m]: LayerSurface 55dfad41a030 mapped
[1;32mDEBUG [0m]: [CLinuxDMABUFParamsResource] Creating a dmabuf, with id 78: size [Vector2D: x: 368, y: 64], fmt AR24, planes 1
[1;32mDEBUG [0m]: [CLinuxDMABUFParamsResource]  | plane 0: mod 72057594037927952 fd 84 stride 1536 offset 0
[1;32mDEBUG [0m]: [CLinuxDMABUFParamsResource] Creating a dmabuf, with id 87: size [Vector2D: x: 368, y: 1040], fmt AR24, planes 1
[1;32mDEBUG [0m]: [CLinuxDMABUFParamsResource]  | plane 0: mod 72057594037927952 fd 91 stride 1536 offset 0
[1;32mDEBUG [0m]: [Screenshare] Stopped screenshare session for (monitor): HEADLESS-1
[1;32mDEBUG [0m]: Hyprctl: new connection from pid 181
[1;32mDEBUG [0m]: Hyprctl: new connection from pid 182
[1;32mDEBUG [0m]: Hyprctl: dispatcher movecursor : 2100 100
[1;32mDEBUG [0m]: [CVirtualPointerProtocol] New VPointer at id 3
[1;32mDEBUG [0m]: Attached pointer unknown-device to global
[1;32mDEBUG [0m]: New virtual mouse created
[1;32mDEBUG [0m]: Set keyboard focus to surface 55dfae67f000, with [Window 55dfae682de0: title: "Putkin private input test"]
[1;32mDEBUG [0m]: [CPrimarySelectionProtocol] CPrimarySelectionProtocol::updateSelection: cannot send selection to a client without a data_device
[1;32mDEBUG [0m]: cursorImage request: shape 9 -> text
[1;32mDEBUG [0m]: cursorImage request: shape 1 -> default
[1;32mDEBUG [0m]: [CWLCompositorResource] New wl_region with id 95 at 55dfae688be0
[1;32mDEBUG [0m]: [CLinuxDMABUFParamsResource] Creating a dmabuf, with id 83: size [Vector2D: x: 368, y: 1040], fmt AR24, planes 1
[1;32mDEBUG [0m]: [CLinuxDMABUFParamsResource]  | plane 0: mod 72057594037927952 fd 97 stride 1536 offset 0
[1;31mERR [0m]: [/usr/src/debug/hyprland/Hyprland-0.56.2/src/protocols/core/Seat.cpp:227] sendButton release on a non-pressed button
[1;32mDEBUG [0m]: Pointer at 55dfae97f970 removed
[1;32mDEBUG [0m]: LayerSurface 55dfad41a030 destroyed
[1;32mDEBUG [0m]: Forcing an unmap of a LS that did a straight destroy!
[1;32mDEBUG [0m]: LayerSurface 55dfad41a030 unmapped
[1;32mDEBUG [0m]: renderer: making a snapshot of layer 55dfae67e210
[1;32mDEBUG [0m]: Framebuffer "layer snapshot" created, status 36053
[1;32mDEBUG [0m]: renderer: cleared a snapshot of layer 55dfae67e210
[1;32mDEBUG [0m]: renderer: rendered a snapshot of layer 55dfae67e210
[1;32mDEBUG [0m]: renderer: made a snapshot of layer 55dfae67e210
[1;32mDEBUG [0m]: CWLSurface 55dfae6a6460 called destroy()
[1;32mDEBUG [0m]: Cleanup: removed 1 fadeouts
[1;32mDEBUG [0m]: [CWLSeatProtocol] New seat resource bound at 55dfaea9ba30
[1;32mDEBUG [0m]: [CVirtualKeyboardProtocol] New VKeyboard at id 5
[1;32mDEBUG [0m]: ApplyConfigToKeyboard for "hl-virtual-keyboard-wtype", hasconfig: 0
[1;32mDEBUG [0m]: Attempting to create a keymap for layout us with variant  (rules: , model: , options: )
[1;32mDEBUG [0m]: Updating keyboard 55dfae688740's translation state from a provided keymap
[1;32mDEBUG [0m]: xkb: LED index 0 (name Num Lock) got index 1
[1;32mDEBUG [0m]: xkb: LED index 1 (name Caps Lock) got index 0
[1;32mDEBUG [0m]: xkb: LED index 2 (name Scroll Lock) got index 2
[1;32mDEBUG [0m]: xkb: Mod index 0 (name Shift) got index 0
[1;32mDEBUG [0m]: xkb: Mod index 1 (name Lock) got index 1
[1;32mDEBUG [0m]: xkb: Mod index 2 (name Control) got index 2
[1;32mDEBUG [0m]: xkb: Mod index 3 (name Mod1) got index 3
[1;32mDEBUG [0m]: xkb: Mod index 4 (name Mod2) got index 4
[1;32mDEBUG [0m]: xkb: Mod index 5 (name Mod3) got index 5
[1;32mDEBUG [0m]: xkb: Mod index 6 (name Mod4) got index 6
[1;32mDEBUG [0m]: xkb: Mod index 7 (name Mod5) got index 7
[1;32mDEBUG [0m]: Updating keymap fd for keyboard hl-virtual-keyboard-wtype
[1;32mDEBUG [0m]: Updated keymap fd to 95, keymap V1 to: 97
[1;32mDEBUG [0m]: Set the keyboard layout to us and variant to  for keyboard "hl-virtual-keyboard-wtype"
[1;32mDEBUG [0m]: New virtual keyboard created at 55dfae688740
[1;32mDEBUG [0m]: Updating keyboard 55dfae688740's translation state from a provided keymap
[1;32mDEBUG [0m]: Updating keymap fd for keyboard hl-virtual-keyboard-wtype
[1;32mDEBUG [0m]: Updated keymap fd to 95, keymap V1 to: 97
[1;32mDEBUG [0m]: Keyboard at 55dfae688740 removed
[1;32mDEBUG [0m]: Destroyed keyboard 55dfae688740
[1;32mDEBUG [0m]: Hyprctl: new connection from pid 191
[1;32mDEBUG [0m]: Set keyboard focus to surface 55dfae64db10
[1;32mDEBUG [0m]: [CPrimarySelectionProtocol] CPrimarySelectionProtocol::updateSelection: cannot send selection to a client without a data_device
[1;32mDEBUG [0m]: cursorImage request: shape 1 -> default
[1;32mDEBUG [0m]: [CWLSeatProtocol] New seat resource bound at 55dfaee347c0
[1;32mDEBUG [0m]: [CVirtualKeyboardProtocol] New VKeyboard at id 5
[1;32mDEBUG [0m]: ApplyConfigToKeyboard for "hl-virtual-keyboard-wtype", hasconfig: 0
[1;32mDEBUG [0m]: Attempting to create a keymap for layout us with variant  (rules: , model: , options: )
[1;32mDEBUG [0m]: Updating keyboard 55dfae688740's translation state from a provided keymap
[1;32mDEBUG [0m]: xkb: LED index 0 (name Num Lock) got index 1
[1;32mDEBUG [0m]: xkb: LED index 1 (name Caps Lock) got index 0
[1;32mDEBUG [0m]: xkb: LED index 2 (name Scroll Lock) got index 2
[1;32mDEBUG [0m]: xkb: Mod index 0 (name Shift) got index 0
[1;32mDEBUG [0m]: xkb: Mod index 1 (name Lock) got index 1
[1;32mDEBUG [0m]: xkb: Mod index 2 (name Control) got index 2
[1;32mDEBUG [0m]: xkb: Mod index 3 (name Mod1) got index 3
[1;32mDEBUG [0m]: xkb: Mod index 4 (name Mod2) got index 4
[1;32mDEBUG [0m]: xkb: Mod index 5 (name Mod3) got index 5
[1;32mDEBUG [0m]: xkb: Mod index 6 (name Mod4) got index 6
[1;32mDEBUG [0m]: xkb: Mod index 7 (name Mod5) got index 7
[1;32mDEBUG [0m]: Updating keymap fd for keyboard hl-virtual-keyboard-wtype
[1;32mDEBUG [0m]: Updated keymap fd to 95, keymap V1 to: 97
[1;32mDEBUG [0m]: Set the keyboard layout to us and variant to  for keyboard "hl-virtual-keyboard-wtype"
[1;32mDEBUG [0m]: New virtual keyboard created at 55dfae688740
[1;32mDEBUG [0m]: Updating keyboard 55dfae688740's translation state from a provided keymap
[1;32mDEBUG [0m]: Updating keymap fd for keyboard hl-virtual-keyboard-wtype
[1;32mDEBUG [0m]: Updated keymap fd to 95, keymap V1 to: 97
[1;32mDEBUG [0m]: Hyprctl: new connection from pid 35
[1;32mDEBUG [0m]: Refusing a keyboard focus to a window because of an exclusive ls
[1;32mDEBUG [0m]: Hyprctl: dispatcher focusworkspaceoncurrentmonitor : 3
[1;32mDEBUG [0m]: Hyprctl: new connection from pid 35
[1;32mDEBUG [0m]: Keyboard at 55dfae688740 removed
[1;32mDEBUG [0m]: Destroyed keyboard 55dfae688740
[1;32mDEBUG [0m]: Hyprctl: new connection from pid 195
[1;32mDEBUG [0m]: Set keyboard focus to surface 55dfae64db10
[1;32mDEBUG [0m]: [CPrimarySelectionProtocol] CPrimarySelectionProtocol::updateSelection: cannot send selection to a client without a data_device
[1;32mDEBUG [0m]: cursorImage request: shape 1 -> default
[1;32mDEBUG [0m]: [CWLSeatProtocol] New seat resource bound at 55dfaee347c0
[1;32mDEBUG [0m]: [CVirtualKeyboardProtocol] New VKeyboard at id 5
[1;32mDEBUG [0m]: ApplyConfigToKeyboard for "hl-virtual-keyboard-wtype", hasconfig: 0
[1;32mDEBUG [0m]: Attempting to create a keymap for layout us with variant  (rules: , model: , options: )
[1;32mDEBUG [0m]: Updating keyboard 55dfae688740's translation state from a provided keymap
[1;32mDEBUG [0m]: xkb: LED index 0 (name Num Lock) got index 1
[1;32mDEBUG [0m]: xkb: LED index 1 (name Caps Lock) got index 0
[1;32mDEBUG [0m]: xkb: LED index 2 (name Scroll Lock) got index 2
[1;32mDEBUG [0m]: xkb: Mod index 0 (name Shift) got index 0
[1;32mDEBUG [0m]: xkb: Mod index 1 (name Lock) got index 1
[1;32mDEBUG [0m]: xkb: Mod index 2 (name Control) got index 2
[1;32mDEBUG [0m]: xkb: Mod index 3 (name Mod1) got index 3
[1;32mDEBUG [0m]: xkb: Mod index 4 (name Mod2) got index 4
[1;32mDEBUG [0m]: xkb: Mod index 5 (name Mod3) got index 5
[1;32mDEBUG [0m]: xkb: Mod index 6 (name Mod4) got index 6
[1;32mDEBUG [0m]: xkb: Mod index 7 (name Mod5) got index 7
[1;32mDEBUG [0m]: Updating keymap fd for keyboard hl-virtual-keyboard-wtype
[1;32mDEBUG [0m]: Updated keymap fd to 95, keymap V1 to: 97
[1;32mDEBUG [0m]: Set the keyboard layout to us and variant to  for keyboard "hl-virtual-keyboard-wtype"
[1;32mDEBUG [0m]: New virtual keyboard created at 55dfae688740
[1;32mDEBUG [0m]: Updating keyboard 55dfae688740's translation state from a provided keymap
[1;32mDEBUG [0m]: Updating keymap fd for keyboard hl-virtual-keyboard-wtype
[1;32mDEBUG [0m]: Updated keymap fd to 95, keymap V1 to: 97
[1;32mDEBUG [0m]: Keyboard at 55dfae688740 removed
[1;32mDEBUG [0m]: Destroyed keyboard 55dfae688740
[1;32mDEBUG [0m]: [CWLSeatProtocol] New seat resource bound at 55dfae98c7d0
[1;32mDEBUG [0m]: [CVirtualKeyboardProtocol] New VKeyboard at id 5
[1;32mDEBUG [0m]: ApplyConfigToKeyboard for "hl-virtual-keyboard-wtype", hasconfig: 0
[1;32mDEBUG [0m]: Attempting to create a keymap for layout us with variant  (rules: , model: , options: )
[1;32mDEBUG [0m]: Updating keyboard 55dfae688740's translation state from a provided keymap
[1;32mDEBUG [0m]: xkb: LED index 0 (name Num Lock) got index 1
[1;32mDEBUG [0m]: xkb: LED index 1 (name Caps Lock) got index 0
[1;32mDEBUG [0m]: xkb: LED index 2 (name Scroll Lock) got index 2
[1;32mDEBUG [0m]: xkb: Mod index 0 (name Shift) got index 0
[1;32mDEBUG [0m]: xkb: Mod index 1 (name Lock) got index 1
[1;32mDEBUG [0m]: xkb: Mod index 2 (name Control) got index 2
[1;32mDEBUG [0m]: xkb: Mod index 3 (name Mod1) got index 3
[1;32mDEBUG [0m]: xkb: Mod index 4 (name Mod2) got index 4
[1;32mDEBUG [0m]: xkb: Mod index 5 (name Mod3) got index 5
[1;32mDEBUG [0m]: xkb: Mod index 6 (name Mod4) got index 6
[1;32mDEBUG [0m]: xkb: Mod index 7 (name Mod5) got index 7
[1;32mDEBUG [0m]: Updating keymap fd for keyboard hl-virtual-keyboard-wtype
[1;32mDEBUG [0m]: Updated keymap fd to 95, keymap V1 to: 97
[1;32mDEBUG [0m]: Set the keyboard layout to us and variant to  for keyboard "hl-virtual-keyboard-wtype"
[1;32mDEBUG [0m]: New virtual keyboard created at 55dfae688740
[1;32mDEBUG [0m]: Updating keyboard 55dfae688740's translation state from a provided keymap
[1;32mDEBUG [0m]: Updating keymap fd for keyboard hl-virtual-keyboard-wtype
[1;32mDEBUG [0m]: Updated keymap fd to 95, keymap V1 to: 97
[1;32mDEBUG [0m]: Keyboard at 55dfae688740 removed
[1;32mDEBUG [0m]: Destroyed keyboard 55dfae688740
[1;32mDEBUG [0m]: [CWLSeatProtocol] New seat resource bound at 55dfaee180a0
[1;32mDEBUG [0m]: [CVirtualKeyboardProtocol] New VKeyboard at id 5
[1;32mDEBUG [0m]: ApplyConfigToKeyboard for "hl-virtual-keyboard-wtype", hasconfig: 0
[1;32mDEBUG [0m]: Attempting to create a keymap for layout us with variant  (rules: , model: , options: )
[1;32mDEBUG [0m]: Updating keyboard 55dfae688740's translation state from a provided keymap
[1;32mDEBUG [0m]: xkb: LED index 0 (name Num Lock) got index 1
[1;32mDEBUG [0m]: xkb: LED index 1 (name Caps Lock) got index 0
[1;32mDEBUG [0m]: xkb: LED index 2 (name Scroll Lock) got index 2
[1;32mDEBUG [0m]: xkb: Mod index 0 (name Shift) got index 0
[1;32mDEBUG [0m]: xkb: Mod index 1 (name Lock) got index 1
[1;32mDEBUG [0m]: xkb: Mod index 2 (name Control) got index 2
[1;32mDEBUG [0m]: xkb: Mod index 3 (name Mod1) got index 3
[1;32mDEBUG [0m]: xkb: Mod index 4 (name Mod2) got index 4
[1;32mDEBUG [0m]: xkb: Mod index 5 (name Mod3) got index 5
[1;32mDEBUG [0m]: xkb: Mod index 6 (name Mod4) got index 6
[1;32mDEBUG [0m]: xkb: Mod index 7 (name Mod5) got index 7
[1;32mDEBUG [0m]: Updating keymap fd for keyboard hl-virtual-keyboard-wtype
[1;32mDEBUG [0m]: Updated keymap fd to 95, keymap V1 to: 97
[1;32mDEBUG [0m]: Set the keyboard layout to us and variant to  for keyboard "hl-virtual-keyboard-wtype"
[1;32mDEBUG [0m]: New virtual keyboard created at 55dfae688740
[1;32mDEBUG [0m]: Updating keyboard 55dfae688740's translation state from a provided keymap
[1;32mDEBUG [0m]: Updating keymap fd for keyboard hl-virtual-keyboard-wtype
[1;32mDEBUG [0m]: Updated keymap fd to 95, keymap V1 to: 97
[1;32mDEBUG [0m]: Keyboard at 55dfae688740 removed
[1;32mDEBUG [0m]: Destroyed keyboard 55dfae688740
[1;32mDEBUG [0m]: [CWLSeatProtocol] New seat resource bound at 55dfae94e940
[1;32mDEBUG [0m]: [CVirtualKeyboardProtocol] New VKeyboard at id 5
[1;32mDEBUG [0m]: ApplyConfigToKeyboard for "hl-virtual-keyboard-wtype", hasconfig: 0
[1;32mDEBUG [0m]: Attempting to create a keymap for layout us with variant  (rules: , model: , options: )
[1;32mDEBUG [0m]: Updating keyboard 55dfae688740's translation state from a provided keymap
[1;32mDEBUG [0m]: xkb: LED index 0 (name Num Lock) got index 1
[1;32mDEBUG [0m]: xkb: LED index 1 (name Caps Lock) got index 0
[1;32mDEBUG [0m]: xkb: LED index 2 (name Scroll Lock) got index 2
[1;32mDEBUG [0m]: xkb: Mod index 0 (name Shift) got index 0
[1;32mDEBUG [0m]: xkb: Mod index 1 (name Lock) got index 1
[1;32mDEBUG [0m]: xkb: Mod index 2 (name Control) got index 2
[1;32mDEBUG [0m]: xkb: Mod index 3 (name Mod1) got index 3
[1;32mDEBUG [0m]: xkb: Mod index 4 (name Mod2) got index 4
[1;32mDEBUG [0m]: xkb: Mod index 5 (name Mod3) got index 5
[1;32mDEBUG [0m]: xkb: Mod index 6 (name Mod4) got index 6
[1;32mDEBUG [0m]: xkb: Mod index 7 (name Mod5) got index 7
[1;32mDEBUG [0m]: Updating keymap fd for keyboard hl-virtual-keyboard-wtype
[1;32mDEBUG [0m]: Updated keymap fd to 95, keymap V1 to: 97
[1;32mDEBUG [0m]: Set the keyboard layout to us and variant to  for keyboard "hl-virtual-keyboard-wtype"
[1;32mDEBUG [0m]: New virtual keyboard created at 55dfae688740
[1;32mDEBUG [0m]: Updating keyboard 55dfae688740's translation state from a provided keymap
[1;32mDEBUG [0m]: Updating keymap fd for keyboard hl-virtual-keyboard-wtype
[1;32mDEBUG [0m]: Updated keymap fd to 95, keymap V1 to: 97
[1;32mDEBUG [0m]: Keyboard at 55dfae688740 removed
[1;32mDEBUG [0m]: Destroyed keyboard 55dfae688740
[1;32mDEBUG [0m]: [CWLSeatProtocol] New seat resource bound at 55dfae7991a0
[1;32mDEBUG [0m]: [CVirtualKeyboardProtocol] New VKeyboard at id 5
[1;32mDEBUG [0m]: ApplyConfigToKeyboard for "hl-virtual-keyboard-wtype", hasconfig: 0
[1;32mDEBUG [0m]: Attempting to create a keymap for layout us with variant  (rules: , model: , options: )
[1;32mDEBUG [0m]: Updating keyboard 55dfae688740's translation state from a provided keymap
[1;32mDEBUG [0m]: xkb: LED index 0 (name Num Lock) got index 1
[1;32mDEBUG [0m]: xkb: LED index 1 (name Caps Lock) got index 0
[1;32mDEBUG [0m]: xkb: LED index 2 (name Scroll Lock) got index 2
[1;32mDEBUG [0m]: xkb: Mod index 0 (name Shift) got index 0
[1;32mDEBUG [0m]: xkb: Mod index 1 (name Lock) got index 1
[1;32mDEBUG [0m]: xkb: Mod index 2 (name Control) got index 2
[1;32mDEBUG [0m]: xkb: Mod index 3 (name Mod1) got index 3
[1;32mDEBUG [0m]: xkb: Mod index 4 (name Mod2) got index 4
[1;32mDEBUG [0m]: xkb: Mod index 5 (name Mod3) got index 5
[1;32mDEBUG [0m]: xkb: Mod index 6 (name Mod4) got index 6
[1;32mDEBUG [0m]: xkb: Mod index 7 (name Mod5) got index 7
[1;32mDEBUG [0m]: Updating keymap fd for keyboard hl-virtual-keyboard-wtype
[1;32mDEBUG [0m]: Updated keymap fd to 95, keymap V1 to: 97
[1;32mDEBUG [0m]: Set the keyboard layout to us and variant to  for keyboard "hl-virtual-keyboard-wtype"
[1;32mDEBUG [0m]: New virtual keyboard created at 55dfae688740
[1;32mDEBUG [0m]: Updating keyboard 55dfae688740's translation state from a provided keymap
[1;32mDEBUG [0m]: Updating keymap fd for keyboard hl-virtual-keyboard-wtype
[1;32mDEBUG [0m]: Updated keymap fd to 95, keymap V1 to: 97
[1;32mDEBUG [0m]: Keyboard at 55dfae688740 removed
[1;32mDEBUG [0m]: Destroyed keyboard 55dfae688740
[1;32mDEBUG [0m]: [CWLSeatProtocol] New seat resource bound at 55dfaee21a90
[1;32mDEBUG [0m]: [CVirtualKeyboardProtocol] New VKeyboard at id 5
[1;32mDEBUG [0m]: ApplyConfigToKeyboard for "hl-virtual-keyboard-wtype", hasconfig: 0
[1;32mDEBUG [0m]: Attempting to create a keymap for layout us with variant  (rules: , model: , options: )
[1;32mDEBUG [0m]: Updating keyboard 55dfae688740's translation state from a provided keymap
[1;32mDEBUG [0m]: xkb: LED index 0 (name Num Lock) got index 1
[1;32mDEBUG [0m]: xkb: LED index 1 (name Caps Lock) got index 0
[1;32mDEBUG [0m]: xkb: LED index 2 (name Scroll Lock) got index 2
[1;32mDEBUG [0m]: xkb: Mod index 0 (name Shift) got index 0
[1;32mDEBUG [0m]: xkb: Mod index 1 (name Lock) got index 1
[1;32mDEBUG [0m]: xkb: Mod index 2 (name Control) got index 2
[1;32mDEBUG [0m]: xkb: Mod index 3 (name Mod1) got index 3
[1;32mDEBUG [0m]: xkb: Mod index 4 (name Mod2) got index 4
[1;32mDEBUG [0m]: xkb: Mod index 5 (name Mod3) got index 5
[1;32mDEBUG [0m]: xkb: Mod index 6 (name Mod4) got index 6
[1;32mDEBUG [0m]: xkb: Mod index 7 (name Mod5) got index 7
[1;32mDEBUG [0m]: Updating keymap fd for keyboard hl-virtual-keyboard-wtype
[1;32mDEBUG [0m]: Updated keymap fd to 95, keymap V1 to: 97
[1;32mDEBUG [0m]: Set the keyboard layout to us and variant to  for keyboard "hl-virtual-keyboard-wtype"
[1;32mDEBUG [0m]: New virtual keyboard created at 55dfae688740
[1;32mDEBUG [0m]: Updating keyboard 55dfae688740's translation state from a provided keymap
[1;32mDEBUG [0m]: Updating keymap fd for keyboard hl-virtual-keyboard-wtype
[1;32mDEBUG [0m]: Updated keymap fd to 95, keymap V1 to: 97
[1;32mDEBUG [0m]: Keyboard at 55dfae688740 removed
[1;32mDEBUG [0m]: Destroyed keyboard 55dfae688740
[1;32mDEBUG [0m]: [CWLSeatProtocol] New seat resource bound at 55dfae8ecfb0
[1;32mDEBUG [0m]: [CVirtualKeyboardProtocol] New VKeyboard at id 5
[1;32mDEBUG [0m]: ApplyConfigToKeyboard for "hl-virtual-keyboard-wtype", hasconfig: 0
[1;32mDEBUG [0m]: Attempting to create a keymap for layout us with variant  (rules: , model: , options: )
[1;32mDEBUG [0m]: Updating keyboard 55dfae688740's translation state from a provided keymap
[1;32mDEBUG [0m]: xkb: LED index 0 (name Num Lock) got index 1
[1;32mDEBUG [0m]: xkb: LED index 1 (name Caps Lock) got index 0
[1;32mDEBUG [0m]: xkb: LED index 2 (name Scroll Lock) got index 2
[1;32mDEBUG [0m]: xkb: Mod index 0 (name Shift) got index 0
[1;32mDEBUG [0m]: xkb: Mod index 1 (name Lock) got index 1
[1;32mDEBUG [0m]: xkb: Mod index 2 (name Control) got index 2
[1;32mDEBUG [0m]: xkb: Mod index 3 (name Mod1) got index 3
[1;32mDEBUG [0m]: xkb: Mod index 4 (name Mod2) got index 4
[1;32mDEBUG [0m]: xkb: Mod index 5 (name Mod3) got index 5
[1;32mDEBUG [0m]: xkb: Mod index 6 (name Mod4) got index 6
[1;32mDEBUG [0m]: xkb: Mod index 7 (name Mod5) got index 7
[1;32mDEBUG [0m]: Updating keymap fd for keyboard hl-virtual-keyboard-wtype
[1;32mDEBUG [0m]: Updated keymap fd to 95, keymap V1 to: 97
[1;32mDEBUG [0m]: Set the keyboard layout to us and variant to  for keyboard "hl-virtual-keyboard-wtype"
[1;32mDEBUG [0m]: New virtual keyboard created at 55dfae688740
[1;32mDEBUG [0m]: Updating keyboard 55dfae688740's translation state from a provided keymap
[1;32mDEBUG [0m]: Updating keymap fd for keyboard hl-virtual-keyboard-wtype
[1;32mDEBUG [0m]: Updated keymap fd to 95, keymap V1 to: 97
[1;32mDEBUG [0m]: Keyboard at 55dfae688740 removed
[1;32mDEBUG [0m]: Destroyed keyboard 55dfae688740
[1;32mDEBUG [0m]: [CWLSeatProtocol] New seat resource bound at 55dfaee21a90
[1;32mDEBUG [0m]: [CVirtualKeyboardProtocol] New VKeyboard at id 5
[1;32mDEBUG [0m]: ApplyConfigToKeyboard for "hl-virtual-keyboard-wtype", hasconfig: 0
[1;32mDEBUG [0m]: Attempting to create a keymap for layout us with variant  (rules: , model: , options: )
[1;32mDEBUG [0m]: Updating keyboard 55dfae688740's translation state from a provided keymap
[1;32mDEBUG [0m]: xkb: LED index 0 (name Num Lock) got index 1
[1;32mDEBUG [0m]: xkb: LED index 1 (name Caps Lock) got index 0
[1;32mDEBUG [0m]: xkb: LED index 2 (name Scroll Lock) got index 2
[1;32mDEBUG [0m]: xkb: Mod index 0 (name Shift) got index 0
[1;32mDEBUG [0m]: xkb: Mod index 1 (name Lock) got index 1
[1;32mDEBUG [0m]: xkb: Mod index 2 (name Control) got index 2
[1;32mDEBUG [0m]: xkb: Mod index 3 (name Mod1) got index 3
[1;32mDEBUG [0m]: xkb: Mod index 4 (name Mod2) got index 4
[1;32mDEBUG [0m]: xkb: Mod index 5 (name Mod3) got index 5
[1;32mDEBUG [0m]: xkb: Mod index 6 (name Mod4) got index 6
[1;32mDEBUG [0m]: xkb: Mod index 7 (name Mod5) got index 7
[1;32mDEBUG [0m]: Updating keymap fd for keyboard hl-virtual-keyboard-wtype
[1;32mDEBUG [0m]: Updated keymap fd to 95, keymap V1 to: 97
[1;32mDEBUG [0m]: Set the keyboard layout to us and variant to  for keyboard "hl-virtual-keyboard-wtype"
[1;32mDEBUG [0m]: New virtual keyboard created at 55dfae688740
[1;32mDEBUG [0m]: Updating keyboard 55dfae688740's translation state from a provided keymap
[1;32mDEBUG [0m]: Updating keymap fd for keyboard hl-virtual-keyboard-wtype
[1;32mDEBUG [0m]: Updated keymap fd to 95, keymap V1 to: 97
[1;32mDEBUG [0m]: Keyboard at 55dfae688740 removed
[1;32mDEBUG [0m]: Destroyed keyboard 55dfae688740
[1;32mDEBUG [0m]: [CWLSeatProtocol] New seat resource bound at 55dfaedc11f0
[1;32mDEBUG [0m]: [CVirtualKeyboardProtocol] New VKeyboard at id 5
[1;32mDEBUG [0m]: ApplyConfigToKeyboard for "hl-virtual-keyboard-wtype", hasconfig: 0
[1;32mDEBUG [0m]: Attempting to create a keymap for layout us with variant  (rules: , model: , options: )
[1;32mDEBUG [0m]: Updating keyboard 55dfae688740's translation state from a provided keymap
[1;32mDEBUG [0m]: xkb: LED index 0 (name Num Lock) got index 1
[1;32mDEBUG [0m]: xkb: LED index 1 (name Caps Lock) got index 0
[1;32mDEBUG [0m]: xkb: LED index 2 (name Scroll Lock) got index 2
[1;32mDEBUG [0m]: xkb: Mod index 0 (name Shift) got index 0
[1;32mDEBUG [0m]: xkb: Mod index 1 (name Lock) got index 1
[1;32mDEBUG [0m]: xkb: Mod index 2 (name Control) got index 2
[1;32mDEBUG [0m]: xkb: Mod index 3 (name Mod1) got index 3
[1;32mDEBUG [0m]: xkb: Mod index 4 (name Mod2) got index 4
[1;32mDEBUG [0m]: xkb: Mod index 5 (name Mod3) got index 5
[1;32mDEBUG [0m]: xkb: Mod index 6 (name Mod4) got index 6
[1;32mDEBUG [0m]: xkb: Mod index 7 (name Mod5) got index 7
[1;32mDEBUG [0m]: Updating keymap fd for keyboard hl-virtual-keyboard-wtype
[1;32mDEBUG [0m]: Updated keymap fd to 95, keymap V1 to: 97
[1;32mDEBUG [0m]: Set the keyboard layout to us and variant to  for keyboard "hl-virtual-keyboard-wtype"
[1;32mDEBUG [0m]: New virtual keyboard created at 55dfae688740
[1;32mDEBUG [0m]: Updating keyboard 55dfae688740's translation state from a provided keymap
[1;32mDEBUG [0m]: Updating keymap fd for keyboard hl-virtual-keyboard-wtype
[1;32mDEBUG [0m]: Updated keymap fd to 95, keymap V1 to: 97
[1;32mDEBUG [0m]: Keyboard at 55dfae688740 removed
[1;32mDEBUG [0m]: Destroyed keyboard 55dfae688740
[1;32mDEBUG [0m]: [CWLSeatProtocol] New seat resource bound at 55dfaedd3bf0
[1;32mDEBUG [0m]: [CVirtualKeyboardProtocol] New VKeyboard at id 5
[1;32mDEBUG [0m]: ApplyConfigToKeyboard for "hl-virtual-keyboard-wtype", hasconfig: 0
[1;32mDEBUG [0m]: Attempting to create a keymap for layout us with variant  (rules: , model: , options: )
[1;32mDEBUG [0m]: Updating keyboard 55dfae688740's translation state from a provided keymap
[1;32mDEBUG [0m]: xkb: LED index 0 (name Num Lock) got index 1
[1;32mDEBUG [0m]: xkb: LED index 1 (name Caps Lock) got index 0
[1;32mDEBUG [0m]: xkb: LED index 2 (name Scroll Lock) got index 2
[1;32mDEBUG [0m]: xkb: Mod index 0 (name Shift) got index 0
[1;32mDEBUG [0m]: xkb: Mod index 1 (name Lock) got index 1
[1;32mDEBUG [0m]: xkb: Mod index 2 (name Control) got index 2
[1;32mDEBUG [0m]: xkb: Mod index 3 (name Mod1) got index 3
[1;32mDEBUG [0m]: xkb: Mod index 4 (name Mod2) got index 4
[1;32mDEBUG [0m]: xkb: Mod index 5 (name Mod3) got index 5
[1;32mDEBUG [0m]: xkb: Mod index 6 (name Mod4) got index 6
[1;32mDEBUG [0m]: xkb: Mod index 7 (name Mod5) got index 7
[1;32mDEBUG [0m]: Updating keymap fd for keyboard hl-virtual-keyboard-wtype
[1;32mDEBUG [0m]: Updated keymap fd to 95, keymap V1 to: 97
[1;32mDEBUG [0m]: Set the keyboard layout to us and variant to  for keyboard "hl-virtual-keyboard-wtype"
[1;32mDEBUG [0m]: New virtual keyboard created at 55dfae688740
[1;32mDEBUG [0m]: Updating keyboard 55dfae688740's translation state from a provided keymap
[1;32mDEBUG [0m]: Updating keymap fd for keyboard hl-virtual-keyboard-wtype
[1;32mDEBUG [0m]: Updated keymap fd to 95, keymap V1 to: 97
[1;32mDEBUG [0m]: Keyboard at 55dfae688740 removed
[1;32mDEBUG [0m]: Destroyed keyboard 55dfae688740
[1;32mDEBUG [0m]: [CWLSeatProtocol] New seat resource bound at 55dfae781a90
[1;32mDEBUG [0m]: [CVirtualKeyboardProtocol] New VKeyboard at id 5
[1;32mDEBUG [0m]: ApplyConfigToKeyboard for "hl-virtual-keyboard-wtype", hasconfig: 0
[1;32mDEBUG [0m]: Attempting to create a keymap for layout us with variant  (rules: , model: , options: )
[1;32mDEBUG [0m]: Updating keyboard 55dfae688740's translation state from a provided keymap
[1;32mDEBUG [0m]: xkb: LED index 0 (name Num Lock) got index 1
[1;32mDEBUG [0m]: xkb: LED index 1 (name Caps Lock) got index 0
[1;32mDEBUG [0m]: xkb: LED index 2 (name Scroll Lock) got index 2
[1;32mDEBUG [0m]: xkb: Mod index 0 (name Shift) got index 0
[1;32mDEBUG [0m]: xkb: Mod index 1 (name Lock) got index 1
[1;32mDEBUG [0m]: xkb: Mod index 2 (name Control) got index 2
[1;32mDEBUG [0m]: xkb: Mod index 3 (name Mod1) got index 3
[1;32mDEBUG [0m]: xkb: Mod index 4 (name Mod2) got index 4
[1;32mDEBUG [0m]: xkb: Mod index 5 (name Mod3) got index 5
[1;32mDEBUG [0m]: xkb: Mod index 6 (name Mod4) got index 6
[1;32mDEBUG [0m]: xkb: Mod index 7 (name Mod5) got index 7
[1;32mDEBUG [0m]: Updating keymap fd for keyboard hl-virtual-keyboard-wtype
[1;32mDEBUG [0m]: Updated keymap fd to 95, keymap V1 to: 97
[1;32mDEBUG [0m]: Set the keyboard layout to us and variant to  for keyboard "hl-virtual-keyboard-wtype"
[1;32mDEBUG [0m]: New virtual keyboard created at 55dfae688740
[1;32mDEBUG [0m]: Updating keyboard 55dfae688740's translation state from a provided keymap
[1;32mDEBUG [0m]: Updating keymap fd for keyboard hl-virtual-keyboard-wtype
[1;32mDEBUG [0m]: Updated keymap fd to 95, keymap V1 to: 97
[1;32mDEBUG [0m]: Keyboard at 55dfae688740 removed
[1;32mDEBUG [0m]: Destroyed keyboard 55dfae688740
[1;32mDEBUG [0m]: [CWLCompositorResource] New wl_surface with id 81 at 55dfaee1acd0
[1;32mDEBUG [0m]: [CWLCompositorResource] New wl_surface with id 84 at 55dfaee1acd0
[1;32mDEBUG [0m]: [CPrimarySelectionProtocol] CPrimarySelectionProtocol::updateSelection: cannot send selection to a client without a data_device
[1;32mDEBUG [0m]: CWLSurface 55dfae680fa0 called init()
[1;32mDEBUG [0m]: LayerSurface 55dfad41a030 (namespace putkin-panel layer 3) created on monitor HEADLESS-1
[1;32mDEBUG [0m]: [CLayerShellProtocol] New wlr_layer_surface 55dfad41a030
[1;32mDEBUG [0m]: cursorImage request: shape 1 -> default
[1;32mDEBUG [0m]: [CWLCompositorResource] New wl_region with id 81 at 55dfad71aa90
[1;32mDEBUG [0m]: [CWLCompositorResource] New wl_region with id 90 at 55dfad71a1b0
[1;32mDEBUG [0m]: [CLinuxDMABUFParamsResource] Creating a dmabuf, with id 78: size [Vector2D: x: 368, y: 64], fmt AR24, planes 1
[1;32mDEBUG [0m]: [CLinuxDMABUFParamsResource]  | plane 0: mod 72057594037927952 fd 79 stride 1536 offset 0
[1;32mDEBUG [0m]: LayerSurface 55dfad41a030 mapped
[1;32mDEBUG [0m]: [CLinuxDMABUFParamsResource] Creating a dmabuf, with id 81: size [Vector2D: x: 368, y: 64], fmt AR24, planes 1
[1;32mDEBUG [0m]: [CLinuxDMABUFParamsResource]  | plane 0: mod 72057594037927952 fd 88 stride 1536 offset 0
[1;32mDEBUG [0m]: [CLinuxDMABUFParamsResource] Creating a dmabuf, with id 80: size [Vector2D: x: 368, y: 1040], fmt AR24, planes 1
[1;32mDEBUG [0m]: [CLinuxDMABUFParamsResource]  | plane 0: mod 72057594037927952 fd 91 stride 1536 offset 0
[1;32mDEBUG [0m]: [CWLSeatProtocol] New seat resource bound at 55dfaee5b5f0
[1;32mDEBUG [0m]: [CVirtualKeyboardProtocol] New VKeyboard at id 5
[1;32mDEBUG [0m]: ApplyConfigToKeyboard for "hl-virtual-keyboard-wtype", hasconfig: 0
[1;32mDEBUG [0m]: Attempting to create a keymap for layout us with variant  (rules: , model: , options: )
[1;32mDEBUG [0m]: Updating keyboard 55dfae688740's translation state from a provided keymap
[1;32mDEBUG [0m]: xkb: LED index 0 (name Num Lock) got index 1
[1;32mDEBUG [0m]: xkb: LED index 1 (name Caps Lock) got index 0
[1;32mDEBUG [0m]: xkb: LED index 2 (name Scroll Lock) got index 2
[1;32mDEBUG [0m]: xkb: Mod index 0 (name Shift) got index 0
[1;32mDEBUG [0m]: xkb: Mod index 1 (name Lock) got index 1
[1;32mDEBUG [0m]: xkb: Mod index 2 (name Control) got index 2
[1;32mDEBUG [0m]: xkb: Mod index 3 (name Mod1) got index 3
[1;32mDEBUG [0m]: xkb: Mod index 4 (name Mod2) got index 4
[1;32mDEBUG [0m]: xkb: Mod index 5 (name Mod3) got index 5
[1;32mDEBUG [0m]: xkb: Mod index 6 (name Mod4) got index 6
[1;32mDEBUG [0m]: xkb: Mod index 7 (name Mod5) got index 7
[1;32mDEBUG [0m]: Updating keymap fd for keyboard hl-virtual-keyboard-wtype
[1;32mDEBUG [0m]: Updated keymap fd to 99, keymap V1 to: 101
[1;32mDEBUG [0m]: Set the keyboard layout to us and variant to  for keyboard "hl-virtual-keyboard-wtype"
[1;32mDEBUG [0m]: New virtual keyboard created at 55dfae688740
[1;32mDEBUG [0m]: Updating keyboard 55dfae688740's translation state from a provided keymap
[1;32mDEBUG [0m]: Updating keymap fd for keyboard hl-virtual-keyboard-wtype
[1;32mDEBUG [0m]: Updated keymap fd to 99, keymap V1 to: 101
[1;32mDEBUG [0m]: [CLinuxDMABUFParamsResource] Creating a dmabuf, with id 97: size [Vector2D: x: 368, y: 1040], fmt AR24, planes 1
[1;32mDEBUG [0m]: [CLinuxDMABUFParamsResource]  | plane 0: mod 72057594037927952 fd 97 stride 1536 offset 0
[1;32mDEBUG [0m]: Keyboard at 55dfae688740 removed
[1;32mDEBUG [0m]: Destroyed keyboard 55dfae688740
[1;32mDEBUG [0m]: [CWLSeatProtocol] New seat resource bound at 55dfae98c970
[1;32mDEBUG [0m]: [CVirtualKeyboardProtocol] New VKeyboard at id 5
[1;32mDEBUG [0m]: ApplyConfigToKeyboard for "hl-virtual-keyboard-wtype", hasconfig: 0
[1;32mDEBUG [0m]: Attempting to create a keymap for layout us with variant  (rules: , model: , options: )
[1;32mDEBUG [0m]: Updating keyboard 55dfae688740's translation state from a provided keymap
[1;32mDEBUG [0m]: xkb: LED index 0 (name Num Lock) got index 1
[1;32mDEBUG [0m]: xkb: LED index 1 (name Caps Lock) got index 0
[1;32mDEBUG [0m]: xkb: LED index 2 (name Scroll Lock) got index 2
[1;32mDEBUG [0m]: xkb: Mod index 0 (name Shift) got index 0
[1;32mDEBUG [0m]: xkb: Mod index 1 (name Lock) got index 1
[1;32mDEBUG [0m]: xkb: Mod index 2 (name Control) got index 2
[1;32mDEBUG [0m]: xkb: Mod index 3 (name Mod1) got index 3
[1;32mDEBUG [0m]: xkb: Mod index 4 (name Mod2) got index 4
[1;32mDEBUG [0m]: xkb: Mod index 5 (name Mod3) got index 5
[1;32mDEBUG [0m]: xkb: Mod index 6 (name Mod4) got index 6
[1;32mDEBUG [0m]: xkb: Mod index 7 (name Mod5) got index 7
[1;32mDEBUG [0m]: Updating keymap fd for keyboard hl-virtual-keyboard-wtype
[1;32mDEBUG [0m]: Updated keymap fd to 99, keymap V1 to: 101
[1;32mDEBUG [0m]: Set the keyboard layout to us and variant to  for keyboard "hl-virtual-keyboard-wtype"
[1;32mDEBUG [0m]: New virtual keyboard created at 55dfae688740
[1;32mDEBUG [0m]: Updating keyboard 55dfae688740's translation state from a provided keymap
[1;32mDEBUG [0m]: Updating keymap fd for keyboard hl-virtual-keyboard-wtype
[1;32mDEBUG [0m]: Updated keymap fd to 99, keymap V1 to: 101
[1;32mDEBUG [0m]: Keyboard at 55dfae688740 removed
[1;32mDEBUG [0m]: Destroyed keyboard 55dfae688740
[1;32mDEBUG [0m]: [CWLSeatProtocol] New seat resource bound at 55dfae781ba0
[1;32mDEBUG [0m]: [CVirtualKeyboardProtocol] New VKeyboard at id 5
[1;32mDEBUG [0m]: ApplyConfigToKeyboard for "hl-virtual-keyboard-wtype", hasconfig: 0
[1;32mDEBUG [0m]: Attempting to create a keymap for layout us with variant  (rules: , model: , options: )
[1;32mDEBUG [0m]: Updating keyboard 55dfae688740's translation state from a provided keymap
[1;32mDEBUG [0m]: xkb: LED index 0 (name Num Lock) got index 1
[1;32mDEBUG [0m]: xkb: LED index 1 (name Caps Lock) got index 0
[1;32mDEBUG [0m]: xkb: LED index 2 (name Scroll Lock) got index 2
[1;32mDEBUG [0m]: xkb: Mod index 0 (name Shift) got index 0
[1;32mDEBUG [0m]: xkb: Mod index 1 (name Lock) got index 1
[1;32mDEBUG [0m]: xkb: Mod index 2 (name Control) got index 2
[1;32mDEBUG [0m]: xkb: Mod index 3 (name Mod1) got index 3
[1;32mDEBUG [0m]: xkb: Mod index 4 (name Mod2) got index 4
[1;32mDEBUG [0m]: xkb: Mod index 5 (name Mod3) got index 5
[1;32mDEBUG [0m]: xkb: Mod index 6 (name Mod4) got index 6
[1;32mDEBUG [0m]: xkb: Mod index 7 (name Mod5) got index 7
[1;32mDEBUG [0m]: Updating keymap fd for keyboard hl-virtual-keyboard-wtype
[1;32mDEBUG [0m]: Updated keymap fd to 99, keymap V1 to: 101
[1;32mDEBUG [0m]: Set the keyboard layout to us and variant to  for keyboard "hl-virtual-keyboard-wtype"
[1;32mDEBUG [0m]: New virtual keyboard created at 55dfae688740
[1;32mDEBUG [0m]: Updating keyboard 55dfae688740's translation state from a provided keymap
[1;32mDEBUG [0m]: Updating keymap fd for keyboard hl-virtual-keyboard-wtype
[1;32mDEBUG [0m]: Updated keymap fd to 99, keymap V1 to: 101
[1;32mDEBUG [0m]: Keyboard at 55dfae688740 removed
[1;32mDEBUG [0m]: Destroyed keyboard 55dfae688740
[1;32mDEBUG [0m]: [CWLSeatProtocol] New seat resource bound at 55dfad78bb90
[1;32mDEBUG [0m]: [CVirtualKeyboardProtocol] New VKeyboard at id 5
[1;32mDEBUG [0m]: ApplyConfigToKeyboard for "hl-virtual-keyboard-wtype", hasconfig: 0
[1;32mDEBUG [0m]: Attempting to create a keymap for layout us with variant  (rules: , model: , options: )
[1;32mDEBUG [0m]: Updating keyboard 55dfae688740's translation state from a provided keymap
[1;32mDEBUG [0m]: xkb: LED index 0 (name Num Lock) got index 1
[1;32mDEBUG [0m]: xkb: LED index 1 (name Caps Lock) got index 0
[1;32mDEBUG [0m]: xkb: LED index 2 (name Scroll Lock) got index 2
[1;32mDEBUG [0m]: xkb: Mod index 0 (name Shift) got index 0
[1;32mDEBUG [0m]: xkb: Mod index 1 (name Lock) got index 1
[1;32mDEBUG [0m]: xkb: Mod index 2 (name Control) got index 2
[1;32mDEBUG [0m]: xkb: Mod index 3 (name Mod1) got index 3
[1;32mDEBUG [0m]: xkb: Mod index 4 (name Mod2) got index 4
[1;32mDEBUG [0m]: xkb: Mod index 5 (name Mod3) got index 5
[1;32mDEBUG [0m]: xkb: Mod index 6 (name Mod4) got index 6
[1;32mDEBUG [0m]: xkb: Mod index 7 (name Mod5) got index 7
[1;32mDEBUG [0m]: Updating keymap fd for keyboard hl-virtual-keyboard-wtype
[1;32mDEBUG [0m]: Updated keymap fd to 99, keymap V1 to: 101
[1;32mDEBUG [0m]: Set the keyboard layout to us and variant to  for keyboard "hl-virtual-keyboard-wtype"
[1;32mDEBUG [0m]: New virtual keyboard created at 55dfae688740
[1;32mDEBUG [0m]: Updating keyboard 55dfae688740's translation state from a provided keymap
[1;32mDEBUG [0m]: Updating keymap fd for keyboard hl-virtual-keyboard-wtype
[1;32mDEBUG [0m]: Updated keymap fd to 99, keymap V1 to: 101
[1;32mDEBUG [0m]: Keyboard at 55dfae688740 removed
[1;32mDEBUG [0m]: Destroyed keyboard 55dfae688740
[1;32mDEBUG [0m]: [CWLSeatProtocol] New seat resource bound at 55dfaedd38a0
[1;32mDEBUG [0m]: [CVirtualKeyboardProtocol] New VKeyboard at id 5
[1;32mDEBUG [0m]: ApplyConfigToKeyboard for "hl-virtual-keyboard-wtype", hasconfig: 0
[1;32mDEBUG [0m]: Attempting to create a keymap for layout us with variant  (rules: , model: , options: )
[1;32mDEBUG [0m]: Updating keyboard 55dfae688740's translation state from a provided keymap
[1;32mDEBUG [0m]: xkb: LED index 0 (name Num Lock) got index 1
[1;32mDEBUG [0m]: xkb: LED index 1 (name Caps Lock) got index 0
[1;32mDEBUG [0m]: xkb: LED index 2 (name Scroll Lock) got index 2
[1;32mDEBUG [0m]: xkb: Mod index 0 (name Shift) got index 0
[1;32mDEBUG [0m]: xkb: Mod index 1 (name Lock) got index 1
[1;32mDEBUG [0m]: xkb: Mod index 2 (name Control) got index 2
[1;32mDEBUG [0m]: xkb: Mod index 3 (name Mod1) got index 3
[1;32mDEBUG [0m]: xkb: Mod index 4 (name Mod2) got index 4
[1;32mDEBUG [0m]: xkb: Mod index 5 (name Mod3) got index 5
[1;32mDEBUG [0m]: xkb: Mod index 6 (name Mod4) got index 6
[1;32mDEBUG [0m]: xkb: Mod index 7 (name Mod5) got index 7
[1;32mDEBUG [0m]: Updating keymap fd for keyboard hl-virtual-keyboard-wtype
[1;32mDEBUG [0m]: Updated keymap fd to 99, keymap V1 to: 101
[1;32mDEBUG [0m]: Set the keyboard layout to us and variant to  for keyboard "hl-virtual-keyboard-wtype"
[1;32mDEBUG [0m]: New virtual keyboard created at 55dfae688740
[1;32mDEBUG [0m]: Updating keyboard 55dfae688740's translation state from a provided keymap
[1;32mDEBUG [0m]: Updating keymap fd for keyboard hl-virtual-keyboard-wtype
[1;32mDEBUG [0m]: Updated keymap fd to 99, keymap V1 to: 101
[1;32mDEBUG [0m]: Keyboard at 55dfae688740 removed
[1;32mDEBUG [0m]: Destroyed keyboard 55dfae688740
[1;32mDEBUG [0m]: [CWLSeatProtocol] New seat resource bound at 55dfae77cf70
[1;32mDEBUG [0m]: [CVirtualKeyboardProtocol] New VKeyboard at id 5
[1;32mDEBUG [0m]: ApplyConfigToKeyboard for "hl-virtual-keyboard-wtype", hasconfig: 0
[1;32mDEBUG [0m]: Attempting to create a keymap for layout us with variant  (rules: , model: , options: )
[1;32mDEBUG [0m]: Updating keyboard 55dfae688740's translation state from a provided keymap
[1;32mDEBUG [0m]: xkb: LED index 0 (name Num Lock) got index 1
[1;32mDEBUG [0m]: xkb: LED index 1 (name Caps Lock) got index 0
[1;32mDEBUG [0m]: xkb: LED index 2 (name Scroll Lock) got index 2
[1;32mDEBUG [0m]: xkb: Mod index 0 (name Shift) got index 0
[1;32mDEBUG [0m]: xkb: Mod index 1 (name Lock) got index 1
[1;32mDEBUG [0m]: xkb: Mod index 2 (name Control) got index 2
[1;32mDEBUG [0m]: xkb: Mod index 3 (name Mod1) got index 3
[1;32mDEBUG [0m]: xkb: Mod index 4 (name Mod2) got index 4
[1;32mDEBUG [0m]: xkb: Mod index 5 (name Mod3) got index 5
[1;32mDEBUG [0m]: xkb: Mod index 6 (name Mod4) got index 6
[1;32mDEBUG [0m]: xkb: Mod index 7 (name Mod5) got index 7
[1;32mDEBUG [0m]: Updating keymap fd for keyboard hl-virtual-keyboard-wtype
[1;32mDEBUG [0m]: Updated keymap fd to 99, keymap V1 to: 101
[1;32mDEBUG [0m]: Set the keyboard layout to us and variant to  for keyboard "hl-virtual-keyboard-wtype"
[1;32mDEBUG [0m]: New virtual keyboard created at 55dfae688740
[1;32mDEBUG [0m]: Updating keyboard 55dfae688740's translation state from a provided keymap
[1;32mDEBUG [0m]: Updating keymap fd for keyboard hl-virtual-keyboard-wtype
[1;32mDEBUG [0m]: Updated keymap fd to 99, keymap V1 to: 101
[1;32mDEBUG [0m]: Keyboard at 55dfae688740 removed
[1;32mDEBUG [0m]: Destroyed keyboard 55dfae688740
[1;32mDEBUG [0m]: [CWLSeatProtocol] New seat resource bound at 55dfaee17710
[1;32mDEBUG [0m]: [CVirtualKeyboardProtocol] New VKeyboard at id 5
[1;32mDEBUG [0m]: ApplyConfigToKeyboard for "hl-virtual-keyboard-wtype", hasconfig: 0
[1;32mDEBUG [0m]: Attempting to create a keymap for layout us with variant  (rules: , model: , options: )
[1;32mDEBUG [0m]: Updating keyboard 55dfae688740's translation state from a provided keymap
[1;32mDEBUG [0m]: xkb: LED index 0 (name Num Lock) got index 1
[1;32mDEBUG [0m]: xkb: LED index 1 (name Caps Lock) got index 0
[1;32mDEBUG [0m]: xkb: LED index 2 (name Scroll Lock) got index 2
[1;32mDEBUG [0m]: xkb: Mod index 0 (name Shift) got index 0
[1;32mDEBUG [0m]: xkb: Mod index 1 (name Lock) got index 1
[1;32mDEBUG [0m]: xkb: Mod index 2 (name Control) got index 2
[1;32mDEBUG [0m]: xkb: Mod index 3 (name Mod1) got index 3
[1;32mDEBUG [0m]: xkb: Mod index 4 (name Mod2) got index 4
[1;32mDEBUG [0m]: xkb: Mod index 5 (name Mod3) got index 5
[1;32mDEBUG [0m]: xkb: Mod index 6 (name Mod4) got index 6
[1;32mDEBUG [0m]: xkb: Mod index 7 (name Mod5) got index 7
[1;32mDEBUG [0m]: Updating keymap fd for keyboard hl-virtual-keyboard-wtype
[1;32mDEBUG [0m]: Updated keymap fd to 99, keymap V1 to: 101
[1;32mDEBUG [0m]: Set the keyboard layout to us and variant to  for keyboard "hl-virtual-keyboard-wtype"
[1;32mDEBUG [0m]: New virtual keyboard created at 55dfae688740
[1;32mDEBUG [0m]: Updating keyboard 55dfae688740's translation state from a provided keymap
[1;32mDEBUG [0m]: Updating keymap fd for keyboard hl-virtual-keyboard-wtype
[1;32mDEBUG [0m]: Updated keymap fd to 99, keymap V1 to: 101
[1;32mDEBUG [0m]: Keyboard at 55dfae688740 removed
[1;32mDEBUG [0m]: Destroyed keyboard 55dfae688740
[1;32mDEBUG [0m]: [CWLSeatProtocol] New seat resource bound at 55dfaee19320
[1;32mDEBUG [0m]: [CVirtualKeyboardProtocol] New VKeyboard at id 5
[1;32mDEBUG [0m]: ApplyConfigToKeyboard for "hl-virtual-keyboard-wtype", hasconfig: 0
[1;32mDEBUG [0m]: Attempting to create a keymap for layout us with variant  (rules: , model: , options: )
[1;32mDEBUG [0m]: Updating keyboard 55dfae688740's translation state from a provided keymap
[1;32mDEBUG [0m]: xkb: LED index 0 (name Num Lock) got index 1
[1;32mDEBUG [0m]: xkb: LED index 1 (name Caps Lock) got index 0
[1;32mDEBUG [0m]: xkb: LED index 2 (name Scroll Lock) got index 2
[1;32mDEBUG [0m]: xkb: Mod index 0 (name Shift) got index 0
[1;32mDEBUG [0m]: xkb: Mod index 1 (name Lock) got index 1
[1;32mDEBUG [0m]: xkb: Mod index 2 (name Control) got index 2
[1;32mDEBUG [0m]: xkb: Mod index 3 (name Mod1) got index 3
[1;32mDEBUG [0m]: xkb: Mod index 4 (name Mod2) got index 4
[1;32mDEBUG [0m]: xkb: Mod index 5 (name Mod3) got index 5
[1;32mDEBUG [0m]: xkb: Mod index 6 (name Mod4) got index 6
[1;32mDEBUG [0m]: xkb: Mod index 7 (name Mod5) got index 7
[1;32mDEBUG [0m]: Updating keymap fd for keyboard hl-virtual-keyboard-wtype
[1;32mDEBUG [0m]: Updated keymap fd to 99, keymap V1 to: 101
[1;32mDEBUG [0m]: Set the keyboard layout to us and variant to  for keyboard "hl-virtual-keyboard-wtype"
[1;32mDEBUG [0m]: New virtual keyboard created at 55dfae688740
[1;32mDEBUG [0m]: Updating keyboard 55dfae688740's translation state from a provided keymap
[1;32mDEBUG [0m]: Updating keymap fd for keyboard hl-virtual-keyboard-wtype
[1;32mDEBUG [0m]: Updated keymap fd to 99, keymap V1 to: 101
[1;32mDEBUG [0m]: Keyboard at 55dfae688740 removed
[1;32mDEBUG [0m]: Destroyed keyboard 55dfae688740
[1;32mDEBUG [0m]: [CWLSeatProtocol] New seat resource bound at 55dfaee33ed0
[1;32mDEBUG [0m]: [CVirtualKeyboardProtocol] New VKeyboard at id 5
[1;32mDEBUG [0m]: ApplyConfigToKeyboard for "hl-virtual-keyboard-wtype", hasconfig: 0
[1;32mDEBUG [0m]: Attempting to create a keymap for layout us with variant  (rules: , model: , options: )
[1;32mDEBUG [0m]: Updating keyboard 55dfae688740's translation state from a provided keymap
[1;32mDEBUG [0m]: xkb: LED index 0 (name Num Lock) got index 1
[1;32mDEBUG [0m]: xkb: LED index 1 (name Caps Lock) got index 0
[1;32mDEBUG [0m]: xkb: LED index 2 (name Scroll Lock) got index 2
[1;32mDEBUG [0m]: xkb: Mod index 0 (name Shift) got index 0
[1;32mDEBUG [0m]: xkb: Mod index 1 (name Lock) got index 1
[1;32mDEBUG [0m]: xkb: Mod index 2 (name Control) got index 2
[1;32mDEBUG [0m]: xkb: Mod index 3 (name Mod1) got index 3
[1;32mDEBUG [0m]: xkb: Mod index 4 (name Mod2) got index 4
[1;32mDEBUG [0m]: xkb: Mod index 5 (name Mod3) got index 5
[1;32mDEBUG [0m]: xkb: Mod index 6 (name Mod4) got index 6
[1;32mDEBUG [0m]: xkb: Mod index 7 (name Mod5) got index 7
[1;32mDEBUG [0m]: Updating keymap fd for keyboard hl-virtual-keyboard-wtype
[1;32mDEBUG [0m]: Updated keymap fd to 99, keymap V1 to: 101
[1;32mDEBUG [0m]: Set the keyboard layout to us and variant to  for keyboard "hl-virtual-keyboard-wtype"
[1;32mDEBUG [0m]: New virtual keyboard created at 55dfae688740
[1;32mDEBUG [0m]: Updating keyboard 55dfae688740's translation state from a provided keymap
[1;32mDEBUG [0m]: Updating keymap fd for keyboard hl-virtual-keyboard-wtype
[1;32mDEBUG [0m]: Updated keymap fd to 99, keymap V1 to: 101
[1;32mDEBUG [0m]: Keyboard at 55dfae688740 removed
[1;32mDEBUG [0m]: Destroyed keyboard 55dfae688740
[1;32mDEBUG [0m]: [CWLSeatProtocol] New seat resource bound at 55dfaf06e1d0
[1;32mDEBUG [0m]: [CVirtualKeyboardProtocol] New VKeyboard at id 5
[1;32mDEBUG [0m]: ApplyConfigToKeyboard for "hl-virtual-keyboard-wtype", hasconfig: 0
[1;32mDEBUG [0m]: Attempting to create a keymap for layout us with variant  (rules: , model: , options: )
[1;32mDEBUG [0m]: Updating keyboard 55dfae688740's translation state from a provided keymap
[1;32mDEBUG [0m]: xkb: LED index 0 (name Num Lock) got index 1
[1;32mDEBUG [0m]: xkb: LED index 1 (name Caps Lock) got index 0
[1;32mDEBUG [0m]: xkb: LED index 2 (name Scroll Lock) got index 2
[1;32mDEBUG [0m]: xkb: Mod index 0 (name Shift) got index 0
[1;32mDEBUG [0m]: xkb: Mod index 1 (name Lock) got index 1
[1;32mDEBUG [0m]: xkb: Mod index 2 (name Control) got index 2
[1;32mDEBUG [0m]: xkb: Mod index 3 (name Mod1) got index 3
[1;32mDEBUG [0m]: xkb: Mod index 4 (name Mod2) got index 4
[1;32mDEBUG [0m]: xkb: Mod index 5 (name Mod3) got index 5
[1;32mDEBUG [0m]: xkb: Mod index 6 (name Mod4) got index 6
[1;32mDEBUG [0m]: xkb: Mod index 7 (name Mod5) got index 7
[1;32mDEBUG [0m]: Updating keymap fd for keyboard hl-virtual-keyboard-wtype
[1;32mDEBUG [0m]: Updated keymap fd to 99, keymap V1 to: 101
[1;32mDEBUG [0m]: Set the keyboard layout to us and variant to  for keyboard "hl-virtual-keyboard-wtype"
[1;32mDEBUG [0m]: New virtual keyboard created at 55dfae688740
[1;32mDEBUG [0m]: Updating keyboard 55dfae688740's translation state from a provided keymap
[1;32mDEBUG [0m]: Updating keymap fd for keyboard hl-virtual-keyboard-wtype
[1;32mDEBUG [0m]: Updated keymap fd to 99, keymap V1 to: 101
[1;32mDEBUG [0m]: Keyboard at 55dfae688740 removed
[1;32mDEBUG [0m]: Destroyed keyboard 55dfae688740
[1;32mDEBUG [0m]: [CWLSeatProtocol] New seat resource bound at 55dfaf074ba0
[1;32mDEBUG [0m]: [CVirtualKeyboardProtocol] New VKeyboard at id 5
[1;32mDEBUG [0m]: ApplyConfigToKeyboard for "hl-virtual-keyboard-wtype", hasconfig: 0
[1;32mDEBUG [0m]: Attempting to create a keymap for layout us with variant  (rules: , model: , options: )
[1;32mDEBUG [0m]: Updating keyboard 55dfae688740's translation state from a provided keymap
[1;32mDEBUG [0m]: xkb: LED index 0 (name Num Lock) got index 1
[1;32mDEBUG [0m]: xkb: LED index 1 (name Caps Lock) got index 0
[1;32mDEBUG [0m]: xkb: LED index 2 (name Scroll Lock) got index 2
[1;32mDEBUG [0m]: xkb: Mod index 0 (name Shift) got index 0
[1;32mDEBUG [0m]: xkb: Mod index 1 (name Lock) got index 1
[1;32mDEBUG [0m]: xkb: Mod index 2 (name Control) got index 2
[1;32mDEBUG [0m]: xkb: Mod index 3 (name Mod1) got index 3
[1;32mDEBUG [0m]: xkb: Mod index 4 (name Mod2) got index 4
[1;32mDEBUG [0m]: xkb: Mod index 5 (name Mod3) got index 5
[1;32mDEBUG [0m]: xkb: Mod index 6 (name Mod4) got index 6
[1;32mDEBUG [0m]: xkb: Mod index 7 (name Mod5) got index 7
[1;32mDEBUG [0m]: Updating keymap fd for keyboard hl-virtual-keyboard-wtype
[1;32mDEBUG [0m]: Updated keymap fd to 99, keymap V1 to: 101
[1;32mDEBUG [0m]: Set the keyboard layout to us and variant to  for keyboard "hl-virtual-keyboard-wtype"
[1;32mDEBUG [0m]: New virtual keyboard created at 55dfae688740
[1;32mDEBUG [0m]: Updating keyboard 55dfae688740's translation state from a provided keymap
[1;32mDEBUG [0m]: Updating keymap fd for keyboard hl-virtual-keyboard-wtype
[1;32mDEBUG [0m]: Updated keymap fd to 99, keymap V1 to: 101
[1;32mDEBUG [0m]: Keyboard at 55dfae688740 removed
[1;32mDEBUG [0m]: Destroyed keyboard 55dfae688740
[1;32mDEBUG [0m]: [CWLSeatProtocol] New seat resource bound at 55dfaedc1140
[1;32mDEBUG [0m]: [CVirtualKeyboardProtocol] New VKeyboard at id 5
[1;32mDEBUG [0m]: ApplyConfigToKeyboard for "hl-virtual-keyboard-wtype", hasconfig: 0
[1;32mDEBUG [0m]: Attempting to create a keymap for layout us with variant  (rules: , model: , options: )
[1;32mDEBUG [0m]: Updating keyboard 55dfae688740's translation state from a provided keymap
[1;32mDEBUG [0m]: xkb: LED index 0 (name Num Lock) got index 1
[1;32mDEBUG [0m]: xkb: LED index 1 (name Caps Lock) got index 0
[1;32mDEBUG [0m]: xkb: LED index 2 (name Scroll Lock) got index 2
[1;32mDEBUG [0m]: xkb: Mod index 0 (name Shift) got index 0
[1;32mDEBUG [0m]: xkb: Mod index 1 (name Lock) got index 1
[1;32mDEBUG [0m]: xkb: Mod index 2 (name Control) got index 2
[1;32mDEBUG [0m]: xkb: Mod index 3 (name Mod1) got index 3
[1;32mDEBUG [0m]: xkb: Mod index 4 (name Mod2) got index 4
[1;32mDEBUG [0m]: xkb: Mod index 5 (name Mod3) got index 5
[1;32mDEBUG [0m]: xkb: Mod index 6 (name Mod4) got index 6
[1;32mDEBUG [0m]: xkb: Mod index 7 (name Mod5) got index 7
[1;32mDEBUG [0m]: Updating keymap fd for keyboard hl-virtual-keyboard-wtype
[1;32mDEBUG [0m]: Updated keymap fd to 99, keymap V1 to: 101
[1;32mDEBUG [0m]: Set the keyboard layout to us and variant to  for keyboard "hl-virtual-keyboard-wtype"
[1;32mDEBUG [0m]: New virtual keyboard created at 55dfae688740
[1;32mDEBUG [0m]: Updating keyboard 55dfae688740's translation state from a provided keymap
[1;32mDEBUG [0m]: Updating keymap fd for keyboard hl-virtual-keyboard-wtype
[1;32mDEBUG [0m]: Updated keymap fd to 99, keymap V1 to: 101
[1;32mDEBUG [0m]: Keyboard at 55dfae688740 removed
[1;32mDEBUG [0m]: Destroyed keyboard 55dfae688740
[1;32mDEBUG [0m]: [CWLSeatProtocol] New seat resource bound at 55dfae77c0a0
[1;32mDEBUG [0m]: [CVirtualKeyboardProtocol] New VKeyboard at id 5
[1;32mDEBUG [0m]: ApplyConfigToKeyboard for "hl-virtual-keyboard-wtype", hasconfig: 0
[1;32mDEBUG [0m]: Attempting to create a keymap for layout us with variant  (rules: , model: , options: )
[1;32mDEBUG [0m]: Updating keyboard 55dfae688740's translation state from a provided keymap
[1;32mDEBUG [0m]: xkb: LED index 0 (name Num Lock) got index 1
[1;32mDEBUG [0m]: xkb: LED index 1 (name Caps Lock) got index 0
[1;32mDEBUG [0m]: xkb: LED index 2 (name Scroll Lock) got index 2
[1;32mDEBUG [0m]: xkb: Mod index 0 (name Shift) got index 0
[1;32mDEBUG [0m]: xkb: Mod index 1 (name Lock) got index 1
[1;32mDEBUG [0m]: xkb: Mod index 2 (name Control) got index 2
[1;32mDEBUG [0m]: xkb: Mod index 3 (name Mod1) got index 3
[1;32mDEBUG [0m]: xkb: Mod index 4 (name Mod2) got index 4
[1;32mDEBUG [0m]: xkb: Mod index 5 (name Mod3) got index 5
[1;32mDEBUG [0m]: xkb: Mod index 6 (name Mod4) got index 6
[1;32mDEBUG [0m]: xkb: Mod index 7 (name Mod5) got index 7
[1;32mDEBUG [0m]: Updating keymap fd for keyboard hl-virtual-keyboard-wtype
[1;32mDEBUG [0m]: Updated keymap fd to 99, keymap V1 to: 101
[1;32mDEBUG [0m]: Set the keyboard layout to us and variant to  for keyboard "hl-virtual-keyboard-wtype"
[1;32mDEBUG [0m]: New virtual keyboard created at 55dfae688740
[1;32mDEBUG [0m]: Updating keyboard 55dfae688740's translation state from a provided keymap
[1;32mDEBUG [0m]: Updating keymap fd for keyboard hl-virtual-keyboard-wtype
[1;32mDEBUG [0m]: Updated keymap fd to 99, keymap V1 to: 101
[1;32mDEBUG [0m]: Keyboard at 55dfae688740 removed
[1;32mDEBUG [0m]: Destroyed keyboard 55dfae688740
[1;32mDEBUG [0m]: [CWLSeatProtocol] New seat resource bound at 55dfae6ae3f0
[1;32mDEBUG [0m]: [CVirtualKeyboardProtocol] New VKeyboard at id 5
[1;32mDEBUG [0m]: ApplyConfigToKeyboard for "hl-virtual-keyboard-wtype", hasconfig: 0
[1;32mDEBUG [0m]: Attempting to create a keymap for layout us with variant  (rules: , model: , options: )
[1;32mDEBUG [0m]: Updating keyboard 55dfae688740's translation state from a provided keymap
[1;32mDEBUG [0m]: xkb: LED index 0 (name Num Lock) got index 1
[1;32mDEBUG [0m]: xkb: LED index 1 (name Caps Lock) got index 0
[1;32mDEBUG [0m]: xkb: LED index 2 (name Scroll Lock) got index 2
[1;32mDEBUG [0m]: xkb: Mod index 0 (name Shift) got index 0
[1;32mDEBUG [0m]: xkb: Mod index 1 (name Lock) got index 1
[1;32mDEBUG [0m]: xkb: Mod index 2 (name Control) got index 2
[1;32mDEBUG [0m]: xkb: Mod index 3 (name Mod1) got index 3
[1;32mDEBUG [0m]: xkb: Mod index 4 (name Mod2) got index 4
[1;32mDEBUG [0m]: xkb: Mod index 5 (name Mod3) got index 5
[1;32mDEBUG [0m]: xkb: Mod index 6 (name Mod4) got index 6
[1;32mDEBUG [0m]: xkb: Mod index 7 (name Mod5) got index 7
[1;32mDEBUG [0m]: Updating keymap fd for keyboard hl-virtual-keyboard-wtype
[1;32mDEBUG [0m]: Updated keymap fd to 99, keymap V1 to: 101
[1;32mDEBUG [0m]: Set the keyboard layout to us and variant to  for keyboard "hl-virtual-keyboard-wtype"
[1;32mDEBUG [0m]: New virtual keyboard created at 55dfae688740
[1;32mDEBUG [0m]: Updating keyboard 55dfae688740's translation state from a provided keymap
[1;32mDEBUG [0m]: Updating keymap fd for keyboard hl-virtual-keyboard-wtype
[1;32mDEBUG [0m]: Updated keymap fd to 99, keymap V1 to: 101
[1;32mDEBUG [0m]: [CWLCompositorResource] New wl_region with id 88 at 55dfaea77070
[1;32mDEBUG [0m]: Keyboard at 55dfae688740 removed
[1;32mDEBUG [0m]: Destroyed keyboard 55dfae688740
[1;32mDEBUG [0m]: [CLinuxDMABUFParamsResource] Creating a dmabuf, with id 88: size [Vector2D: x: 368, y: 672], fmt AR24, planes 1
[1;32mDEBUG [0m]: [CLinuxDMABUFParamsResource]  | plane 0: mod 72057594037927952 fd 84 stride 1536 offset 0
[1;32mDEBUG [0m]: Hyprctl: new connection from pid 279
[1;32mDEBUG [0m]: [COutputImageCaptureSourceProtocol] New capture source for monitor: HEADLESS-1
[1;32mDEBUG [0m]: [CImageCopyCaptureProtocol] New image copy capture session for source (monitor): "HEADLESS-1"
[1;32mDEBUG [0m]: [CLinuxDMABUFParamsResource] Creating a dmabuf, with id 54: size [Vector2D: x: 1920, y: 1080], fmt AR24, planes 1
[1;32mDEBUG [0m]: [CLinuxDMABUFParamsResource]  | plane 0: mod 72057594037927952 fd 61 stride 7680 offset 0
[1;32mDEBUG [0m]: [Screenshare] Started screenshare session for (monitor): HEADLESS-1
[1;32mDEBUG [0m]: Hyprctl: new connection from pid 288
[1;32mDEBUG [0m]: [CWLSeatProtocol] New seat resource bound at 55dfaee33ef0
[1;32mDEBUG [0m]: [CVirtualKeyboardProtocol] New VKeyboard at id 5
[1;32mDEBUG [0m]: ApplyConfigToKeyboard for "hl-virtual-keyboard-wtype", hasconfig: 0
[1;32mDEBUG [0m]: Attempting to create a keymap for layout us with variant  (rules: , model: , options: )
[1;32mDEBUG [0m]: Updating keyboard 55dfae688740's translation state from a provided keymap
[1;32mDEBUG [0m]: xkb: LED index 0 (name Num Lock) got index 1
[1;32mDEBUG [0m]: xkb: LED index 1 (name Caps Lock) got index 0
[1;32mDEBUG [0m]: xkb: LED index 2 (name Scroll Lock) got index 2
[1;32mDEBUG [0m]: xkb: Mod index 0 (name Shift) got index 0
[1;32mDEBUG [0m]: xkb: Mod index 1 (name Lock) got index 1
[1;32mDEBUG [0m]: xkb: Mod index 2 (name Control) got index 2
[1;32mDEBUG [0m]: xkb: Mod index 3 (name Mod1) got index 3
[1;32mDEBUG [0m]: xkb: Mod index 4 (name Mod2) got index 4
[1;32mDEBUG [0m]: xkb: Mod index 5 (name Mod3) got index 5
[1;32mDEBUG [0m]: xkb: Mod index 6 (name Mod4) got index 6
[1;32mDEBUG [0m]: xkb: Mod index 7 (name Mod5) got index 7
[1;32mDEBUG [0m]: Updating keymap fd for keyboard hl-virtual-keyboard-wtype
[1;32mDEBUG [0m]: Updated keymap fd to 97, keymap V1 to: 99
[1;32mDEBUG [0m]: Set the keyboard layout to us and variant to  for keyboard "hl-virtual-keyboard-wtype"
[1;32mDEBUG [0m]: New virtual keyboard created at 55dfae688740
[1;32mDEBUG [0m]: Updating keyboard 55dfae688740's translation state from a provided keymap
[1;32mDEBUG [0m]: Updating keymap fd for keyboard hl-virtual-keyboard-wtype
[1;32mDEBUG [0m]: Updated keymap fd to 97, keymap V1 to: 99
[1;32mDEBUG [0m]: [CLinuxDMABUFParamsResource] Creating a dmabuf, with id 81: size [Vector2D: x: 368, y: 672], fmt AR24, planes 1
[1;32mDEBUG [0m]: [CLinuxDMABUFParamsResource]  | plane 0: mod 72057594037927952 fd 95 stride 1536 offset 0
[1;32mDEBUG [0m]: Keyboard at 55dfae688740 removed
[1;32mDEBUG [0m]: Destroyed keyboard 55dfae688740
[1;32mDEBUG [0m]: [CWLSeatProtocol] New seat resource bound at 55dfae94eb30
[1;32mDEBUG [0m]: [CVirtualKeyboardProtocol] New VKeyboard at id 5
[1;32mDEBUG [0m]: ApplyConfigToKeyboard for "hl-virtual-keyboard-wtype", hasconfig: 0
[1;32mDEBUG [0m]: Attempting to create a keymap for layout us with variant  (rules: , model: , options: )
[1;32mDEBUG [0m]: Updating keyboard 55dfae688740's translation state from a provided keymap
[1;32mDEBUG [0m]: xkb: LED index 0 (name Num Lock) got index 1
[1;32mDEBUG [0m]: xkb: LED index 1 (name Caps Lock) got index 0
[1;32mDEBUG [0m]: xkb: LED index 2 (name Scroll Lock) got index 2
[1;32mDEBUG [0m]: xkb: Mod index 0 (name Shift) got index 0
[1;32mDEBUG [0m]: xkb: Mod index 1 (name Lock) got index 1
[1;32mDEBUG [0m]: xkb: Mod index 2 (name Control) got index 2
[1;32mDEBUG [0m]: xkb: Mod index 3 (name Mod1) got index 3
[1;32mDEBUG [0m]: xkb: Mod index 4 (name Mod2) got index 4
[1;32mDEBUG [0m]: xkb: Mod index 5 (name Mod3) got index 5
[1;32mDEBUG [0m]: xkb: Mod index 6 (name Mod4) got index 6
[1;32mDEBUG [0m]: xkb: Mod index 7 (name Mod5) got index 7
[1;32mDEBUG [0m]: Updating keymap fd for keyboard hl-virtual-keyboard-wtype
[1;32mDEBUG [0m]: Updated keymap fd to 99, keymap V1 to: 101
[1;32mDEBUG [0m]: Set the keyboard layout to us and variant to  for keyboard "hl-virtual-keyboard-wtype"
[1;32mDEBUG [0m]: New virtual keyboard created at 55dfae688740
[1;32mDEBUG [0m]: Updating keyboard 55dfae688740's translation state from a provided keymap
[1;32mDEBUG [0m]: Updating keymap fd for keyboard hl-virtual-keyboard-wtype
[1;32mDEBUG [0m]: Updated keymap fd to 99, keymap V1 to: 101
[1;32mDEBUG [0m]: Keyboard at 55dfae688740 removed
[1;32mDEBUG [0m]: Destroyed keyboard 55dfae688740
[1;32mDEBUG [0m]: [Screenshare] Stopped screenshare session for (monitor): HEADLESS-1
[1;32mDEBUG [0m]: [CWLSeatProtocol] New seat resource bound at 55dfae69d4b0
[1;32mDEBUG [0m]: [CVirtualKeyboardProtocol] New VKeyboard at id 5
[1;32mDEBUG [0m]: ApplyConfigToKeyboard for "hl-virtual-keyboard-wtype", hasconfig: 0
[1;32mDEBUG [0m]: Attempting to create a keymap for layout us with variant  (rules: , model: , options: )
[1;32mDEBUG [0m]: Updating keyboard 55dfae688740's translation state from a provided keymap
[1;32mDEBUG [0m]: xkb: LED index 0 (name Num Lock) got index 1
[1;32mDEBUG [0m]: xkb: LED index 1 (name Caps Lock) got index 0
[1;32mDEBUG [0m]: xkb: LED index 2 (name Scroll Lock) got index 2
[1;32mDEBUG [0m]: xkb: Mod index 0 (name Shift) got index 0
[1;32mDEBUG [0m]: xkb: Mod index 1 (name Lock) got index 1
[1;32mDEBUG [0m]: xkb: Mod index 2 (name Control) got index 2
[1;32mDEBUG [0m]: xkb: Mod index 3 (name Mod1) got index 3
[1;32mDEBUG [0m]: xkb: Mod index 4 (name Mod2) got index 4
[1;32mDEBUG [0m]: xkb: Mod index 5 (name Mod3) got index 5
[1;32mDEBUG [0m]: xkb: Mod index 6 (name Mod4) got index 6
[1;32mDEBUG [0m]: xkb: Mod index 7 (name Mod5) got index 7
[1;32mDEBUG [0m]: Updating keymap fd for keyboard hl-virtual-keyboard-wtype
[1;32mDEBUG [0m]: Updated keymap fd to 98, keymap V1 to: 100
[1;32mDEBUG [0m]: Set the keyboard layout to us and variant to  for keyboard "hl-virtual-keyboard-wtype"
[1;32mDEBUG [0m]: New virtual keyboard created at 55dfae688740
[1;32mDEBUG [0m]: Updating keyboard 55dfae688740's translation state from a provided keymap
[1;32mDEBUG [0m]: Updating keymap fd for keyboard hl-virtual-keyboard-wtype
[1;32mDEBUG [0m]: Updated keymap fd to 98, keymap V1 to: 100
[1;32mDEBUG [0m]: Keyboard at 55dfae688740 removed
[1;32mDEBUG [0m]: Destroyed keyboard 55dfae688740
[1;32mDEBUG [0m]: [CWLSeatProtocol] New seat resource bound at 55dfae8ecfb0
[1;32mDEBUG [0m]: [CVirtualKeyboardProtocol] New VKeyboard at id 5
[1;32mDEBUG [0m]: ApplyConfigToKeyboard for "hl-virtual-keyboard-wtype", hasconfig: 0
[1;32mDEBUG [0m]: Attempting to create a keymap for layout us with variant  (rules: , model: , options: )
[1;32mDEBUG [0m]: Updating keyboard 55dfae688740's translation state from a provided keymap
[1;32mDEBUG [0m]: xkb: LED index 0 (name Num Lock) got index 1
[1;32mDEBUG [0m]: xkb: LED index 1 (name Caps Lock) got index 0
[1;32mDEBUG [0m]: xkb: LED index 2 (name Scroll Lock) got index 2
[1;32mDEBUG [0m]: xkb: Mod index 0 (name Shift) got index 0
[1;32mDEBUG [0m]: xkb: Mod index 1 (name Lock) got index 1
[1;32mDEBUG [0m]: xkb: Mod index 2 (name Control) got index 2
[1;32mDEBUG [0m]: xkb: Mod index 3 (name Mod1) got index 3
[1;32mDEBUG [0m]: xkb: Mod index 4 (name Mod2) got index 4
[1;32mDEBUG [0m]: xkb: Mod index 5 (name Mod3) got index 5
[1;32mDEBUG [0m]: xkb: Mod index 6 (name Mod4) got index 6
[1;32mDEBUG [0m]: xkb: Mod index 7 (name Mod5) got index 7
[1;32mDEBUG [0m]: Updating keymap fd for keyboard hl-virtual-keyboard-wtype
[1;32mDEBUG [0m]: Updated keymap fd to 98, keymap V1 to: 100
[1;32mDEBUG [0m]: Set the keyboard layout to us and variant to  for keyboard "hl-virtual-keyboard-wtype"
[1;32mDEBUG [0m]: New virtual keyboard created at 55dfae688740
[1;32mDEBUG [0m]: Updating keyboard 55dfae688740's translation state from a provided keymap
[1;32mDEBUG [0m]: Updating keymap fd for keyboard hl-virtual-keyboard-wtype
[1;32mDEBUG [0m]: Updated keymap fd to 98, keymap V1 to: 100
[1;32mDEBUG [0m]: Keyboard at 55dfae688740 removed
[1;32mDEBUG [0m]: Destroyed keyboard 55dfae688740
[1;32mDEBUG [0m]: Hyprctl: new connection from pid 301
[1;32mDEBUG [0m]: [COutputImageCaptureSourceProtocol] New capture source for monitor: HEADLESS-1
[1;32mDEBUG [0m]: [CImageCopyCaptureProtocol] New image copy capture session for source (monitor): "HEADLESS-1"
[1;32mDEBUG [0m]: [CLinuxDMABUFParamsResource] Creating a dmabuf, with id 62: size [Vector2D: x: 1920, y: 1080], fmt AR24, planes 1
[1;32mDEBUG [0m]: [CLinuxDMABUFParamsResource]  | plane 0: mod 72057594037927952 fd 61 stride 7680 offset 0
[1;32mDEBUG [0m]: [Screenshare] Started screenshare session for (monitor): HEADLESS-1
[1;32mDEBUG [0m]: Hyprctl: new connection from pid 310
[1;32mDEBUG [0m]: [CWLSeatProtocol] New seat resource bound at 55dfaee21a90
[1;32mDEBUG [0m]: [CVirtualKeyboardProtocol] New VKeyboard at id 5
[1;32mDEBUG [0m]: ApplyConfigToKeyboard for "hl-virtual-keyboard-wtype", hasconfig: 0
[1;32mDEBUG [0m]: Attempting to create a keymap for layout us with variant  (rules: , model: , options: )
[1;32mDEBUG [0m]: Updating keyboard 55dfae688740's translation state from a provided keymap
[1;32mDEBUG [0m]: xkb: LED index 0 (name Num Lock) got index 1
[1;32mDEBUG [0m]: xkb: LED index 1 (name Caps Lock) got index 0
[1;32mDEBUG [0m]: xkb: LED index 2 (name Scroll Lock) got index 2
[1;32mDEBUG [0m]: xkb: Mod index 0 (name Shift) got index 0
[1;32mDEBUG [0m]: xkb: Mod index 1 (name Lock) got index 1
[1;32mDEBUG [0m]: xkb: Mod index 2 (name Control) got index 2
[1;32mDEBUG [0m]: xkb: Mod index 3 (name Mod1) got index 3
[1;32mDEBUG [0m]: xkb: Mod index 4 (name Mod2) got index 4
[1;32mDEBUG [0m]: xkb: Mod index 5 (name Mod3) got index 5
[1;32mDEBUG [0m]: xkb: Mod index 6 (name Mod4) got index 6
[1;32mDEBUG [0m]: xkb: Mod index 7 (name Mod5) got index 7
[1;32mDEBUG [0m]: Updating keymap fd for keyboard hl-virtual-keyboard-wtype
[1;32mDEBUG [0m]: Updated keymap fd to 99, keymap V1 to: 101
[1;32mDEBUG [0m]: Set the keyboard layout to us and variant to  for keyboard "hl-virtual-keyboard-wtype"
[1;32mDEBUG [0m]: New virtual keyboard created at 55dfae688740
[1;32mDEBUG [0m]: Updating keyboard 55dfae688740's translation state from a provided keymap
[1;32mDEBUG [0m]: Updating keymap fd for keyboard hl-virtual-keyboard-wtype
[1;32mDEBUG [0m]: Updated keymap fd to 99, keymap V1 to: 101
[1;32mDEBUG [0m]: Keyboard at 55dfae688740 removed
[1;32mDEBUG [0m]: Destroyed keyboard 55dfae688740
[1;32mDEBUG [0m]: [CWLSeatProtocol] New seat resource bound at 55dfae8ecea0
[1;32mDEBUG [0m]: [CVirtualKeyboardProtocol] New VKeyboard at id 5
[1;32mDEBUG [0m]: ApplyConfigToKeyboard for "hl-virtual-keyboard-wtype", hasconfig: 0
[1;32mDEBUG [0m]: Attempting to create a keymap for layout us with variant  (rules: , model: , options: )
[1;32mDEBUG [0m]: Updating keyboard 55dfae688740's translation state from a provided keymap
[1;32mDEBUG [0m]: xkb: LED index 0 (name Num Lock) got index 1
[1;32mDEBUG [0m]: xkb: LED index 1 (name Caps Lock) got index 0
[1;32mDEBUG [0m]: xkb: LED index 2 (name Scroll Lock) got index 2
[1;32mDEBUG [0m]: xkb: Mod index 0 (name Shift) got index 0
[1;32mDEBUG [0m]: xkb: Mod index 1 (name Lock) got index 1
[1;32mDEBUG [0m]: xkb: Mod index 2 (name Control) got index 2
[1;32mDEBUG [0m]: xkb: Mod index 3 (name Mod1) got index 3
[1;32mDEBUG [0m]: xkb: Mod index 4 (name Mod2) got index 4
[1;32mDEBUG [0m]: xkb: Mod index 5 (name Mod3) got index 5
[1;32mDEBUG [0m]: xkb: Mod index 6 (name Mod4) got index 6
[1;32mDEBUG [0m]: xkb: Mod index 7 (name Mod5) got index 7
[1;32mDEBUG [0m]: Updating keymap fd for keyboard hl-virtual-keyboard-wtype
[1;32mDEBUG [0m]: Updated keymap fd to 99, keymap V1 to: 101
[1;32mDEBUG [0m]: Set the keyboard layout to us and variant to  for keyboard "hl-virtual-keyboard-wtype"
[1;32mDEBUG [0m]: New virtual keyboard created at 55dfae688740
[1;32mDEBUG [0m]: Updating keyboard 55dfae688740's translation state from a provided keymap
[1;32mDEBUG [0m]: Updating keymap fd for keyboard hl-virtual-keyboard-wtype
[1;32mDEBUG [0m]: Updated keymap fd to 99, keymap V1 to: 101
[1;32mDEBUG [0m]: Keyboard at 55dfae688740 removed
[1;32mDEBUG [0m]: Destroyed keyboard 55dfae688740
[1;32mDEBUG [0m]: [CWLSeatProtocol] New seat resource bound at 55dfaed08640
[1;32mDEBUG [0m]: [CVirtualKeyboardProtocol] New VKeyboard at id 5
[1;32mDEBUG [0m]: ApplyConfigToKeyboard for "hl-virtual-keyboard-wtype", hasconfig: 0
[1;32mDEBUG [0m]: Attempting to create a keymap for layout us with variant  (rules: , model: , options: )
[1;32mDEBUG [0m]: Updating keyboard 55dfae688740's translation state from a provided keymap
[1;32mDEBUG [0m]: xkb: LED index 0 (name Num Lock) got index 1
[1;32mDEBUG [0m]: xkb: LED index 1 (name Caps Lock) got index 0
[1;32mDEBUG [0m]: xkb: LED index 2 (name Scroll Lock) got index 2
[1;32mDEBUG [0m]: xkb: Mod index 0 (name Shift) got index 0
[1;32mDEBUG [0m]: xkb: Mod index 1 (name Lock) got index 1
[1;32mDEBUG [0m]: xkb: Mod index 2 (name Control) got index 2
[1;32mDEBUG [0m]: xkb: Mod index 3 (name Mod1) got index 3
[1;32mDEBUG [0m]: xkb: Mod index 4 (name Mod2) got index 4
[1;32mDEBUG [0m]: xkb: Mod index 5 (name Mod3) got index 5
[1;32mDEBUG [0m]: xkb: Mod index 6 (name Mod4) got index 6
[1;32mDEBUG [0m]: xkb: Mod index 7 (name Mod5) got index 7
[1;32mDEBUG [0m]: Updating keymap fd for keyboard hl-virtual-keyboard-wtype
[1;32mDEBUG [0m]: Updated keymap fd to 99, keymap V1 to: 101
[1;32mDEBUG [0m]: Set the keyboard layout to us and variant to  for keyboard "hl-virtual-keyboard-wtype"
[1;32mDEBUG [0m]: New virtual keyboard created at 55dfae688740
[1;32mDEBUG [0m]: Updating keyboard 55dfae688740's translation state from a provided keymap
[1;32mDEBUG [0m]: Updating keymap fd for keyboard hl-virtual-keyboard-wtype
[1;32mDEBUG [0m]: Updated keymap fd to 99, keymap V1 to: 101
[1;32mDEBUG [0m]: [Screenshare] Stopped screenshare session for (monitor): HEADLESS-1
[1;32mDEBUG [0m]: Keyboard at 55dfae688740 removed
[1;32mDEBUG [0m]: Destroyed keyboard 55dfae688740
[1;32mDEBUG [0m]: [CWLSeatProtocol] New seat resource bound at 55dfaebe7810
[1;32mDEBUG [0m]: [CVirtualKeyboardProtocol] New VKeyboard at id 5
[1;32mDEBUG [0m]: ApplyConfigToKeyboard for "hl-virtual-keyboard-wtype", hasconfig: 0
[1;32mDEBUG [0m]: Attempting to create a keymap for layout us with variant  (rules: , model: , options: )
[1;32mDEBUG [0m]: Updating keyboard 55dfae688740's translation state from a provided keymap
[1;32mDEBUG [0m]: xkb: LED index 0 (name Num Lock) got index 1
[1;32mDEBUG [0m]: xkb: LED index 1 (name Caps Lock) got index 0
[1;32mDEBUG [0m]: xkb: LED index 2 (name Scroll Lock) got index 2
[1;32mDEBUG [0m]: xkb: Mod index 0 (name Shift) got index 0
[1;32mDEBUG [0m]: xkb: Mod index 1 (name Lock) got index 1
[1;32mDEBUG [0m]: xkb: Mod index 2 (name Control) got index 2
[1;32mDEBUG [0m]: xkb: Mod index 3 (name Mod1) got index 3
[1;32mDEBUG [0m]: xkb: Mod index 4 (name Mod2) got index 4
[1;32mDEBUG [0m]: xkb: Mod index 5 (name Mod3) got index 5
[1;32mDEBUG [0m]: xkb: Mod index 6 (name Mod4) got index 6
[1;32mDEBUG [0m]: xkb: Mod index 7 (name Mod5) got index 7
[1;32mDEBUG [0m]: Updating keymap fd for keyboard hl-virtual-keyboard-wtype
[1;32mDEBUG [0m]: Updated keymap fd to 99, keymap V1 to: 101
[1;32mDEBUG [0m]: Set the keyboard layout to us and variant to  for keyboard "hl-virtual-keyboard-wtype"
[1;32mDEBUG [0m]: New virtual keyboard created at 55dfae688740
[1;32mDEBUG [0m]: Updating keyboard 55dfae688740's translation state from a provided keymap
[1;32mDEBUG [0m]: Updating keymap fd for keyboard hl-virtual-keyboard-wtype
[1;32mDEBUG [0m]: Updated keymap fd to 99, keymap V1 to: 101
[1;32mDEBUG [0m]: [CWLCompositorResource] New wl_region with id 78 at 55dfae69e270
[1;32mDEBUG [0m]: [CLinuxDMABUFParamsResource] Creating a dmabuf, with id 85: size [Vector2D: x: 368, y: 705], fmt AR24, planes 1
[1;32mDEBUG [0m]: [CLinuxDMABUFParamsResource]  | plane 0: mod 72057594037927952 fd 84 stride 1536 offset 0
[1;32mDEBUG [0m]: [CLinuxDMABUFParamsResource] Creating a dmabuf, with id 96: size [Vector2D: x: 368, y: 705], fmt AR24, planes 1
[1;32mDEBUG [0m]: [CLinuxDMABUFParamsResource]  | plane 0: mod 72057594037927952 fd 90 stride 1536 offset 0
[1;32mDEBUG [0m]: Keyboard at 55dfae688740 removed
[1;32mDEBUG [0m]: Destroyed keyboard 55dfae688740
[1;32mDEBUG [0m]: [CWLSeatProtocol] New seat resource bound at 55dfaed08910
[1;32mDEBUG [0m]: [CVirtualKeyboardProtocol] New VKeyboard at id 5
[1;32mDEBUG [0m]: ApplyConfigToKeyboard for "hl-virtual-keyboard-wtype", hasconfig: 0
[1;32mDEBUG [0m]: Attempting to create a keymap for layout us with variant  (rules: , model: , options: )
[1;32mDEBUG [0m]: Updating keyboard 55dfae688740's translation state from a provided keymap
[1;32mDEBUG [0m]: xkb: LED index 0 (name Num Lock) got index 1
[1;32mDEBUG [0m]: xkb: LED index 1 (name Caps Lock) got index 0
[1;32mDEBUG [0m]: xkb: LED index 2 (name Scroll Lock) got index 2
[1;32mDEBUG [0m]: xkb: Mod index 0 (name Shift) got index 0
[1;32mDEBUG [0m]: xkb: Mod index 1 (name Lock) got index 1
[1;32mDEBUG [0m]: xkb: Mod index 2 (name Control) got index 2
[1;32mDEBUG [0m]: xkb: Mod index 3 (name Mod1) got index 3
[1;32mDEBUG [0m]: xkb: Mod index 4 (name Mod2) got index 4
[1;32mDEBUG [0m]: xkb: Mod index 5 (name Mod3) got index 5
[1;32mDEBUG [0m]: xkb: Mod index 6 (name Mod4) got index 6
[1;32mDEBUG [0m]: xkb: Mod index 7 (name Mod5) got index 7
[1;32mDEBUG [0m]: Updating keymap fd for keyboard hl-virtual-keyboard-wtype
[1;32mDEBUG [0m]: Updated keymap fd to 99, keymap V1 to: 101
[1;32mDEBUG [0m]: Set the keyboard layout to us and variant to  for keyboard "hl-virtual-keyboard-wtype"
[1;32mDEBUG [0m]: New virtual keyboard created at 55dfae688740
[1;32mDEBUG [0m]: Updating keyboard 55dfae688740's translation state from a provided keymap
[1;32mDEBUG [0m]: Updating keymap fd for keyboard hl-virtual-keyboard-wtype
[1;32mDEBUG [0m]: Updated keymap fd to 99, keymap V1 to: 101
[1;32mDEBUG [0m]: Keyboard at 55dfae688740 removed
[1;32mDEBUG [0m]: Destroyed keyboard 55dfae688740
[1;32mDEBUG [0m]: [CWLSeatProtocol] New seat resource bound at 55dfae1108e0
[1;32mDEBUG [0m]: [CVirtualKeyboardProtocol] New VKeyboard at id 5
[1;32mDEBUG [0m]: ApplyConfigToKeyboard for "hl-virtual-keyboard-wtype", hasconfig: 0
[1;32mDEBUG [0m]: Attempting to create a keymap for layout us with variant  (rules: , model: , options: )
[1;32mDEBUG [0m]: Updating keyboard 55dfae688740's translation state from a provided keymap
[1;32mDEBUG [0m]: xkb: LED index 0 (name Num Lock) got index 1
[1;32mDEBUG [0m]: xkb: LED index 1 (name Caps Lock) got index 0
[1;32mDEBUG [0m]: xkb: LED index 2 (name Scroll Lock) got index 2
[1;32mDEBUG [0m]: xkb: Mod index 0 (name Shift) got index 0
[1;32mDEBUG [0m]: xkb: Mod index 1 (name Lock) got index 1
[1;32mDEBUG [0m]: xkb: Mod index 2 (name Control) got index 2
[1;32mDEBUG [0m]: xkb: Mod index 3 (name Mod1) got index 3
[1;32mDEBUG [0m]: xkb: Mod index 4 (name Mod2) got index 4
[1;32mDEBUG [0m]: xkb: Mod index 5 (name Mod3) got index 5
[1;32mDEBUG [0m]: xkb: Mod index 6 (name Mod4) got index 6
[1;32mDEBUG [0m]: xkb: Mod index 7 (name Mod5) got index 7
[1;32mDEBUG [0m]: Updating keymap fd for keyboard hl-virtual-keyboard-wtype
[1;32mDEBUG [0m]: Updated keymap fd to 99, keymap V1 to: 101
[1;32mDEBUG [0m]: Set the keyboard layout to us and variant to  for keyboard "hl-virtual-keyboard-wtype"
[1;32mDEBUG [0m]: New virtual keyboard created at 55dfae688740
[1;32mDEBUG [0m]: Updating keyboard 55dfae688740's translation state from a provided keymap
[1;32mDEBUG [0m]: Updating keymap fd for keyboard hl-virtual-keyboard-wtype
[1;32mDEBUG [0m]: Updated keymap fd to 99, keymap V1 to: 101
[1;32mDEBUG [0m]: Keyboard at 55dfae688740 removed
[1;32mDEBUG [0m]: Destroyed keyboard 55dfae688740
[1;32mDEBUG [0m]: [CWLCompositorResource] New wl_region with id 88 at 55dfae983d70
[1;32mDEBUG [0m]: [CWLCompositorResource] New wl_region with id 90 at 55dfaee05710
[1;32mDEBUG [0m]: [CWLCompositorResource] New wl_region with id 88 at 55dfaee05710
[1;32mDEBUG [0m]: [CLinuxDMABUFParamsResource] Creating a dmabuf, with id 88: size [Vector2D: x: 368, y: 1072], fmt AR24, planes 1
[1;32mDEBUG [0m]: [CLinuxDMABUFParamsResource]  | plane 0: mod 72057594037927952 fd 79 stride 1536 offset 0
[1;32mDEBUG [0m]: [CLinuxDMABUFParamsResource] Creating a dmabuf, with id 81: size [Vector2D: x: 368, y: 1072], fmt AR24, planes 1
[1;32mDEBUG [0m]: [CLinuxDMABUFParamsResource]  | plane 0: mod 72057594037927952 fd 88 stride 1536 offset 0
[1;32mDEBUG [0m]: [CWLSeatProtocol] New seat resource bound at 55dfaee1b9f0
[1;32mDEBUG [0m]: [CVirtualKeyboardProtocol] New VKeyboard at id 5
[1;32mDEBUG [0m]: ApplyConfigToKeyboard for "hl-virtual-keyboard-wtype", hasconfig: 0
[1;32mDEBUG [0m]: Attempting to create a keymap for layout us with variant  (rules: , model: , options: )
[1;32mDEBUG [0m]: Updating keyboard 55dfae688740's translation state from a provided keymap
[1;32mDEBUG [0m]: xkb: LED index 0 (name Num Lock) got index 1
[1;32mDEBUG [0m]: xkb: LED index 1 (name Caps Lock) got index 0
[1;32mDEBUG [0m]: xkb: LED index 2 (name Scroll Lock) got index 2
[1;32mDEBUG [0m]: xkb: Mod index 0 (name Shift) got index 0
[1;32mDEBUG [0m]: xkb: Mod index 1 (name Lock) got index 1
[1;32mDEBUG [0m]: xkb: Mod index 2 (name Control) got index 2
[1;32mDEBUG [0m]: xkb: Mod index 3 (name Mod1) got index 3
[1;32mDEBUG [0m]: xkb: Mod index 4 (name Mod2) got index 4
[1;32mDEBUG [0m]: xkb: Mod index 5 (name Mod3) got index 5
[1;32mDEBUG [0m]: xkb: Mod index 6 (name Mod4) got index 6
[1;32mDEBUG [0m]: xkb: Mod index 7 (name Mod5) got index 7
[1;32mDEBUG [0m]: Updating keymap fd for keyboard hl-virtual-keyboard-wtype
[1;32mDEBUG [0m]: Updated keymap fd to 99, keymap V1 to: 101
[1;32mDEBUG [0m]: Set the keyboard layout to us and variant to  for keyboard "hl-virtual-keyboard-wtype"
[1;32mDEBUG [0m]: New virtual keyboard created at 55dfae688740
[1;32mDEBUG [0m]: Updating keyboard 55dfae688740's translation state from a provided keymap
[1;32mDEBUG [0m]: Updating keymap fd for keyboard hl-virtual-keyboard-wtype
[1;32mDEBUG [0m]: Updated keymap fd to 99, keymap V1 to: 101
[1;32mDEBUG [0m]: [CLinuxDMABUFParamsResource] Creating a dmabuf, with id 90: size [Vector2D: x: 368, y: 1040], fmt AR24, planes 1
[1;32mDEBUG [0m]: [CLinuxDMABUFParamsResource]  | plane 0: mod 72057594037927952 fd 97 stride 1536 offset 0
[1;32mDEBUG [0m]: Keyboard at 55dfae688740 removed
[1;32mDEBUG [0m]: Destroyed keyboard 55dfae688740
[1;32mDEBUG [0m]: [CWLSeatProtocol] New seat resource bound at 55dfae77cde0
[1;32mDEBUG [0m]: [CVirtualKeyboardProtocol] New VKeyboard at id 5
[1;32mDEBUG [0m]: ApplyConfigToKeyboard for "hl-virtual-keyboard-wtype", hasconfig: 0
[1;32mDEBUG [0m]: Attempting to create a keymap for layout us with variant  (rules: , model: , options: )
[1;32mDEBUG [0m]: Updating keyboard 55dfae688740's translation state from a provided keymap
[1;32mDEBUG [0m]: xkb: LED index 0 (name Num Lock) got index 1
[1;32mDEBUG [0m]: xkb: LED index 1 (name Caps Lock) got index 0
[1;32mDEBUG [0m]: xkb: LED index 2 (name Scroll Lock) got index 2
[1;32mDEBUG [0m]: xkb: Mod index 0 (name Shift) got index 0
[1;32mDEBUG [0m]: xkb: Mod index 1 (name Lock) got index 1
[1;32mDEBUG [0m]: xkb: Mod index 2 (name Control) got index 2
[1;32mDEBUG [0m]: xkb: Mod index 3 (name Mod1) got index 3
[1;32mDEBUG [0m]: xkb: Mod index 4 (name Mod2) got index 4
[1;32mDEBUG [0m]: xkb: Mod index 5 (name Mod3) got index 5
[1;32mDEBUG [0m]: xkb: Mod index 6 (name Mod4) got index 6
[1;32mDEBUG [0m]: xkb: Mod index 7 (name Mod5) got index 7
[1;32mDEBUG [0m]: Updating keymap fd for keyboard hl-virtual-keyboard-wtype
[1;32mDEBUG [0m]: Updated keymap fd to 99, keymap V1 to: 101
[1;32mDEBUG [0m]: Set the keyboard layout to us and variant to  for keyboard "hl-virtual-keyboard-wtype"
[1;32mDEBUG [0m]: New virtual keyboard created at 55dfae688740
[1;32mDEBUG [0m]: Updating keyboard 55dfae688740's translation state from a provided keymap
[1;32mDEBUG [0m]: Updating keymap fd for keyboard hl-virtual-keyboard-wtype
[1;32mDEBUG [0m]: Updated keymap fd to 99, keymap V1 to: 101
[1;32mDEBUG [0m]: [CLinuxDMABUFParamsResource] Creating a dmabuf, with id 85: size [Vector2D: x: 368, y: 1040], fmt AR24, planes 1
[1;32mDEBUG [0m]: [CLinuxDMABUFParamsResource]  | plane 0: mod 72057594037927952 fd 95 stride 1536 offset 0
[1;32mDEBUG [0m]: Keyboard at 55dfae688740 removed
[1;32mDEBUG [0m]: Destroyed keyboard 55dfae688740
[1;32mDEBUG [0m]: [CWLSeatProtocol] New seat resource bound at 55dfae77a6b0
[1;32mDEBUG [0m]: [CVirtualKeyboardProtocol] New VKeyboard at id 5
[1;32mDEBUG [0m]: ApplyConfigToKeyboard for "hl-virtual-keyboard-wtype", hasconfig: 0
[1;32mDEBUG [0m]: Attempting to create a keymap for layout us with variant  (rules: , model: , options: )
[1;32mDEBUG [0m]: Updating keyboard 55dfae688740's translation state from a provided keymap
[1;32mDEBUG [0m]: xkb: LED index 0 (name Num Lock) got index 1
[1;32mDEBUG [0m]: xkb: LED index 1 (name Caps Lock) got index 0
[1;32mDEBUG [0m]: xkb: LED index 2 (name Scroll Lock) got index 2
[1;32mDEBUG [0m]: xkb: Mod index 0 (name Shift) got index 0
[1;32mDEBUG [0m]: xkb: Mod index 1 (name Lock) got index 1
[1;32mDEBUG [0m]: xkb: Mod index 2 (name Control) got index 2
[1;32mDEBUG [0m]: xkb: Mod index 3 (name Mod1) got index 3
[1;32mDEBUG [0m]: xkb: Mod index 4 (name Mod2) got index 4
[1;32mDEBUG [0m]: xkb: Mod index 5 (name Mod3) got index 5
[1;32mDEBUG [0m]: xkb: Mod index 6 (name Mod4) got index 6
[1;32mDEBUG [0m]: xkb: Mod index 7 (name Mod5) got index 7
[1;32mDEBUG [0m]: Updating keymap fd for keyboard hl-virtual-keyboard-wtype
[1;32mDEBUG [0m]: Updated keymap fd to 99, keymap V1 to: 101
[1;32mDEBUG [0m]: Set the keyboard layout to us and variant to  for keyboard "hl-virtual-keyboard-wtype"
[1;32mDEBUG [0m]: New virtual keyboard created at 55dfae688740
[1;32mDEBUG [0m]: Updating keyboard 55dfae688740's translation state from a provided keymap
[1;32mDEBUG [0m]: Updating keymap fd for keyboard hl-virtual-keyboard-wtype
[1;32mDEBUG [0m]: Updated keymap fd to 99, keymap V1 to: 101
[1;32mDEBUG [0m]: [CWLCompositorResource] New wl_region with id 96 at 55dfaf08c460
[1;32mDEBUG [0m]: [CWLCompositorResource] New wl_region with id 77 at 55dfaee733c0
[1;32mDEBUG [0m]: [CLinuxDMABUFParamsResource] Creating a dmabuf, with id 78: size [Vector2D: x: 368, y: 1066], fmt AR24, planes 1
[1;32mDEBUG [0m]: [CLinuxDMABUFParamsResource]  | plane 0: mod 72057594037927952 fd 90 stride 1536 offset 0
[1;32mDEBUG [0m]: [CLinuxDMABUFParamsResource] Creating a dmabuf, with id 80: size [Vector2D: x: 368, y: 1066], fmt AR24, planes 1
[1;32mDEBUG [0m]: [CLinuxDMABUFParamsResource]  | plane 0: mod 72057594037927952 fd 88 stride 1536 offset 0
[1;32mDEBUG [0m]: Keyboard at 55dfae688740 removed
[1;32mDEBUG [0m]: Destroyed keyboard 55dfae688740
[1;32mDEBUG [0m]: [CLinuxDMABUFParamsResource] Creating a dmabuf, with id 88: size [Vector2D: x: 368, y: 1040], fmt AR24, planes 1
[1;32mDEBUG [0m]: [CLinuxDMABUFParamsResource]  | plane 0: mod 72057594037927952 fd 79 stride 1536 offset 0
[1;32mDEBUG [0m]: [CWLSeatProtocol] New seat resource bound at 55dfae8ed060
[1;32mDEBUG [0m]: [CVirtualKeyboardProtocol] New VKeyboard at id 5
[1;32mDEBUG [0m]: ApplyConfigToKeyboard for "hl-virtual-keyboard-wtype", hasconfig: 0
[1;32mDEBUG [0m]: Attempting to create a keymap for layout us with variant  (rules: , model: , options: )
[1;32mDEBUG [0m]: Updating keyboard 55dfae688740's translation state from a provided keymap
[1;32mDEBUG [0m]: xkb: LED index 0 (name Num Lock) got index 1
[1;32mDEBUG [0m]: xkb: LED index 1 (name Caps Lock) got index 0
[1;32mDEBUG [0m]: xkb: LED index 2 (name Scroll Lock) got index 2
[1;32mDEBUG [0m]: xkb: Mod index 0 (name Shift) got index 0
[1;32mDEBUG [0m]: xkb: Mod index 1 (name Lock) got index 1
[1;32mDEBUG [0m]: xkb: Mod index 2 (name Control) got index 2
[1;32mDEBUG [0m]: xkb: Mod index 3 (name Mod1) got index 3
[1;32mDEBUG [0m]: xkb: Mod index 4 (name Mod2) got index 4
[1;32mDEBUG [0m]: xkb: Mod index 5 (name Mod3) got index 5
[1;32mDEBUG [0m]: xkb: Mod index 6 (name Mod4) got index 6
[1;32mDEBUG [0m]: xkb: Mod index 7 (name Mod5) got index 7
[1;32mDEBUG [0m]: Updating keymap fd for keyboard hl-virtual-keyboard-wtype
[1;32mDEBUG [0m]: Updated keymap fd to 97, keymap V1 to: 99
[1;32mDEBUG [0m]: Set the keyboard layout to us and variant to  for keyboard "hl-virtual-keyboard-wtype"
[1;32mDEBUG [0m]: New virtual keyboard created at 55dfae688740
[1;32mDEBUG [0m]: Updating keyboard 55dfae688740's translation state from a provided keymap
[1;32mDEBUG [0m]: Updating keymap fd for keyboard hl-virtual-keyboard-wtype
[1;32mDEBUG [0m]: Updated keymap fd to 97, keymap V1 to: 99
[1;32mDEBUG [0m]: [CLinuxDMABUFParamsResource] Creating a dmabuf, with id 90: size [Vector2D: x: 368, y: 1040], fmt AR24, planes 1
[1;32mDEBUG [0m]: [CLinuxDMABUFParamsResource]  | plane 0: mod 72057594037927952 fd 91 stride 1536 offset 0
[1;32mDEBUG [0m]: Keyboard at 55dfae688740 removed
[1;32mDEBUG [0m]: Destroyed keyboard 55dfae688740
[1;32mDEBUG [0m]: [CWLSeatProtocol] New seat resource bound at 55dfae77ce90
[1;32mDEBUG [0m]: [CVirtualKeyboardProtocol] New VKeyboard at id 5
[1;32mDEBUG [0m]: ApplyConfigToKeyboard for "hl-virtual-keyboard-wtype", hasconfig: 0
[1;32mDEBUG [0m]: Attempting to create a keymap for layout us with variant  (rules: , model: , options: )
[1;32mDEBUG [0m]: Updating keyboard 55dfae688740's translation state from a provided keymap
[1;32mDEBUG [0m]: xkb: LED index 0 (name Num Lock) got index 1
[1;32mDEBUG [0m]: xkb: LED index 1 (name Caps Lock) got index 0
[1;32mDEBUG [0m]: xkb: LED index 2 (name Scroll Lock) got index 2
[1;32mDEBUG [0m]: xkb: Mod index 0 (name Shift) got index 0
[1;32mDEBUG [0m]: xkb: Mod index 1 (name Lock) got index 1
[1;32mDEBUG [0m]: xkb: Mod index 2 (name Control) got index 2
[1;32mDEBUG [0m]: xkb: Mod index 3 (name Mod1) got index 3
[1;32mDEBUG [0m]: xkb: Mod index 4 (name Mod2) got index 4
[1;32mDEBUG [0m]: xkb: Mod index 5 (name Mod3) got index 5
[1;32mDEBUG [0m]: xkb: Mod index 6 (name Mod4) got index 6
[1;32mDEBUG [0m]: xkb: Mod index 7 (name Mod5) got index 7
[1;32mDEBUG [0m]: Updating keymap fd for keyboard hl-virtual-keyboard-wtype
[1;32mDEBUG [0m]: Updated keymap fd to 98, keymap V1 to: 101
[1;32mDEBUG [0m]: Set the keyboard layout to us and variant to  for keyboard "hl-virtual-keyboard-wtype"
[1;32mDEBUG [0m]: New virtual keyboard created at 55dfae688740
[1;32mDEBUG [0m]: Updating keyboard 55dfae688740's translation state from a provided keymap
[1;32mDEBUG [0m]: Updating keymap fd for keyboard hl-virtual-keyboard-wtype
[1;32mDEBUG [0m]: Updated keymap fd to 98, keymap V1 to: 101
[1;32mDEBUG [0m]: Keyboard at 55dfae688740 removed
[1;32mDEBUG [0m]: Destroyed keyboard 55dfae688740
[1;32mDEBUG [0m]: [CWLSeatProtocol] New seat resource bound at 55dfaea17150
[1;32mDEBUG [0m]: [CVirtualKeyboardProtocol] New VKeyboard at id 5
[1;32mDEBUG [0m]: ApplyConfigToKeyboard for "hl-virtual-keyboard-wtype", hasconfig: 0
[1;32mDEBUG [0m]: Attempting to create a keymap for layout us with variant  (rules: , model: , options: )
[1;32mDEBUG [0m]: Updating keyboard 55dfae688740's translation state from a provided keymap
[1;32mDEBUG [0m]: xkb: LED index 0 (name Num Lock) got index 1
[1;32mDEBUG [0m]: xkb: LED index 1 (name Caps Lock) got index 0
[1;32mDEBUG [0m]: xkb: LED index 2 (name Scroll Lock) got index 2
[1;32mDEBUG [0m]: xkb: Mod index 0 (name Shift) got index 0
[1;32mDEBUG [0m]: xkb: Mod index 1 (name Lock) got index 1
[1;32mDEBUG [0m]: xkb: Mod index 2 (name Control) got index 2
[1;32mDEBUG [0m]: xkb: Mod index 3 (name Mod1) got index 3
[1;32mDEBUG [0m]: xkb: Mod index 4 (name Mod2) got index 4
[1;32mDEBUG [0m]: xkb: Mod index 5 (name Mod3) got index 5
[1;32mDEBUG [0m]: xkb: Mod index 6 (name Mod4) got index 6
[1;32mDEBUG [0m]: xkb: Mod index 7 (name Mod5) got index 7
[1;32mDEBUG [0m]: Updating keymap fd for keyboard hl-virtual-keyboard-wtype
[1;32mDEBUG [0m]: Updated keymap fd to 99, keymap V1 to: 101
[1;32mDEBUG [0m]: Set the keyboard layout to us and variant to  for keyboard "hl-virtual-keyboard-wtype"
[1;32mDEBUG [0m]: New virtual keyboard created at 55dfae688740
[1;32mDEBUG [0m]: Updating keyboard 55dfae688740's translation state from a provided keymap
[1;32mDEBUG [0m]: Updating keymap fd for keyboard hl-virtual-keyboard-wtype
[1;32mDEBUG [0m]: Updated keymap fd to 99, keymap V1 to: 101
[1;32mDEBUG [0m]: Keyboard at 55dfae688740 removed
[1;32mDEBUG [0m]: Destroyed keyboard 55dfae688740
[1;32mDEBUG [0m]: [CWLSeatProtocol] New seat resource bound at 55dfaedca810
[1;32mDEBUG [0m]: [CVirtualKeyboardProtocol] New VKeyboard at id 5
[1;32mDEBUG [0m]: ApplyConfigToKeyboard for "hl-virtual-keyboard-wtype", hasconfig: 0
[1;32mDEBUG [0m]: Attempting to create a keymap for layout us with variant  (rules: , model: , options: )
[1;32mDEBUG [0m]: Updating keyboard 55dfae688740's translation state from a provided keymap
[1;32mDEBUG [0m]: xkb: LED index 0 (name Num Lock) got index 1
[1;32mDEBUG [0m]: xkb: LED index 1 (name Caps Lock) got index 0
[1;32mDEBUG [0m]: xkb: LED index 2 (name Scroll Lock) got index 2
[1;32mDEBUG [0m]: xkb: Mod index 0 (name Shift) got index 0
[1;32mDEBUG [0m]: xkb: Mod index 1 (name Lock) got index 1
[1;32mDEBUG [0m]: xkb: Mod index 2 (name Control) got index 2
[1;32mDEBUG [0m]: xkb: Mod index 3 (name Mod1) got index 3
[1;32mDEBUG [0m]: xkb: Mod index 4 (name Mod2) got index 4
[1;32mDEBUG [0m]: xkb: Mod index 5 (name Mod3) got index 5
[1;32mDEBUG [0m]: xkb: Mod index 6 (name Mod4) got index 6
[1;32mDEBUG [0m]: xkb: Mod index 7 (name Mod5) got index 7
[1;32mDEBUG [0m]: Updating keymap fd for keyboard hl-virtual-keyboard-wtype
[1;32mDEBUG [0m]: Updated keymap fd to 99, keymap V1 to: 101
[1;32mDEBUG [0m]: Set the keyboard layout to us and variant to  for keyboard "hl-virtual-keyboard-wtype"
[1;32mDEBUG [0m]: New virtual keyboard created at 55dfae688740
[1;32mDEBUG [0m]: Updating keyboard 55dfae688740's translation state from a provided keymap
[1;32mDEBUG [0m]: Updating keymap fd for keyboard hl-virtual-keyboard-wtype
[1;32mDEBUG [0m]: Updated keymap fd to 99, keymap V1 to: 101
[1;32mDEBUG [0m]: [CWLCompositorResource] New wl_region with id 85 at 55dfae9b00f0
[1;32mDEBUG [0m]: [CWLCompositorResource] New wl_region with id 85 at 55dfae84b240
[1;32mDEBUG [0m]: [CLinuxDMABUFParamsResource] Creating a dmabuf, with id 78: size [Vector2D: x: 368, y: 1066], fmt AR24, planes 1
[1;32mDEBUG [0m]: [CLinuxDMABUFParamsResource]  | plane 0: mod 72057594037927952 fd 89 stride 1536 offset 0
[1;32mDEBUG [0m]: [CLinuxDMABUFParamsResource] Creating a dmabuf, with id 96: size [Vector2D: x: 368, y: 1066], fmt AR24, planes 1
[1;32mDEBUG [0m]: [CLinuxDMABUFParamsResource]  | plane 0: mod 72057594037927952 fd 95 stride 1536 offset 0
[1;32mDEBUG [0m]: Keyboard at 55dfae688740 removed
[1;32mDEBUG [0m]: Destroyed keyboard 55dfae688740
[1;32mDEBUG [0m]: [CLinuxDMABUFParamsResource] Creating a dmabuf, with id 77: size [Vector2D: x: 368, y: 1040], fmt AR24, planes 1
[1;32mDEBUG [0m]: [CLinuxDMABUFParamsResource]  | plane 0: mod 72057594037927952 fd 84 stride 1536 offset 0
[1;32mDEBUG [0m]: [CWLSeatProtocol] New seat resource bound at 55dfaee71680
[1;32mDEBUG [0m]: [CVirtualKeyboardProtocol] New VKeyboard at id 5
[1;32mDEBUG [0m]: ApplyConfigToKeyboard for "hl-virtual-keyboard-wtype", hasconfig: 0
[1;32mDEBUG [0m]: Attempting to create a keymap for layout us with variant  (rules: , model: , options: )
[1;32mDEBUG [0m]: Updating keyboard 55dfae688740's translation state from a provided keymap
[1;32mDEBUG [0m]: xkb: LED index 0 (name Num Lock) got index 1
[1;32mDEBUG [0m]: xkb: LED index 1 (name Caps Lock) got index 0
[1;32mDEBUG [0m]: xkb: LED index 2 (name Scroll Lock) got index 2
[1;32mDEBUG [0m]: xkb: Mod index 0 (name Shift) got index 0
[1;32mDEBUG [0m]: xkb: Mod index 1 (name Lock) got index 1
[1;32mDEBUG [0m]: xkb: Mod index 2 (name Control) got index 2
[1;32mDEBUG [0m]: xkb: Mod index 3 (name Mod1) got index 3
[1;32mDEBUG [0m]: xkb: Mod index 4 (name Mod2) got index 4
[1;32mDEBUG [0m]: xkb: Mod index 5 (name Mod3) got index 5
[1;32mDEBUG [0m]: xkb: Mod index 6 (name Mod4) got index 6
[1;32mDEBUG [0m]: xkb: Mod index 7 (name Mod5) got index 7
[1;32mDEBUG [0m]: Updating keymap fd for keyboard hl-virtual-keyboard-wtype
[1;32mDEBUG [0m]: Updated keymap fd to 97, keymap V1 to: 99
[1;32mDEBUG [0m]: Set the keyboard layout to us and variant to  for keyboard "hl-virtual-keyboard-wtype"
[1;32mDEBUG [0m]: New virtual keyboard created at 55dfae688740
[1;32mDEBUG [0m]: Updating keyboard 55dfae688740's translation state from a provided keymap
[1;32mDEBUG [0m]: Updating keymap fd for keyboard hl-virtual-keyboard-wtype
[1;32mDEBUG [0m]: Updated keymap fd to 97, keymap V1 to: 99
[1;32mDEBUG [0m]: [CLinuxDMABUFParamsResource] Creating a dmabuf, with id 88: size [Vector2D: x: 368, y: 1040], fmt AR24, planes 1
[1;32mDEBUG [0m]: [CLinuxDMABUFParamsResource]  | plane 0: mod 72057594037927952 fd 91 stride 1536 offset 0
[1;32mDEBUG [0m]: Keyboard at 55dfae688740 removed
[1;32mDEBUG [0m]: Destroyed keyboard 55dfae688740
[1;32mDEBUG [0m]: [CWLSeatProtocol] New seat resource bound at 55dfaee33fa0
[1;32mDEBUG [0m]: [CVirtualKeyboardProtocol] New VKeyboard at id 5
[1;32mDEBUG [0m]: ApplyConfigToKeyboard for "hl-virtual-keyboard-wtype", hasconfig: 0
[1;32mDEBUG [0m]: Attempting to create a keymap for layout us with variant  (rules: , model: , options: )
[1;32mDEBUG [0m]: Updating keyboard 55dfae688740's translation state from a provided keymap
[1;32mDEBUG [0m]: xkb: LED index 0 (name Num Lock) got index 1
[1;32mDEBUG [0m]: xkb: LED index 1 (name Caps Lock) got index 0
[1;32mDEBUG [0m]: xkb: LED index 2 (name Scroll Lock) got index 2
[1;32mDEBUG [0m]: xkb: Mod index 0 (name Shift) got index 0
[1;32mDEBUG [0m]: xkb: Mod index 1 (name Lock) got index 1
[1;32mDEBUG [0m]: xkb: Mod index 2 (name Control) got index 2
[1;32mDEBUG [0m]: xkb: Mod index 3 (name Mod1) got index 3
[1;32mDEBUG [0m]: xkb: Mod index 4 (name Mod2) got index 4
[1;32mDEBUG [0m]: xkb: Mod index 5 (name Mod3) got index 5
[1;32mDEBUG [0m]: xkb: Mod index 6 (name Mod4) got index 6
[1;32mDEBUG [0m]: xkb: Mod index 7 (name Mod5) got index 7
[1;32mDEBUG [0m]: Updating keymap fd for keyboard hl-virtual-keyboard-wtype
[1;32mDEBUG [0m]: Updated keymap fd to 98, keymap V1 to: 101
[1;32mDEBUG [0m]: Set the keyboard layout to us and variant to  for keyboard "hl-virtual-keyboard-wtype"
[1;32mDEBUG [0m]: New virtual keyboard created at 55dfae688740
[1;32mDEBUG [0m]: Updating keyboard 55dfae688740's translation state from a provided keymap
[1;32mDEBUG [0m]: Updating keymap fd for keyboard hl-virtual-keyboard-wtype
[1;32mDEBUG [0m]: Updated keymap fd to 98, keymap V1 to: 101
[1;32mDEBUG [0m]: Keyboard at 55dfae688740 removed
[1;32mDEBUG [0m]: Destroyed keyboard 55dfae688740
[1;32mDEBUG [0m]: [CWLSeatProtocol] New seat resource bound at 55dfaebe8980
[1;32mDEBUG [0m]: [CVirtualKeyboardProtocol] New VKeyboard at id 5
[1;32mDEBUG [0m]: ApplyConfigToKeyboard for "hl-virtual-keyboard-wtype", hasconfig: 0
[1;32mDEBUG [0m]: Attempting to create a keymap for layout us with variant  (rules: , model: , options: )
[1;32mDEBUG [0m]: Updating keyboard 55dfae688740's translation state from a provided keymap
[1;32mDEBUG [0m]: xkb: LED index 0 (name Num Lock) got index 1
[1;32mDEBUG [0m]: xkb: LED index 1 (name Caps Lock) got index 0
[1;32mDEBUG [0m]: xkb: LED index 2 (name Scroll Lock) got index 2
[1;32mDEBUG [0m]: xkb: Mod index 0 (name Shift) got index 0
[1;32mDEBUG [0m]: xkb: Mod index 1 (name Lock) got index 1
[1;32mDEBUG [0m]: xkb: Mod index 2 (name Control) got index 2
[1;32mDEBUG [0m]: xkb: Mod index 3 (name Mod1) got index 3
[1;32mDEBUG [0m]: xkb: Mod index 4 (name Mod2) got index 4
[1;32mDEBUG [0m]: xkb: Mod index 5 (name Mod3) got index 5
[1;32mDEBUG [0m]: xkb: Mod index 6 (name Mod4) got index 6
[1;32mDEBUG [0m]: xkb: Mod index 7 (name Mod5) got index 7
[1;32mDEBUG [0m]: Updating keymap fd for keyboard hl-virtual-keyboard-wtype
[1;32mDEBUG [0m]: Updated keymap fd to 99, keymap V1 to: 101
[1;32mDEBUG [0m]: Set the keyboard layout to us and variant to  for keyboard "hl-virtual-keyboard-wtype"
[1;32mDEBUG [0m]: New virtual keyboard created at 55dfae688740
[1;32mDEBUG [0m]: Updating keyboard 55dfae688740's translation state from a provided keymap
[1;32mDEBUG [0m]: Updating keymap fd for keyboard hl-virtual-keyboard-wtype
[1;32mDEBUG [0m]: Updated keymap fd to 99, keymap V1 to: 101
[1;32mDEBUG [0m]: Keyboard at 55dfae688740 removed
[1;32mDEBUG [0m]: Destroyed keyboard 55dfae688740
[1;32mDEBUG [0m]: [CWLSeatProtocol] New seat resource bound at 55dfaee33ef0
[1;32mDEBUG [0m]: [CVirtualKeyboardProtocol] New VKeyboard at id 5
[1;32mDEBUG [0m]: ApplyConfigToKeyboard for "hl-virtual-keyboard-wtype", hasconfig: 0
[1;32mDEBUG [0m]: Attempting to create a keymap for layout us with variant  (rules: , model: , options: )
[1;32mDEBUG [0m]: Updating keyboard 55dfae688740's translation state from a provided keymap
[1;32mDEBUG [0m]: xkb: LED index 0 (name Num Lock) got index 1
[1;32mDEBUG [0m]: xkb: LED index 1 (name Caps Lock) got index 0
[1;32mDEBUG [0m]: xkb: LED index 2 (name Scroll Lock) got index 2
[1;32mDEBUG [0m]: xkb: Mod index 0 (name Shift) got index 0
[1;32mDEBUG [0m]: xkb: Mod index 1 (name Lock) got index 1
[1;32mDEBUG [0m]: xkb: Mod index 2 (name Control) got index 2
[1;32mDEBUG [0m]: xkb: Mod index 3 (name Mod1) got index 3
[1;32mDEBUG [0m]: xkb: Mod index 4 (name Mod2) got index 4
[1;32mDEBUG [0m]: xkb: Mod index 5 (name Mod3) got index 5
[1;32mDEBUG [0m]: xkb: Mod index 6 (name Mod4) got index 6
[1;32mDEBUG [0m]: xkb: Mod index 7 (name Mod5) got index 7
[1;32mDEBUG [0m]: Updating keymap fd for keyboard hl-virtual-keyboard-wtype
[1;32mDEBUG [0m]: Updated keymap fd to 99, keymap V1 to: 101
[1;32mDEBUG [0m]: Set the keyboard layout to us and variant to  for keyboard "hl-virtual-keyboard-wtype"
[1;32mDEBUG [0m]: New virtual keyboard created at 55dfae688740
[1;32mDEBUG [0m]: Updating keyboard 55dfae688740's translation state from a provided keymap
[1;32mDEBUG [0m]: Updating keymap fd for keyboard hl-virtual-keyboard-wtype
[1;32mDEBUG [0m]: Updated keymap fd to 99, keymap V1 to: 101
[1;32mDEBUG [0m]: Keyboard at 55dfae688740 removed
[1;32mDEBUG [0m]: Destroyed keyboard 55dfae688740
[1;32mDEBUG [0m]: [CWLSeatProtocol] New seat resource bound at 55dfaec627a0
[1;32mDEBUG [0m]: [CVirtualKeyboardProtocol] New VKeyboard at id 5
[1;32mDEBUG [0m]: ApplyConfigToKeyboard for "hl-virtual-keyboard-wtype", hasconfig: 0
[1;32mDEBUG [0m]: Attempting to create a keymap for layout us with variant  (rules: , model: , options: )
[1;32mDEBUG [0m]: Updating keyboard 55dfae688740's translation state from a provided keymap
[1;32mDEBUG [0m]: xkb: LED index 0 (name Num Lock) got index 1
[1;32mDEBUG [0m]: xkb: LED index 1 (name Caps Lock) got index 0
[1;32mDEBUG [0m]: xkb: LED index 2 (name Scroll Lock) got index 2
[1;32mDEBUG [0m]: xkb: Mod index 0 (name Shift) got index 0
[1;32mDEBUG [0m]: xkb: Mod index 1 (name Lock) got index 1
[1;32mDEBUG [0m]: xkb: Mod index 2 (name Control) got index 2
[1;32mDEBUG [0m]: xkb: Mod index 3 (name Mod1) got index 3
[1;32mDEBUG [0m]: xkb: Mod index 4 (name Mod2) got index 4
[1;32mDEBUG [0m]: xkb: Mod index 5 (name Mod3) got index 5
[1;32mDEBUG [0m]: xkb: Mod index 6 (name Mod4) got index 6
[1;32mDEBUG [0m]: xkb: Mod index 7 (name Mod5) got index 7
[1;32mDEBUG [0m]: Updating keymap fd for keyboard hl-virtual-keyboard-wtype
[1;32mDEBUG [0m]: Updated keymap fd to 99, keymap V1 to: 101
[1;32mDEBUG [0m]: Set the keyboard layout to us and variant to  for keyboard "hl-virtual-keyboard-wtype"
[1;32mDEBUG [0m]: New virtual keyboard created at 55dfae688740
[1;32mDEBUG [0m]: Updating keyboard 55dfae688740's translation state from a provided keymap
[1;32mDEBUG [0m]: Updating keymap fd for keyboard hl-virtual-keyboard-wtype
[1;32mDEBUG [0m]: Updated keymap fd to 99, keymap V1 to: 101
[1;32mDEBUG [0m]: Keyboard at 55dfae688740 removed
[1;32mDEBUG [0m]: Destroyed keyboard 55dfae688740
[1;32mDEBUG [0m]: [CWLSeatProtocol] New seat resource bound at 55dfaf06ea20
[1;32mDEBUG [0m]: [CVirtualKeyboardProtocol] New VKeyboard at id 5
[1;32mDEBUG [0m]: ApplyConfigToKeyboard for "hl-virtual-keyboard-wtype", hasconfig: 0
[1;32mDEBUG [0m]: Attempting to create a keymap for layout us with variant  (rules: , model: , options: )
[1;32mDEBUG [0m]: Updating keyboard 55dfae688740's translation state from a provided keymap
[1;32mDEBUG [0m]: xkb: LED index 0 (name Num Lock) got index 1
[1;32mDEBUG [0m]: xkb: LED index 1 (name Caps Lock) got index 0
[1;32mDEBUG [0m]: xkb: LED index 2 (name Scroll Lock) got index 2
[1;32mDEBUG [0m]: xkb: Mod index 0 (name Shift) got index 0
[1;32mDEBUG [0m]: xkb: Mod index 1 (name Lock) got index 1
[1;32mDEBUG [0m]: xkb: Mod index 2 (name Control) got index 2
[1;32mDEBUG [0m]: xkb: Mod index 3 (name Mod1) got index 3
[1;32mDEBUG [0m]: xkb: Mod index 4 (name Mod2) got index 4
[1;32mDEBUG [0m]: xkb: Mod index 5 (name Mod3) got index 5
[1;32mDEBUG [0m]: xkb: Mod index 6 (name Mod4) got index 6
[1;32mDEBUG [0m]: xkb: Mod index 7 (name Mod5) got index 7
[1;32mDEBUG [0m]: Updating keymap fd for keyboard hl-virtual-keyboard-wtype
[1;32mDEBUG [0m]: Updated keymap fd to 99, keymap V1 to: 101
[1;32mDEBUG [0m]: Set the keyboard layout to us and variant to  for keyboard "hl-virtual-keyboard-wtype"
[1;32mDEBUG [0m]: New virtual keyboard created at 55dfae688740
[1;32mDEBUG [0m]: Updating keyboard 55dfae688740's translation state from a provided keymap
[1;32mDEBUG [0m]: Updating keymap fd for keyboard hl-virtual-keyboard-wtype
[1;32mDEBUG [0m]: Updated keymap fd to 99, keymap V1 to: 101
[1;32mDEBUG [0m]: [CWLCompositorResource] New wl_region with id 80 at 55dfaed084e0
[1;32mDEBUG [0m]: [CLinuxDMABUFParamsResource] Creating a dmabuf, with id 80: size [Vector2D: x: 368, y: 1072], fmt AR24, planes 1
[1;32mDEBUG [0m]: [CLinuxDMABUFParamsResource]  | plane 0: mod 72057594037927952 fd 90 stride 1536 offset 0
[1;32mDEBUG [0m]: Keyboard at 55dfae688740 removed
[1;32mDEBUG [0m]: Destroyed keyboard 55dfae688740
[1;32mDEBUG [0m]: [CWLSeatProtocol] New seat resource bound at 55dfae6a36a0
[1;32mDEBUG [0m]: [CVirtualKeyboardProtocol] New VKeyboard at id 5
[1;32mDEBUG [0m]: ApplyConfigToKeyboard for "hl-virtual-keyboard-wtype", hasconfig: 0
[1;32mDEBUG [0m]: Attempting to create a keymap for layout us with variant  (rules: , model: , options: )
[1;32mDEBUG [0m]: Updating keyboard 55dfae688740's translation state from a provided keymap
[1;32mDEBUG [0m]: xkb: LED index 0 (name Num Lock) got index 1
[1;32mDEBUG [0m]: xkb: LED index 1 (name Caps Lock) got index 0
[1;32mDEBUG [0m]: xkb: LED index 2 (name Scroll Lock) got index 2
[1;32mDEBUG [0m]: xkb: Mod index 0 (name Shift) got index 0
[1;32mDEBUG [0m]: xkb: Mod index 1 (name Lock) got index 1
[1;32mDEBUG [0m]: xkb: Mod index 2 (name Control) got index 2
[1;32mDEBUG [0m]: xkb: Mod index 3 (name Mod1) got index 3
[1;32mDEBUG [0m]: xkb: Mod index 4 (name Mod2) got index 4
[1;32mDEBUG [0m]: xkb: Mod index 5 (name Mod3) got index 5
[1;32mDEBUG [0m]: xkb: Mod index 6 (name Mod4) got index 6
[1;32mDEBUG [0m]: xkb: Mod index 7 (name Mod5) got index 7
[1;32mDEBUG [0m]: Updating keymap fd for keyboard hl-virtual-keyboard-wtype
[1;32mDEBUG [0m]: Updated keymap fd to 99, keymap V1 to: 101
[1;32mDEBUG [0m]: Set the keyboard layout to us and variant to  for keyboard "hl-virtual-keyboard-wtype"
[1;32mDEBUG [0m]: New virtual keyboard created at 55dfae688740
[1;32mDEBUG [0m]: Updating keyboard 55dfae688740's translation state from a provided keymap
[1;32mDEBUG [0m]: Updating keymap fd for keyboard hl-virtual-keyboard-wtype
[1;32mDEBUG [0m]: Updated keymap fd to 99, keymap V1 to: 101
[1;32mDEBUG [0m]: [CLinuxDMABUFParamsResource] Creating a dmabuf, with id 96: size [Vector2D: x: 368, y: 1072], fmt AR24, planes 1
[1;32mDEBUG [0m]: [CLinuxDMABUFParamsResource]  | plane 0: mod 72057594037927952 fd 95 stride 1536 offset 0
[1;32mDEBUG [0m]: Keyboard at 55dfae688740 removed
[1;32mDEBUG [0m]: Destroyed keyboard 55dfae688740
[1;32mDEBUG [0m]: [CWLSeatProtocol] New seat resource bound at 55dfaf08d060
[1;32mDEBUG [0m]: [CVirtualKeyboardProtocol] New VKeyboard at id 5
[1;32mDEBUG [0m]: ApplyConfigToKeyboard for "hl-virtual-keyboard-wtype", hasconfig: 0
[1;32mDEBUG [0m]: Attempting to create a keymap for layout us with variant  (rules: , model: , options: )
[1;32mDEBUG [0m]: Updating keyboard 55dfae688740's translation state from a provided keymap
[1;32mDEBUG [0m]: xkb: LED index 0 (name Num Lock) got index 1
[1;32mDEBUG [0m]: xkb: LED index 1 (name Caps Lock) got index 0
[1;32mDEBUG [0m]: xkb: LED index 2 (name Scroll Lock) got index 2
[1;32mDEBUG [0m]: xkb: Mod index 0 (name Shift) got index 0
[1;32mDEBUG [0m]: xkb: Mod index 1 (name Lock) got index 1
[1;32mDEBUG [0m]: xkb: Mod index 2 (name Control) got index 2
[1;32mDEBUG [0m]: xkb: Mod index 3 (name Mod1) got index 3
[1;32mDEBUG [0m]: xkb: Mod index 4 (name Mod2) got index 4
[1;32mDEBUG [0m]: xkb: Mod index 5 (name Mod3) got index 5
[1;32mDEBUG [0m]: xkb: Mod index 6 (name Mod4) got index 6
[1;32mDEBUG [0m]: xkb: Mod index 7 (name Mod5) got index 7
[1;32mDEBUG [0m]: Updating keymap fd for keyboard hl-virtual-keyboard-wtype
[1;32mDEBUG [0m]: Updated keymap fd to 99, keymap V1 to: 101
[1;32mDEBUG [0m]: Set the keyboard layout to us and variant to  for keyboard "hl-virtual-keyboard-wtype"
[1;32mDEBUG [0m]: New virtual keyboard created at 55dfae688740
[1;32mDEBUG [0m]: Updating keyboard 55dfae688740's translation state from a provided keymap
[1;32mDEBUG [0m]: Updating keymap fd for keyboard hl-virtual-keyboard-wtype
[1;32mDEBUG [0m]: Updated keymap fd to 99, keymap V1 to: 101
[1;32mDEBUG [0m]: Keyboard at 55dfae688740 removed
[1;32mDEBUG [0m]: Destroyed keyboard 55dfae688740
[1;32mDEBUG [0m]: [CWLSeatProtocol] New seat resource bound at 55dfaec16c60
[1;32mDEBUG [0m]: [CVirtualKeyboardProtocol] New VKeyboard at id 5
[1;32mDEBUG [0m]: ApplyConfigToKeyboard for "hl-virtual-keyboard-wtype", hasconfig: 0
[1;32mDEBUG [0m]: Attempting to create a keymap for layout us with variant  (rules: , model: , options: )
[1;32mDEBUG [0m]: Updating keyboard 55dfae688740's translation state from a provided keymap
[1;32mDEBUG [0m]: xkb: LED index 0 (name Num Lock) got index 1
[1;32mDEBUG [0m]: xkb: LED index 1 (name Caps Lock) got index 0
[1;32mDEBUG [0m]: xkb: LED index 2 (name Scroll Lock) got index 2
[1;32mDEBUG [0m]: xkb: Mod index 0 (name Shift) got index 0
[1;32mDEBUG [0m]: xkb: Mod index 1 (name Lock) got index 1
[1;32mDEBUG [0m]: xkb: Mod index 2 (name Control) got index 2
[1;32mDEBUG [0m]: xkb: Mod index 3 (name Mod1) got index 3
[1;32mDEBUG [0m]: xkb: Mod index 4 (name Mod2) got index 4
[1;32mDEBUG [0m]: xkb: Mod index 5 (name Mod3) got index 5
[1;32mDEBUG [0m]: xkb: Mod index 6 (name Mod4) got index 6
[1;32mDEBUG [0m]: xkb: Mod index 7 (name Mod5) got index 7
[1;32mDEBUG [0m]: Updating keymap fd for keyboard hl-virtual-keyboard-wtype
[1;32mDEBUG [0m]: Updated keymap fd to 99, keymap V1 to: 101
[1;32mDEBUG [0m]: Set the keyboard layout to us and variant to  for keyboard "hl-virtual-keyboard-wtype"
[1;32mDEBUG [0m]: New virtual keyboard created at 55dfae688740
[1;32mDEBUG [0m]: Updating keyboard 55dfae688740's translation state from a provided keymap
[1;32mDEBUG [0m]: Updating keymap fd for keyboard hl-virtual-keyboard-wtype
[1;32mDEBUG [0m]: Updated keymap fd to 99, keymap V1 to: 101
[1;32mDEBUG [0m]: Keyboard at 55dfae688740 removed
[1;32mDEBUG [0m]: Destroyed keyboard 55dfae688740
[1;32mDEBUG [0m]: [CWLSeatProtocol] New seat resource bound at 55dfaed08fa0
[1;32mDEBUG [0m]: [CVirtualKeyboardProtocol] New VKeyboard at id 5
[1;32mDEBUG [0m]: ApplyConfigToKeyboard for "hl-virtual-keyboard-wtype", hasconfig: 0
[1;32mDEBUG [0m]: Attempting to create a keymap for layout us with variant  (rules: , model: , options: )
[1;32mDEBUG [0m]: Updating keyboard 55dfae688740's translation state from a provided keymap
[1;32mDEBUG [0m]: xkb: LED index 0 (name Num Lock) got index 1
[1;32mDEBUG [0m]: xkb: LED index 1 (name Caps Lock) got index 0
[1;32mDEBUG [0m]: xkb: LED index 2 (name Scroll Lock) got index 2
[1;32mDEBUG [0m]: xkb: Mod index 0 (name Shift) got index 0
[1;32mDEBUG [0m]: xkb: Mod index 1 (name Lock) got index 1
[1;32mDEBUG [0m]: xkb: Mod index 2 (name Control) got index 2
[1;32mDEBUG [0m]: xkb: Mod index 3 (name Mod1) got index 3
[1;32mDEBUG [0m]: xkb: Mod index 4 (name Mod2) got index 4
[1;32mDEBUG [0m]: xkb: Mod index 5 (name Mod3) got index 5
[1;32mDEBUG [0m]: xkb: Mod index 6 (name Mod4) got index 6
[1;32mDEBUG [0m]: xkb: Mod index 7 (name Mod5) got index 7
[1;32mDEBUG [0m]: Updating keymap fd for keyboard hl-virtual-keyboard-wtype
[1;32mDEBUG [0m]: Updated keymap fd to 99, keymap V1 to: 101
[1;32mDEBUG [0m]: Set the keyboard layout to us and variant to  for keyboard "hl-virtual-keyboard-wtype"
[1;32mDEBUG [0m]: New virtual keyboard created at 55dfae688740
[1;32mDEBUG [0m]: Updating keyboard 55dfae688740's translation state from a provided keymap
[1;32mDEBUG [0m]: Updating keymap fd for keyboard hl-virtual-keyboard-wtype
[1;32mDEBUG [0m]: Updated keymap fd to 99, keymap V1 to: 101
[1;32mDEBUG [0m]: Keyboard at 55dfae688740 removed
[1;32mDEBUG [0m]: Destroyed keyboard 55dfae688740
[1;32mDEBUG [0m]: [CWLSeatProtocol] New seat resource bound at 55dfad650f10
[1;32mDEBUG [0m]: [CVirtualKeyboardProtocol] New VKeyboard at id 5
[1;32mDEBUG [0m]: ApplyConfigToKeyboard for "hl-virtual-keyboard-wtype", hasconfig: 0
[1;32mDEBUG [0m]: Attempting to create a keymap for layout us with variant  (rules: , model: , options: )
[1;32mDEBUG [0m]: Updating keyboard 55dfae688740's translation state from a provided keymap
[1;32mDEBUG [0m]: xkb: LED index 0 (name Num Lock) got index 1
[1;32mDEBUG [0m]: xkb: LED index 1 (name Caps Lock) got index 0
[1;32mDEBUG [0m]: xkb: LED index 2 (name Scroll Lock) got index 2
[1;32mDEBUG [0m]: xkb: Mod index 0 (name Shift) got index 0
[1;32mDEBUG [0m]: xkb: Mod index 1 (name Lock) got index 1
[1;32mDEBUG [0m]: xkb: Mod index 2 (name Control) got index 2
[1;32mDEBUG [0m]: xkb: Mod index 3 (name Mod1) got index 3
[1;32mDEBUG [0m]: xkb: Mod index 4 (name Mod2) got index 4
[1;32mDEBUG [0m]: xkb: Mod index 5 (name Mod3) got index 5
[1;32mDEBUG [0m]: xkb: Mod index 6 (name Mod4) got index 6
[1;32mDEBUG [0m]: xkb: Mod index 7 (name Mod5) got index 7
[1;32mDEBUG [0m]: Updating keymap fd for keyboard hl-virtual-keyboard-wtype
[1;32mDEBUG [0m]: Updated keymap fd to 99, keymap V1 to: 101
[1;32mDEBUG [0m]: Set the keyboard layout to us and variant to  for keyboard "hl-virtual-keyboard-wtype"
[1;32mDEBUG [0m]: New virtual keyboard created at 55dfae688740
[1;32mDEBUG [0m]: Updating keyboard 55dfae688740's translation state from a provided keymap
[1;32mDEBUG [0m]: Updating keymap fd for keyboard hl-virtual-keyboard-wtype
[1;32mDEBUG [0m]: Updated keymap fd to 99, keymap V1 to: 101
[1;32mDEBUG [0m]: Keyboard at 55dfae688740 removed
[1;32mDEBUG [0m]: Destroyed keyboard 55dfae688740
[1;32mDEBUG [0m]: [CWLSeatProtocol] New seat resource bound at 55dfae69e5e0
[1;32mDEBUG [0m]: [CVirtualKeyboardProtocol] New VKeyboard at id 5
[1;32mDEBUG [0m]: ApplyConfigToKeyboard for "hl-virtual-keyboard-wtype", hasconfig: 0
[1;32mDEBUG [0m]: Attempting to create a keymap for layout us with variant  (rules: , model: , options: )
[1;32mDEBUG [0m]: Updating keyboard 55dfae688740's translation state from a provided keymap
[1;32mDEBUG [0m]: xkb: LED index 0 (name Num Lock) got index 1
[1;32mDEBUG [0m]: xkb: LED index 1 (name Caps Lock) got index 0
[1;32mDEBUG [0m]: xkb: LED index 2 (name Scroll Lock) got index 2
[1;32mDEBUG [0m]: xkb: Mod index 0 (name Shift) got index 0
[1;32mDEBUG [0m]: xkb: Mod index 1 (name Lock) got index 1
[1;32mDEBUG [0m]: xkb: Mod index 2 (name Control) got index 2
[1;32mDEBUG [0m]: xkb: Mod index 3 (name Mod1) got index 3
[1;32mDEBUG [0m]: xkb: Mod index 4 (name Mod2) got index 4
[1;32mDEBUG [0m]: xkb: Mod index 5 (name Mod3) got index 5
[1;32mDEBUG [0m]: xkb: Mod index 6 (name Mod4) got index 6
[1;32mDEBUG [0m]: xkb: Mod index 7 (name Mod5) got index 7
[1;32mDEBUG [0m]: Updating keymap fd for keyboard hl-virtual-keyboard-wtype
[1;32mDEBUG [0m]: Updated keymap fd to 99, keymap V1 to: 101
[1;32mDEBUG [0m]: Set the keyboard layout to us and variant to  for keyboard "hl-virtual-keyboard-wtype"
[1;32mDEBUG [0m]: New virtual keyboard created at 55dfae688740
[1;32mDEBUG [0m]: Updating keyboard 55dfae688740's translation state from a provided keymap
[1;32mDEBUG [0m]: Updating keymap fd for keyboard hl-virtual-keyboard-wtype
[1;32mDEBUG [0m]: Updated keymap fd to 99, keymap V1 to: 101
[1;32mDEBUG [0m]: Keyboard at 55dfae688740 removed
[1;32mDEBUG [0m]: Destroyed keyboard 55dfae688740
[1;32mDEBUG [0m]: [CWLSeatProtocol] New seat resource bound at 55dfaec16d10
[1;32mDEBUG [0m]: [CVirtualKeyboardProtocol] New VKeyboard at id 5
[1;32mDEBUG [0m]: ApplyConfigToKeyboard for "hl-virtual-keyboard-wtype", hasconfig: 0
[1;32mDEBUG [0m]: Attempting to create a keymap for layout us with variant  (rules: , model: , options: )
[1;32mDEBUG [0m]: Updating keyboard 55dfae688740's translation state from a provided keymap
[1;32mDEBUG [0m]: xkb: LED index 0 (name Num Lock) got index 1
[1;32mDEBUG [0m]: xkb: LED index 1 (name Caps Lock) got index 0
[1;32mDEBUG [0m]: xkb: LED index 2 (name Scroll Lock) got index 2
[1;32mDEBUG [0m]: xkb: Mod index 0 (name Shift) got index 0
[1;32mDEBUG [0m]: xkb: Mod index 1 (name Lock) got index 1
[1;32mDEBUG [0m]: xkb: Mod index 2 (name Control) got index 2
[1;32mDEBUG [0m]: xkb: Mod index 3 (name Mod1) got index 3
[1;32mDEBUG [0m]: xkb: Mod index 4 (name Mod2) got index 4
[1;32mDEBUG [0m]: xkb: Mod index 5 (name Mod3) got index 5
[1;32mDEBUG [0m]: xkb: Mod index 6 (name Mod4) got index 6
[1;32mDEBUG [0m]: xkb: Mod index 7 (name Mod5) got index 7
[1;32mDEBUG [0m]: Updating keymap fd for keyboard hl-virtual-keyboard-wtype
[1;32mDEBUG [0m]: Updated keymap fd to 99, keymap V1 to: 101
[1;32mDEBUG [0m]: Set the keyboard layout to us and variant to  for keyboard "hl-virtual-keyboard-wtype"
[1;32mDEBUG [0m]: New virtual keyboard created at 55dfae688740
[1;32mDEBUG [0m]: Updating keyboard 55dfae688740's translation state from a provided keymap
[1;32mDEBUG [0m]: Updating keymap fd for keyboard hl-virtual-keyboard-wtype
[1;32mDEBUG [0m]: Updated keymap fd to 99, keymap V1 to: 101
[1;32mDEBUG [0m]: [CWLCompositorResource] New wl_region with id 90 at 55dfaf051660
[1;32mDEBUG [0m]: [CLinuxDMABUFParamsResource] Creating a dmabuf, with id 90: size [Vector2D: x: 368, y: 1058], fmt AR24, planes 1
[1;32mDEBUG [0m]: [CLinuxDMABUFParamsResource]  | plane 0: mod 72057594037927952 fd 89 stride 1536 offset 0
[1;32mDEBUG [0m]: Keyboard at 55dfae688740 removed
[1;32mDEBUG [0m]: Destroyed keyboard 55dfae688740
[1;32mDEBUG [0m]: [CWLSeatProtocol] New seat resource bound at 55dfaea18140
[1;32mDEBUG [0m]: [CVirtualKeyboardProtocol] New VKeyboard at id 5
[1;32mDEBUG [0m]: ApplyConfigToKeyboard for "hl-virtual-keyboard-wtype", hasconfig: 0
[1;32mDEBUG [0m]: Attempting to create a keymap for layout us with variant  (rules: , model: , options: )
[1;32mDEBUG [0m]: Updating keyboard 55dfae688740's translation state from a provided keymap
[1;32mDEBUG [0m]: xkb: LED index 0 (name Num Lock) got index 1
[1;32mDEBUG [0m]: xkb: LED index 1 (name Caps Lock) got index 0
[1;32mDEBUG [0m]: xkb: LED index 2 (name Scroll Lock) got index 2
[1;32mDEBUG [0m]: xkb: Mod index 0 (name Shift) got index 0
[1;32mDEBUG [0m]: xkb: Mod index 1 (name Lock) got index 1
[1;32mDEBUG [0m]: xkb: Mod index 2 (name Control) got index 2
[1;32mDEBUG [0m]: xkb: Mod index 3 (name Mod1) got index 3
[1;32mDEBUG [0m]: xkb: Mod index 4 (name Mod2) got index 4
[1;32mDEBUG [0m]: xkb: Mod index 5 (name Mod3) got index 5
[1;32mDEBUG [0m]: xkb: Mod index 6 (name Mod4) got index 6
[1;32mDEBUG [0m]: xkb: Mod index 7 (name Mod5) got index 7
[1;32mDEBUG [0m]: Updating keymap fd for keyboard hl-virtual-keyboard-wtype
[1;32mDEBUG [0m]: Updated keymap fd to 99, keymap V1 to: 101
[1;32mDEBUG [0m]: Set the keyboard layout to us and variant to  for keyboard "hl-virtual-keyboard-wtype"
[1;32mDEBUG [0m]: New virtual keyboard created at 55dfae688740
[1;32mDEBUG [0m]: Updating keyboard 55dfae688740's translation state from a provided keymap
[1;32mDEBUG [0m]: Updating keymap fd for keyboard hl-virtual-keyboard-wtype
[1;32mDEBUG [0m]: Updated keymap fd to 99, keymap V1 to: 101
[1;32mDEBUG [0m]: [CLinuxDMABUFParamsResource] Creating a dmabuf, with id 88: size [Vector2D: x: 368, y: 1058], fmt AR24, planes 1
[1;32mDEBUG [0m]: [CLinuxDMABUFParamsResource]  | plane 0: mod 72057594037927952 fd 88 stride 1536 offset 0
[1;32mDEBUG [0m]: Keyboard at 55dfae688740 removed
[1;32mDEBUG [0m]: Destroyed keyboard 55dfae688740
[1;32mDEBUG [0m]: [CWLSeatProtocol] New seat resource bound at 55dfaeb96ec0
[1;32mDEBUG [0m]: [CVirtualKeyboardProtocol] New VKeyboard at id 5
[1;32mDEBUG [0m]: ApplyConfigToKeyboard for "hl-virtual-keyboard-wtype", hasconfig: 0
[1;32mDEBUG [0m]: Attempting to create a keymap for layout us with variant  (rules: , model: , options: )
[1;32mDEBUG [0m]: Updating keyboard 55dfae688740's translation state from a provided keymap
[1;32mDEBUG [0m]: xkb: LED index 0 (name Num Lock) got index 1
[1;32mDEBUG [0m]: xkb: LED index 1 (name Caps Lock) got index 0
[1;32mDEBUG [0m]: xkb: LED index 2 (name Scroll Lock) got index 2
[1;32mDEBUG [0m]: xkb: Mod index 0 (name Shift) got index 0
[1;32mDEBUG [0m]: xkb: Mod index 1 (name Lock) got index 1
[1;32mDEBUG [0m]: xkb: Mod index 2 (name Control) got index 2
[1;32mDEBUG [0m]: xkb: Mod index 3 (name Mod1) got index 3
[1;32mDEBUG [0m]: xkb: Mod index 4 (name Mod2) got index 4
[1;32mDEBUG [0m]: xkb: Mod index 5 (name Mod3) got index 5
[1;32mDEBUG [0m]: xkb: Mod index 6 (name Mod4) got index 6
[1;32mDEBUG [0m]: xkb: Mod index 7 (name Mod5) got index 7
[1;32mDEBUG [0m]: Updating keymap fd for keyboard hl-virtual-keyboard-wtype
[1;32mDEBUG [0m]: Updated keymap fd to 99, keymap V1 to: 101
[1;32mDEBUG [0m]: Set the keyboard layout to us and variant to  for keyboard "hl-virtual-keyboard-wtype"
[1;32mDEBUG [0m]: New virtual keyboard created at 55dfae688740
[1;32mDEBUG [0m]: Updating keyboard 55dfae688740's translation state from a provided keymap
[1;32mDEBUG [0m]: Updating keymap fd for keyboard hl-virtual-keyboard-wtype
[1;32mDEBUG [0m]: Updated keymap fd to 99, keymap V1 to: 101
[1;32mDEBUG [0m]: [CWLCompositorResource] New wl_region with id 96 at 55dfaec86a10
[1;32mDEBUG [0m]: [CLinuxDMABUFParamsResource] Creating a dmabuf, with id 96: size [Vector2D: x: 368, y: 1072], fmt AR24, planes 1
[1;32mDEBUG [0m]: [CLinuxDMABUFParamsResource]  | plane 0: mod 72057594037927952 fd 91 stride 1536 offset 0
[1;32mDEBUG [0m]: Keyboard at 55dfae688740 removed
[1;32mDEBUG [0m]: Destroyed keyboard 55dfae688740
[1;32mDEBUG [0m]: [CWLSeatProtocol] New seat resource bound at 55dfaea17230
[1;32mDEBUG [0m]: [CVirtualKeyboardProtocol] New VKeyboard at id 5
[1;32mDEBUG [0m]: ApplyConfigToKeyboard for "hl-virtual-keyboard-wtype", hasconfig: 0
[1;32mDEBUG [0m]: Attempting to create a keymap for layout us with variant  (rules: , model: , options: )
[1;32mDEBUG [0m]: Updating keyboard 55dfae688740's translation state from a provided keymap
[1;32mDEBUG [0m]: xkb: LED index 0 (name Num Lock) got index 1
[1;32mDEBUG [0m]: xkb: LED index 1 (name Caps Lock) got index 0
[1;32mDEBUG [0m]: xkb: LED index 2 (name Scroll Lock) got index 2
[1;32mDEBUG [0m]: xkb: Mod index 0 (name Shift) got index 0
[1;32mDEBUG [0m]: xkb: Mod index 1 (name Lock) got index 1
[1;32mDEBUG [0m]: xkb: Mod index 2 (name Control) got index 2
[1;32mDEBUG [0m]: xkb: Mod index 3 (name Mod1) got index 3
[1;32mDEBUG [0m]: xkb: Mod index 4 (name Mod2) got index 4
[1;32mDEBUG [0m]: xkb: Mod index 5 (name Mod3) got index 5
[1;32mDEBUG [0m]: xkb: Mod index 6 (name Mod4) got index 6
[1;32mDEBUG [0m]: xkb: Mod index 7 (name Mod5) got index 7
[1;32mDEBUG [0m]: Updating keymap fd for keyboard hl-virtual-keyboard-wtype
[1;32mDEBUG [0m]: Updated keymap fd to 99, keymap V1 to: 101
[1;32mDEBUG [0m]: Set the keyboard layout to us and variant to  for keyboard "hl-virtual-keyboard-wtype"
[1;32mDEBUG [0m]: New virtual keyboard created at 55dfae688740
[1;32mDEBUG [0m]: Updating keyboard 55dfae688740's translation state from a provided keymap
[1;32mDEBUG [0m]: Updating keymap fd for keyboard hl-virtual-keyboard-wtype
[1;32mDEBUG [0m]: Updated keymap fd to 99, keymap V1 to: 101
[1;32mDEBUG [0m]: [CLinuxDMABUFParamsResource] Creating a dmabuf, with id 78: size [Vector2D: x: 368, y: 1072], fmt AR24, planes 1
[1;32mDEBUG [0m]: [CLinuxDMABUFParamsResource]  | plane 0: mod 72057594037927952 fd 95 stride 1536 offset 0
[1;32mDEBUG [0m]: Keyboard at 55dfae688740 removed
[1;32mDEBUG [0m]: Destroyed keyboard 55dfae688740
[1;32mDEBUG [0m]: [CWLSeatProtocol] New seat resource bound at 55dfad650f90
[1;32mDEBUG [0m]: [CVirtualKeyboardProtocol] New VKeyboard at id 5
[1;32mDEBUG [0m]: ApplyConfigToKeyboard for "hl-virtual-keyboard-wtype", hasconfig: 0
[1;32mDEBUG [0m]: Attempting to create a keymap for layout us with variant  (rules: , model: , options: )
[1;32mDEBUG [0m]: Updating keyboard 55dfae688740's translation state from a provided keymap
[1;32mDEBUG [0m]: xkb: LED index 0 (name Num Lock) got index 1
[1;32mDEBUG [0m]: xkb: LED index 1 (name Caps Lock) got index 0
[1;32mDEBUG [0m]: xkb: LED index 2 (name Scroll Lock) got index 2
[1;32mDEBUG [0m]: xkb: Mod index 0 (name Shift) got index 0
[1;32mDEBUG [0m]: xkb: Mod index 1 (name Lock) got index 1
[1;32mDEBUG [0m]: xkb: Mod index 2 (name Control) got index 2
[1;32mDEBUG [0m]: xkb: Mod index 3 (name Mod1) got index 3
[1;32mDEBUG [0m]: xkb: Mod index 4 (name Mod2) got index 4
[1;32mDEBUG [0m]: xkb: Mod index 5 (name Mod3) got index 5
[1;32mDEBUG [0m]: xkb: Mod index 6 (name Mod4) got index 6
[1;32mDEBUG [0m]: xkb: Mod index 7 (name Mod5) got index 7
[1;32mDEBUG [0m]: Updating keymap fd for keyboard hl-virtual-keyboard-wtype
[1;32mDEBUG [0m]: Updated keymap fd to 99, keymap V1 to: 101
[1;32mDEBUG [0m]: Set the keyboard layout to us and variant to  for keyboard "hl-virtual-keyboard-wtype"
[1;32mDEBUG [0m]: New virtual keyboard created at 55dfae688740
[1;32mDEBUG [0m]: Updating keyboard 55dfae688740's translation state from a provided keymap
[1;32mDEBUG [0m]: Updating keymap fd for keyboard hl-virtual-keyboard-wtype
[1;32mDEBUG [0m]: Updated keymap fd to 99, keymap V1 to: 101
[1;32mDEBUG [0m]: Keyboard at 55dfae688740 removed
[1;32mDEBUG [0m]: Destroyed keyboard 55dfae688740
[1;32mDEBUG [0m]: [CWLSeatProtocol] New seat resource bound at 55dfaee204c0
[1;32mDEBUG [0m]: [CVirtualKeyboardProtocol] New VKeyboard at id 5
[1;32mDEBUG [0m]: ApplyConfigToKeyboard for "hl-virtual-keyboard-wtype", hasconfig: 0
[1;32mDEBUG [0m]: Attempting to create a keymap for layout us with variant  (rules: , model: , options: )
[1;32mDEBUG [0m]: Updating keyboard 55dfae688740's translation state from a provided keymap
[1;32mDEBUG [0m]: xkb: LED index 0 (name Num Lock) got index 1
[1;32mDEBUG [0m]: xkb: LED index 1 (name Caps Lock) got index 0
[1;32mDEBUG [0m]: xkb: LED index 2 (name Scroll Lock) got index 2
[1;32mDEBUG [0m]: xkb: Mod index 0 (name Shift) got index 0
[1;32mDEBUG [0m]: xkb: Mod index 1 (name Lock) got index 1
[1;32mDEBUG [0m]: xkb: Mod index 2 (name Control) got index 2
[1;32mDEBUG [0m]: xkb: Mod index 3 (name Mod1) got index 3
[1;32mDEBUG [0m]: xkb: Mod index 4 (name Mod2) got index 4
[1;32mDEBUG [0m]: xkb: Mod index 5 (name Mod3) got index 5
[1;32mDEBUG [0m]: xkb: Mod index 6 (name Mod4) got index 6
[1;32mDEBUG [0m]: xkb: Mod index 7 (name Mod5) got index 7
[1;32mDEBUG [0m]: Updating keymap fd for keyboard hl-virtual-keyboard-wtype
[1;32mDEBUG [0m]: Updated keymap fd to 99, keymap V1 to: 101
[1;32mDEBUG [0m]: Set the keyboard layout to us and variant to  for keyboard "hl-virtual-keyboard-wtype"
[1;32mDEBUG [0m]: New virtual keyboard created at 55dfae688740
[1;32mDEBUG [0m]: Updating keyboard 55dfae688740's translation state from a provided keymap
[1;32mDEBUG [0m]: Updating keymap fd for keyboard hl-virtual-keyboard-wtype
[1;32mDEBUG [0m]: Updated keymap fd to 99, keymap V1 to: 101
[1;32mDEBUG [0m]: Keyboard at 55dfae688740 removed
[1;32mDEBUG [0m]: Destroyed keyboard 55dfae688740
[1;32mDEBUG [0m]: [CWLSeatProtocol] New seat resource bound at 55dfae698500
[1;32mDEBUG [0m]: [CVirtualKeyboardProtocol] New VKeyboard at id 5
[1;32mDEBUG [0m]: ApplyConfigToKeyboard for "hl-virtual-keyboard-wtype", hasconfig: 0
[1;32mDEBUG [0m]: Attempting to create a keymap for layout us with variant  (rules: , model: , options: )
[1;32mDEBUG [0m]: Updating keyboard 55dfae688740's translation state from a provided keymap
[1;32mDEBUG [0m]: xkb: LED index 0 (name Num Lock) got index 1
[1;32mDEBUG [0m]: xkb: LED index 1 (name Caps Lock) got index 0
[1;32mDEBUG [0m]: xkb: LED index 2 (name Scroll Lock) got index 2
[1;32mDEBUG [0m]: xkb: Mod index 0 (name Shift) got index 0
[1;32mDEBUG [0m]: xkb: Mod index 1 (name Lock) got index 1
[1;32mDEBUG [0m]: xkb: Mod index 2 (name Control) got index 2
[1;32mDEBUG [0m]: xkb: Mod index 3 (name Mod1) got index 3
[1;32mDEBUG [0m]: xkb: Mod index 4 (name Mod2) got index 4
[1;32mDEBUG [0m]: xkb: Mod index 5 (name Mod3) got index 5
[1;32mDEBUG [0m]: xkb: Mod index 6 (name Mod4) got index 6
[1;32mDEBUG [0m]: xkb: Mod index 7 (name Mod5) got index 7
[1;32mDEBUG [0m]: Updating keymap fd for keyboard hl-virtual-keyboard-wtype
[1;32mDEBUG [0m]: Updated keymap fd to 99, keymap V1 to: 101
[1;32mDEBUG [0m]: Set the keyboard layout to us and variant to  for keyboard "hl-virtual-keyboard-wtype"
[1;32mDEBUG [0m]: New virtual keyboard created at 55dfae688740
[1;32mDEBUG [0m]: Updating keyboard 55dfae688740's translation state from a provided keymap
[1;32mDEBUG [0m]: Updating keymap fd for keyboard hl-virtual-keyboard-wtype
[1;32mDEBUG [0m]: Updated keymap fd to 99, keymap V1 to: 101
[1;32mDEBUG [0m]: [CWLCompositorResource] New wl_region with id 77 at 55dfaec60bf0
[1;32mDEBUG [0m]: [CLinuxDMABUFParamsResource] Creating a dmabuf, with id 77: size [Vector2D: x: 368, y: 1058], fmt AR24, planes 1
[1;32mDEBUG [0m]: [CLinuxDMABUFParamsResource]  | plane 0: mod 72057594037927952 fd 90 stride 1536 offset 0
[1;32mDEBUG [0m]: Keyboard at 55dfae688740 removed
[1;32mDEBUG [0m]: Destroyed keyboard 55dfae688740
[1;32mDEBUG [0m]: [CWLSeatProtocol] New seat resource bound at 55dfaee70a30
[1;32mDEBUG [0m]: [CVirtualKeyboardProtocol] New VKeyboard at id 5
[1;32mDEBUG [0m]: ApplyConfigToKeyboard for "hl-virtual-keyboard-wtype", hasconfig: 0
[1;32mDEBUG [0m]: Attempting to create a keymap for layout us with variant  (rules: , model: , options: )
[1;32mDEBUG [0m]: Updating keyboard 55dfae688740's translation state from a provided keymap
[1;32mDEBUG [0m]: xkb: LED index 0 (name Num Lock) got index 1
[1;32mDEBUG [0m]: xkb: LED index 1 (name Caps Lock) got index 0
[1;32mDEBUG [0m]: xkb: LED index 2 (name Scroll Lock) got index 2
[1;32mDEBUG [0m]: xkb: Mod index 0 (name Shift) got index 0
[1;32mDEBUG [0m]: xkb: Mod index 1 (name Lock) got index 1
[1;32mDEBUG [0m]: xkb: Mod index 2 (name Control) got index 2
[1;32mDEBUG [0m]: xkb: Mod index 3 (name Mod1) got index 3
[1;32mDEBUG [0m]: xkb: Mod index 4 (name Mod2) got index 4
[1;32mDEBUG [0m]: xkb: Mod index 5 (name Mod3) got index 5
[1;32mDEBUG [0m]: xkb: Mod index 6 (name Mod4) got index 6
[1;32mDEBUG [0m]: xkb: Mod index 7 (name Mod5) got index 7
[1;32mDEBUG [0m]: Updating keymap fd for keyboard hl-virtual-keyboard-wtype
[1;32mDEBUG [0m]: Updated keymap fd to 99, keymap V1 to: 101
[1;32mDEBUG [0m]: Set the keyboard layout to us and variant to  for keyboard "hl-virtual-keyboard-wtype"
[1;32mDEBUG [0m]: New virtual keyboard created at 55dfae688740
[1;32mDEBUG [0m]: Updating keyboard 55dfae688740's translation state from a provided keymap
[1;32mDEBUG [0m]: Updating keymap fd for keyboard hl-virtual-keyboard-wtype
[1;32mDEBUG [0m]: Updated keymap fd to 99, keymap V1 to: 101
[1;32mDEBUG [0m]: [CLinuxDMABUFParamsResource] Creating a dmabuf, with id 90: size [Vector2D: x: 368, y: 1058], fmt AR24, planes 1
[1;32mDEBUG [0m]: [CLinuxDMABUFParamsResource]  | plane 0: mod 72057594037927952 fd 88 stride 1536 offset 0
[1;32mDEBUG [0m]: Keyboard at 55dfae688740 removed
[1;32mDEBUG [0m]: Destroyed keyboard 55dfae688740
[1;32mDEBUG [0m]: [CWLSeatProtocol] New seat resource bound at 55dfae6a4d20
[1;32mDEBUG [0m]: [CVirtualKeyboardProtocol] New VKeyboard at id 5
[1;32mDEBUG [0m]: ApplyConfigToKeyboard for "hl-virtual-keyboard-wtype", hasconfig: 0
[1;32mDEBUG [0m]: Attempting to create a keymap for layout us with variant  (rules: , model: , options: )
[1;32mDEBUG [0m]: Updating keyboard 55dfae688740's translation state from a provided keymap
[1;32mDEBUG [0m]: xkb: LED index 0 (name Num Lock) got index 1
[1;32mDEBUG [0m]: xkb: LED index 1 (name Caps Lock) got index 0
[1;32mDEBUG [0m]: xkb: LED index 2 (name Scroll Lock) got index 2
[1;32mDEBUG [0m]: xkb: Mod index 0 (name Shift) got index 0
[1;32mDEBUG [0m]: xkb: Mod index 1 (name Lock) got index 1
[1;32mDEBUG [0m]: xkb: Mod index 2 (name Control) got index 2
[1;32mDEBUG [0m]: xkb: Mod index 3 (name Mod1) got index 3
[1;32mDEBUG [0m]: xkb: Mod index 4 (name Mod2) got index 4
[1;32mDEBUG [0m]: xkb: Mod index 5 (name Mod3) got index 5
[1;32mDEBUG [0m]: xkb: Mod index 6 (name Mod4) got index 6
[1;32mDEBUG [0m]: xkb: Mod index 7 (name Mod5) got index 7
[1;32mDEBUG [0m]: Updating keymap fd for keyboard hl-virtual-keyboard-wtype
[1;32mDEBUG [0m]: Updated keymap fd to 99, keymap V1 to: 101
[1;32mDEBUG [0m]: Set the keyboard layout to us and variant to  for keyboard "hl-virtual-keyboard-wtype"
[1;32mDEBUG [0m]: New virtual keyboard created at 55dfae688740
[1;32mDEBUG [0m]: Updating keyboard 55dfae688740's translation state from a provided keymap
[1;32mDEBUG [0m]: Updating keymap fd for keyboard hl-virtual-keyboard-wtype
[1;32mDEBUG [0m]: Updated keymap fd to 99, keymap V1 to: 101
[1;32mDEBUG [0m]: Keyboard at 55dfae688740 removed
[1;32mDEBUG [0m]: Destroyed keyboard 55dfae688740
[1;32mDEBUG [0m]: [CWLSeatProtocol] New seat resource bound at 55dfaec16dd0
[1;32mDEBUG [0m]: [CVirtualKeyboardProtocol] New VKeyboard at id 5
[1;32mDEBUG [0m]: ApplyConfigToKeyboard for "hl-virtual-keyboard-wtype", hasconfig: 0
[1;32mDEBUG [0m]: Attempting to create a keymap for layout us with variant  (rules: , model: , options: )
[1;32mDEBUG [0m]: Updating keyboard 55dfae688740's translation state from a provided keymap
[1;32mDEBUG [0m]: xkb: LED index 0 (name Num Lock) got index 1
[1;32mDEBUG [0m]: xkb: LED index 1 (name Caps Lock) got index 0
[1;32mDEBUG [0m]: xkb: LED index 2 (name Scroll Lock) got index 2
[1;32mDEBUG [0m]: xkb: Mod index 0 (name Shift) got index 0
[1;32mDEBUG [0m]: xkb: Mod index 1 (name Lock) got index 1
[1;32mDEBUG [0m]: xkb: Mod index 2 (name Control) got index 2
[1;32mDEBUG [0m]: xkb: Mod index 3 (name Mod1) got index 3
[1;32mDEBUG [0m]: xkb: Mod index 4 (name Mod2) got index 4
[1;32mDEBUG [0m]: xkb: Mod index 5 (name Mod3) got index 5
[1;32mDEBUG [0m]: xkb: Mod index 6 (name Mod4) got index 6
[1;32mDEBUG [0m]: xkb: Mod index 7 (name Mod5) got index 7
[1;32mDEBUG [0m]: Updating keymap fd for keyboard hl-virtual-keyboard-wtype
[1;32mDEBUG [0m]: Updated keymap fd to 99, keymap V1 to: 101
[1;32mDEBUG [0m]: Set the keyboard layout to us and variant to  for keyboard "hl-virtual-keyboard-wtype"
[1;32mDEBUG [0m]: New virtual keyboard created at 55dfae688740
[1;32mDEBUG [0m]: Updating keyboard 55dfae688740's translation state from a provided keymap
[1;32mDEBUG [0m]: Updating keymap fd for keyboard hl-virtual-keyboard-wtype
[1;32mDEBUG [0m]: Updated keymap fd to 99, keymap V1 to: 101
[1;32mDEBUG [0m]: Keyboard at 55dfae688740 removed
[1;32mDEBUG [0m]: Destroyed keyboard 55dfae688740
[1;32mDEBUG [0m]: [CWLSeatProtocol] New seat resource bound at 55dfaee5bc40
[1;32mDEBUG [0m]: [CVirtualKeyboardProtocol] New VKeyboard at id 5
[1;32mDEBUG [0m]: ApplyConfigToKeyboard for "hl-virtual-keyboard-wtype", hasconfig: 0
[1;32mDEBUG [0m]: Attempting to create a keymap for layout us with variant  (rules: , model: , options: )
[1;32mDEBUG [0m]: Updating keyboard 55dfae688740's translation state from a provided keymap
[1;32mDEBUG [0m]: xkb: LED index 0 (name Num Lock) got index 1
[1;32mDEBUG [0m]: xkb: LED index 1 (name Caps Lock) got index 0
[1;32mDEBUG [0m]: xkb: LED index 2 (name Scroll Lock) got index 2
[1;32mDEBUG [0m]: xkb: Mod index 0 (name Shift) got index 0
[1;32mDEBUG [0m]: xkb: Mod index 1 (name Lock) got index 1
[1;32mDEBUG [0m]: xkb: Mod index 2 (name Control) got index 2
[1;32mDEBUG [0m]: xkb: Mod index 3 (name Mod1) got index 3
[1;32mDEBUG [0m]: xkb: Mod index 4 (name Mod2) got index 4
[1;32mDEBUG [0m]: xkb: Mod index 5 (name Mod3) got index 5
[1;32mDEBUG [0m]: xkb: Mod index 6 (name Mod4) got index 6
[1;32mDEBUG [0m]: xkb: Mod index 7 (name Mod5) got index 7
[1;32mDEBUG [0m]: Updating keymap fd for keyboard hl-virtual-keyboard-wtype
[1;32mDEBUG [0m]: Updated keymap fd to 99, keymap V1 to: 101
[1;32mDEBUG [0m]: Set the keyboard layout to us and variant to  for keyboard "hl-virtual-keyboard-wtype"
[1;32mDEBUG [0m]: New virtual keyboard created at 55dfae688740
[1;32mDEBUG [0m]: Updating keyboard 55dfae688740's translation state from a provided keymap
[1;32mDEBUG [0m]: Updating keymap fd for keyboard hl-virtual-keyboard-wtype
[1;32mDEBUG [0m]: Updated keymap fd to 99, keymap V1 to: 101
[1;32mDEBUG [0m]: Keyboard at 55dfae688740 removed
[1;32mDEBUG [0m]: Destroyed keyboard 55dfae688740
[1;32mDEBUG [0m]: [CWLSeatProtocol] New seat resource bound at 55dfaeb7e4e0
[1;32mDEBUG [0m]: [CVirtualKeyboardProtocol] New VKeyboard at id 5
[1;32mDEBUG [0m]: ApplyConfigToKeyboard for "hl-virtual-keyboard-wtype", hasconfig: 0
[1;32mDEBUG [0m]: Attempting to create a keymap for layout us with variant  (rules: , model: , options: )
[1;32mDEBUG [0m]: Updating keyboard 55dfae688740's translation state from a provided keymap
[1;32mDEBUG [0m]: xkb: LED index 0 (name Num Lock) got index 1
[1;32mDEBUG [0m]: xkb: LED index 1 (name Caps Lock) got index 0
[1;32mDEBUG [0m]: xkb: LED index 2 (name Scroll Lock) got index 2
[1;32mDEBUG [0m]: xkb: Mod index 0 (name Shift) got index 0
[1;32mDEBUG [0m]: xkb: Mod index 1 (name Lock) got index 1
[1;32mDEBUG [0m]: xkb: Mod index 2 (name Control) got index 2
[1;32mDEBUG [0m]: xkb: Mod index 3 (name Mod1) got index 3
[1;32mDEBUG [0m]: xkb: Mod index 4 (name Mod2) got index 4
[1;32mDEBUG [0m]: xkb: Mod index 5 (name Mod3) got index 5
[1;32mDEBUG [0m]: xkb: Mod index 6 (name Mod4) got index 6
[1;32mDEBUG [0m]: xkb: Mod index 7 (name Mod5) got index 7
[1;32mDEBUG [0m]: Updating keymap fd for keyboard hl-virtual-keyboard-wtype
[1;32mDEBUG [0m]: Updated keymap fd to 99, keymap V1 to: 101
[1;32mDEBUG [0m]: Set the keyboard layout to us and variant to  for keyboard "hl-virtual-keyboard-wtype"
[1;32mDEBUG [0m]: New virtual keyboard created at 55dfae688740
[1;32mDEBUG [0m]: Updating keyboard 55dfae688740's translation state from a provided keymap
[1;32mDEBUG [0m]: Updating keymap fd for keyboard hl-virtual-keyboard-wtype
[1;32mDEBUG [0m]: Updated keymap fd to 99, keymap V1 to: 101
[1;32mDEBUG [0m]: Keyboard at 55dfae688740 removed
[1;32mDEBUG [0m]: Destroyed keyboard 55dfae688740
[1;32mDEBUG [0m]: [CWLSeatProtocol] New seat resource bound at 55dfae6a4af0
[1;32mDEBUG [0m]: [CVirtualKeyboardProtocol] New VKeyboard at id 5
[1;32mDEBUG [0m]: ApplyConfigToKeyboard for "hl-virtual-keyboard-wtype", hasconfig: 0
[1;32mDEBUG [0m]: Attempting to create a keymap for layout us with variant  (rules: , model: , options: )
[1;32mDEBUG [0m]: Updating keyboard 55dfae688740's translation state from a provided keymap
[1;32mDEBUG [0m]: xkb: LED index 0 (name Num Lock) got index 1
[1;32mDEBUG [0m]: xkb: LED index 1 (name Caps Lock) got index 0
[1;32mDEBUG [0m]: xkb: LED index 2 (name Scroll Lock) got index 2
[1;32mDEBUG [0m]: xkb: Mod index 0 (name Shift) got index 0
[1;32mDEBUG [0m]: xkb: Mod index 1 (name Lock) got index 1
[1;32mDEBUG [0m]: xkb: Mod index 2 (name Control) got index 2
[1;32mDEBUG [0m]: xkb: Mod index 3 (name Mod1) got index 3
[1;32mDEBUG [0m]: xkb: Mod index 4 (name Mod2) got index 4
[1;32mDEBUG [0m]: xkb: Mod index 5 (name Mod3) got index 5
[1;32mDEBUG [0m]: xkb: Mod index 6 (name Mod4) got index 6
[1;32mDEBUG [0m]: xkb: Mod index 7 (name Mod5) got index 7
[1;32mDEBUG [0m]: Updating keymap fd for keyboard hl-virtual-keyboard-wtype
[1;32mDEBUG [0m]: Updated keymap fd to 99, keymap V1 to: 101
[1;32mDEBUG [0m]: Set the keyboard layout to us and variant to  for keyboard "hl-virtual-keyboard-wtype"
[1;32mDEBUG [0m]: New virtual keyboard created at 55dfae688740
[1;32mDEBUG [0m]: Updating keyboard 55dfae688740's translation state from a provided keymap
[1;32mDEBUG [0m]: Updating keymap fd for keyboard hl-virtual-keyboard-wtype
[1;32mDEBUG [0m]: Updated keymap fd to 99, keymap V1 to: 101
[1;32mDEBUG [0m]: Keyboard at 55dfae688740 removed
[1;32mDEBUG [0m]: Destroyed keyboard 55dfae688740
[1;32mDEBUG [0m]: [CWLSeatProtocol] New seat resource bound at 55dfaf075a90
[1;32mDEBUG [0m]: [CVirtualKeyboardProtocol] New VKeyboard at id 5
[1;32mDEBUG [0m]: ApplyConfigToKeyboard for "hl-virtual-keyboard-wtype", hasconfig: 0
[1;32mDEBUG [0m]: Attempting to create a keymap for layout us with variant  (rules: , model: , options: )
[1;32mDEBUG [0m]: Updating keyboard 55dfae688740's translation state from a provided keymap
[1;32mDEBUG [0m]: xkb: LED index 0 (name Num Lock) got index 1
[1;32mDEBUG [0m]: xkb: LED index 1 (name Caps Lock) got index 0
[1;32mDEBUG [0m]: xkb: LED index 2 (name Scroll Lock) got index 2
[1;32mDEBUG [0m]: xkb: Mod index 0 (name Shift) got index 0
[1;32mDEBUG [0m]: xkb: Mod index 1 (name Lock) got index 1
[1;32mDEBUG [0m]: xkb: Mod index 2 (name Control) got index 2
[1;32mDEBUG [0m]: xkb: Mod index 3 (name Mod1) got index 3
[1;32mDEBUG [0m]: xkb: Mod index 4 (name Mod2) got index 4
[1;32mDEBUG [0m]: xkb: Mod index 5 (name Mod3) got index 5
[1;32mDEBUG [0m]: xkb: Mod index 6 (name Mod4) got index 6
[1;32mDEBUG [0m]: xkb: Mod index 7 (name Mod5) got index 7
[1;32mDEBUG [0m]: Updating keymap fd for keyboard hl-virtual-keyboard-wtype
[1;32mDEBUG [0m]: Updated keymap fd to 99, keymap V1 to: 101
[1;32mDEBUG [0m]: Set the keyboard layout to us and variant to  for keyboard "hl-virtual-keyboard-wtype"
[1;32mDEBUG [0m]: New virtual keyboard created at 55dfae688740
[1;32mDEBUG [0m]: Updating keyboard 55dfae688740's translation state from a provided keymap
[1;32mDEBUG [0m]: Updating keymap fd for keyboard hl-virtual-keyboard-wtype
[1;32mDEBUG [0m]: Updated keymap fd to 99, keymap V1 to: 101
[1;32mDEBUG [0m]: Keyboard at 55dfae688740 removed
[1;32mDEBUG [0m]: Destroyed keyboard 55dfae688740
[1;32mDEBUG [0m]: [CWLSeatProtocol] New seat resource bound at 55dfaf07ad00
[1;32mDEBUG [0m]: [CVirtualKeyboardProtocol] New VKeyboard at id 5
[1;32mDEBUG [0m]: ApplyConfigToKeyboard for "hl-virtual-keyboard-wtype", hasconfig: 0
[1;32mDEBUG [0m]: Attempting to create a keymap for layout us with variant  (rules: , model: , options: )
[1;32mDEBUG [0m]: Updating keyboard 55dfae688740's translation state from a provided keymap
[1;32mDEBUG [0m]: xkb: LED index 0 (name Num Lock) got index 1
[1;32mDEBUG [0m]: xkb: LED index 1 (name Caps Lock) got index 0
[1;32mDEBUG [0m]: xkb: LED index 2 (name Scroll Lock) got index 2
[1;32mDEBUG [0m]: xkb: Mod index 0 (name Shift) got index 0
[1;32mDEBUG [0m]: xkb: Mod index 1 (name Lock) got index 1
[1;32mDEBUG [0m]: xkb: Mod index 2 (name Control) got index 2
[1;32mDEBUG [0m]: xkb: Mod index 3 (name Mod1) got index 3
[1;32mDEBUG [0m]: xkb: Mod index 4 (name Mod2) got index 4
[1;32mDEBUG [0m]: xkb: Mod index 5 (name Mod3) got index 5
[1;32mDEBUG [0m]: xkb: Mod index 6 (name Mod4) got index 6
[1;32mDEBUG [0m]: xkb: Mod index 7 (name Mod5) got index 7
[1;32mDEBUG [0m]: Updating keymap fd for keyboard hl-virtual-keyboard-wtype
[1;32mDEBUG [0m]: Updated keymap fd to 99, keymap V1 to: 101
[1;32mDEBUG [0m]: Set the keyboard layout to us and variant to  for keyboard "hl-virtual-keyboard-wtype"
[1;32mDEBUG [0m]: New virtual keyboard created at 55dfae688740
[1;32mDEBUG [0m]: Updating keyboard 55dfae688740's translation state from a provided keymap
[1;32mDEBUG [0m]: Updating keymap fd for keyboard hl-virtual-keyboard-wtype
[1;32mDEBUG [0m]: Updated keymap fd to 99, keymap V1 to: 101
[1;32mDEBUG [0m]: Keyboard at 55dfae688740 removed
[1;32mDEBUG [0m]: Destroyed keyboard 55dfae688740
[1;32mDEBUG [0m]: [CWLSeatProtocol] New seat resource bound at 55dfaedd4800
[1;32mDEBUG [0m]: [CVirtualKeyboardProtocol] New VKeyboard at id 5
[1;32mDEBUG [0m]: ApplyConfigToKeyboard for "hl-virtual-keyboard-wtype", hasconfig: 0
[1;32mDEBUG [0m]: Attempting to create a keymap for layout us with variant  (rules: , model: , options: )
[1;32mDEBUG [0m]: Updating keyboard 55dfae688740's translation state from a provided keymap
[1;32mDEBUG [0m]: xkb: LED index 0 (name Num Lock) got index 1
[1;32mDEBUG [0m]: xkb: LED index 1 (name Caps Lock) got index 0
[1;32mDEBUG [0m]: xkb: LED index 2 (name Scroll Lock) got index 2
[1;32mDEBUG [0m]: xkb: Mod index 0 (name Shift) got index 0
[1;32mDEBUG [0m]: xkb: Mod index 1 (name Lock) got index 1
[1;32mDEBUG [0m]: xkb: Mod index 2 (name Control) got index 2
[1;32mDEBUG [0m]: xkb: Mod index 3 (name Mod1) got index 3
[1;32mDEBUG [0m]: xkb: Mod index 4 (name Mod2) got index 4
[1;32mDEBUG [0m]: xkb: Mod index 5 (name Mod3) got index 5
[1;32mDEBUG [0m]: xkb: Mod index 6 (name Mod4) got index 6
[1;32mDEBUG [0m]: xkb: Mod index 7 (name Mod5) got index 7
[1;32mDEBUG [0m]: Updating keymap fd for keyboard hl-virtual-keyboard-wtype
[1;32mDEBUG [0m]: Updated keymap fd to 99, keymap V1 to: 101
[1;32mDEBUG [0m]: Set the keyboard layout to us and variant to  for keyboard "hl-virtual-keyboard-wtype"
[1;32mDEBUG [0m]: New virtual keyboard created at 55dfae688740
[1;32mDEBUG [0m]: Updating keyboard 55dfae688740's translation state from a provided keymap
[1;32mDEBUG [0m]: Updating keymap fd for keyboard hl-virtual-keyboard-wtype
[1;32mDEBUG [0m]: Updated keymap fd to 99, keymap V1 to: 101
[1;32mDEBUG [0m]: Keyboard at 55dfae688740 removed
[1;32mDEBUG [0m]: Destroyed keyboard 55dfae688740
[1;32mDEBUG [0m]: [CWLSeatProtocol] New seat resource bound at 55dfaf07ac50
[1;32mDEBUG [0m]: [CVirtualKeyboardProtocol] New VKeyboard at id 5
[1;32mDEBUG [0m]: ApplyConfigToKeyboard for "hl-virtual-keyboard-wtype", hasconfig: 0
[1;32mDEBUG [0m]: Attempting to create a keymap for layout us with variant  (rules: , model: , options: )
[1;32mDEBUG [0m]: Updating keyboard 55dfae688740's translation state from a provided keymap
[1;32mDEBUG [0m]: xkb: LED index 0 (name Num Lock) got index 1
[1;32mDEBUG [0m]: xkb: LED index 1 (name Caps Lock) got index 0
[1;32mDEBUG [0m]: xkb: LED index 2 (name Scroll Lock) got index 2
[1;32mDEBUG [0m]: xkb: Mod index 0 (name Shift) got index 0
[1;32mDEBUG [0m]: xkb: Mod index 1 (name Lock) got index 1
[1;32mDEBUG [0m]: xkb: Mod index 2 (name Control) got index 2
[1;32mDEBUG [0m]: xkb: Mod index 3 (name Mod1) got index 3
[1;32mDEBUG [0m]: xkb: Mod index 4 (name Mod2) got index 4
[1;32mDEBUG [0m]: xkb: Mod index 5 (name Mod3) got index 5
[1;32mDEBUG [0m]: xkb: Mod index 6 (name Mod4) got index 6
[1;32mDEBUG [0m]: xkb: Mod index 7 (name Mod5) got index 7
[1;32mDEBUG [0m]: Updating keymap fd for keyboard hl-virtual-keyboard-wtype
[1;32mDEBUG [0m]: Updated keymap fd to 99, keymap V1 to: 101
[1;32mDEBUG [0m]: Set the keyboard layout to us and variant to  for keyboard "hl-virtual-keyboard-wtype"
[1;32mDEBUG [0m]: New virtual keyboard created at 55dfae688740
[1;32mDEBUG [0m]: Updating keyboard 55dfae688740's translation state from a provided keymap
[1;32mDEBUG [0m]: Updating keymap fd for keyboard hl-virtual-keyboard-wtype
[1;32mDEBUG [0m]: Updated keymap fd to 99, keymap V1 to: 101
[1;32mDEBUG [0m]: Keyboard at 55dfae688740 removed
[1;32mDEBUG [0m]: Destroyed keyboard 55dfae688740
[1;32mDEBUG [0m]: [CWLSeatProtocol] New seat resource bound at 55dfaee71810
[1;32mDEBUG [0m]: [CVirtualKeyboardProtocol] New VKeyboard at id 5
[1;32mDEBUG [0m]: ApplyConfigToKeyboard for "hl-virtual-keyboard-wtype", hasconfig: 0
[1;32mDEBUG [0m]: Attempting to create a keymap for layout us with variant  (rules: , model: , options: )
[1;32mDEBUG [0m]: Updating keyboard 55dfae688740's translation state from a provided keymap
[1;32mDEBUG [0m]: xkb: LED index 0 (name Num Lock) got index 1
[1;32mDEBUG [0m]: xkb: LED index 1 (name Caps Lock) got index 0
[1;32mDEBUG [0m]: xkb: LED index 2 (name Scroll Lock) got index 2
[1;32mDEBUG [0m]: xkb: Mod index 0 (name Shift) got index 0
[1;32mDEBUG [0m]: xkb: Mod index 1 (name Lock) got index 1
[1;32mDEBUG [0m]: xkb: Mod index 2 (name Control) got index 2
[1;32mDEBUG [0m]: xkb: Mod index 3 (name Mod1) got index 3
[1;32mDEBUG [0m]: xkb: Mod index 4 (name Mod2) got index 4
[1;32mDEBUG [0m]: xkb: Mod index 5 (name Mod3) got index 5
[1;32mDEBUG [0m]: xkb: Mod index 6 (name Mod4) got index 6
[1;32mDEBUG [0m]: xkb: Mod index 7 (name Mod5) got index 7
[1;32mDEBUG [0m]: Updating keymap fd for keyboard hl-virtual-keyboard-wtype
[1;32mDEBUG [0m]: Updated keymap fd to 99, keymap V1 to: 101
[1;32mDEBUG [0m]: Set the keyboard layout to us and variant to  for keyboard "hl-virtual-keyboard-wtype"
[1;32mDEBUG [0m]: New virtual keyboard created at 55dfae688740
[1;32mDEBUG [0m]: Updating keyboard 55dfae688740's translation state from a provided keymap
[1;32mDEBUG [0m]: Updating keymap fd for keyboard hl-virtual-keyboard-wtype
[1;32mDEBUG [0m]: Updated keymap fd to 99, keymap V1 to: 101
[1;32mDEBUG [0m]: Keyboard at 55dfae688740 removed
[1;32mDEBUG [0m]: Destroyed keyboard 55dfae688740
[1;32mDEBUG [0m]: [CWLSeatProtocol] New seat resource bound at 55dfaee34a00
[1;32mDEBUG [0m]: [CVirtualKeyboardProtocol] New VKeyboard at id 5
[1;32mDEBUG [0m]: ApplyConfigToKeyboard for "hl-virtual-keyboard-wtype", hasconfig: 0
[1;32mDEBUG [0m]: Attempting to create a keymap for layout us with variant  (rules: , model: , options: )
[1;32mDEBUG [0m]: Updating keyboard 55dfae688740's translation state from a provided keymap
[1;32mDEBUG [0m]: xkb: LED index 0 (name Num Lock) got index 1
[1;32mDEBUG [0m]: xkb: LED index 1 (name Caps Lock) got index 0
[1;32mDEBUG [0m]: xkb: LED index 2 (name Scroll Lock) got index 2
[1;32mDEBUG [0m]: xkb: Mod index 0 (name Shift) got index 0
[1;32mDEBUG [0m]: xkb: Mod index 1 (name Lock) got index 1
[1;32mDEBUG [0m]: xkb: Mod index 2 (name Control) got index 2
[1;32mDEBUG [0m]: xkb: Mod index 3 (name Mod1) got index 3
[1;32mDEBUG [0m]: xkb: Mod index 4 (name Mod2) got index 4
[1;32mDEBUG [0m]: xkb: Mod index 5 (name Mod3) got index 5
[1;32mDEBUG [0m]: xkb: Mod index 6 (name Mod4) got index 6
[1;32mDEBUG [0m]: xkb: Mod index 7 (name Mod5) got index 7
[1;32mDEBUG [0m]: Updating keymap fd for keyboard hl-virtual-keyboard-wtype
[1;32mDEBUG [0m]: Updated keymap fd to 99, keymap V1 to: 101
[1;32mDEBUG [0m]: Set the keyboard layout to us and variant to  for keyboard "hl-virtual-keyboard-wtype"
[1;32mDEBUG [0m]: New virtual keyboard created at 55dfae688740
[1;32mDEBUG [0m]: Updating keyboard 55dfae688740's translation state from a provided keymap
[1;32mDEBUG [0m]: Updating keymap fd for keyboard hl-virtual-keyboard-wtype
[1;32mDEBUG [0m]: Updated keymap fd to 99, keymap V1 to: 101
[1;32mDEBUG [0m]: Keyboard at 55dfae688740 removed
[1;32mDEBUG [0m]: Destroyed keyboard 55dfae688740
[1;32mDEBUG [0m]: [CWLSeatProtocol] New seat resource bound at 55dfae97f6a0
[1;32mDEBUG [0m]: [CVirtualKeyboardProtocol] New VKeyboard at id 5
[1;32mDEBUG [0m]: ApplyConfigToKeyboard for "hl-virtual-keyboard-wtype", hasconfig: 0
[1;32mDEBUG [0m]: Attempting to create a keymap for layout us with variant  (rules: , model: , options: )
[1;32mDEBUG [0m]: Updating keyboard 55dfae688740's translation state from a provided keymap
[1;32mDEBUG [0m]: xkb: LED index 0 (name Num Lock) got index 1
[1;32mDEBUG [0m]: xkb: LED index 1 (name Caps Lock) got index 0
[1;32mDEBUG [0m]: xkb: LED index 2 (name Scroll Lock) got index 2
[1;32mDEBUG [0m]: xkb: Mod index 0 (name Shift) got index 0
[1;32mDEBUG [0m]: xkb: Mod index 1 (name Lock) got index 1
[1;32mDEBUG [0m]: xkb: Mod index 2 (name Control) got index 2
[1;32mDEBUG [0m]: xkb: Mod index 3 (name Mod1) got index 3
[1;32mDEBUG [0m]: xkb: Mod index 4 (name Mod2) got index 4
[1;32mDEBUG [0m]: xkb: Mod index 5 (name Mod3) got index 5
[1;32mDEBUG [0m]: xkb: Mod index 6 (name Mod4) got index 6
[1;32mDEBUG [0m]: xkb: Mod index 7 (name Mod5) got index 7
[1;32mDEBUG [0m]: Updating keymap fd for keyboard hl-virtual-keyboard-wtype
[1;32mDEBUG [0m]: Updated keymap fd to 99, keymap V1 to: 101
[1;32mDEBUG [0m]: Set the keyboard layout to us and variant to  for keyboard "hl-virtual-keyboard-wtype"
[1;32mDEBUG [0m]: New virtual keyboard created at 55dfae688740
[1;32mDEBUG [0m]: Updating keyboard 55dfae688740's translation state from a provided keymap
[1;32mDEBUG [0m]: Updating keymap fd for keyboard hl-virtual-keyboard-wtype
[1;32mDEBUG [0m]: Updated keymap fd to 99, keymap V1 to: 101
[1;32mDEBUG [0m]: Keyboard at 55dfae688740 removed
[1;32mDEBUG [0m]: Destroyed keyboard 55dfae688740
[1;32mDEBUG [0m]: [CWLSeatProtocol] New seat resource bound at 55dfaeb7f800
[1;32mDEBUG [0m]: [CVirtualKeyboardProtocol] New VKeyboard at id 5
[1;32mDEBUG [0m]: ApplyConfigToKeyboard for "hl-virtual-keyboard-wtype", hasconfig: 0
[1;32mDEBUG [0m]: Attempting to create a keymap for layout us with variant  (rules: , model: , options: )
[1;32mDEBUG [0m]: Updating keyboard 55dfae688740's translation state from a provided keymap
[1;32mDEBUG [0m]: xkb: LED index 0 (name Num Lock) got index 1
[1;32mDEBUG [0m]: xkb: LED index 1 (name Caps Lock) got index 0
[1;32mDEBUG [0m]: xkb: LED index 2 (name Scroll Lock) got index 2
[1;32mDEBUG [0m]: xkb: Mod index 0 (name Shift) got index 0
[1;32mDEBUG [0m]: xkb: Mod index 1 (name Lock) got index 1
[1;32mDEBUG [0m]: xkb: Mod index 2 (name Control) got index 2
[1;32mDEBUG [0m]: xkb: Mod index 3 (name Mod1) got index 3
[1;32mDEBUG [0m]: xkb: Mod index 4 (name Mod2) got index 4
[1;32mDEBUG [0m]: xkb: Mod index 5 (name Mod3) got index 5
[1;32mDEBUG [0m]: xkb: Mod index 6 (name Mod4) got index 6
[1;32mDEBUG [0m]: xkb: Mod index 7 (name Mod5) got index 7
[1;32mDEBUG [0m]: Updating keymap fd for keyboard hl-virtual-keyboard-wtype
[1;32mDEBUG [0m]: Updated keymap fd to 99, keymap V1 to: 101
[1;32mDEBUG [0m]: Set the keyboard layout to us and variant to  for keyboard "hl-virtual-keyboard-wtype"
[1;32mDEBUG [0m]: New virtual keyboard created at 55dfae688740
[1;32mDEBUG [0m]: Updating keyboard 55dfae688740's translation state from a provided keymap
[1;32mDEBUG [0m]: Updating keymap fd for keyboard hl-virtual-keyboard-wtype
[1;32mDEBUG [0m]: Updated keymap fd to 99, keymap V1 to: 101
[1;32mDEBUG [0m]: [CWLCompositorResource] New wl_region with id 80 at 55dfaee5b030
[1;32mDEBUG [0m]: Keyboard at 55dfae688740 removed
[1;32mDEBUG [0m]: Destroyed keyboard 55dfae688740
[1;32mDEBUG [0m]: [CLinuxDMABUFParamsResource] Creating a dmabuf, with id 81: size [Vector2D: x: 1140, y: 681], fmt AR24, planes 1
[1;32mDEBUG [0m]: [CLinuxDMABUFParamsResource]  | plane 0: mod 72057594037927952 fd 79 stride 4608 offset 0
[1;32mDEBUG [0m]: [CWLSeatProtocol] New seat resource bound at 55dfaeb96f20
[1;32mDEBUG [0m]: [CVirtualKeyboardProtocol] New VKeyboard at id 5
[1;32mDEBUG [0m]: ApplyConfigToKeyboard for "hl-virtual-keyboard-wtype", hasconfig: 0
[1;32mDEBUG [0m]: Attempting to create a keymap for layout us with variant  (rules: , model: , options: )
[1;32mDEBUG [0m]: Updating keyboard 55dfae688740's translation state from a provided keymap
[1;32mDEBUG [0m]: xkb: LED index 0 (name Num Lock) got index 1
[1;32mDEBUG [0m]: xkb: LED index 1 (name Caps Lock) got index 0
[1;32mDEBUG [0m]: xkb: LED index 2 (name Scroll Lock) got index 2
[1;32mDEBUG [0m]: xkb: Mod index 0 (name Shift) got index 0
[1;32mDEBUG [0m]: xkb: Mod index 1 (name Lock) got index 1
[1;32mDEBUG [0m]: xkb: Mod index 2 (name Control) got index 2
[1;32mDEBUG [0m]: xkb: Mod index 3 (name Mod1) got index 3
[1;32mDEBUG [0m]: xkb: Mod index 4 (name Mod2) got index 4
[1;32mDEBUG [0m]: xkb: Mod index 5 (name Mod3) got index 5
[1;32mDEBUG [0m]: xkb: Mod index 6 (name Mod4) got index 6
[1;32mDEBUG [0m]: xkb: Mod index 7 (name Mod5) got index 7
[1;32mDEBUG [0m]: Updating keymap fd for keyboard hl-virtual-keyboard-wtype
[1;32mDEBUG [0m]: Updated keymap fd to 96, keymap V1 to: 99
[1;32mDEBUG [0m]: Set the keyboard layout to us and variant to  for keyboard "hl-virtual-keyboard-wtype"
[1;32mDEBUG [0m]: New virtual keyboard created at 55dfae688740
[1;32mDEBUG [0m]: Updating keyboard 55dfae688740's translation state from a provided keymap
[1;32mDEBUG [0m]: Updating keymap fd for keyboard hl-virtual-keyboard-wtype
[1;32mDEBUG [0m]: Updated keymap fd to 96, keymap V1 to: 99
[1;32mDEBUG [0m]: [CLinuxDMABUFParamsResource] Creating a dmabuf, with id 80: size [Vector2D: x: 1140, y: 681], fmt AR24, planes 1
[1;32mDEBUG [0m]: [CLinuxDMABUFParamsResource]  | plane 0: mod 72057594037927952 fd 91 stride 4608 offset 0
[1;32mDEBUG [0m]: [CWLCompositorResource] New wl_region with id 88 at 55dfaee20e10
[1;32mDEBUG [0m]: [CLinuxDMABUFParamsResource] Creating a dmabuf, with id 88: size [Vector2D: x: 1140, y: 633], fmt AR24, planes 1
[1;32mDEBUG [0m]: [CLinuxDMABUFParamsResource]  | plane 0: mod 72057594037927952 fd 89 stride 4608 offset 0
[1;32mDEBUG [0m]: Keyboard at 55dfae688740 removed
[1;32mDEBUG [0m]: Destroyed keyboard 55dfae688740
[1;32mDEBUG [0m]: Hyprctl: new connection from pid 472
[1;32mDEBUG [0m]: [COutputImageCaptureSourceProtocol] New capture source for monitor: HEADLESS-1
[1;32mDEBUG [0m]: [CImageCopyCaptureProtocol] New image copy capture session for source (monitor): "HEADLESS-1"
[1;32mDEBUG [0m]: [CLinuxDMABUFParamsResource] Creating a dmabuf, with id 63: size [Vector2D: x: 1920, y: 1080], fmt AR24, planes 1
[1;32mDEBUG [0m]: [CLinuxDMABUFParamsResource]  | plane 0: mod 72057594037927952 fd 61 stride 7680 offset 0
[1;32mDEBUG [0m]: [Screenshare] Started screenshare session for (monitor): HEADLESS-1
[1;32mDEBUG [0m]: Hyprctl: new connection from pid 481
[1;32mDEBUG [0m]: [CWLSeatProtocol] New seat resource bound at 55dfad650f40
[1;32mDEBUG [0m]: [CVirtualKeyboardProtocol] New VKeyboard at id 5
[1;32mDEBUG [0m]: ApplyConfigToKeyboard for "hl-virtual-keyboard-wtype", hasconfig: 0
[1;32mDEBUG [0m]: Attempting to create a keymap for layout us with variant  (rules: , model: , options: )
[1;32mDEBUG [0m]: Updating keyboard 55dfae688740's translation state from a provided keymap
[1;32mDEBUG [0m]: xkb: LED index 0 (name Num Lock) got index 1
[1;32mDEBUG [0m]: xkb: LED index 1 (name Caps Lock) got index 0
[1;32mDEBUG [0m]: xkb: LED index 2 (name Scroll Lock) got index 2
[1;32mDEBUG [0m]: xkb: Mod index 0 (name Shift) got index 0
[1;32mDEBUG [0m]: xkb: Mod index 1 (name Lock) got index 1
[1;32mDEBUG [0m]: xkb: Mod index 2 (name Control) got index 2
[1;32mDEBUG [0m]: xkb: Mod index 3 (name Mod1) got index 3
[1;32mDEBUG [0m]: xkb: Mod index 4 (name Mod2) got index 4
[1;32mDEBUG [0m]: xkb: Mod index 5 (name Mod3) got index 5
[1;32mDEBUG [0m]: xkb: Mod index 6 (name Mod4) got index 6
[1;32mDEBUG [0m]: xkb: Mod index 7 (name Mod5) got index 7
[1;32mDEBUG [0m]: Updating keymap fd for keyboard hl-virtual-keyboard-wtype
[1;32mDEBUG [0m]: Updated keymap fd to 99, keymap V1 to: 101
[1;32mDEBUG [0m]: Set the keyboard layout to us and variant to  for keyboard "hl-virtual-keyboard-wtype"
[1;32mDEBUG [0m]: New virtual keyboard created at 55dfae688740
[1;32mDEBUG [0m]: Updating keyboard 55dfae688740's translation state from a provided keymap
[1;32mDEBUG [0m]: Updating keymap fd for keyboard hl-virtual-keyboard-wtype
[1;32mDEBUG [0m]: Updated keymap fd to 99, keymap V1 to: 101
[1;32mDEBUG [0m]: [CWLCompositorResource] New wl_region with id 78 at 55dfae6a3440
[1;32mDEBUG [0m]: [CLinuxDMABUFParamsResource] Creating a dmabuf, with id 77: size [Vector2D: x: 1140, y: 633], fmt AR24, planes 1
[1;32mDEBUG [0m]: [CLinuxDMABUFParamsResource]  | plane 0: mod 72057594037927952 fd 97 stride 4608 offset 0
[1;32mDEBUG [0m]: [CLinuxDMABUFParamsResource] Creating a dmabuf, with id 85: size [Vector2D: x: 1140, y: 681], fmt AR24, planes 1
[1;32mDEBUG [0m]: [CLinuxDMABUFParamsResource]  | plane 0: mod 72057594037927952 fd 88 stride 4608 offset 0
[1;32mDEBUG [0m]: Keyboard at 55dfae688740 removed
[1;32mDEBUG [0m]: Destroyed keyboard 55dfae688740
[1;32mDEBUG [0m]: [CWLSeatProtocol] New seat resource bound at 55dfaea18240
[1;32mDEBUG [0m]: [CVirtualKeyboardProtocol] New VKeyboard at id 5
[1;32mDEBUG [0m]: ApplyConfigToKeyboard for "hl-virtual-keyboard-wtype", hasconfig: 0
[1;32mDEBUG [0m]: Attempting to create a keymap for layout us with variant  (rules: , model: , options: )
[1;32mDEBUG [0m]: Updating keyboard 55dfae688740's translation state from a provided keymap
[1;32mDEBUG [0m]: xkb: LED index 0 (name Num Lock) got index 1
[1;32mDEBUG [0m]: xkb: LED index 1 (name Caps Lock) got index 0
[1;32mDEBUG [0m]: xkb: LED index 2 (name Scroll Lock) got index 2
[1;32mDEBUG [0m]: xkb: Mod index 0 (name Shift) got index 0
[1;32mDEBUG [0m]: xkb: Mod index 1 (name Lock) got index 1
[1;32mDEBUG [0m]: xkb: Mod index 2 (name Control) got index 2
[1;32mDEBUG [0m]: xkb: Mod index 3 (name Mod1) got index 3
[1;32mDEBUG [0m]: xkb: Mod index 4 (name Mod2) got index 4
[1;32mDEBUG [0m]: xkb: Mod index 5 (name Mod3) got index 5
[1;32mDEBUG [0m]: xkb: Mod index 6 (name Mod4) got index 6
[1;32mDEBUG [0m]: xkb: Mod index 7 (name Mod5) got index 7
[1;32mDEBUG [0m]: Updating keymap fd for keyboard hl-virtual-keyboard-wtype
[1;32mDEBUG [0m]: Updated keymap fd to 99, keymap V1 to: 101
[1;32mDEBUG [0m]: Set the keyboard layout to us and variant to  for keyboard "hl-virtual-keyboard-wtype"
[1;32mDEBUG [0m]: New virtual keyboard created at 55dfae688740
[1;32mDEBUG [0m]: Updating keyboard 55dfae688740's translation state from a provided keymap
[1;32mDEBUG [0m]: Updating keymap fd for keyboard hl-virtual-keyboard-wtype
[1;32mDEBUG [0m]: Updated keymap fd to 99, keymap V1 to: 101
[1;32mDEBUG [0m]: [CWLCompositorResource] New wl_region with id 75 at 55dfaedd47c0
[1;32mDEBUG [0m]: [CLinuxDMABUFParamsResource] Creating a dmabuf, with id 90: size [Vector2D: x: 1140, y: 681], fmt AR24, planes 1
[1;32mDEBUG [0m]: [CLinuxDMABUFParamsResource]  | plane 0: mod 72057594037927952 fd 91 stride 4608 offset 0
[1;32mDEBUG [0m]: [CWLCompositorResource] New wl_surface with id 96 at 55dfaf08be20
[1;32mDEBUG [0m]: Set keyboard focus to surface 55dfae64db10
[1;32mDEBUG [0m]: [CPrimarySelectionProtocol] CPrimarySelectionProtocol::updateSelection: cannot send selection to a client without a data_device
[1;32mDEBUG [0m]: [CWLCompositorResource] New wl_surface with id 98 at 55dfaf08be20
[1;32mDEBUG [0m]: CWLSurface 55dfae67be00 called init()
[1;32mDEBUG [0m]: LayerSurface 55dfae6add50 (namespace putkin-notifications layer 3) created on monitor HEADLESS-1
[1;32mDEBUG [0m]: [CLayerShellProtocol] New wlr_layer_surface 55dfae6add50
[1;32mDEBUG [0m]: cursorImage request: shape 1 -> default
[1;32mDEBUG [0m]: Keyboard at 55dfae688740 removed
[1;32mDEBUG [0m]: Destroyed keyboard 55dfae688740
[1;32mDEBUG [0m]: [CWLCompositorResource] New wl_region with id 88 at 55dfaee2a590
[1;32mDEBUG [0m]: [CLinuxDMABUFParamsResource] Creating a dmabuf, with id 101: size [Vector2D: x: 368, y: 40], fmt AR24, planes 1
[1;32mDEBUG [0m]: [CLinuxDMABUFParamsResource]  | plane 0: mod 72057594037927952 fd 79 stride 1536 offset 0
[1;32mDEBUG [0m]: LayerSurface 55dfae6add50 mapped
[1;32mDEBUG [0m]: [CLinuxDMABUFParamsResource] Creating a dmabuf, with id 96: size [Vector2D: x: 368, y: 254], fmt AR24, planes 1
[1;32mDEBUG [0m]: [CLinuxDMABUFParamsResource]  | plane 0: mod 72057594037927952 fd 90 stride 1536 offset 0
[1;32mDEBUG [0m]: [Screenshare] Stopped screenshare session for (monitor): HEADLESS-1
[1;32mDEBUG [0m]: LayerSurface 55dfad41a030 destroyed
[1;32mDEBUG [0m]: Forcing an unmap of a LS that did a straight destroy!
[1;32mDEBUG [0m]: LayerSurface 55dfad41a030 unmapped
[1;32mDEBUG [0m]: renderer: making a snapshot of layer 55dfaea9b170
[1;32mDEBUG [0m]: Framebuffer "layer snapshot" created, status 36053
[1;32mDEBUG [0m]: renderer: cleared a snapshot of layer 55dfaea9b170
[1;32mDEBUG [0m]: renderer: rendered a snapshot of layer 55dfaea9b170
[1;32mDEBUG [0m]: renderer: made a snapshot of layer 55dfaea9b170
[1;32mDEBUG [0m]: CWLSurface 55dfae680fa0 called destroy()
[1;32mDEBUG [0m]: Cleanup: removed 1 fadeouts
[1;32mDEBUG [0m]: [CWLCompositorResource] New wl_region with id 90 at 55dfaee79ea0
[1;32mDEBUG [0m]: [CLinuxDMABUFParamsResource] Creating a dmabuf, with id 93: size [Vector2D: x: 368, y: 254], fmt AR24, planes 1
[1;32mDEBUG [0m]: [CLinuxDMABUFParamsResource]  | plane 0: mod 72057594037927952 fd 79 stride 1536 offset 0
[1;32mDEBUG [0m]: LayerSurface 55dfae6add50 destroyed
[1;32mDEBUG [0m]: Forcing an unmap of a LS that did a straight destroy!
[1;32mDEBUG [0m]: LayerSurface 55dfae6add50 unmapped
[1;32mDEBUG [0m]: renderer: making a snapshot of layer 55dfaeb97660
[1;32mDEBUG [0m]: Framebuffer "layer snapshot" created, status 36053
[1;32mDEBUG [0m]: renderer: cleared a snapshot of layer 55dfaeb97660
[1;32mDEBUG [0m]: renderer: rendered a snapshot of layer 55dfaeb97660
[1;32mDEBUG [0m]: renderer: made a snapshot of layer 55dfaeb97660
[1;32mDEBUG [0m]: CWLSurface 55dfae67be00 called destroy()
[1;32mDEBUG [0m]: Cleanup: removed 1 fadeouts
[1;32mDEBUG [0m]: [CWLCompositorResource] New wl_surface with id 98 at 55dfaee1acd0
[1;32mDEBUG [0m]: [CWLCompositorResource] New wl_surface with id 77 at 55dfaee1acd0
[1;32mDEBUG [0m]: [CPrimarySelectionProtocol] CPrimarySelectionProtocol::updateSelection: cannot send selection to a client without a data_device
[1;32mDEBUG [0m]: CWLSurface 55dfae5bb5e0 called init()
[1;32mDEBUG [0m]: LayerSurface 55dfae6add50 (namespace putkin-panel layer 3) created on monitor HEADLESS-1
[1;32mDEBUG [0m]: [CLayerShellProtocol] New wlr_layer_surface 55dfae6add50
[1;32mDEBUG [0m]: cursorImage request: shape 1 -> default
[1;32mDEBUG [0m]: [CWLCompositorResource] New wl_region with id 98 at 55dfae77a210
[1;32mDEBUG [0m]: [CWLCompositorResource] New wl_region with id 84 at 55dfae77ecf0
[1;32mDEBUG [0m]: [CLinuxDMABUFParamsResource] Creating a dmabuf, with id 85: size [Vector2D: x: 368, y: 64], fmt AR24, planes 1
[1;32mDEBUG [0m]: [CLinuxDMABUFParamsResource]  | plane 0: mod 72057594037927952 fd 79 stride 1536 offset 0
[1;32mDEBUG [0m]: LayerSurface 55dfae6add50 mapped
[1;32mDEBUG [0m]: [CLinuxDMABUFParamsResource] Creating a dmabuf, with id 87: size [Vector2D: x: 368, y: 64], fmt AR24, planes 1
[1;32mDEBUG [0m]: [CLinuxDMABUFParamsResource]  | plane 0: mod 72057594037927952 fd 84 stride 1536 offset 0
[1;32mDEBUG [0m]: [CLinuxDMABUFParamsResource] Creating a dmabuf, with id 90: size [Vector2D: x: 368, y: 1072], fmt AR24, planes 1
[1;32mDEBUG [0m]: [CLinuxDMABUFParamsResource]  | plane 0: mod 72057594037927952 fd 88 stride 1536 offset 0
[1;32mDEBUG [0m]: [CWLSeatProtocol] New seat resource bound at 55dfae77a550
[1;32mDEBUG [0m]: [CVirtualKeyboardProtocol] New VKeyboard at id 5
[1;32mDEBUG [0m]: ApplyConfigToKeyboard for "hl-virtual-keyboard-wtype", hasconfig: 0
[1;32mDEBUG [0m]: Attempting to create a keymap for layout us with variant  (rules: , model: , options: )
[1;32mDEBUG [0m]: Updating keyboard 55dfae688740's translation state from a provided keymap
[1;32mDEBUG [0m]: xkb: LED index 0 (name Num Lock) got index 1
[1;32mDEBUG [0m]: xkb: LED index 1 (name Caps Lock) got index 0
[1;32mDEBUG [0m]: xkb: LED index 2 (name Scroll Lock) got index 2
[1;32mDEBUG [0m]: xkb: Mod index 0 (name Shift) got index 0
[1;32mDEBUG [0m]: xkb: Mod index 1 (name Lock) got index 1
[1;32mDEBUG [0m]: xkb: Mod index 2 (name Control) got index 2
[1;32mDEBUG [0m]: xkb: Mod index 3 (name Mod1) got index 3
[1;32mDEBUG [0m]: xkb: Mod index 4 (name Mod2) got index 4
[1;32mDEBUG [0m]: xkb: Mod index 5 (name Mod3) got index 5
[1;32mDEBUG [0m]: xkb: Mod index 6 (name Mod4) got index 6
[1;32mDEBUG [0m]: xkb: Mod index 7 (name Mod5) got index 7
[1;32mDEBUG [0m]: Updating keymap fd for keyboard hl-virtual-keyboard-wtype
[1;32mDEBUG [0m]: Updated keymap fd to 99, keymap V1 to: 101
[1;32mDEBUG [0m]: Set the keyboard layout to us and variant to  for keyboard "hl-virtual-keyboard-wtype"
[1;32mDEBUG [0m]: New virtual keyboard created at 55dfae688740
[1;32mDEBUG [0m]: Updating keyboard 55dfae688740's translation state from a provided keymap
[1;32mDEBUG [0m]: Updating keymap fd for keyboard hl-virtual-keyboard-wtype
[1;32mDEBUG [0m]: Updated keymap fd to 99, keymap V1 to: 101
[1;32mDEBUG [0m]: [CLinuxDMABUFParamsResource] Creating a dmabuf, with id 84: size [Vector2D: x: 368, y: 1072], fmt AR24, planes 1
[1;32mDEBUG [0m]: [CLinuxDMABUFParamsResource]  | plane 0: mod 72057594037927952 fd 97 stride 1536 offset 0
[1;32mDEBUG [0m]: Keyboard at 55dfae688740 removed
[1;32mDEBUG [0m]: Destroyed keyboard 55dfae688740
[1;32mDEBUG [0m]: [CWLSeatProtocol] New seat resource bound at 55dfae77aea0
[1;32mDEBUG [0m]: [CVirtualKeyboardProtocol] New VKeyboard at id 5
[1;32mDEBUG [0m]: ApplyConfigToKeyboard for "hl-virtual-keyboard-wtype", hasconfig: 0
[1;32mDEBUG [0m]: Attempting to create a keymap for layout us with variant  (rules: , model: , options: )
[1;32mDEBUG [0m]: Updating keyboard 55dfae688740's translation state from a provided keymap
[1;32mDEBUG [0m]: xkb: LED index 0 (name Num Lock) got index 1
[1;32mDEBUG [0m]: xkb: LED index 1 (name Caps Lock) got index 0
[1;32mDEBUG [0m]: xkb: LED index 2 (name Scroll Lock) got index 2
[1;32mDEBUG [0m]: xkb: Mod index 0 (name Shift) got index 0
[1;32mDEBUG [0m]: xkb: Mod index 1 (name Lock) got index 1
[1;32mDEBUG [0m]: xkb: Mod index 2 (name Control) got index 2
[1;32mDEBUG [0m]: xkb: Mod index 3 (name Mod1) got index 3
[1;32mDEBUG [0m]: xkb: Mod index 4 (name Mod2) got index 4
[1;32mDEBUG [0m]: xkb: Mod index 5 (name Mod3) got index 5
[1;32mDEBUG [0m]: xkb: Mod index 6 (name Mod4) got index 6
[1;32mDEBUG [0m]: xkb: Mod index 7 (name Mod5) got index 7
[1;32mDEBUG [0m]: Updating keymap fd for keyboard hl-virtual-keyboard-wtype
[1;32mDEBUG [0m]: Updated keymap fd to 99, keymap V1 to: 101
[1;32mDEBUG [0m]: Set the keyboard layout to us and variant to  for keyboard "hl-virtual-keyboard-wtype"
[1;32mDEBUG [0m]: New virtual keyboard created at 55dfae688740
[1;32mDEBUG [0m]: Updating keyboard 55dfae688740's translation state from a provided keymap
[1;32mDEBUG [0m]: Updating keymap fd for keyboard hl-virtual-keyboard-wtype
[1;32mDEBUG [0m]: Updated keymap fd to 99, keymap V1 to: 101
[1;32mDEBUG [0m]: Keyboard at 55dfae688740 removed
[1;32mDEBUG [0m]: Destroyed keyboard 55dfae688740
[1;32mDEBUG [0m]: [CWLSeatProtocol] New seat resource bound at 55dfaede8790
[1;32mDEBUG [0m]: [CVirtualKeyboardProtocol] New VKeyboard at id 5
[1;32mDEBUG [0m]: ApplyConfigToKeyboard for "hl-virtual-keyboard-wtype", hasconfig: 0
[1;32mDEBUG [0m]: Attempting to create a keymap for layout us with variant  (rules: , model: , options: )
[1;32mDEBUG [0m]: Updating keyboard 55dfae688740's translation state from a provided keymap
[1;32mDEBUG [0m]: xkb: LED index 0 (name Num Lock) got index 1
[1;32mDEBUG [0m]: xkb: LED index 1 (name Caps Lock) got index 0
[1;32mDEBUG [0m]: xkb: LED index 2 (name Scroll Lock) got index 2
[1;32mDEBUG [0m]: xkb: Mod index 0 (name Shift) got index 0
[1;32mDEBUG [0m]: xkb: Mod index 1 (name Lock) got index 1
[1;32mDEBUG [0m]: xkb: Mod index 2 (name Control) got index 2
[1;32mDEBUG [0m]: xkb: Mod index 3 (name Mod1) got index 3
[1;32mDEBUG [0m]: xkb: Mod index 4 (name Mod2) got index 4
[1;32mDEBUG [0m]: xkb: Mod index 5 (name Mod3) got index 5
[1;32mDEBUG [0m]: xkb: Mod index 6 (name Mod4) got index 6
[1;32mDEBUG [0m]: xkb: Mod index 7 (name Mod5) got index 7
[1;32mDEBUG [0m]: Updating keymap fd for keyboard hl-virtual-keyboard-wtype
[1;32mDEBUG [0m]: Updated keymap fd to 99, keymap V1 to: 101
[1;32mDEBUG [0m]: Set the keyboard layout to us and variant to  for keyboard "hl-virtual-keyboard-wtype"
[1;32mDEBUG [0m]: New virtual keyboard created at 55dfae688740
[1;32mDEBUG [0m]: Updating keyboard 55dfae688740's translation state from a provided keymap
[1;32mDEBUG [0m]: Updating keymap fd for keyboard hl-virtual-keyboard-wtype
[1;32mDEBUG [0m]: Updated keymap fd to 99, keymap V1 to: 101
[1;32mDEBUG [0m]: Keyboard at 55dfae688740 removed
[1;32mDEBUG [0m]: Destroyed keyboard 55dfae688740
[1;32mDEBUG [0m]: [CWLSeatProtocol] New seat resource bound at 55dfae77ce90
[1;32mDEBUG [0m]: [CVirtualKeyboardProtocol] New VKeyboard at id 5
[1;32mDEBUG [0m]: ApplyConfigToKeyboard for "hl-virtual-keyboard-wtype", hasconfig: 0
[1;32mDEBUG [0m]: Attempting to create a keymap for layout us with variant  (rules: , model: , options: )
[1;32mDEBUG [0m]: Updating keyboard 55dfae688740's translation state from a provided keymap
[1;32mDEBUG [0m]: xkb: LED index 0 (name Num Lock) got index 1
[1;32mDEBUG [0m]: xkb: LED index 1 (name Caps Lock) got index 0
[1;32mDEBUG [0m]: xkb: LED index 2 (name Scroll Lock) got index 2
[1;32mDEBUG [0m]: xkb: Mod index 0 (name Shift) got index 0
[1;32mDEBUG [0m]: xkb: Mod index 1 (name Lock) got index 1
[1;32mDEBUG [0m]: xkb: Mod index 2 (name Control) got index 2
[1;32mDEBUG [0m]: xkb: Mod index 3 (name Mod1) got index 3
[1;32mDEBUG [0m]: xkb: Mod index 4 (name Mod2) got index 4
[1;32mDEBUG [0m]: xkb: Mod index 5 (name Mod3) got index 5
[1;32mDEBUG [0m]: xkb: Mod index 6 (name Mod4) got index 6
[1;32mDEBUG [0m]: xkb: Mod index 7 (name Mod5) got index 7
[1;32mDEBUG [0m]: Updating keymap fd for keyboard hl-virtual-keyboard-wtype
[1;32mDEBUG [0m]: Updated keymap fd to 99, keymap V1 to: 101
[1;32mDEBUG [0m]: Set the keyboard layout to us and variant to  for keyboard "hl-virtual-keyboard-wtype"
[1;32mDEBUG [0m]: New virtual keyboard created at 55dfae688740
[1;32mDEBUG [0m]: Updating keyboard 55dfae688740's translation state from a provided keymap
[1;32mDEBUG [0m]: Updating keymap fd for keyboard hl-virtual-keyboard-wtype
[1;32mDEBUG [0m]: Updated keymap fd to 99, keymap V1 to: 101
[1;32mDEBUG [0m]: Keyboard at 55dfae688740 removed
[1;32mDEBUG [0m]: Destroyed keyboard 55dfae688740
[1;32mDEBUG [0m]: [CWLSeatProtocol] New seat resource bound at 55dfae97f750
[1;32mDEBUG [0m]: [CVirtualKeyboardProtocol] New VKeyboard at id 5
[1;32mDEBUG [0m]: ApplyConfigToKeyboard for "hl-virtual-keyboard-wtype", hasconfig: 0
[1;32mDEBUG [0m]: Attempting to create a keymap for layout us with variant  (rules: , model: , options: )
[1;32mDEBUG [0m]: Updating keyboard 55dfae688740's translation state from a provided keymap
[1;32mDEBUG [0m]: xkb: LED index 0 (name Num Lock) got index 1
[1;32mDEBUG [0m]: xkb: LED index 1 (name Caps Lock) got index 0
[1;32mDEBUG [0m]: xkb: LED index 2 (name Scroll Lock) got index 2
[1;32mDEBUG [0m]: xkb: Mod index 0 (name Shift) got index 0
[1;32mDEBUG [0m]: xkb: Mod index 1 (name Lock) got index 1
[1;32mDEBUG [0m]: xkb: Mod index 2 (name Control) got index 2
[1;32mDEBUG [0m]: xkb: Mod index 3 (name Mod1) got index 3
[1;32mDEBUG [0m]: xkb: Mod index 4 (name Mod2) got index 4
[1;32mDEBUG [0m]: xkb: Mod index 5 (name Mod3) got index 5
[1;32mDEBUG [0m]: xkb: Mod index 6 (name Mod4) got index 6
[1;32mDEBUG [0m]: xkb: Mod index 7 (name Mod5) got index 7
[1;32mDEBUG [0m]: Updating keymap fd for keyboard hl-virtual-keyboard-wtype
[1;32mDEBUG [0m]: Updated keymap fd to 99, keymap V1 to: 101
[1;32mDEBUG [0m]: Set the keyboard layout to us and variant to  for keyboard "hl-virtual-keyboard-wtype"
[1;32mDEBUG [0m]: New virtual keyboard created at 55dfae688740
[1;32mDEBUG [0m]: Updating keyboard 55dfae688740's translation state from a provided keymap
[1;32mDEBUG [0m]: Updating keymap fd for keyboard hl-virtual-keyboard-wtype
[1;32mDEBUG [0m]: Updated keymap fd to 99, keymap V1 to: 101
[1;32mDEBUG [0m]: Keyboard at 55dfae688740 removed
[1;32mDEBUG [0m]: Destroyed keyboard 55dfae688740
[1;32mDEBUG [0m]: [CWLSeatProtocol] New seat resource bound at 55dfae9affc0
[1;32mDEBUG [0m]: [CVirtualKeyboardProtocol] New VKeyboard at id 5
[1;32mDEBUG [0m]: ApplyConfigToKeyboard for "hl-virtual-keyboard-wtype", hasconfig: 0
[1;32mDEBUG [0m]: Attempting to create a keymap for layout us with variant  (rules: , model: , options: )
[1;32mDEBUG [0m]: Updating keyboard 55dfae688740's translation state from a provided keymap
[1;32mDEBUG [0m]: xkb: LED index 0 (name Num Lock) got index 1
[1;32mDEBUG [0m]: xkb: LED index 1 (name Caps Lock) got index 0
[1;32mDEBUG [0m]: xkb: LED index 2 (name Scroll Lock) got index 2
[1;32mDEBUG [0m]: xkb: Mod index 0 (name Shift) got index 0
[1;32mDEBUG [0m]: xkb: Mod index 1 (name Lock) got index 1
[1;32mDEBUG [0m]: xkb: Mod index 2 (name Control) got index 2
[1;32mDEBUG [0m]: xkb: Mod index 3 (name Mod1) got index 3
[1;32mDEBUG [0m]: xkb: Mod index 4 (name Mod2) got index 4
[1;32mDEBUG [0m]: xkb: Mod index 5 (name Mod3) got index 5
[1;32mDEBUG [0m]: xkb: Mod index 6 (name Mod4) got index 6
[1;32mDEBUG [0m]: xkb: Mod index 7 (name Mod5) got index 7
[1;32mDEBUG [0m]: Updating keymap fd for keyboard hl-virtual-keyboard-wtype
[1;32mDEBUG [0m]: Updated keymap fd to 99, keymap V1 to: 101
[1;32mDEBUG [0m]: Set the keyboard layout to us and variant to  for keyboard "hl-virtual-keyboard-wtype"
[1;32mDEBUG [0m]: New virtual keyboard created at 55dfae688740
[1;32mDEBUG [0m]: Updating keyboard 55dfae688740's translation state from a provided keymap
[1;32mDEBUG [0m]: Updating keymap fd for keyboard hl-virtual-keyboard-wtype
[1;32mDEBUG [0m]: Updated keymap fd to 99, keymap V1 to: 101
[1;32mDEBUG [0m]: Keyboard at 55dfae688740 removed
[1;32mDEBUG [0m]: Destroyed keyboard 55dfae688740
[1;32mDEBUG [0m]: [CWLSeatProtocol] New seat resource bound at 55dfae97f6a0
[1;32mDEBUG [0m]: [CVirtualKeyboardProtocol] New VKeyboard at id 5
[1;32mDEBUG [0m]: ApplyConfigToKeyboard for "hl-virtual-keyboard-wtype", hasconfig: 0
[1;32mDEBUG [0m]: Attempting to create a keymap for layout us with variant  (rules: , model: , options: )
[1;32mDEBUG [0m]: Updating keyboard 55dfae688740's translation state from a provided keymap
[1;32mDEBUG [0m]: xkb: LED index 0 (name Num Lock) got index 1
[1;32mDEBUG [0m]: xkb: LED index 1 (name Caps Lock) got index 0
[1;32mDEBUG [0m]: xkb: LED index 2 (name Scroll Lock) got index 2
[1;32mDEBUG [0m]: xkb: Mod index 0 (name Shift) got index 0
[1;32mDEBUG [0m]: xkb: Mod index 1 (name Lock) got index 1
[1;32mDEBUG [0m]: xkb: Mod index 2 (name Control) got index 2
[1;32mDEBUG [0m]: xkb: Mod index 3 (name Mod1) got index 3
[1;32mDEBUG [0m]: xkb: Mod index 4 (name Mod2) got index 4
[1;32mDEBUG [0m]: xkb: Mod index 5 (name Mod3) got index 5
[1;32mDEBUG [0m]: xkb: Mod index 6 (name Mod4) got index 6
[1;32mDEBUG [0m]: xkb: Mod index 7 (name Mod5) got index 7
[1;32mDEBUG [0m]: Updating keymap fd for keyboard hl-virtual-keyboard-wtype
[1;32mDEBUG [0m]: Updated keymap fd to 99, keymap V1 to: 101
[1;32mDEBUG [0m]: Set the keyboard layout to us and variant to  for keyboard "hl-virtual-keyboard-wtype"
[1;32mDEBUG [0m]: New virtual keyboard created at 55dfae688740
[1;32mDEBUG [0m]: Updating keyboard 55dfae688740's translation state from a provided keymap
[1;32mDEBUG [0m]: Updating keymap fd for keyboard hl-virtual-keyboard-wtype
[1;32mDEBUG [0m]: Updated keymap fd to 99, keymap V1 to: 101
[1;32mDEBUG [0m]: Keyboard at 55dfae688740 removed
[1;32mDEBUG [0m]: Destroyed keyboard 55dfae688740
[1;32mDEBUG [0m]: [CWLSeatProtocol] New seat resource bound at 55dfaee33fd0
[1;32mDEBUG [0m]: [CVirtualKeyboardProtocol] New VKeyboard at id 5
[1;32mDEBUG [0m]: ApplyConfigToKeyboard for "hl-virtual-keyboard-wtype", hasconfig: 0
[1;32mDEBUG [0m]: Attempting to create a keymap for layout us with variant  (rules: , model: , options: )
[1;32mDEBUG [0m]: Updating keyboard 55dfae688740's translation state from a provided keymap
[1;32mDEBUG [0m]: xkb: LED index 0 (name Num Lock) got index 1
[1;32mDEBUG [0m]: xkb: LED index 1 (name Caps Lock) got index 0
[1;32mDEBUG [0m]: xkb: LED index 2 (name Scroll Lock) got index 2
[1;32mDEBUG [0m]: xkb: Mod index 0 (name Shift) got index 0
[1;32mDEBUG [0m]: xkb: Mod index 1 (name Lock) got index 1
[1;32mDEBUG [0m]: xkb: Mod index 2 (name Control) got index 2
[1;32mDEBUG [0m]: xkb: Mod index 3 (name Mod1) got index 3
[1;32mDEBUG [0m]: xkb: Mod index 4 (name Mod2) got index 4
[1;32mDEBUG [0m]: xkb: Mod index 5 (name Mod3) got index 5
[1;32mDEBUG [0m]: xkb: Mod index 6 (name Mod4) got index 6
[1;32mDEBUG [0m]: xkb: Mod index 7 (name Mod5) got index 7
[1;32mDEBUG [0m]: Updating keymap fd for keyboard hl-virtual-keyboard-wtype
[1;32mDEBUG [0m]: Updated keymap fd to 99, keymap V1 to: 101
[1;32mDEBUG [0m]: Set the keyboard layout to us and variant to  for keyboard "hl-virtual-keyboard-wtype"
[1;32mDEBUG [0m]: New virtual keyboard created at 55dfae688740
[1;32mDEBUG [0m]: Updating keyboard 55dfae688740's translation state from a provided keymap
[1;32mDEBUG [0m]: Updating keymap fd for keyboard hl-virtual-keyboard-wtype
[1;32mDEBUG [0m]: Updated keymap fd to 99, keymap V1 to: 101
[1;32mDEBUG [0m]: Keyboard at 55dfae688740 removed
[1;32mDEBUG [0m]: Destroyed keyboard 55dfae688740
[1;32mDEBUG [0m]: [CWLSeatProtocol] New seat resource bound at 55dfae9affc0
[1;32mDEBUG [0m]: [CVirtualKeyboardProtocol] New VKeyboard at id 5
[1;32mDEBUG [0m]: ApplyConfigToKeyboard for "hl-virtual-keyboard-wtype", hasconfig: 0
[1;32mDEBUG [0m]: Attempting to create a keymap for layout us with variant  (rules: , model: , options: )
[1;32mDEBUG [0m]: Updating keyboard 55dfae688740's translation state from a provided keymap
[1;32mDEBUG [0m]: xkb: LED index 0 (name Num Lock) got index 1
[1;32mDEBUG [0m]: xkb: LED index 1 (name Caps Lock) got index 0
[1;32mDEBUG [0m]: xkb: LED index 2 (name Scroll Lock) got index 2
[1;32mDEBUG [0m]: xkb: Mod index 0 (name Shift) got index 0
[1;32mDEBUG [0m]: xkb: Mod index 1 (name Lock) got index 1
[1;32mDEBUG [0m]: xkb: Mod index 2 (name Control) got index 2
[1;32mDEBUG [0m]: xkb: Mod index 3 (name Mod1) got index 3
[1;32mDEBUG [0m]: xkb: Mod index 4 (name Mod2) got index 4
[1;32mDEBUG [0m]: xkb: Mod index 5 (name Mod3) got index 5
[1;32mDEBUG [0m]: xkb: Mod index 6 (name Mod4) got index 6
[1;32mDEBUG [0m]: xkb: Mod index 7 (name Mod5) got index 7
[1;32mDEBUG [0m]: Updating keymap fd for keyboard hl-virtual-keyboard-wtype
[1;32mDEBUG [0m]: Updated keymap fd to 99, keymap V1 to: 101
[1;32mDEBUG [0m]: Set the keyboard layout to us and variant to  for keyboard "hl-virtual-keyboard-wtype"
[1;32mDEBUG [0m]: New virtual keyboard created at 55dfae688740
[1;32mDEBUG [0m]: Updating keyboard 55dfae688740's translation state from a provided keymap
[1;32mDEBUG [0m]: Updating keymap fd for keyboard hl-virtual-keyboard-wtype
[1;32mDEBUG [0m]: Updated keymap fd to 99, keymap V1 to: 101
[1;32mDEBUG [0m]: Keyboard at 55dfae688740 removed
[1;32mDEBUG [0m]: Destroyed keyboard 55dfae688740
[1;32mDEBUG [0m]: [CWLSeatProtocol] New seat resource bound at 55dfaedd6cb0
[1;32mDEBUG [0m]: [CVirtualKeyboardProtocol] New VKeyboard at id 5
[1;32mDEBUG [0m]: ApplyConfigToKeyboard for "hl-virtual-keyboard-wtype", hasconfig: 0
[1;32mDEBUG [0m]: Attempting to create a keymap for layout us with variant  (rules: , model: , options: )
[1;32mDEBUG [0m]: Updating keyboard 55dfae688740's translation state from a provided keymap
[1;32mDEBUG [0m]: xkb: LED index 0 (name Num Lock) got index 1
[1;32mDEBUG [0m]: xkb: LED index 1 (name Caps Lock) got index 0
[1;32mDEBUG [0m]: xkb: LED index 2 (name Scroll Lock) got index 2
[1;32mDEBUG [0m]: xkb: Mod index 0 (name Shift) got index 0
[1;32mDEBUG [0m]: xkb: Mod index 1 (name Lock) got index 1
[1;32mDEBUG [0m]: xkb: Mod index 2 (name Control) got index 2
[1;32mDEBUG [0m]: xkb: Mod index 3 (name Mod1) got index 3
[1;32mDEBUG [0m]: xkb: Mod index 4 (name Mod2) got index 4
[1;32mDEBUG [0m]: xkb: Mod index 5 (name Mod3) got index 5
[1;32mDEBUG [0m]: xkb: Mod index 6 (name Mod4) got index 6
[1;32mDEBUG [0m]: xkb: Mod index 7 (name Mod5) got index 7
[1;32mDEBUG [0m]: Updating keymap fd for keyboard hl-virtual-keyboard-wtype
[1;32mDEBUG [0m]: Updated keymap fd to 99, keymap V1 to: 101
[1;32mDEBUG [0m]: Set the keyboard layout to us and variant to  for keyboard "hl-virtual-keyboard-wtype"
[1;32mDEBUG [0m]: New virtual keyboard created at 55dfae688740
[1;32mDEBUG [0m]: Updating keyboard 55dfae688740's translation state from a provided keymap
[1;32mDEBUG [0m]: Updating keymap fd for keyboard hl-virtual-keyboard-wtype
[1;32mDEBUG [0m]: Updated keymap fd to 99, keymap V1 to: 101
[1;32mDEBUG [0m]: Keyboard at 55dfae688740 removed
[1;32mDEBUG [0m]: Destroyed keyboard 55dfae688740
[1;32mDEBUG [0m]: [CWLSeatProtocol] New seat resource bound at 55dfaedd6900
[1;32mDEBUG [0m]: [CVirtualKeyboardProtocol] New VKeyboard at id 5
[1;32mDEBUG [0m]: ApplyConfigToKeyboard for "hl-virtual-keyboard-wtype", hasconfig: 0
[1;32mDEBUG [0m]: Attempting to create a keymap for layout us with variant  (rules: , model: , options: )
[1;32mDEBUG [0m]: Updating keyboard 55dfae688740's translation state from a provided keymap
[1;32mDEBUG [0m]: xkb: LED index 0 (name Num Lock) got index 1
[1;32mDEBUG [0m]: xkb: LED index 1 (name Caps Lock) got index 0
[1;32mDEBUG [0m]: xkb: LED index 2 (name Scroll Lock) got index 2
[1;32mDEBUG [0m]: xkb: Mod index 0 (name Shift) got index 0
[1;32mDEBUG [0m]: xkb: Mod index 1 (name Lock) got index 1
[1;32mDEBUG [0m]: xkb: Mod index 2 (name Control) got index 2
[1;32mDEBUG [0m]: xkb: Mod index 3 (name Mod1) got index 3
[1;32mDEBUG [0m]: xkb: Mod index 4 (name Mod2) got index 4
[1;32mDEBUG [0m]: xkb: Mod index 5 (name Mod3) got index 5
[1;32mDEBUG [0m]: xkb: Mod index 6 (name Mod4) got index 6
[1;32mDEBUG [0m]: xkb: Mod index 7 (name Mod5) got index 7
[1;32mDEBUG [0m]: Updating keymap fd for keyboard hl-virtual-keyboard-wtype
[1;32mDEBUG [0m]: Updated keymap fd to 99, keymap V1 to: 101
[1;32mDEBUG [0m]: Set the keyboard layout to us and variant to  for keyboard "hl-virtual-keyboard-wtype"
[1;32mDEBUG [0m]: New virtual keyboard created at 55dfae688740
[1;32mDEBUG [0m]: Updating keyboard 55dfae688740's translation state from a provided keymap
[1;32mDEBUG [0m]: Updating keymap fd for keyboard hl-virtual-keyboard-wtype
[1;32mDEBUG [0m]: Updated keymap fd to 99, keymap V1 to: 101
[1;32mDEBUG [0m]: Keyboard at 55dfae688740 removed
[1;32mDEBUG [0m]: Destroyed keyboard 55dfae688740
[1;32mDEBUG [0m]: [CWLSeatProtocol] New seat resource bound at 55dfaf07ad40
[1;32mDEBUG [0m]: [CVirtualKeyboardProtocol] New VKeyboard at id 5
[1;32mDEBUG [0m]: ApplyConfigToKeyboard for "hl-virtual-keyboard-wtype", hasconfig: 0
[1;32mDEBUG [0m]: Attempting to create a keymap for layout us with variant  (rules: , model: , options: )
[1;32mDEBUG [0m]: Updating keyboard 55dfae688740's translation state from a provided keymap
[1;32mDEBUG [0m]: xkb: LED index 0 (name Num Lock) got index 1
[1;32mDEBUG [0m]: xkb: LED index 1 (name Caps Lock) got index 0
[1;32mDEBUG [0m]: xkb: LED index 2 (name Scroll Lock) got index 2
[1;32mDEBUG [0m]: xkb: Mod index 0 (name Shift) got index 0
[1;32mDEBUG [0m]: xkb: Mod index 1 (name Lock) got index 1
[1;32mDEBUG [0m]: xkb: Mod index 2 (name Control) got index 2
[1;32mDEBUG [0m]: xkb: Mod index 3 (name Mod1) got index 3
[1;32mDEBUG [0m]: xkb: Mod index 4 (name Mod2) got index 4
[1;32mDEBUG [0m]: xkb: Mod index 5 (name Mod3) got index 5
[1;32mDEBUG [0m]: xkb: Mod index 6 (name Mod4) got index 6
[1;32mDEBUG [0m]: xkb: Mod index 7 (name Mod5) got index 7
[1;32mDEBUG [0m]: Updating keymap fd for keyboard hl-virtual-keyboard-wtype
[1;32mDEBUG [0m]: Updated keymap fd to 99, keymap V1 to: 101
[1;32mDEBUG [0m]: Set the keyboard layout to us and variant to  for keyboard "hl-virtual-keyboard-wtype"
[1;32mDEBUG [0m]: New virtual keyboard created at 55dfae688740
[1;32mDEBUG [0m]: Updating keyboard 55dfae688740's translation state from a provided keymap
[1;32mDEBUG [0m]: Updating keymap fd for keyboard hl-virtual-keyboard-wtype
[1;32mDEBUG [0m]: Updated keymap fd to 99, keymap V1 to: 101
[1;32mDEBUG [0m]: Keyboard at 55dfae688740 removed
[1;32mDEBUG [0m]: Destroyed keyboard 55dfae688740
[1;32mDEBUG [0m]: [CWLSeatProtocol] New seat resource bound at 55dfae66db10
[1;32mDEBUG [0m]: [CVirtualKeyboardProtocol] New VKeyboard at id 5
[1;32mDEBUG [0m]: ApplyConfigToKeyboard for "hl-virtual-keyboard-wtype", hasconfig: 0
[1;32mDEBUG [0m]: Attempting to create a keymap for layout us with variant  (rules: , model: , options: )
[1;32mDEBUG [0m]: Updating keyboard 55dfae688740's translation state from a provided keymap
[1;32mDEBUG [0m]: xkb: LED index 0 (name Num Lock) got index 1
[1;32mDEBUG [0m]: xkb: LED index 1 (name Caps Lock) got index 0
[1;32mDEBUG [0m]: xkb: LED index 2 (name Scroll Lock) got index 2
[1;32mDEBUG [0m]: xkb: Mod index 0 (name Shift) got index 0
[1;32mDEBUG [0m]: xkb: Mod index 1 (name Lock) got index 1
[1;32mDEBUG [0m]: xkb: Mod index 2 (name Control) got index 2
[1;32mDEBUG [0m]: xkb: Mod index 3 (name Mod1) got index 3
[1;32mDEBUG [0m]: xkb: Mod index 4 (name Mod2) got index 4
[1;32mDEBUG [0m]: xkb: Mod index 5 (name Mod3) got index 5
[1;32mDEBUG [0m]: xkb: Mod index 6 (name Mod4) got index 6
[1;32mDEBUG [0m]: xkb: Mod index 7 (name Mod5) got index 7
[1;32mDEBUG [0m]: Updating keymap fd for keyboard hl-virtual-keyboard-wtype
[1;32mDEBUG [0m]: Updated keymap fd to 99, keymap V1 to: 101
[1;32mDEBUG [0m]: Set the keyboard layout to us and variant to  for keyboard "hl-virtual-keyboard-wtype"
[1;32mDEBUG [0m]: New virtual keyboard created at 55dfae688740
[1;32mDEBUG [0m]: Updating keyboard 55dfae688740's translation state from a provided keymap
[1;32mDEBUG [0m]: Updating keymap fd for keyboard hl-virtual-keyboard-wtype
[1;32mDEBUG [0m]: Updated keymap fd to 99, keymap V1 to: 101
[1;32mDEBUG [0m]: Keyboard at 55dfae688740 removed
[1;32mDEBUG [0m]: Destroyed keyboard 55dfae688740
[1;32mDEBUG [0m]: [CWLSeatProtocol] New seat resource bound at 55dfae77a550
[1;32mDEBUG [0m]: [CVirtualKeyboardProtocol] New VKeyboard at id 5
[1;32mDEBUG [0m]: ApplyConfigToKeyboard for "hl-virtual-keyboard-wtype", hasconfig: 0
[1;32mDEBUG [0m]: Attempting to create a keymap for layout us with variant  (rules: , model: , options: )
[1;32mDEBUG [0m]: Updating keyboard 55dfae688740's translation state from a provided keymap
[1;32mDEBUG [0m]: xkb: LED index 0 (name Num Lock) got index 1
[1;32mDEBUG [0m]: xkb: LED index 1 (name Caps Lock) got index 0
[1;32mDEBUG [0m]: xkb: LED index 2 (name Scroll Lock) got index 2
[1;32mDEBUG [0m]: xkb: Mod index 0 (name Shift) got index 0
[1;32mDEBUG [0m]: xkb: Mod index 1 (name Lock) got index 1
[1;32mDEBUG [0m]: xkb: Mod index 2 (name Control) got index 2
[1;32mDEBUG [0m]: xkb: Mod index 3 (name Mod1) got index 3
[1;32mDEBUG [0m]: xkb: Mod index 4 (name Mod2) got index 4
[1;32mDEBUG [0m]: xkb: Mod index 5 (name Mod3) got index 5
[1;32mDEBUG [0m]: xkb: Mod index 6 (name Mod4) got index 6
[1;32mDEBUG [0m]: xkb: Mod index 7 (name Mod5) got index 7
[1;32mDEBUG [0m]: Updating keymap fd for keyboard hl-virtual-keyboard-wtype
[1;32mDEBUG [0m]: Updated keymap fd to 99, keymap V1 to: 101
[1;32mDEBUG [0m]: Set the keyboard layout to us and variant to  for keyboard "hl-virtual-keyboard-wtype"
[1;32mDEBUG [0m]: New virtual keyboard created at 55dfae688740
[1;32mDEBUG [0m]: Updating keyboard 55dfae688740's translation state from a provided keymap
[1;32mDEBUG [0m]: Updating keymap fd for keyboard hl-virtual-keyboard-wtype
[1;32mDEBUG [0m]: Updated keymap fd to 99, keymap V1 to: 101
[1;32mDEBUG [0m]: Keyboard at 55dfae688740 removed
[1;32mDEBUG [0m]: Destroyed keyboard 55dfae688740
[1;32mDEBUG [0m]: [CWLSeatProtocol] New seat resource bound at 55dfae699200
[1;32mDEBUG [0m]: [CVirtualKeyboardProtocol] New VKeyboard at id 5
[1;32mDEBUG [0m]: ApplyConfigToKeyboard for "hl-virtual-keyboard-wtype", hasconfig: 0
[1;32mDEBUG [0m]: Attempting to create a keymap for layout us with variant  (rules: , model: , options: )
[1;32mDEBUG [0m]: Updating keyboard 55dfae688740's translation state from a provided keymap
[1;32mDEBUG [0m]: xkb: LED index 0 (name Num Lock) got index 1
[1;32mDEBUG [0m]: xkb: LED index 1 (name Caps Lock) got index 0
[1;32mDEBUG [0m]: xkb: LED index 2 (name Scroll Lock) got index 2
[1;32mDEBUG [0m]: xkb: Mod index 0 (name Shift) got index 0
[1;32mDEBUG [0m]: xkb: Mod index 1 (name Lock) got index 1
[1;32mDEBUG [0m]: xkb: Mod index 2 (name Control) got index 2
[1;32mDEBUG [0m]: xkb: Mod index 3 (name Mod1) got index 3
[1;32mDEBUG [0m]: xkb: Mod index 4 (name Mod2) got index 4
[1;32mDEBUG [0m]: xkb: Mod index 5 (name Mod3) got index 5
[1;32mDEBUG [0m]: xkb: Mod index 6 (name Mod4) got index 6
[1;32mDEBUG [0m]: xkb: Mod index 7 (name Mod5) got index 7
[1;32mDEBUG [0m]: Updating keymap fd for keyboard hl-virtual-keyboard-wtype
[1;32mDEBUG [0m]: Updated keymap fd to 99, keymap V1 to: 101
[1;32mDEBUG [0m]: Set the keyboard layout to us and variant to  for keyboard "hl-virtual-keyboard-wtype"
[1;32mDEBUG [0m]: New virtual keyboard created at 55dfae688740
[1;32mDEBUG [0m]: Updating keyboard 55dfae688740's translation state from a provided keymap
[1;32mDEBUG [0m]: Updating keymap fd for keyboard hl-virtual-keyboard-wtype
[1;32mDEBUG [0m]: Updated keymap fd to 99, keymap V1 to: 101
[1;32mDEBUG [0m]: Keyboard at 55dfae688740 removed
[1;32mDEBUG [0m]: Destroyed keyboard 55dfae688740
[1;32mDEBUG [0m]: [CWLSeatProtocol] New seat resource bound at 55dfaf07ac50
[1;32mDEBUG [0m]: [CVirtualKeyboardProtocol] New VKeyboard at id 5
[1;32mDEBUG [0m]: ApplyConfigToKeyboard for "hl-virtual-keyboard-wtype", hasconfig: 0
[1;32mDEBUG [0m]: Attempting to create a keymap for layout us with variant  (rules: , model: , options: )
[1;32mDEBUG [0m]: Updating keyboard 55dfae688740's translation state from a provided keymap
[1;32mDEBUG [0m]: xkb: LED index 0 (name Num Lock) got index 1
[1;32mDEBUG [0m]: xkb: LED index 1 (name Caps Lock) got index 0
[1;32mDEBUG [0m]: xkb: LED index 2 (name Scroll Lock) got index 2
[1;32mDEBUG [0m]: xkb: Mod index 0 (name Shift) got index 0
[1;32mDEBUG [0m]: xkb: Mod index 1 (name Lock) got index 1
[1;32mDEBUG [0m]: xkb: Mod index 2 (name Control) got index 2
[1;32mDEBUG [0m]: xkb: Mod index 3 (name Mod1) got index 3
[1;32mDEBUG [0m]: xkb: Mod index 4 (name Mod2) got index 4
[1;32mDEBUG [0m]: xkb: Mod index 5 (name Mod3) got index 5
[1;32mDEBUG [0m]: xkb: Mod index 6 (name Mod4) got index 6
[1;32mDEBUG [0m]: xkb: Mod index 7 (name Mod5) got index 7
[1;32mDEBUG [0m]: Updating keymap fd for keyboard hl-virtual-keyboard-wtype
[1;32mDEBUG [0m]: Updated keymap fd to 99, keymap V1 to: 101
[1;32mDEBUG [0m]: Set the keyboard layout to us and variant to  for keyboard "hl-virtual-keyboard-wtype"
[1;32mDEBUG [0m]: New virtual keyboard created at 55dfae688740
[1;32mDEBUG [0m]: Updating keyboard 55dfae688740's translation state from a provided keymap
[1;32mDEBUG [0m]: Updating keymap fd for keyboard hl-virtual-keyboard-wtype
[1;32mDEBUG [0m]: Updated keymap fd to 99, keymap V1 to: 101
[1;32mDEBUG [0m]: Keyboard at 55dfae688740 removed
[1;32mDEBUG [0m]: Destroyed keyboard 55dfae688740
[1;32mDEBUG [0m]: [CWLSeatProtocol] New seat resource bound at 55dfaea18190
[1;32mDEBUG [0m]: [CVirtualKeyboardProtocol] New VKeyboard at id 5
[1;32mDEBUG [0m]: ApplyConfigToKeyboard for "hl-virtual-keyboard-wtype", hasconfig: 0
[1;32mDEBUG [0m]: Attempting to create a keymap for layout us with variant  (rules: , model: , options: )
[1;32mDEBUG [0m]: Updating keyboard 55dfae688740's translation state from a provided keymap
[1;32mDEBUG [0m]: xkb: LED index 0 (name Num Lock) got index 1
[1;32mDEBUG [0m]: xkb: LED index 1 (name Caps Lock) got index 0
[1;32mDEBUG [0m]: xkb: LED index 2 (name Scroll Lock) got index 2
[1;32mDEBUG [0m]: xkb: Mod index 0 (name Shift) got index 0
[1;32mDEBUG [0m]: xkb: Mod index 1 (name Lock) got index 1
[1;32mDEBUG [0m]: xkb: Mod index 2 (name Control) got index 2
[1;32mDEBUG [0m]: xkb: Mod index 3 (name Mod1) got index 3
[1;32mDEBUG [0m]: xkb: Mod index 4 (name Mod2) got index 4
[1;32mDEBUG [0m]: xkb: Mod index 5 (name Mod3) got index 5
[1;32mDEBUG [0m]: xkb: Mod index 6 (name Mod4) got index 6
[1;32mDEBUG [0m]: xkb: Mod index 7 (name Mod5) got index 7
[1;32mDEBUG [0m]: Updating keymap fd for keyboard hl-virtual-keyboard-wtype
[1;32mDEBUG [0m]: Updated keymap fd to 99, keymap V1 to: 101
[1;32mDEBUG [0m]: Set the keyboard layout to us and variant to  for keyboard "hl-virtual-keyboard-wtype"
[1;32mDEBUG [0m]: New virtual keyboard created at 55dfae688740
[1;32mDEBUG [0m]: Updating keyboard 55dfae688740's translation state from a provided keymap
[1;32mDEBUG [0m]: Updating keymap fd for keyboard hl-virtual-keyboard-wtype
[1;32mDEBUG [0m]: Updated keymap fd to 99, keymap V1 to: 101
[1;32mDEBUG [0m]: Keyboard at 55dfae688740 removed
[1;32mDEBUG [0m]: Destroyed keyboard 55dfae688740
[1;32mDEBUG [0m]: [CWLSeatProtocol] New seat resource bound at 55dfaee177c0
[1;32mDEBUG [0m]: [CVirtualKeyboardProtocol] New VKeyboard at id 5
[1;32mDEBUG [0m]: ApplyConfigToKeyboard for "hl-virtual-keyboard-wtype", hasconfig: 0
[1;32mDEBUG [0m]: Attempting to create a keymap for layout us with variant  (rules: , model: , options: )
[1;32mDEBUG [0m]: Updating keyboard 55dfae688740's translation state from a provided keymap
[1;32mDEBUG [0m]: xkb: LED index 0 (name Num Lock) got index 1
[1;32mDEBUG [0m]: xkb: LED index 1 (name Caps Lock) got index 0
[1;32mDEBUG [0m]: xkb: LED index 2 (name Scroll Lock) got index 2
[1;32mDEBUG [0m]: xkb: Mod index 0 (name Shift) got index 0
[1;32mDEBUG [0m]: xkb: Mod index 1 (name Lock) got index 1
[1;32mDEBUG [0m]: xkb: Mod index 2 (name Control) got index 2
[1;32mDEBUG [0m]: xkb: Mod index 3 (name Mod1) got index 3
[1;32mDEBUG [0m]: xkb: Mod index 4 (name Mod2) got index 4
[1;32mDEBUG [0m]: xkb: Mod index 5 (name Mod3) got index 5
[1;32mDEBUG [0m]: xkb: Mod index 6 (name Mod4) got index 6
[1;32mDEBUG [0m]: xkb: Mod index 7 (name Mod5) got index 7
[1;32mDEBUG [0m]: Updating keymap fd for keyboard hl-virtual-keyboard-wtype
[1;32mDEBUG [0m]: Updated keymap fd to 99, keymap V1 to: 101
[1;32mDEBUG [0m]: Set the keyboard layout to us and variant to  for keyboard "hl-virtual-keyboard-wtype"
[1;32mDEBUG [0m]: New virtual keyboard created at 55dfae688740
[1;32mDEBUG [0m]: Updating keyboard 55dfae688740's translation state from a provided keymap
[1;32mDEBUG [0m]: Updating keymap fd for keyboard hl-virtual-keyboard-wtype
[1;32mDEBUG [0m]: Updated keymap fd to 99, keymap V1 to: 101
[1;32mDEBUG [0m]: Keyboard at 55dfae688740 removed
[1;32mDEBUG [0m]: Destroyed keyboard 55dfae688740
[1;32mDEBUG [0m]: [CWLSeatProtocol] New seat resource bound at 55dfaf07ad00
[1;32mDEBUG [0m]: [CVirtualKeyboardProtocol] New VKeyboard at id 5
[1;32mDEBUG [0m]: ApplyConfigToKeyboard for "hl-virtual-keyboard-wtype", hasconfig: 0
[1;32mDEBUG [0m]: Attempting to create a keymap for layout us with variant  (rules: , model: , options: )
[1;32mDEBUG [0m]: Updating keyboard 55dfae688740's translation state from a provided keymap
[1;32mDEBUG [0m]: xkb: LED index 0 (name Num Lock) got index 1
[1;32mDEBUG [0m]: xkb: LED index 1 (name Caps Lock) got index 0
[1;32mDEBUG [0m]: xkb: LED index 2 (name Scroll Lock) got index 2
[1;32mDEBUG [0m]: xkb: Mod index 0 (name Shift) got index 0
[1;32mDEBUG [0m]: xkb: Mod index 1 (name Lock) got index 1
[1;32mDEBUG [0m]: xkb: Mod index 2 (name Control) got index 2
[1;32mDEBUG [0m]: xkb: Mod index 3 (name Mod1) got index 3
[1;32mDEBUG [0m]: xkb: Mod index 4 (name Mod2) got index 4
[1;32mDEBUG [0m]: xkb: Mod index 5 (name Mod3) got index 5
[1;32mDEBUG [0m]: xkb: Mod index 6 (name Mod4) got index 6
[1;32mDEBUG [0m]: xkb: Mod index 7 (name Mod5) got index 7
[1;32mDEBUG [0m]: Updating keymap fd for keyboard hl-virtual-keyboard-wtype
[1;32mDEBUG [0m]: Updated keymap fd to 99, keymap V1 to: 101
[1;32mDEBUG [0m]: Set the keyboard layout to us and variant to  for keyboard "hl-virtual-keyboard-wtype"
[1;32mDEBUG [0m]: New virtual keyboard created at 55dfae688740
[1;32mDEBUG [0m]: Updating keyboard 55dfae688740's translation state from a provided keymap
[1;32mDEBUG [0m]: Updating keymap fd for keyboard hl-virtual-keyboard-wtype
[1;32mDEBUG [0m]: Updated keymap fd to 99, keymap V1 to: 101
[1;32mDEBUG [0m]: Keyboard at 55dfae688740 removed
[1;32mDEBUG [0m]: Destroyed keyboard 55dfae688740
[1;32mDEBUG [0m]: [CWLSeatProtocol] New seat resource bound at 55dfae97f6a0
[1;32mDEBUG [0m]: [CVirtualKeyboardProtocol] New VKeyboard at id 5
[1;32mDEBUG [0m]: ApplyConfigToKeyboard for "hl-virtual-keyboard-wtype", hasconfig: 0
[1;32mDEBUG [0m]: Attempting to create a keymap for layout us with variant  (rules: , model: , options: )
[1;32mDEBUG [0m]: Updating keyboard 55dfae688740's translation state from a provided keymap
[1;32mDEBUG [0m]: xkb: LED index 0 (name Num Lock) got index 1
[1;32mDEBUG [0m]: xkb: LED index 1 (name Caps Lock) got index 0
[1;32mDEBUG [0m]: xkb: LED index 2 (name Scroll Lock) got index 2
[1;32mDEBUG [0m]: xkb: Mod index 0 (name Shift) got index 0
[1;32mDEBUG [0m]: xkb: Mod index 1 (name Lock) got index 1
[1;32mDEBUG [0m]: xkb: Mod index 2 (name Control) got index 2
[1;32mDEBUG [0m]: xkb: Mod index 3 (name Mod1) got index 3
[1;32mDEBUG [0m]: xkb: Mod index 4 (name Mod2) got index 4
[1;32mDEBUG [0m]: xkb: Mod index 5 (name Mod3) got index 5
[1;32mDEBUG [0m]: xkb: Mod index 6 (name Mod4) got index 6
[1;32mDEBUG [0m]: xkb: Mod index 7 (name Mod5) got index 7
[1;32mDEBUG [0m]: Updating keymap fd for keyboard hl-virtual-keyboard-wtype
[1;32mDEBUG [0m]: Updated keymap fd to 99, keymap V1 to: 101
[1;32mDEBUG [0m]: Set the keyboard layout to us and variant to  for keyboard "hl-virtual-keyboard-wtype"
[1;32mDEBUG [0m]: New virtual keyboard created at 55dfae688740
[1;32mDEBUG [0m]: Updating keyboard 55dfae688740's translation state from a provided keymap
[1;32mDEBUG [0m]: Updating keymap fd for keyboard hl-virtual-keyboard-wtype
[1;32mDEBUG [0m]: Updated keymap fd to 99, keymap V1 to: 101
[1;32mDEBUG [0m]: Keyboard at 55dfae688740 removed
[1;32mDEBUG [0m]: Destroyed keyboard 55dfae688740
[1;32mDEBUG [0m]: [CWLSeatProtocol] New seat resource bound at 55dfae77a600
[1;32mDEBUG [0m]: [CVirtualKeyboardProtocol] New VKeyboard at id 5
[1;32mDEBUG [0m]: ApplyConfigToKeyboard for "hl-virtual-keyboard-wtype", hasconfig: 0
[1;32mDEBUG [0m]: Attempting to create a keymap for layout us with variant  (rules: , model: , options: )
[1;32mDEBUG [0m]: Updating keyboard 55dfae688740's translation state from a provided keymap
[1;32mDEBUG [0m]: xkb: LED index 0 (name Num Lock) got index 1
[1;32mDEBUG [0m]: xkb: LED index 1 (name Caps Lock) got index 0
[1;32mDEBUG [0m]: xkb: LED index 2 (name Scroll Lock) got index 2
[1;32mDEBUG [0m]: xkb: Mod index 0 (name Shift) got index 0
[1;32mDEBUG [0m]: xkb: Mod index 1 (name Lock) got index 1
[1;32mDEBUG [0m]: xkb: Mod index 2 (name Control) got index 2
[1;32mDEBUG [0m]: xkb: Mod index 3 (name Mod1) got index 3
[1;32mDEBUG [0m]: xkb: Mod index 4 (name Mod2) got index 4
[1;32mDEBUG [0m]: xkb: Mod index 5 (name Mod3) got index 5
[1;32mDEBUG [0m]: xkb: Mod index 6 (name Mod4) got index 6
[1;32mDEBUG [0m]: xkb: Mod index 7 (name Mod5) got index 7
[1;32mDEBUG [0m]: Updating keymap fd for keyboard hl-virtual-keyboard-wtype
[1;32mDEBUG [0m]: Updated keymap fd to 99, keymap V1 to: 101
[1;32mDEBUG [0m]: Set the keyboard layout to us and variant to  for keyboard "hl-virtual-keyboard-wtype"
[1;32mDEBUG [0m]: New virtual keyboard created at 55dfae688740
[1;32mDEBUG [0m]: Updating keyboard 55dfae688740's translation state from a provided keymap
[1;32mDEBUG [0m]: Updating keymap fd for keyboard hl-virtual-keyboard-wtype
[1;32mDEBUG [0m]: Updated keymap fd to 99, keymap V1 to: 101
[1;32mDEBUG [0m]: Keyboard at 55dfae688740 removed
[1;32mDEBUG [0m]: Destroyed keyboard 55dfae688740
[1;32mDEBUG [0m]: [CWLSeatProtocol] New seat resource bound at 55dfae69d7a0
[1;32mDEBUG [0m]: [CVirtualKeyboardProtocol] New VKeyboard at id 5
[1;32mDEBUG [0m]: ApplyConfigToKeyboard for "hl-virtual-keyboard-wtype", hasconfig: 0
[1;32mDEBUG [0m]: Attempting to create a keymap for layout us with variant  (rules: , model: , options: )
[1;32mDEBUG [0m]: Updating keyboard 55dfae688740's translation state from a provided keymap
[1;32mDEBUG [0m]: xkb: LED index 0 (name Num Lock) got index 1
[1;32mDEBUG [0m]: xkb: LED index 1 (name Caps Lock) got index 0
[1;32mDEBUG [0m]: xkb: LED index 2 (name Scroll Lock) got index 2
[1;32mDEBUG [0m]: xkb: Mod index 0 (name Shift) got index 0
[1;32mDEBUG [0m]: xkb: Mod index 1 (name Lock) got index 1
[1;32mDEBUG [0m]: xkb: Mod index 2 (name Control) got index 2
[1;32mDEBUG [0m]: xkb: Mod index 3 (name Mod1) got index 3
[1;32mDEBUG [0m]: xkb: Mod index 4 (name Mod2) got index 4
[1;32mDEBUG [0m]: xkb: Mod index 5 (name Mod3) got index 5
[1;32mDEBUG [0m]: xkb: Mod index 6 (name Mod4) got index 6
[1;32mDEBUG [0m]: xkb: Mod index 7 (name Mod5) got index 7
[1;32mDEBUG [0m]: Updating keymap fd for keyboard hl-virtual-keyboard-wtype
[1;32mDEBUG [0m]: Updated keymap fd to 99, keymap V1 to: 101
[1;32mDEBUG [0m]: Set the keyboard layout to us and variant to  for keyboard "hl-virtual-keyboard-wtype"
[1;32mDEBUG [0m]: New virtual keyboard created at 55dfae688740
[1;32mDEBUG [0m]: Updating keyboard 55dfae688740's translation state from a provided keymap
[1;32mDEBUG [0m]: Updating keymap fd for keyboard hl-virtual-keyboard-wtype
[1;32mDEBUG [0m]: Updated keymap fd to 99, keymap V1 to: 101
[1;32mDEBUG [0m]: Keyboard at 55dfae688740 removed
[1;32mDEBUG [0m]: Destroyed keyboard 55dfae688740
[1;32mDEBUG [0m]: [CWLSeatProtocol] New seat resource bound at 55dfaea18240
[1;32mDEBUG [0m]: [CVirtualKeyboardProtocol] New VKeyboard at id 5
[1;32mDEBUG [0m]: ApplyConfigToKeyboard for "hl-virtual-keyboard-wtype", hasconfig: 0
[1;32mDEBUG [0m]: Attempting to create a keymap for layout us with variant  (rules: , model: , options: )
[1;32mDEBUG [0m]: Updating keyboard 55dfae688740's translation state from a provided keymap
[1;32mDEBUG [0m]: xkb: LED index 0 (name Num Lock) got index 1
[1;32mDEBUG [0m]: xkb: LED index 1 (name Caps Lock) got index 0
[1;32mDEBUG [0m]: xkb: LED index 2 (name Scroll Lock) got index 2
[1;32mDEBUG [0m]: xkb: Mod index 0 (name Shift) got index 0
[1;32mDEBUG [0m]: xkb: Mod index 1 (name Lock) got index 1
[1;32mDEBUG [0m]: xkb: Mod index 2 (name Control) got index 2
[1;32mDEBUG [0m]: xkb: Mod index 3 (name Mod1) got index 3
[1;32mDEBUG [0m]: xkb: Mod index 4 (name Mod2) got index 4
[1;32mDEBUG [0m]: xkb: Mod index 5 (name Mod3) got index 5
[1;32mDEBUG [0m]: xkb: Mod index 6 (name Mod4) got index 6
[1;32mDEBUG [0m]: xkb: Mod index 7 (name Mod5) got index 7
[1;32mDEBUG [0m]: Updating keymap fd for keyboard hl-virtual-keyboard-wtype
[1;32mDEBUG [0m]: Updated keymap fd to 99, keymap V1 to: 101
[1;32mDEBUG [0m]: Set the keyboard layout to us and variant to  for keyboard "hl-virtual-keyboard-wtype"
[1;32mDEBUG [0m]: New virtual keyboard created at 55dfae688740
[1;32mDEBUG [0m]: Updating keyboard 55dfae688740's translation state from a provided keymap
[1;32mDEBUG [0m]: Updating keymap fd for keyboard hl-virtual-keyboard-wtype
[1;32mDEBUG [0m]: Updated keymap fd to 99, keymap V1 to: 101
[1;32mDEBUG [0m]: Keyboard at 55dfae688740 removed
[1;32mDEBUG [0m]: Destroyed keyboard 55dfae688740
[1;32mDEBUG [0m]: [CWLSeatProtocol] New seat resource bound at 55dfaeb96ec0
[1;32mDEBUG [0m]: [CVirtualKeyboardProtocol] New VKeyboard at id 5
[1;32mDEBUG [0m]: ApplyConfigToKeyboard for "hl-virtual-keyboard-wtype", hasconfig: 0
[1;32mDEBUG [0m]: Attempting to create a keymap for layout us with variant  (rules: , model: , options: )
[1;32mDEBUG [0m]: Updating keyboard 55dfae688740's translation state from a provided keymap
[1;32mDEBUG [0m]: xkb: LED index 0 (name Num Lock) got index 1
[1;32mDEBUG [0m]: xkb: LED index 1 (name Caps Lock) got index 0
[1;32mDEBUG [0m]: xkb: LED index 2 (name Scroll Lock) got index 2
[1;32mDEBUG [0m]: xkb: Mod index 0 (name Shift) got index 0
[1;32mDEBUG [0m]: xkb: Mod index 1 (name Lock) got index 1
[1;32mDEBUG [0m]: xkb: Mod index 2 (name Control) got index 2
[1;32mDEBUG [0m]: xkb: Mod index 3 (name Mod1) got index 3
[1;32mDEBUG [0m]: xkb: Mod index 4 (name Mod2) got index 4
[1;32mDEBUG [0m]: xkb: Mod index 5 (name Mod3) got index 5
[1;32mDEBUG [0m]: xkb: Mod index 6 (name Mod4) got index 6
[1;32mDEBUG [0m]: xkb: Mod index 7 (name Mod5) got index 7
[1;32mDEBUG [0m]: Updating keymap fd for keyboard hl-virtual-keyboard-wtype
[1;32mDEBUG [0m]: Updated keymap fd to 99, keymap V1 to: 101
[1;32mDEBUG [0m]: Set the keyboard layout to us and variant to  for keyboard "hl-virtual-keyboard-wtype"
[1;32mDEBUG [0m]: New virtual keyboard created at 55dfae688740
[1;32mDEBUG [0m]: Updating keyboard 55dfae688740's translation state from a provided keymap
[1;32mDEBUG [0m]: Updating keymap fd for keyboard hl-virtual-keyboard-wtype
[1;32mDEBUG [0m]: Updated keymap fd to 99, keymap V1 to: 101
[1;32mDEBUG [0m]: Keyboard at 55dfae688740 removed
[1;32mDEBUG [0m]: Destroyed keyboard 55dfae688740
[1;32mDEBUG [0m]: [CWLSeatProtocol] New seat resource bound at 55dfaedd6c90
[1;32mDEBUG [0m]: [CVirtualKeyboardProtocol] New VKeyboard at id 5
[1;32mDEBUG [0m]: ApplyConfigToKeyboard for "hl-virtual-keyboard-wtype", hasconfig: 0
[1;32mDEBUG [0m]: Attempting to create a keymap for layout us with variant  (rules: , model: , options: )
[1;32mDEBUG [0m]: Updating keyboard 55dfae688740's translation state from a provided keymap
[1;32mDEBUG [0m]: xkb: LED index 0 (name Num Lock) got index 1
[1;32mDEBUG [0m]: xkb: LED index 1 (name Caps Lock) got index 0
[1;32mDEBUG [0m]: xkb: LED index 2 (name Scroll Lock) got index 2
[1;32mDEBUG [0m]: xkb: Mod index 0 (name Shift) got index 0
[1;32mDEBUG [0m]: xkb: Mod index 1 (name Lock) got index 1
[1;32mDEBUG [0m]: xkb: Mod index 2 (name Control) got index 2
[1;32mDEBUG [0m]: xkb: Mod index 3 (name Mod1) got index 3
[1;32mDEBUG [0m]: xkb: Mod index 4 (name Mod2) got index 4
[1;32mDEBUG [0m]: xkb: Mod index 5 (name Mod3) got index 5
[1;32mDEBUG [0m]: xkb: Mod index 6 (name Mod4) got index 6
[1;32mDEBUG [0m]: xkb: Mod index 7 (name Mod5) got index 7
[1;32mDEBUG [0m]: Updating keymap fd for keyboard hl-virtual-keyboard-wtype
[1;32mDEBUG [0m]: Updated keymap fd to 99, keymap V1 to: 101
[1;32mDEBUG [0m]: Set the keyboard layout to us and variant to  for keyboard "hl-virtual-keyboard-wtype"
[1;32mDEBUG [0m]: New virtual keyboard created at 55dfae688740
[1;32mDEBUG [0m]: Updating keyboard 55dfae688740's translation state from a provided keymap
[1;32mDEBUG [0m]: Updating keymap fd for keyboard hl-virtual-keyboard-wtype
[1;32mDEBUG [0m]: Updated keymap fd to 99, keymap V1 to: 101
[1;32mDEBUG [0m]: Keyboard at 55dfae688740 removed
[1;32mDEBUG [0m]: Destroyed keyboard 55dfae688740
[1;32mDEBUG [0m]: [CWLSeatProtocol] New seat resource bound at 55dfaeb96e10
[1;32mDEBUG [0m]: [CVirtualKeyboardProtocol] New VKeyboard at id 5
[1;32mDEBUG [0m]: ApplyConfigToKeyboard for "hl-virtual-keyboard-wtype", hasconfig: 0
[1;32mDEBUG [0m]: Attempting to create a keymap for layout us with variant  (rules: , model: , options: )
[1;32mDEBUG [0m]: Updating keyboard 55dfae688740's translation state from a provided keymap
[1;32mDEBUG [0m]: xkb: LED index 0 (name Num Lock) got index 1
[1;32mDEBUG [0m]: xkb: LED index 1 (name Caps Lock) got index 0
[1;32mDEBUG [0m]: xkb: LED index 2 (name Scroll Lock) got index 2
[1;32mDEBUG [0m]: xkb: Mod index 0 (name Shift) got index 0
[1;32mDEBUG [0m]: xkb: Mod index 1 (name Lock) got index 1
[1;32mDEBUG [0m]: xkb: Mod index 2 (name Control) got index 2
[1;32mDEBUG [0m]: xkb: Mod index 3 (name Mod1) got index 3
[1;32mDEBUG [0m]: xkb: Mod index 4 (name Mod2) got index 4
[1;32mDEBUG [0m]: xkb: Mod index 5 (name Mod3) got index 5
[1;32mDEBUG [0m]: xkb: Mod index 6 (name Mod4) got index 6
[1;32mDEBUG [0m]: xkb: Mod index 7 (name Mod5) got index 7
[1;32mDEBUG [0m]: Updating keymap fd for keyboard hl-virtual-keyboard-wtype
[1;32mDEBUG [0m]: Updated keymap fd to 99, keymap V1 to: 101
[1;32mDEBUG [0m]: Set the keyboard layout to us and variant to  for keyboard "hl-virtual-keyboard-wtype"
[1;32mDEBUG [0m]: New virtual keyboard created at 55dfae688740
[1;32mDEBUG [0m]: Updating keyboard 55dfae688740's translation state from a provided keymap
[1;32mDEBUG [0m]: Updating keymap fd for keyboard hl-virtual-keyboard-wtype
[1;32mDEBUG [0m]: Updated keymap fd to 99, keymap V1 to: 101
[1;32mDEBUG [0m]: Keyboard at 55dfae688740 removed
[1;32mDEBUG [0m]: Destroyed keyboard 55dfae688740
[1;32mDEBUG [0m]: [CWLSeatProtocol] New seat resource bound at 55dfae9b00a0
[1;32mDEBUG [0m]: [CVirtualKeyboardProtocol] New VKeyboard at id 5
[1;32mDEBUG [0m]: ApplyConfigToKeyboard for "hl-virtual-keyboard-wtype", hasconfig: 0
[1;32mDEBUG [0m]: Attempting to create a keymap for layout us with variant  (rules: , model: , options: )
[1;32mDEBUG [0m]: Updating keyboard 55dfae688740's translation state from a provided keymap
[1;32mDEBUG [0m]: xkb: LED index 0 (name Num Lock) got index 1
[1;32mDEBUG [0m]: xkb: LED index 1 (name Caps Lock) got index 0
[1;32mDEBUG [0m]: xkb: LED index 2 (name Scroll Lock) got index 2
[1;32mDEBUG [0m]: xkb: Mod index 0 (name Shift) got index 0
[1;32mDEBUG [0m]: xkb: Mod index 1 (name Lock) got index 1
[1;32mDEBUG [0m]: xkb: Mod index 2 (name Control) got index 2
[1;32mDEBUG [0m]: xkb: Mod index 3 (name Mod1) got index 3
[1;32mDEBUG [0m]: xkb: Mod index 4 (name Mod2) got index 4
[1;32mDEBUG [0m]: xkb: Mod index 5 (name Mod3) got index 5
[1;32mDEBUG [0m]: xkb: Mod index 6 (name Mod4) got index 6
[1;32mDEBUG [0m]: xkb: Mod index 7 (name Mod5) got index 7
[1;32mDEBUG [0m]: Updating keymap fd for keyboard hl-virtual-keyboard-wtype
[1;32mDEBUG [0m]: Updated keymap fd to 99, keymap V1 to: 101
[1;32mDEBUG [0m]: Set the keyboard layout to us and variant to  for keyboard "hl-virtual-keyboard-wtype"
[1;32mDEBUG [0m]: New virtual keyboard created at 55dfae688740
[1;32mDEBUG [0m]: Updating keyboard 55dfae688740's translation state from a provided keymap
[1;32mDEBUG [0m]: Updating keymap fd for keyboard hl-virtual-keyboard-wtype
[1;32mDEBUG [0m]: Updated keymap fd to 99, keymap V1 to: 101
[1;32mDEBUG [0m]: Keyboard at 55dfae688740 removed
[1;32mDEBUG [0m]: Destroyed keyboard 55dfae688740
[1;32mDEBUG [0m]: [CWLSeatProtocol] New seat resource bound at 55dfaee59ac0
[1;32mDEBUG [0m]: [CVirtualKeyboardProtocol] New VKeyboard at id 5
[1;32mDEBUG [0m]: ApplyConfigToKeyboard for "hl-virtual-keyboard-wtype", hasconfig: 0
[1;32mDEBUG [0m]: Attempting to create a keymap for layout us with variant  (rules: , model: , options: )
[1;32mDEBUG [0m]: Updating keyboard 55dfae688740's translation state from a provided keymap
[1;32mDEBUG [0m]: xkb: LED index 0 (name Num Lock) got index 1
[1;32mDEBUG [0m]: xkb: LED index 1 (name Caps Lock) got index 0
[1;32mDEBUG [0m]: xkb: LED index 2 (name Scroll Lock) got index 2
[1;32mDEBUG [0m]: xkb: Mod index 0 (name Shift) got index 0
[1;32mDEBUG [0m]: xkb: Mod index 1 (name Lock) got index 1
[1;32mDEBUG [0m]: xkb: Mod index 2 (name Control) got index 2
[1;32mDEBUG [0m]: xkb: Mod index 3 (name Mod1) got index 3
[1;32mDEBUG [0m]: xkb: Mod index 4 (name Mod2) got index 4
[1;32mDEBUG [0m]: xkb: Mod index 5 (name Mod3) got index 5
[1;32mDEBUG [0m]: xkb: Mod index 6 (name Mod4) got index 6
[1;32mDEBUG [0m]: xkb: Mod index 7 (name Mod5) got index 7
[1;32mDEBUG [0m]: Updating keymap fd for keyboard hl-virtual-keyboard-wtype
[1;32mDEBUG [0m]: Updated keymap fd to 99, keymap V1 to: 101
[1;32mDEBUG [0m]: Set the keyboard layout to us and variant to  for keyboard "hl-virtual-keyboard-wtype"
[1;32mDEBUG [0m]: New virtual keyboard created at 55dfae688740
[1;32mDEBUG [0m]: Updating keyboard 55dfae688740's translation state from a provided keymap
[1;32mDEBUG [0m]: Updating keymap fd for keyboard hl-virtual-keyboard-wtype
[1;32mDEBUG [0m]: Updated keymap fd to 99, keymap V1 to: 101
[1;32mDEBUG [0m]: Keyboard at 55dfae688740 removed
[1;32mDEBUG [0m]: Destroyed keyboard 55dfae688740
[1;32mDEBUG [0m]: [CWLSeatProtocol] New seat resource bound at 55dfae77a550
[1;32mDEBUG [0m]: [CVirtualKeyboardProtocol] New VKeyboard at id 5
[1;32mDEBUG [0m]: ApplyConfigToKeyboard for "hl-virtual-keyboard-wtype", hasconfig: 0
[1;32mDEBUG [0m]: Attempting to create a keymap for layout us with variant  (rules: , model: , options: )
[1;32mDEBUG [0m]: Updating keyboard 55dfae688740's translation state from a provided keymap
[1;32mDEBUG [0m]: xkb: LED index 0 (name Num Lock) got index 1
[1;32mDEBUG [0m]: xkb: LED index 1 (name Caps Lock) got index 0
[1;32mDEBUG [0m]: xkb: LED index 2 (name Scroll Lock) got index 2
[1;32mDEBUG [0m]: xkb: Mod index 0 (name Shift) got index 0
[1;32mDEBUG [0m]: xkb: Mod index 1 (name Lock) got index 1
[1;32mDEBUG [0m]: xkb: Mod index 2 (name Control) got index 2
[1;32mDEBUG [0m]: xkb: Mod index 3 (name Mod1) got index 3
[1;32mDEBUG [0m]: xkb: Mod index 4 (name Mod2) got index 4
[1;32mDEBUG [0m]: xkb: Mod index 5 (name Mod3) got index 5
[1;32mDEBUG [0m]: xkb: Mod index 6 (name Mod4) got index 6
[1;32mDEBUG [0m]: xkb: Mod index 7 (name Mod5) got index 7
[1;32mDEBUG [0m]: Updating keymap fd for keyboard hl-virtual-keyboard-wtype
[1;32mDEBUG [0m]: Updated keymap fd to 99, keymap V1 to: 101
[1;32mDEBUG [0m]: Set the keyboard layout to us and variant to  for keyboard "hl-virtual-keyboard-wtype"
[1;32mDEBUG [0m]: New virtual keyboard created at 55dfae688740
[1;32mDEBUG [0m]: Updating keyboard 55dfae688740's translation state from a provided keymap
[1;32mDEBUG [0m]: Updating keymap fd for keyboard hl-virtual-keyboard-wtype
[1;32mDEBUG [0m]: Updated keymap fd to 99, keymap V1 to: 101
[1;32mDEBUG [0m]: Keyboard at 55dfae688740 removed
[1;32mDEBUG [0m]: Destroyed keyboard 55dfae688740
[1;32mDEBUG [0m]: [CWLSeatProtocol] New seat resource bound at 55dfae980e50
[1;32mDEBUG [0m]: [CVirtualKeyboardProtocol] New VKeyboard at id 5
[1;32mDEBUG [0m]: ApplyConfigToKeyboard for "hl-virtual-keyboard-wtype", hasconfig: 0
[1;32mDEBUG [0m]: Attempting to create a keymap for layout us with variant  (rules: , model: , options: )
[1;32mDEBUG [0m]: Updating keyboard 55dfae688740's translation state from a provided keymap
[1;32mDEBUG [0m]: xkb: LED index 0 (name Num Lock) got index 1
[1;32mDEBUG [0m]: xkb: LED index 1 (name Caps Lock) got index 0
[1;32mDEBUG [0m]: xkb: LED index 2 (name Scroll Lock) got index 2
[1;32mDEBUG [0m]: xkb: Mod index 0 (name Shift) got index 0
[1;32mDEBUG [0m]: xkb: Mod index 1 (name Lock) got index 1
[1;32mDEBUG [0m]: xkb: Mod index 2 (name Control) got index 2
[1;32mDEBUG [0m]: xkb: Mod index 3 (name Mod1) got index 3
[1;32mDEBUG [0m]: xkb: Mod index 4 (name Mod2) got index 4
[1;32mDEBUG [0m]: xkb: Mod index 5 (name Mod3) got index 5
[1;32mDEBUG [0m]: xkb: Mod index 6 (name Mod4) got index 6
[1;32mDEBUG [0m]: xkb: Mod index 7 (name Mod5) got index 7
[1;32mDEBUG [0m]: Updating keymap fd for keyboard hl-virtual-keyboard-wtype
[1;32mDEBUG [0m]: Updated keymap fd to 99, keymap V1 to: 101
[1;32mDEBUG [0m]: Set the keyboard layout to us and variant to  for keyboard "hl-virtual-keyboard-wtype"
[1;32mDEBUG [0m]: New virtual keyboard created at 55dfae688740
[1;32mDEBUG [0m]: Updating keyboard 55dfae688740's translation state from a provided keymap
[1;32mDEBUG [0m]: Updating keymap fd for keyboard hl-virtual-keyboard-wtype
[1;32mDEBUG [0m]: Updated keymap fd to 99, keymap V1 to: 101
[1;32mDEBUG [0m]: Keyboard at 55dfae688740 removed
[1;32mDEBUG [0m]: Destroyed keyboard 55dfae688740
[1;32mDEBUG [0m]: [CWLSeatProtocol] New seat resource bound at 55dfaee59bf0
[1;32mDEBUG [0m]: [CVirtualKeyboardProtocol] New VKeyboard at id 5
[1;32mDEBUG [0m]: ApplyConfigToKeyboard for "hl-virtual-keyboard-wtype", hasconfig: 0
[1;32mDEBUG [0m]: Attempting to create a keymap for layout us with variant  (rules: , model: , options: )
[1;32mDEBUG [0m]: Updating keyboard 55dfae688740's translation state from a provided keymap
[1;32mDEBUG [0m]: xkb: LED index 0 (name Num Lock) got index 1
[1;32mDEBUG [0m]: xkb: LED index 1 (name Caps Lock) got index 0
[1;32mDEBUG [0m]: xkb: LED index 2 (name Scroll Lock) got index 2
[1;32mDEBUG [0m]: xkb: Mod index 0 (name Shift) got index 0
[1;32mDEBUG [0m]: xkb: Mod index 1 (name Lock) got index 1
[1;32mDEBUG [0m]: xkb: Mod index 2 (name Control) got index 2
[1;32mDEBUG [0m]: xkb: Mod index 3 (name Mod1) got index 3
[1;32mDEBUG [0m]: xkb: Mod index 4 (name Mod2) got index 4
[1;32mDEBUG [0m]: xkb: Mod index 5 (name Mod3) got index 5
[1;32mDEBUG [0m]: xkb: Mod index 6 (name Mod4) got index 6
[1;32mDEBUG [0m]: xkb: Mod index 7 (name Mod5) got index 7
[1;32mDEBUG [0m]: Updating keymap fd for keyboard hl-virtual-keyboard-wtype
[1;32mDEBUG [0m]: Updated keymap fd to 99, keymap V1 to: 101
[1;32mDEBUG [0m]: Set the keyboard layout to us and variant to  for keyboard "hl-virtual-keyboard-wtype"
[1;32mDEBUG [0m]: New virtual keyboard created at 55dfae688740
[1;32mDEBUG [0m]: Updating keyboard 55dfae688740's translation state from a provided keymap
[1;32mDEBUG [0m]: Updating keymap fd for keyboard hl-virtual-keyboard-wtype
[1;32mDEBUG [0m]: Updated keymap fd to 99, keymap V1 to: 101
[1;32mDEBUG [0m]: Keyboard at 55dfae688740 removed
[1;32mDEBUG [0m]: Destroyed keyboard 55dfae688740
[1;32mDEBUG [0m]: [CWLSeatProtocol] New seat resource bound at 55dfae84ae70
[1;32mDEBUG [0m]: [CVirtualKeyboardProtocol] New VKeyboard at id 5
[1;32mDEBUG [0m]: ApplyConfigToKeyboard for "hl-virtual-keyboard-wtype", hasconfig: 0
[1;32mDEBUG [0m]: Attempting to create a keymap for layout us with variant  (rules: , model: , options: )
[1;32mDEBUG [0m]: Updating keyboard 55dfae688740's translation state from a provided keymap
[1;32mDEBUG [0m]: xkb: LED index 0 (name Num Lock) got index 1
[1;32mDEBUG [0m]: xkb: LED index 1 (name Caps Lock) got index 0
[1;32mDEBUG [0m]: xkb: LED index 2 (name Scroll Lock) got index 2
[1;32mDEBUG [0m]: xkb: Mod index 0 (name Shift) got index 0
[1;32mDEBUG [0m]: xkb: Mod index 1 (name Lock) got index 1
[1;32mDEBUG [0m]: xkb: Mod index 2 (name Control) got index 2
[1;32mDEBUG [0m]: xkb: Mod index 3 (name Mod1) got index 3
[1;32mDEBUG [0m]: xkb: Mod index 4 (name Mod2) got index 4
[1;32mDEBUG [0m]: xkb: Mod index 5 (name Mod3) got index 5
[1;32mDEBUG [0m]: xkb: Mod index 6 (name Mod4) got index 6
[1;32mDEBUG [0m]: xkb: Mod index 7 (name Mod5) got index 7
[1;32mDEBUG [0m]: Updating keymap fd for keyboard hl-virtual-keyboard-wtype
[1;32mDEBUG [0m]: Updated keymap fd to 99, keymap V1 to: 101
[1;32mDEBUG [0m]: Set the keyboard layout to us and variant to  for keyboard "hl-virtual-keyboard-wtype"
[1;32mDEBUG [0m]: New virtual keyboard created at 55dfae688740
[1;32mDEBUG [0m]: Updating keyboard 55dfae688740's translation state from a provided keymap
[1;32mDEBUG [0m]: Updating keymap fd for keyboard hl-virtual-keyboard-wtype
[1;32mDEBUG [0m]: Updated keymap fd to 99, keymap V1 to: 101
[1;32mDEBUG [0m]: Keyboard at 55dfae688740 removed
[1;32mDEBUG [0m]: Destroyed keyboard 55dfae688740
[1;32mDEBUG [0m]: [CWLSeatProtocol] New seat resource bound at 55dfaf07ad90
[1;32mDEBUG [0m]: [CVirtualKeyboardProtocol] New VKeyboard at id 5
[1;32mDEBUG [0m]: ApplyConfigToKeyboard for "hl-virtual-keyboard-wtype", hasconfig: 0
[1;32mDEBUG [0m]: Attempting to create a keymap for layout us with variant  (rules: , model: , options: )
[1;32mDEBUG [0m]: Updating keyboard 55dfae688740's translation state from a provided keymap
[1;32mDEBUG [0m]: xkb: LED index 0 (name Num Lock) got index 1
[1;32mDEBUG [0m]: xkb: LED index 1 (name Caps Lock) got index 0
[1;32mDEBUG [0m]: xkb: LED index 2 (name Scroll Lock) got index 2
[1;32mDEBUG [0m]: xkb: Mod index 0 (name Shift) got index 0
[1;32mDEBUG [0m]: xkb: Mod index 1 (name Lock) got index 1
[1;32mDEBUG [0m]: xkb: Mod index 2 (name Control) got index 2
[1;32mDEBUG [0m]: xkb: Mod index 3 (name Mod1) got index 3
[1;32mDEBUG [0m]: xkb: Mod index 4 (name Mod2) got index 4
[1;32mDEBUG [0m]: xkb: Mod index 5 (name Mod3) got index 5
[1;32mDEBUG [0m]: xkb: Mod index 6 (name Mod4) got index 6
[1;32mDEBUG [0m]: xkb: Mod index 7 (name Mod5) got index 7
[1;32mDEBUG [0m]: Updating keymap fd for keyboard hl-virtual-keyboard-wtype
[1;32mDEBUG [0m]: Updated keymap fd to 99, keymap V1 to: 101
[1;32mDEBUG [0m]: Set the keyboard layout to us and variant to  for keyboard "hl-virtual-keyboard-wtype"
[1;32mDEBUG [0m]: New virtual keyboard created at 55dfae688740
[1;32mDEBUG [0m]: Updating keyboard 55dfae688740's translation state from a provided keymap
[1;32mDEBUG [0m]: Updating keymap fd for keyboard hl-virtual-keyboard-wtype
[1;32mDEBUG [0m]: Updated keymap fd to 99, keymap V1 to: 101
[1;32mDEBUG [0m]: Keyboard at 55dfae688740 removed
[1;32mDEBUG [0m]: Destroyed keyboard 55dfae688740
[1;32mDEBUG [0m]: [CWLSeatProtocol] New seat resource bound at 55dfae9b0070
[1;32mDEBUG [0m]: [CVirtualKeyboardProtocol] New VKeyboard at id 5
[1;32mDEBUG [0m]: ApplyConfigToKeyboard for "hl-virtual-keyboard-wtype", hasconfig: 0
[1;32mDEBUG [0m]: Attempting to create a keymap for layout us with variant  (rules: , model: , options: )
[1;32mDEBUG [0m]: Updating keyboard 55dfae688740's translation state from a provided keymap
[1;32mDEBUG [0m]: xkb: LED index 0 (name Num Lock) got index 1
[1;32mDEBUG [0m]: xkb: LED index 1 (name Caps Lock) got index 0
[1;32mDEBUG [0m]: xkb: LED index 2 (name Scroll Lock) got index 2
[1;32mDEBUG [0m]: xkb: Mod index 0 (name Shift) got index 0
[1;32mDEBUG [0m]: xkb: Mod index 1 (name Lock) got index 1
[1;32mDEBUG [0m]: xkb: Mod index 2 (name Control) got index 2
[1;32mDEBUG [0m]: xkb: Mod index 3 (name Mod1) got index 3
[1;32mDEBUG [0m]: xkb: Mod index 4 (name Mod2) got index 4
[1;32mDEBUG [0m]: xkb: Mod index 5 (name Mod3) got index 5
[1;32mDEBUG [0m]: xkb: Mod index 6 (name Mod4) got index 6
[1;32mDEBUG [0m]: xkb: Mod index 7 (name Mod5) got index 7
[1;32mDEBUG [0m]: Updating keymap fd for keyboard hl-virtual-keyboard-wtype
[1;32mDEBUG [0m]: Updated keymap fd to 99, keymap V1 to: 101
[1;32mDEBUG [0m]: Set the keyboard layout to us and variant to  for keyboard "hl-virtual-keyboard-wtype"
[1;32mDEBUG [0m]: New virtual keyboard created at 55dfae688740
[1;32mDEBUG [0m]: Updating keyboard 55dfae688740's translation state from a provided keymap
[1;32mDEBUG [0m]: Updating keymap fd for keyboard hl-virtual-keyboard-wtype
[1;32mDEBUG [0m]: Updated keymap fd to 99, keymap V1 to: 101
[1;32mDEBUG [0m]: Keyboard at 55dfae688740 removed
[1;32mDEBUG [0m]: Destroyed keyboard 55dfae688740
[1;32mDEBUG [0m]: [CWLSeatProtocol] New seat resource bound at 55dfae77e720
[1;32mDEBUG [0m]: [CVirtualKeyboardProtocol] New VKeyboard at id 5
[1;32mDEBUG [0m]: ApplyConfigToKeyboard for "hl-virtual-keyboard-wtype", hasconfig: 0
[1;32mDEBUG [0m]: Attempting to create a keymap for layout us with variant  (rules: , model: , options: )
[1;32mDEBUG [0m]: Updating keyboard 55dfae688740's translation state from a provided keymap
[1;32mDEBUG [0m]: xkb: LED index 0 (name Num Lock) got index 1
[1;32mDEBUG [0m]: xkb: LED index 1 (name Caps Lock) got index 0
[1;32mDEBUG [0m]: xkb: LED index 2 (name Scroll Lock) got index 2
[1;32mDEBUG [0m]: xkb: Mod index 0 (name Shift) got index 0
[1;32mDEBUG [0m]: xkb: Mod index 1 (name Lock) got index 1
[1;32mDEBUG [0m]: xkb: Mod index 2 (name Control) got index 2
[1;32mDEBUG [0m]: xkb: Mod index 3 (name Mod1) got index 3
[1;32mDEBUG [0m]: xkb: Mod index 4 (name Mod2) got index 4
[1;32mDEBUG [0m]: xkb: Mod index 5 (name Mod3) got index 5
[1;32mDEBUG [0m]: xkb: Mod index 6 (name Mod4) got index 6
[1;32mDEBUG [0m]: xkb: Mod index 7 (name Mod5) got index 7
[1;32mDEBUG [0m]: Updating keymap fd for keyboard hl-virtual-keyboard-wtype
[1;32mDEBUG [0m]: Updated keymap fd to 99, keymap V1 to: 101
[1;32mDEBUG [0m]: Set the keyboard layout to us and variant to  for keyboard "hl-virtual-keyboard-wtype"
[1;32mDEBUG [0m]: New virtual keyboard created at 55dfae688740
[1;32mDEBUG [0m]: Updating keyboard 55dfae688740's translation state from a provided keymap
[1;32mDEBUG [0m]: Updating keymap fd for keyboard hl-virtual-keyboard-wtype
[1;32mDEBUG [0m]: Updated keymap fd to 99, keymap V1 to: 101
[1;32mDEBUG [0m]: Keyboard at 55dfae688740 removed
[1;32mDEBUG [0m]: Destroyed keyboard 55dfae688740
[1;32mDEBUG [0m]: [CWLSeatProtocol] New seat resource bound at 55dfae94e9f0
[1;32mDEBUG [0m]: [CVirtualKeyboardProtocol] New VKeyboard at id 5
[1;32mDEBUG [0m]: ApplyConfigToKeyboard for "hl-virtual-keyboard-wtype", hasconfig: 0
[1;32mDEBUG [0m]: Attempting to create a keymap for layout us with variant  (rules: , model: , options: )
[1;32mDEBUG [0m]: Updating keyboard 55dfae688740's translation state from a provided keymap
[1;32mDEBUG [0m]: xkb: LED index 0 (name Num Lock) got index 1
[1;32mDEBUG [0m]: xkb: LED index 1 (name Caps Lock) got index 0
[1;32mDEBUG [0m]: xkb: LED index 2 (name Scroll Lock) got index 2
[1;32mDEBUG [0m]: xkb: Mod index 0 (name Shift) got index 0
[1;32mDEBUG [0m]: xkb: Mod index 1 (name Lock) got index 1
[1;32mDEBUG [0m]: xkb: Mod index 2 (name Control) got index 2
[1;32mDEBUG [0m]: xkb: Mod index 3 (name Mod1) got index 3
[1;32mDEBUG [0m]: xkb: Mod index 4 (name Mod2) got index 4
[1;32mDEBUG [0m]: xkb: Mod index 5 (name Mod3) got index 5
[1;32mDEBUG [0m]: xkb: Mod index 6 (name Mod4) got index 6
[1;32mDEBUG [0m]: xkb: Mod index 7 (name Mod5) got index 7
[1;32mDEBUG [0m]: Updating keymap fd for keyboard hl-virtual-keyboard-wtype
[1;32mDEBUG [0m]: Updated keymap fd to 99, keymap V1 to: 101
[1;32mDEBUG [0m]: Set the keyboard layout to us and variant to  for keyboard "hl-virtual-keyboard-wtype"
[1;32mDEBUG [0m]: New virtual keyboard created at 55dfae688740
[1;32mDEBUG [0m]: Updating keyboard 55dfae688740's translation state from a provided keymap
[1;32mDEBUG [0m]: Updating keymap fd for keyboard hl-virtual-keyboard-wtype
[1;32mDEBUG [0m]: Updated keymap fd to 99, keymap V1 to: 101
[1;32mDEBUG [0m]: Keyboard at 55dfae688740 removed
[1;32mDEBUG [0m]: Destroyed keyboard 55dfae688740
[1;32mDEBUG [0m]: [CWLSeatProtocol] New seat resource bound at 55dfaed85d60
[1;32mDEBUG [0m]: [CVirtualKeyboardProtocol] New VKeyboard at id 5
[1;32mDEBUG [0m]: ApplyConfigToKeyboard for "hl-virtual-keyboard-wtype", hasconfig: 0
[1;32mDEBUG [0m]: Attempting to create a keymap for layout us with variant  (rules: , model: , options: )
[1;32mDEBUG [0m]: Updating keyboard 55dfae688740's translation state from a provided keymap
[1;32mDEBUG [0m]: xkb: LED index 0 (name Num Lock) got index 1
[1;32mDEBUG [0m]: xkb: LED index 1 (name Caps Lock) got index 0
[1;32mDEBUG [0m]: xkb: LED index 2 (name Scroll Lock) got index 2
[1;32mDEBUG [0m]: xkb: Mod index 0 (name Shift) got index 0
[1;32mDEBUG [0m]: xkb: Mod index 1 (name Lock) got index 1
[1;32mDEBUG [0m]: xkb: Mod index 2 (name Control) got index 2
[1;32mDEBUG [0m]: xkb: Mod index 3 (name Mod1) got index 3
[1;32mDEBUG [0m]: xkb: Mod index 4 (name Mod2) got index 4
[1;32mDEBUG [0m]: xkb: Mod index 5 (name Mod3) got index 5
[1;32mDEBUG [0m]: xkb: Mod index 6 (name Mod4) got index 6
[1;32mDEBUG [0m]: xkb: Mod index 7 (name Mod5) got index 7
[1;32mDEBUG [0m]: Updating keymap fd for keyboard hl-virtual-keyboard-wtype
[1;32mDEBUG [0m]: Updated keymap fd to 99, keymap V1 to: 101
[1;32mDEBUG [0m]: Set the keyboard layout to us and variant to  for keyboard "hl-virtual-keyboard-wtype"
[1;32mDEBUG [0m]: New virtual keyboard created at 55dfae688740
[1;32mDEBUG [0m]: Updating keyboard 55dfae688740's translation state from a provided keymap
[1;32mDEBUG [0m]: Updating keymap fd for keyboard hl-virtual-keyboard-wtype
[1;32mDEBUG [0m]: Updated keymap fd to 99, keymap V1 to: 101
[1;32mDEBUG [0m]: Keyboard at 55dfae688740 removed
[1;32mDEBUG [0m]: Destroyed keyboard 55dfae688740
[1;32mDEBUG [0m]: [CWLSeatProtocol] New seat resource bound at 55dfad64bcd0
[1;32mDEBUG [0m]: [CVirtualKeyboardProtocol] New VKeyboard at id 5
[1;32mDEBUG [0m]: ApplyConfigToKeyboard for "hl-virtual-keyboard-wtype", hasconfig: 0
[1;32mDEBUG [0m]: Attempting to create a keymap for layout us with variant  (rules: , model: , options: )
[1;32mDEBUG [0m]: Updating keyboard 55dfae688740's translation state from a provided keymap
[1;32mDEBUG [0m]: xkb: LED index 0 (name Num Lock) got index 1
[1;32mDEBUG [0m]: xkb: LED index 1 (name Caps Lock) got index 0
[1;32mDEBUG [0m]: xkb: LED index 2 (name Scroll Lock) got index 2
[1;32mDEBUG [0m]: xkb: Mod index 0 (name Shift) got index 0
[1;32mDEBUG [0m]: xkb: Mod index 1 (name Lock) got index 1
[1;32mDEBUG [0m]: xkb: Mod index 2 (name Control) got index 2
[1;32mDEBUG [0m]: xkb: Mod index 3 (name Mod1) got index 3
[1;32mDEBUG [0m]: xkb: Mod index 4 (name Mod2) got index 4
[1;32mDEBUG [0m]: xkb: Mod index 5 (name Mod3) got index 5
[1;32mDEBUG [0m]: xkb: Mod index 6 (name Mod4) got index 6
[1;32mDEBUG [0m]: xkb: Mod index 7 (name Mod5) got index 7
[1;32mDEBUG [0m]: Updating keymap fd for keyboard hl-virtual-keyboard-wtype
[1;32mDEBUG [0m]: Updated keymap fd to 99, keymap V1 to: 101
[1;32mDEBUG [0m]: Set the keyboard layout to us and variant to  for keyboard "hl-virtual-keyboard-wtype"
[1;32mDEBUG [0m]: New virtual keyboard created at 55dfae688740
[1;32mDEBUG [0m]: Updating keyboard 55dfae688740's translation state from a provided keymap
[1;32mDEBUG [0m]: Updating keymap fd for keyboard hl-virtual-keyboard-wtype
[1;32mDEBUG [0m]: Updated keymap fd to 99, keymap V1 to: 101
[1;32mDEBUG [0m]: Keyboard at 55dfae688740 removed
[1;32mDEBUG [0m]: Destroyed keyboard 55dfae688740
[1;32mDEBUG [0m]: [CWLSeatProtocol] New seat resource bound at 55dfae9aa070
[1;32mDEBUG [0m]: [CVirtualKeyboardProtocol] New VKeyboard at id 5
[1;32mDEBUG [0m]: ApplyConfigToKeyboard for "hl-virtual-keyboard-wtype", hasconfig: 0
[1;32mDEBUG [0m]: Attempting to create a keymap for layout us with variant  (rules: , model: , options: )
[1;32mDEBUG [0m]: Updating keyboard 55dfae688740's translation state from a provided keymap
[1;32mDEBUG [0m]: xkb: LED index 0 (name Num Lock) got index 1
[1;32mDEBUG [0m]: xkb: LED index 1 (name Caps Lock) got index 0
[1;32mDEBUG [0m]: xkb: LED index 2 (name Scroll Lock) got index 2
[1;32mDEBUG [0m]: xkb: Mod index 0 (name Shift) got index 0
[1;32mDEBUG [0m]: xkb: Mod index 1 (name Lock) got index 1
[1;32mDEBUG [0m]: xkb: Mod index 2 (name Control) got index 2
[1;32mDEBUG [0m]: xkb: Mod index 3 (name Mod1) got index 3
[1;32mDEBUG [0m]: xkb: Mod index 4 (name Mod2) got index 4
[1;32mDEBUG [0m]: xkb: Mod index 5 (name Mod3) got index 5
[1;32mDEBUG [0m]: xkb: Mod index 6 (name Mod4) got index 6
[1;32mDEBUG [0m]: xkb: Mod index 7 (name Mod5) got index 7
[1;32mDEBUG [0m]: Updating keymap fd for keyboard hl-virtual-keyboard-wtype
[1;32mDEBUG [0m]: Updated keymap fd to 99, keymap V1 to: 101
[1;32mDEBUG [0m]: Set the keyboard layout to us and variant to  for keyboard "hl-virtual-keyboard-wtype"
[1;32mDEBUG [0m]: New virtual keyboard created at 55dfae688740
[1;32mDEBUG [0m]: Updating keyboard 55dfae688740's translation state from a provided keymap
[1;32mDEBUG [0m]: Updating keymap fd for keyboard hl-virtual-keyboard-wtype
[1;32mDEBUG [0m]: Updated keymap fd to 99, keymap V1 to: 101
[1;32mDEBUG [0m]: Keyboard at 55dfae688740 removed
[1;32mDEBUG [0m]: Destroyed keyboard 55dfae688740
[1;32mDEBUG [0m]: Hyprctl: new connection from pid 635
[1;32mDEBUG [0m]: [COutputImageCaptureSourceProtocol] New capture source for monitor: HEADLESS-1
[1;32mDEBUG [0m]: [CImageCopyCaptureProtocol] New image copy capture session for source (monitor): "HEADLESS-1"
[1;32mDEBUG [0m]: [CLinuxDMABUFParamsResource] Creating a dmabuf, with id 64: size [Vector2D: x: 1920, y: 1080], fmt AR24, planes 1
[1;32mDEBUG [0m]: [CLinuxDMABUFParamsResource]  | plane 0: mod 72057594037927952 fd 61 stride 7680 offset 0
[1;32mDEBUG [0m]: [Screenshare] Started screenshare session for (monitor): HEADLESS-1
[1;32mDEBUG [0m]: Hyprctl: new connection from pid 644
[1;32mDEBUG [0m]: [CWLSeatProtocol] New seat resource bound at 55dfad64bd10
[1;32mDEBUG [0m]: [CVirtualKeyboardProtocol] New VKeyboard at id 5
[1;32mDEBUG [0m]: ApplyConfigToKeyboard for "hl-virtual-keyboard-wtype", hasconfig: 0
[1;32mDEBUG [0m]: Attempting to create a keymap for layout us with variant  (rules: , model: , options: )
[1;32mDEBUG [0m]: Updating keyboard 55dfae688740's translation state from a provided keymap
[1;32mDEBUG [0m]: xkb: LED index 0 (name Num Lock) got index 1
[1;32mDEBUG [0m]: xkb: LED index 1 (name Caps Lock) got index 0
[1;32mDEBUG [0m]: xkb: LED index 2 (name Scroll Lock) got index 2
[1;32mDEBUG [0m]: xkb: Mod index 0 (name Shift) got index 0
[1;32mDEBUG [0m]: xkb: Mod index 1 (name Lock) got index 1
[1;32mDEBUG [0m]: xkb: Mod index 2 (name Control) got index 2
[1;32mDEBUG [0m]: xkb: Mod index 3 (name Mod1) got index 3
[1;32mDEBUG [0m]: xkb: Mod index 4 (name Mod2) got index 4
[1;32mDEBUG [0m]: xkb: Mod index 5 (name Mod3) got index 5
[1;32mDEBUG [0m]: xkb: Mod index 6 (name Mod4) got index 6
[1;32mDEBUG [0m]: xkb: Mod index 7 (name Mod5) got index 7
[1;32mDEBUG [0m]: Updating keymap fd for keyboard hl-virtual-keyboard-wtype
[1;32mDEBUG [0m]: Updated keymap fd to 99, keymap V1 to: 101
[1;32mDEBUG [0m]: Set the keyboard layout to us and variant to  for keyboard "hl-virtual-keyboard-wtype"
[1;32mDEBUG [0m]: New virtual keyboard created at 55dfae688740
[1;32mDEBUG [0m]: Updating keyboard 55dfae688740's translation state from a provided keymap
[1;32mDEBUG [0m]: Updating keymap fd for keyboard hl-virtual-keyboard-wtype
[1;32mDEBUG [0m]: Updated keymap fd to 99, keymap V1 to: 101
[1;32mDEBUG [0m]: [CWLCompositorResource] New wl_region with id 85 at 55dfae69a330
[1;32mDEBUG [0m]: [CWLCompositorResource] New wl_region with id 95 at 55dfaeb65100
[1;32mDEBUG [0m]: [CWLCompositorResource] New wl_region with id 85 at 55dfaeb65100
[1;32mDEBUG [0m]: [CLinuxDMABUFParamsResource] Creating a dmabuf, with id 85: size [Vector2D: x: 368, y: 130], fmt AR24, planes 1
[1;32mDEBUG [0m]: [CLinuxDMABUFParamsResource]  | plane 0: mod 72057594037927952 fd 90 stride 1536 offset 0
[1;32mDEBUG [0m]: Keyboard at 55dfae688740 removed
[1;32mDEBUG [0m]: Destroyed keyboard 55dfae688740
[1;32mDEBUG [0m]: [CLinuxDMABUFParamsResource] Creating a dmabuf, with id 84: size [Vector2D: x: 368, y: 130], fmt AR24, planes 1
[1;32mDEBUG [0m]: [CLinuxDMABUFParamsResource]  | plane 0: mod 72057594037927952 fd 84 stride 1536 offset 0
[1;32mDEBUG [0m]: [CWLSeatProtocol] New seat resource bound at 55dfae94eaa0
[1;32mDEBUG [0m]: [CVirtualKeyboardProtocol] New VKeyboard at id 5
[1;32mDEBUG [0m]: ApplyConfigToKeyboard for "hl-virtual-keyboard-wtype", hasconfig: 0
[1;32mDEBUG [0m]: Attempting to create a keymap for layout us with variant  (rules: , model: , options: )
[1;32mDEBUG [0m]: Updating keyboard 55dfae688740's translation state from a provided keymap
[1;32mDEBUG [0m]: xkb: LED index 0 (name Num Lock) got index 1
[1;32mDEBUG [0m]: xkb: LED index 1 (name Caps Lock) got index 0
[1;32mDEBUG [0m]: xkb: LED index 2 (name Scroll Lock) got index 2
[1;32mDEBUG [0m]: xkb: Mod index 0 (name Shift) got index 0
[1;32mDEBUG [0m]: xkb: Mod index 1 (name Lock) got index 1
[1;32mDEBUG [0m]: xkb: Mod index 2 (name Control) got index 2
[1;32mDEBUG [0m]: xkb: Mod index 3 (name Mod1) got index 3
[1;32mDEBUG [0m]: xkb: Mod index 4 (name Mod2) got index 4
[1;32mDEBUG [0m]: xkb: Mod index 5 (name Mod3) got index 5
[1;32mDEBUG [0m]: xkb: Mod index 6 (name Mod4) got index 6
[1;32mDEBUG [0m]: xkb: Mod index 7 (name Mod5) got index 7
[1;32mDEBUG [0m]: Updating keymap fd for keyboard hl-virtual-keyboard-wtype
[1;32mDEBUG [0m]: Updated keymap fd to 99, keymap V1 to: 101
[1;32mDEBUG [0m]: Set the keyboard layout to us and variant to  for keyboard "hl-virtual-keyboard-wtype"
[1;32mDEBUG [0m]: New virtual keyboard created at 55dfae688740
[1;32mDEBUG [0m]: Updating keyboard 55dfae688740's translation state from a provided keymap
[1;32mDEBUG [0m]: Updating keymap fd for keyboard hl-virtual-keyboard-wtype
[1;32mDEBUG [0m]: Updated keymap fd to 99, keymap V1 to: 101
[1;32mDEBUG [0m]: [CLinuxDMABUFParamsResource] Creating a dmabuf, with id 95: size [Vector2D: x: 368, y: 310], fmt AR24, planes 1
[1;32mDEBUG [0m]: [CLinuxDMABUFParamsResource]  | plane 0: mod 72057594037927952 fd 97 stride 1536 offset 0
[1;32mDEBUG [0m]: Keyboard at 55dfae688740 removed
[1;32mDEBUG [0m]: Destroyed keyboard 55dfae688740
[1;32mDEBUG [0m]: [Screenshare] Stopped screenshare session for (monitor): HEADLESS-1
[1;32mDEBUG [0m]: [CWLSeatProtocol] New seat resource bound at 55dfae1107a0
[1;32mDEBUG [0m]: [CVirtualKeyboardProtocol] New VKeyboard at id 5
[1;32mDEBUG [0m]: ApplyConfigToKeyboard for "hl-virtual-keyboard-wtype", hasconfig: 0
[1;32mDEBUG [0m]: Attempting to create a keymap for layout us with variant  (rules: , model: , options: )
[1;32mDEBUG [0m]: Updating keyboard 55dfae688740's translation state from a provided keymap
[1;32mDEBUG [0m]: xkb: LED index 0 (name Num Lock) got index 1
[1;32mDEBUG [0m]: xkb: LED index 1 (name Caps Lock) got index 0
[1;32mDEBUG [0m]: xkb: LED index 2 (name Scroll Lock) got index 2
[1;32mDEBUG [0m]: xkb: Mod index 0 (name Shift) got index 0
[1;32mDEBUG [0m]: xkb: Mod index 1 (name Lock) got index 1
[1;32mDEBUG [0m]: xkb: Mod index 2 (name Control) got index 2
[1;32mDEBUG [0m]: xkb: Mod index 3 (name Mod1) got index 3
[1;32mDEBUG [0m]: xkb: Mod index 4 (name Mod2) got index 4
[1;32mDEBUG [0m]: xkb: Mod index 5 (name Mod3) got index 5
[1;32mDEBUG [0m]: xkb: Mod index 6 (name Mod4) got index 6
[1;32mDEBUG [0m]: xkb: Mod index 7 (name Mod5) got index 7
[1;32mDEBUG [0m]: Updating keymap fd for keyboard hl-virtual-keyboard-wtype
[1;32mDEBUG [0m]: Updated keymap fd to 100, keymap V1 to: 103
[1;32mDEBUG [0m]: Set the keyboard layout to us and variant to  for keyboard "hl-virtual-keyboard-wtype"
[1;32mDEBUG [0m]: New virtual keyboard created at 55dfae688740
[1;32mDEBUG [0m]: Updating keyboard 55dfae688740's translation state from a provided keymap
[1;32mDEBUG [0m]: Updating keymap fd for keyboard hl-virtual-keyboard-wtype
[1;32mDEBUG [0m]: Updated keymap fd to 100, keymap V1 to: 103
[1;32mDEBUG [0m]: [CWLCompositorResource] New wl_region with id 98 at 55dfae6983d0
[1;32mDEBUG [0m]: [CWLCompositorResource] New wl_region with id 87 at 55dfae6983d0
[1;32mDEBUG [0m]: [CLinuxDMABUFParamsResource] Creating a dmabuf, with id 81: size [Vector2D: x: 368, y: 310], fmt AR24, planes 1
[1;32mDEBUG [0m]: [CLinuxDMABUFParamsResource]  | plane 0: mod 72057594037927952 fd 91 stride 1536 offset 0
[1;32mDEBUG [0m]: [CLinuxDMABUFParamsResource] Creating a dmabuf, with id 100: size [Vector2D: x: 368, y: 178], fmt AR24, planes 1
[1;32mDEBUG [0m]: [CLinuxDMABUFParamsResource]  | plane 0: mod 72057594037927952 fd 88 stride 1536 offset 0
[1;32mDEBUG [0m]: Keyboard at 55dfae688740 removed
[1;32mDEBUG [0m]: Destroyed keyboard 55dfae688740
[1;32mDEBUG [0m]: Hyprctl: new connection from pid 656
[1;32mDEBUG [0m]: [COutputImageCaptureSourceProtocol] New capture source for monitor: HEADLESS-1
[1;32mDEBUG [0m]: [CImageCopyCaptureProtocol] New image copy capture session for source (monitor): "HEADLESS-1"
[1;32mDEBUG [0m]: [CLinuxDMABUFParamsResource] Creating a dmabuf, with id 64: size [Vector2D: x: 1920, y: 1080], fmt AR24, planes 1
[1;32mDEBUG [0m]: [CLinuxDMABUFParamsResource]  | plane 0: mod 72057594037927952 fd 61 stride 7680 offset 0
[1;32mDEBUG [0m]: [Screenshare] Started screenshare session for (monitor): HEADLESS-1
[1;32mDEBUG [0m]: Hyprctl: new connection from pid 665
[1;32mDEBUG [0m]: [CWLSeatProtocol] New seat resource bound at 55dfaee72bf0
[1;32mDEBUG [0m]: [CVirtualKeyboardProtocol] New VKeyboard at id 5
[1;32mDEBUG [0m]: ApplyConfigToKeyboard for "hl-virtual-keyboard-wtype", hasconfig: 0
[1;32mDEBUG [0m]: Attempting to create a keymap for layout us with variant  (rules: , model: , options: )
[1;32mDEBUG [0m]: Updating keyboard 55dfae688740's translation state from a provided keymap
[1;32mDEBUG [0m]: xkb: LED index 0 (name Num Lock) got index 1
[1;32mDEBUG [0m]: xkb: LED index 1 (name Caps Lock) got index 0
[1;32mDEBUG [0m]: xkb: LED index 2 (name Scroll Lock) got index 2
[1;32mDEBUG [0m]: xkb: Mod index 0 (name Shift) got index 0
[1;32mDEBUG [0m]: xkb: Mod index 1 (name Lock) got index 1
[1;32mDEBUG [0m]: xkb: Mod index 2 (name Control) got index 2
[1;32mDEBUG [0m]: xkb: Mod index 3 (name Mod1) got index 3
[1;32mDEBUG [0m]: xkb: Mod index 4 (name Mod2) got index 4
[1;32mDEBUG [0m]: xkb: Mod index 5 (name Mod3) got index 5
[1;32mDEBUG [0m]: xkb: Mod index 6 (name Mod4) got index 6
[1;32mDEBUG [0m]: xkb: Mod index 7 (name Mod5) got index 7
[1;32mDEBUG [0m]: Updating keymap fd for keyboard hl-virtual-keyboard-wtype
[1;32mDEBUG [0m]: Updated keymap fd to 99, keymap V1 to: 101
[1;32mDEBUG [0m]: Set the keyboard layout to us and variant to  for keyboard "hl-virtual-keyboard-wtype"
[1;32mDEBUG [0m]: New virtual keyboard created at 55dfae688740
[1;32mDEBUG [0m]: Updating keyboard 55dfae688740's translation state from a provided keymap
[1;32mDEBUG [0m]: Updating keymap fd for keyboard hl-virtual-keyboard-wtype
[1;32mDEBUG [0m]: Updated keymap fd to 99, keymap V1 to: 101
[1;32mDEBUG [0m]: [CWLCompositorResource] New wl_region with id 101 at 55dfae84cd70
[1;32mDEBUG [0m]: [CLinuxDMABUFParamsResource] Creating a dmabuf, with id 90: size [Vector2D: x: 368, y: 178], fmt AR24, planes 1
[1;32mDEBUG [0m]: [CLinuxDMABUFParamsResource]  | plane 0: mod 72057594037927952 fd 90 stride 1536 offset 0
[1;32mDEBUG [0m]: Keyboard at 55dfae688740 removed
[1;32mDEBUG [0m]: Destroyed keyboard 55dfae688740
[1;32mDEBUG [0m]: [CLinuxDMABUFParamsResource] Creating a dmabuf, with id 93: size [Vector2D: x: 368, y: 130], fmt AR24, planes 1
[1;32mDEBUG [0m]: [CLinuxDMABUFParamsResource]  | plane 0: mod 72057594037927952 fd 79 stride 1536 offset 0
[1;32mDEBUG [0m]: [CLinuxDMABUFParamsResource] Creating a dmabuf, with id 84: size [Vector2D: x: 368, y: 130], fmt AR24, planes 1
[1;32mDEBUG [0m]: [CLinuxDMABUFParamsResource]  | plane 0: mod 72057594037927952 fd 84 stride 1536 offset 0
[1;32mDEBUG [0m]: LayerSurface 55dfae6add50 destroyed
[1;32mDEBUG [0m]: Forcing an unmap of a LS that did a straight destroy!
[1;32mDEBUG [0m]: LayerSurface 55dfae6add50 unmapped
[1;32mDEBUG [0m]: renderer: making a snapshot of layer 55dfaedd45b0
[1;32mDEBUG [0m]: Framebuffer "layer snapshot" created, status 36053
[1;32mDEBUG [0m]: renderer: cleared a snapshot of layer 55dfaedd45b0
[1;32mDEBUG [0m]: renderer: rendered a snapshot of layer 55dfaedd45b0
[1;32mDEBUG [0m]: renderer: made a snapshot of layer 55dfaedd45b0
[1;32mDEBUG [0m]: CWLSurface 55dfae5bb5e0 called destroy()
[1;32mDEBUG [0m]: Cleanup: removed 1 fadeouts
[1;32mDEBUG [0m]: [Screenshare] Stopped screenshare session for (monitor): HEADLESS-1
[1;32mDEBUG [0m]: [Window 55dfae682de0: title: "Putkin private input test", class: org.quickshell] unmapped
[1;32mDEBUG [0m]: Removing last node (dwindle)
[1;33mWARN [0m]: ITarget: assignToSpace with a null space?
[1;32mDEBUG [0m]: Unmapped was not focused, ignoring a refocus.
[1;32mDEBUG [0m]: Destroying workspace ID 2
[1;32mDEBUG [0m]: [Window 55dfae682de0: title: "Putkin private input test", class: org.quickshell] destroyed, queueing.
[1;32mDEBUG [0m]: CWLSurface 55dfae4e2e80 called destroy()
[1;32mDEBUG [0m]: Hyprctl: new connection from pid 679
[1;32mDEBUG [0m]: Hyprctl: keyword monitor : HEADLESS-1,1920x1080@60,2000x0,1
[1;32mDEBUG [0m]: ApplyConfigToKeyboard for "wl_keyboard", hasconfig: 0
[1;32mDEBUG [0m]: Not applying config to keyboard, it did not change.
[1;33mWARN [0m]: No rule found for WAYLAND-1, trying to use the first.
[1;32mDEBUG [0m]: Hyprctl: new connection from pid 680
[1;32mDEBUG [0m]: Hyprctl: new connection from pid 681
[1;32mDEBUG [0m]: Hyprctl: dispatcher focusmonitor : HEADLESS-1
[1;32mDEBUG [0m]: [CWLCompositorResource] New wl_surface with id 93 at 55dfaee71490
[1;32mDEBUG [0m]: [CWLCompositorResource] New wl_surface with id 84 at 55dfaee71490
[1;32mDEBUG [0m]: [CPrimarySelectionProtocol] CPrimarySelectionProtocol::updateSelection: cannot send selection to a client without a data_device
[1;32mDEBUG [0m]: CWLSurface 55dfae4d86c0 called init()
[1;32mDEBUG [0m]: LayerSurface 55dfae6add50 (namespace putkin-panel layer 3) created on monitor HEADLESS-1
[1;32mDEBUG [0m]: [CLayerShellProtocol] New wlr_layer_surface 55dfae6add50
[1;32mDEBUG [0m]: cursorImage request: shape 1 -> default
[1;32mDEBUG [0m]: [CWLCompositorResource] New wl_region with id 93 at 55dfae94d6e0
[1;32mDEBUG [0m]: [CWLCompositorResource] New wl_region with id 100 at 55dfae94d6e0
[1;32mDEBUG [0m]: [CLinuxDMABUFParamsResource] Creating a dmabuf, with id 85: size [Vector2D: x: 368, y: 64], fmt AR24, planes 1
[1;32mDEBUG [0m]: [CLinuxDMABUFParamsResource]  | plane 0: mod 72057594037927952 fd 79 stride 1536 offset 0
[1;32mDEBUG [0m]: LayerSurface 55dfae6add50 mapped
[1;32mDEBUG [0m]: [CLinuxDMABUFParamsResource] Creating a dmabuf, with id 101: size [Vector2D: x: 368, y: 64], fmt AR24, planes 1
[1;32mDEBUG [0m]: [CLinuxDMABUFParamsResource]  | plane 0: mod 72057594037927952 fd 88 stride 1536 offset 0
[1;32mDEBUG [0m]: [CLinuxDMABUFParamsResource] Creating a dmabuf, with id 81: size [Vector2D: x: 368, y: 1058], fmt AR24, planes 1
[1;32mDEBUG [0m]: [CLinuxDMABUFParamsResource]  | plane 0: mod 72057594037927952 fd 91 stride 1536 offset 0
[1;32mDEBUG [0m]: [CWLSeatProtocol] New seat resource bound at 55dfaf07ad00
[1;32mDEBUG [0m]: [CVirtualKeyboardProtocol] New VKeyboard at id 5
[1;32mDEBUG [0m]: ApplyConfigToKeyboard for "hl-virtual-keyboard-wtype", hasconfig: 0
[1;32mDEBUG [0m]: Attempting to create a keymap for layout us with variant  (rules: , model: , options: )
[1;32mDEBUG [0m]: Updating keyboard 55dfae688740's translation state from a provided keymap
[1;32mDEBUG [0m]: xkb: LED index 0 (name Num Lock) got index 1
[1;32mDEBUG [0m]: xkb: LED index 1 (name Caps Lock) got index 0
[1;32mDEBUG [0m]: xkb: LED index 2 (name Scroll Lock) got index 2
[1;32mDEBUG [0m]: xkb: Mod index 0 (name Shift) got index 0
[1;32mDEBUG [0m]: xkb: Mod index 1 (name Lock) got index 1
[1;32mDEBUG [0m]: xkb: Mod index 2 (name Control) got index 2
[1;32mDEBUG [0m]: xkb: Mod index 3 (name Mod1) got index 3
[1;32mDEBUG [0m]: xkb: Mod index 4 (name Mod2) got index 4
[1;32mDEBUG [0m]: xkb: Mod index 5 (name Mod3) got index 5
[1;32mDEBUG [0m]: xkb: Mod index 6 (name Mod4) got index 6
[1;32mDEBUG [0m]: xkb: Mod index 7 (name Mod5) got index 7
[1;32mDEBUG [0m]: Updating keymap fd for keyboard hl-virtual-keyboard-wtype
[1;32mDEBUG [0m]: Updated keymap fd to 99, keymap V1 to: 101
[1;32mDEBUG [0m]: Set the keyboard layout to us and variant to  for keyboard "hl-virtual-keyboard-wtype"
[1;32mDEBUG [0m]: New virtual keyboard created at 55dfae688740
[1;32mDEBUG [0m]: Updating keyboard 55dfae688740's translation state from a provided keymap
[1;32mDEBUG [0m]: Updating keymap fd for keyboard hl-virtual-keyboard-wtype
[1;32mDEBUG [0m]: Updated keymap fd to 99, keymap V1 to: 101
[1;32mDEBUG [0m]: [CLinuxDMABUFParamsResource] Creating a dmabuf, with id 100: size [Vector2D: x: 368, y: 1058], fmt AR24, planes 1
[1;32mDEBUG [0m]: [CLinuxDMABUFParamsResource]  | plane 0: mod 72057594037927952 fd 97 stride 1536 offset 0
[1;32mDEBUG [0m]: Keyboard at 55dfae688740 removed
[1;32mDEBUG [0m]: Destroyed keyboard 55dfae688740
[1;32mDEBUG [0m]: [CWLSeatProtocol] New seat resource bound at 55dfae64c860
[1;32mDEBUG [0m]: [CVirtualKeyboardProtocol] New VKeyboard at id 5
[1;32mDEBUG [0m]: ApplyConfigToKeyboard for "hl-virtual-keyboard-wtype", hasconfig: 0
[1;32mDEBUG [0m]: Attempting to create a keymap for layout us with variant  (rules: , model: , options: )
[1;32mDEBUG [0m]: Updating keyboard 55dfae688740's translation state from a provided keymap
[1;32mDEBUG [0m]: xkb: LED index 0 (name Num Lock) got index 1
[1;32mDEBUG [0m]: xkb: LED index 1 (name Caps Lock) got index 0
[1;32mDEBUG [0m]: xkb: LED index 2 (name Scroll Lock) got index 2
[1;32mDEBUG [0m]: xkb: Mod index 0 (name Shift) got index 0
[1;32mDEBUG [0m]: xkb: Mod index 1 (name Lock) got index 1
[1;32mDEBUG [0m]: xkb: Mod index 2 (name Control) got index 2
[1;32mDEBUG [0m]: xkb: Mod index 3 (name Mod1) got index 3
[1;32mDEBUG [0m]: xkb: Mod index 4 (name Mod2) got index 4
[1;32mDEBUG [0m]: xkb: Mod index 5 (name Mod3) got index 5
[1;32mDEBUG [0m]: xkb: Mod index 6 (name Mod4) got index 6
[1;32mDEBUG [0m]: xkb: Mod index 7 (name Mod5) got index 7
[1;32mDEBUG [0m]: Updating keymap fd for keyboard hl-virtual-keyboard-wtype
[1;32mDEBUG [0m]: Updated keymap fd to 99, keymap V1 to: 101
[1;32mDEBUG [0m]: Set the keyboard layout to us and variant to  for keyboard "hl-virtual-keyboard-wtype"
[1;32mDEBUG [0m]: New virtual keyboard created at 55dfae688740
[1;32mDEBUG [0m]: Updating keyboard 55dfae688740's translation state from a provided keymap
[1;32mDEBUG [0m]: Updating keymap fd for keyboard hl-virtual-keyboard-wtype
[1;32mDEBUG [0m]: Updated keymap fd to 99, keymap V1 to: 101
[1;32mDEBUG [0m]: Keyboard at 55dfae688740 removed
[1;32mDEBUG [0m]: Destroyed keyboard 55dfae688740
[1;32mDEBUG [0m]: [CWLSeatProtocol] New seat resource bound at 55dfae642840
[1;32mDEBUG [0m]: [CVirtualKeyboardProtocol] New VKeyboard at id 5
[1;32mDEBUG [0m]: ApplyConfigToKeyboard for "hl-virtual-keyboard-wtype", hasconfig: 0
[1;32mDEBUG [0m]: Attempting to create a keymap for layout us with variant  (rules: , model: , options: )
[1;32mDEBUG [0m]: Updating keyboard 55dfae688740's translation state from a provided keymap
[1;32mDEBUG [0m]: xkb: LED index 0 (name Num Lock) got index 1
[1;32mDEBUG [0m]: xkb: LED index 1 (name Caps Lock) got index 0
[1;32mDEBUG [0m]: xkb: LED index 2 (name Scroll Lock) got index 2
[1;32mDEBUG [0m]: xkb: Mod index 0 (name Shift) got index 0
[1;32mDEBUG [0m]: xkb: Mod index 1 (name Lock) got index 1
[1;32mDEBUG [0m]: xkb: Mod index 2 (name Control) got index 2
[1;32mDEBUG [0m]: xkb: Mod index 3 (name Mod1) got index 3
[1;32mDEBUG [0m]: xkb: Mod index 4 (name Mod2) got index 4
[1;32mDEBUG [0m]: xkb: Mod index 5 (name Mod3) got index 5
[1;32mDEBUG [0m]: xkb: Mod index 6 (name Mod4) got index 6
[1;32mDEBUG [0m]: xkb: Mod index 7 (name Mod5) got index 7
[1;32mDEBUG [0m]: Updating keymap fd for keyboard hl-virtual-keyboard-wtype
[1;32mDEBUG [0m]: Updated keymap fd to 99, keymap V1 to: 101
[1;32mDEBUG [0m]: Set the keyboard layout to us and variant to  for keyboard "hl-virtual-keyboard-wtype"
[1;32mDEBUG [0m]: New virtual keyboard created at 55dfae688740
[1;32mDEBUG [0m]: Updating keyboard 55dfae688740's translation state from a provided keymap
[1;32mDEBUG [0m]: Updating keymap fd for keyboard hl-virtual-keyboard-wtype
[1;32mDEBUG [0m]: Updated keymap fd to 99, keymap V1 to: 101
[1;32mDEBUG [0m]: Keyboard at 55dfae688740 removed
[1;32mDEBUG [0m]: Destroyed keyboard 55dfae688740
[1;32mDEBUG [0m]: [CWLSeatProtocol] New seat resource bound at 55dfae657fe0
[1;32mDEBUG [0m]: [CVirtualKeyboardProtocol] New VKeyboard at id 5
[1;32mDEBUG [0m]: ApplyConfigToKeyboard for "hl-virtual-keyboard-wtype", hasconfig: 0
[1;32mDEBUG [0m]: Attempting to create a keymap for layout us with variant  (rules: , model: , options: )
[1;32mDEBUG [0m]: Updating keyboard 55dfae688740's translation state from a provided keymap
[1;32mDEBUG [0m]: xkb: LED index 0 (name Num Lock) got index 1
[1;32mDEBUG [0m]: xkb: LED index 1 (name Caps Lock) got index 0
[1;32mDEBUG [0m]: xkb: LED index 2 (name Scroll Lock) got index 2
[1;32mDEBUG [0m]: xkb: Mod index 0 (name Shift) got index 0
[1;32mDEBUG [0m]: xkb: Mod index 1 (name Lock) got index 1
[1;32mDEBUG [0m]: xkb: Mod index 2 (name Control) got index 2
[1;32mDEBUG [0m]: xkb: Mod index 3 (name Mod1) got index 3
[1;32mDEBUG [0m]: xkb: Mod index 4 (name Mod2) got index 4
[1;32mDEBUG [0m]: xkb: Mod index 5 (name Mod3) got index 5
[1;32mDEBUG [0m]: xkb: Mod index 6 (name Mod4) got index 6
[1;32mDEBUG [0m]: xkb: Mod index 7 (name Mod5) got index 7
[1;32mDEBUG [0m]: Updating keymap fd for keyboard hl-virtual-keyboard-wtype
[1;32mDEBUG [0m]: Updated keymap fd to 99, keymap V1 to: 101
[1;32mDEBUG [0m]: Set the keyboard layout to us and variant to  for keyboard "hl-virtual-keyboard-wtype"
[1;32mDEBUG [0m]: New virtual keyboard created at 55dfae688740
[1;32mDEBUG [0m]: Updating keyboard 55dfae688740's translation state from a provided keymap
[1;32mDEBUG [0m]: Updating keymap fd for keyboard hl-virtual-keyboard-wtype
[1;32mDEBUG [0m]: Updated keymap fd to 99, keymap V1 to: 101
[1;32mDEBUG [0m]: Keyboard at 55dfae688740 removed
[1;32mDEBUG [0m]: Destroyed keyboard 55dfae688740
[1;32mDEBUG [0m]: [CWLSeatProtocol] New seat resource bound at 55dfae637a00
[1;32mDEBUG [0m]: [CVirtualKeyboardProtocol] New VKeyboard at id 5
[1;32mDEBUG [0m]: ApplyConfigToKeyboard for "hl-virtual-keyboard-wtype", hasconfig: 0
[1;32mDEBUG [0m]: Attempting to create a keymap for layout us with variant  (rules: , model: , options: )
[1;32mDEBUG [0m]: Updating keyboard 55dfae688740's translation state from a provided keymap
[1;32mDEBUG [0m]: xkb: LED index 0 (name Num Lock) got index 1
[1;32mDEBUG [0m]: xkb: LED index 1 (name Caps Lock) got index 0
[1;32mDEBUG [0m]: xkb: LED index 2 (name Scroll Lock) got index 2
[1;32mDEBUG [0m]: xkb: Mod index 0 (name Shift) got index 0
[1;32mDEBUG [0m]: xkb: Mod index 1 (name Lock) got index 1
[1;32mDEBUG [0m]: xkb: Mod index 2 (name Control) got index 2
[1;32mDEBUG [0m]: xkb: Mod index 3 (name Mod1) got index 3
[1;32mDEBUG [0m]: xkb: Mod index 4 (name Mod2) got index 4
[1;32mDEBUG [0m]: xkb: Mod index 5 (name Mod3) got index 5
[1;32mDEBUG [0m]: xkb: Mod index 6 (name Mod4) got index 6
[1;32mDEBUG [0m]: xkb: Mod index 7 (name Mod5) got index 7
[1;32mDEBUG [0m]: Updating keymap fd for keyboard hl-virtual-keyboard-wtype
[1;32mDEBUG [0m]: Updated keymap fd to 99, keymap V1 to: 101
[1;32mDEBUG [0m]: Set the keyboard layout to us and variant to  for keyboard "hl-virtual-keyboard-wtype"
[1;32mDEBUG [0m]: New virtual keyboard created at 55dfae688740
[1;32mDEBUG [0m]: Updating keyboard 55dfae688740's translation state from a provided keymap
[1;32mDEBUG [0m]: Updating keymap fd for keyboard hl-virtual-keyboard-wtype
[1;32mDEBUG [0m]: Updated keymap fd to 99, keymap V1 to: 101
[1;32mDEBUG [0m]: Keyboard at 55dfae688740 removed
[1;32mDEBUG [0m]: Destroyed keyboard 55dfae688740
[1;32mDEBUG [0m]: [CWLSeatProtocol] New seat resource bound at 55dfae641880
[1;32mDEBUG [0m]: [CVirtualKeyboardProtocol] New VKeyboard at id 5
[1;32mDEBUG [0m]: ApplyConfigToKeyboard for "hl-virtual-keyboard-wtype", hasconfig: 0
[1;32mDEBUG [0m]: Attempting to create a keymap for layout us with variant  (rules: , model: , options: )
[1;32mDEBUG [0m]: Updating keyboard 55dfae688740's translation state from a provided keymap
[1;32mDEBUG [0m]: xkb: LED index 0 (name Num Lock) got index 1
[1;32mDEBUG [0m]: xkb: LED index 1 (name Caps Lock) got index 0
[1;32mDEBUG [0m]: xkb: LED index 2 (name Scroll Lock) got index 2
[1;32mDEBUG [0m]: xkb: Mod index 0 (name Shift) got index 0
[1;32mDEBUG [0m]: xkb: Mod index 1 (name Lock) got index 1
[1;32mDEBUG [0m]: xkb: Mod index 2 (name Control) got index 2
[1;32mDEBUG [0m]: xkb: Mod index 3 (name Mod1) got index 3
[1;32mDEBUG [0m]: xkb: Mod index 4 (name Mod2) got index 4
[1;32mDEBUG [0m]: xkb: Mod index 5 (name Mod3) got index 5
[1;32mDEBUG [0m]: xkb: Mod index 6 (name Mod4) got index 6
[1;32mDEBUG [0m]: xkb: Mod index 7 (name Mod5) got index 7
[1;32mDEBUG [0m]: Updating keymap fd for keyboard hl-virtual-keyboard-wtype
[1;32mDEBUG [0m]: Updated keymap fd to 99, keymap V1 to: 101
[1;32mDEBUG [0m]: Set the keyboard layout to us and variant to  for keyboard "hl-virtual-keyboard-wtype"
[1;32mDEBUG [0m]: New virtual keyboard created at 55dfae688740
[1;32mDEBUG [0m]: Updating keyboard 55dfae688740's translation state from a provided keymap
[1;32mDEBUG [0m]: Updating keymap fd for keyboard hl-virtual-keyboard-wtype
[1;32mDEBUG [0m]: Updated keymap fd to 99, keymap V1 to: 101
[1;32mDEBUG [0m]: Keyboard at 55dfae688740 removed
[1;32mDEBUG [0m]: Destroyed keyboard 55dfae688740
[1;32mDEBUG [0m]: [CWLSeatProtocol] New seat resource bound at 55dfae64c740
[1;32mDEBUG [0m]: [CVirtualKeyboardProtocol] New VKeyboard at id 5
[1;32mDEBUG [0m]: ApplyConfigToKeyboard for "hl-virtual-keyboard-wtype", hasconfig: 0
[1;32mDEBUG [0m]: Attempting to create a keymap for layout us with variant  (rules: , model: , options: )
[1;32mDEBUG [0m]: Updating keyboard 55dfae688740's translation state from a provided keymap
[1;32mDEBUG [0m]: xkb: LED index 0 (name Num Lock) got index 1
[1;32mDEBUG [0m]: xkb: LED index 1 (name Caps Lock) got index 0
[1;32mDEBUG [0m]: xkb: LED index 2 (name Scroll Lock) got index 2
[1;32mDEBUG [0m]: xkb: Mod index 0 (name Shift) got index 0
[1;32mDEBUG [0m]: xkb: Mod index 1 (name Lock) got index 1
[1;32mDEBUG [0m]: xkb: Mod index 2 (name Control) got index 2
[1;32mDEBUG [0m]: xkb: Mod index 3 (name Mod1) got index 3
[1;32mDEBUG [0m]: xkb: Mod index 4 (name Mod2) got index 4
[1;32mDEBUG [0m]: xkb: Mod index 5 (name Mod3) got index 5
[1;32mDEBUG [0m]: xkb: Mod index 6 (name Mod4) got index 6
[1;32mDEBUG [0m]: xkb: Mod index 7 (name Mod5) got index 7
[1;32mDEBUG [0m]: Updating keymap fd for keyboard hl-virtual-keyboard-wtype
[1;32mDEBUG [0m]: Updated keymap fd to 99, keymap V1 to: 101
[1;32mDEBUG [0m]: Set the keyboard layout to us and variant to  for keyboard "hl-virtual-keyboard-wtype"
[1;32mDEBUG [0m]: New virtual keyboard created at 55dfae688740
[1;32mDEBUG [0m]: Updating keyboard 55dfae688740's translation state from a provided keymap
[1;32mDEBUG [0m]: Updating keymap fd for keyboard hl-virtual-keyboard-wtype
[1;32mDEBUG [0m]: Updated keymap fd to 99, keymap V1 to: 101
[1;32mDEBUG [0m]: Keyboard at 55dfae688740 removed
[1;32mDEBUG [0m]: Destroyed keyboard 55dfae688740
[1;32mDEBUG [0m]: [CWLSeatProtocol] New seat resource bound at 55dfae64c980
[1;32mDEBUG [0m]: [CVirtualKeyboardProtocol] New VKeyboard at id 5
[1;32mDEBUG [0m]: ApplyConfigToKeyboard for "hl-virtual-keyboard-wtype", hasconfig: 0
[1;32mDEBUG [0m]: Attempting to create a keymap for layout us with variant  (rules: , model: , options: )
[1;32mDEBUG [0m]: Updating keyboard 55dfae688740's translation state from a provided keymap
[1;32mDEBUG [0m]: xkb: LED index 0 (name Num Lock) got index 1
[1;32mDEBUG [0m]: xkb: LED index 1 (name Caps Lock) got index 0
[1;32mDEBUG [0m]: xkb: LED index 2 (name Scroll Lock) got index 2
[1;32mDEBUG [0m]: xkb: Mod index 0 (name Shift) got index 0
[1;32mDEBUG [0m]: xkb: Mod index 1 (name Lock) got index 1
[1;32mDEBUG [0m]: xkb: Mod index 2 (name Control) got index 2
[1;32mDEBUG [0m]: xkb: Mod index 3 (name Mod1) got index 3
[1;32mDEBUG [0m]: xkb: Mod index 4 (name Mod2) got index 4
[1;32mDEBUG [0m]: xkb: Mod index 5 (name Mod3) got index 5
[1;32mDEBUG [0m]: xkb: Mod index 6 (name Mod4) got index 6
[1;32mDEBUG [0m]: xkb: Mod index 7 (name Mod5) got index 7
[1;32mDEBUG [0m]: Updating keymap fd for keyboard hl-virtual-keyboard-wtype
[1;32mDEBUG [0m]: Updated keymap fd to 99, keymap V1 to: 101
[1;32mDEBUG [0m]: Set the keyboard layout to us and variant to  for keyboard "hl-virtual-keyboard-wtype"
[1;32mDEBUG [0m]: New virtual keyboard created at 55dfae688740
[1;32mDEBUG [0m]: Updating keyboard 55dfae688740's translation state from a provided keymap
[1;32mDEBUG [0m]: Updating keymap fd for keyboard hl-virtual-keyboard-wtype
[1;32mDEBUG [0m]: Updated keymap fd to 99, keymap V1 to: 101
[1;32mDEBUG [0m]: Keyboard at 55dfae688740 removed
[1;32mDEBUG [0m]: Destroyed keyboard 55dfae688740
[1;32mDEBUG [0m]: [CWLSeatProtocol] New seat resource bound at 55dfae646100
[1;32mDEBUG [0m]: [CVirtualKeyboardProtocol] New VKeyboard at id 5
[1;32mDEBUG [0m]: ApplyConfigToKeyboard for "hl-virtual-keyboard-wtype", hasconfig: 0
[1;32mDEBUG [0m]: Attempting to create a keymap for layout us with variant  (rules: , model: , options: )
[1;32mDEBUG [0m]: Updating keyboard 55dfae688740's translation state from a provided keymap
[1;32mDEBUG [0m]: xkb: LED index 0 (name Num Lock) got index 1
[1;32mDEBUG [0m]: xkb: LED index 1 (name Caps Lock) got index 0
[1;32mDEBUG [0m]: xkb: LED index 2 (name Scroll Lock) got index 2
[1;32mDEBUG [0m]: xkb: Mod index 0 (name Shift) got index 0
[1;32mDEBUG [0m]: xkb: Mod index 1 (name Lock) got index 1
[1;32mDEBUG [0m]: xkb: Mod index 2 (name Control) got index 2
[1;32mDEBUG [0m]: xkb: Mod index 3 (name Mod1) got index 3
[1;32mDEBUG [0m]: xkb: Mod index 4 (name Mod2) got index 4
[1;32mDEBUG [0m]: xkb: Mod index 5 (name Mod3) got index 5
[1;32mDEBUG [0m]: xkb: Mod index 6 (name Mod4) got index 6
[1;32mDEBUG [0m]: xkb: Mod index 7 (name Mod5) got index 7
[1;32mDEBUG [0m]: Updating keymap fd for keyboard hl-virtual-keyboard-wtype
[1;32mDEBUG [0m]: Updated keymap fd to 99, keymap V1 to: 101
[1;32mDEBUG [0m]: Set the keyboard layout to us and variant to  for keyboard "hl-virtual-keyboard-wtype"
[1;32mDEBUG [0m]: New virtual keyboard created at 55dfae688740
[1;32mDEBUG [0m]: Updating keyboard 55dfae688740's translation state from a provided keymap
[1;32mDEBUG [0m]: Updating keymap fd for keyboard hl-virtual-keyboard-wtype
[1;32mDEBUG [0m]: Updated keymap fd to 99, keymap V1 to: 101
[1;32mDEBUG [0m]: Keyboard at 55dfae688740 removed
[1;32mDEBUG [0m]: Destroyed keyboard 55dfae688740
[1;32mDEBUG [0m]: [CWLSeatProtocol] New seat resource bound at 55dfae64c3e0
[1;32mDEBUG [0m]: [CVirtualKeyboardProtocol] New VKeyboard at id 5
[1;32mDEBUG [0m]: ApplyConfigToKeyboard for "hl-virtual-keyboard-wtype", hasconfig: 0
[1;32mDEBUG [0m]: Attempting to create a keymap for layout us with variant  (rules: , model: , options: )
[1;32mDEBUG [0m]: Updating keyboard 55dfae688740's translation state from a provided keymap
[1;32mDEBUG [0m]: xkb: LED index 0 (name Num Lock) got index 1
[1;32mDEBUG [0m]: xkb: LED index 1 (name Caps Lock) got index 0
[1;32mDEBUG [0m]: xkb: LED index 2 (name Scroll Lock) got index 2
[1;32mDEBUG [0m]: xkb: Mod index 0 (name Shift) got index 0
[1;32mDEBUG [0m]: xkb: Mod index 1 (name Lock) got index 1
[1;32mDEBUG [0m]: xkb: Mod index 2 (name Control) got index 2
[1;32mDEBUG [0m]: xkb: Mod index 3 (name Mod1) got index 3
[1;32mDEBUG [0m]: xkb: Mod index 4 (name Mod2) got index 4
[1;32mDEBUG [0m]: xkb: Mod index 5 (name Mod3) got index 5
[1;32mDEBUG [0m]: xkb: Mod index 6 (name Mod4) got index 6
[1;32mDEBUG [0m]: xkb: Mod index 7 (name Mod5) got index 7
[1;32mDEBUG [0m]: Updating keymap fd for keyboard hl-virtual-keyboard-wtype
[1;32mDEBUG [0m]: Updated keymap fd to 99, keymap V1 to: 101
[1;32mDEBUG [0m]: Set the keyboard layout to us and variant to  for keyboard "hl-virtual-keyboard-wtype"
[1;32mDEBUG [0m]: New virtual keyboard created at 55dfae688740
[1;32mDEBUG [0m]: Updating keyboard 55dfae688740's translation state from a provided keymap
[1;32mDEBUG [0m]: Updating keymap fd for keyboard hl-virtual-keyboard-wtype
[1;32mDEBUG [0m]: Updated keymap fd to 99, keymap V1 to: 101
[1;32mDEBUG [0m]: Keyboard at 55dfae688740 removed
[1;32mDEBUG [0m]: Destroyed keyboard 55dfae688740
[1;32mDEBUG [0m]: [CWLSeatProtocol] New seat resource bound at 55dfad656af0
[1;32mDEBUG [0m]: [CVirtualKeyboardProtocol] New VKeyboard at id 5
[1;32mDEBUG [0m]: ApplyConfigToKeyboard for "hl-virtual-keyboard-wtype", hasconfig: 0
[1;32mDEBUG [0m]: Attempting to create a keymap for layout us with variant  (rules: , model: , options: )
[1;32mDEBUG [0m]: Updating keyboard 55dfae688740's translation state from a provided keymap
[1;32mDEBUG [0m]: xkb: LED index 0 (name Num Lock) got index 1
[1;32mDEBUG [0m]: xkb: LED index 1 (name Caps Lock) got index 0
[1;32mDEBUG [0m]: xkb: LED index 2 (name Scroll Lock) got index 2
[1;32mDEBUG [0m]: xkb: Mod index 0 (name Shift) got index 0
[1;32mDEBUG [0m]: xkb: Mod index 1 (name Lock) got index 1
[1;32mDEBUG [0m]: xkb: Mod index 2 (name Control) got index 2
[1;32mDEBUG [0m]: xkb: Mod index 3 (name Mod1) got index 3
[1;32mDEBUG [0m]: xkb: Mod index 4 (name Mod2) got index 4
[1;32mDEBUG [0m]: xkb: Mod index 5 (name Mod3) got index 5
[1;32mDEBUG [0m]: xkb: Mod index 6 (name Mod4) got index 6
[1;32mDEBUG [0m]: xkb: Mod index 7 (name Mod5) got index 7
[1;32mDEBUG [0m]: Updating keymap fd for keyboard hl-virtual-keyboard-wtype
[1;32mDEBUG [0m]: Updated keymap fd to 99, keymap V1 to: 101
[1;32mDEBUG [0m]: Set the keyboard layout to us and variant to  for keyboard "hl-virtual-keyboard-wtype"
[1;32mDEBUG [0m]: New virtual keyboard created at 55dfae688740
[1;32mDEBUG [0m]: Updating keyboard 55dfae688740's translation state from a provided keymap
[1;32mDEBUG [0m]: Updating keymap fd for keyboard hl-virtual-keyboard-wtype
[1;32mDEBUG [0m]: Updated keymap fd to 99, keymap V1 to: 101
[1;32mDEBUG [0m]: Keyboard at 55dfae688740 removed
[1;32mDEBUG [0m]: Destroyed keyboard 55dfae688740
[1;32mDEBUG [0m]: [CWLSeatProtocol] New seat resource bound at 55dfae64c860
[1;32mDEBUG [0m]: [CVirtualKeyboardProtocol] New VKeyboard at id 5
[1;32mDEBUG [0m]: ApplyConfigToKeyboard for "hl-virtual-keyboard-wtype", hasconfig: 0
[1;32mDEBUG [0m]: Attempting to create a keymap for layout us with variant  (rules: , model: , options: )
[1;32mDEBUG [0m]: Updating keyboard 55dfae688740's translation state from a provided keymap
[1;32mDEBUG [0m]: xkb: LED index 0 (name Num Lock) got index 1
[1;32mDEBUG [0m]: xkb: LED index 1 (name Caps Lock) got index 0
[1;32mDEBUG [0m]: xkb: LED index 2 (name Scroll Lock) got index 2
[1;32mDEBUG [0m]: xkb: Mod index 0 (name Shift) got index 0
[1;32mDEBUG [0m]: xkb: Mod index 1 (name Lock) got index 1
[1;32mDEBUG [0m]: xkb: Mod index 2 (name Control) got index 2
[1;32mDEBUG [0m]: xkb: Mod index 3 (name Mod1) got index 3
[1;32mDEBUG [0m]: xkb: Mod index 4 (name Mod2) got index 4
[1;32mDEBUG [0m]: xkb: Mod index 5 (name Mod3) got index 5
[1;32mDEBUG [0m]: xkb: Mod index 6 (name Mod4) got index 6
[1;32mDEBUG [0m]: xkb: Mod index 7 (name Mod5) got index 7
[1;32mDEBUG [0m]: Updating keymap fd for keyboard hl-virtual-keyboard-wtype
[1;32mDEBUG [0m]: Updated keymap fd to 99, keymap V1 to: 101
[1;32mDEBUG [0m]: Set the keyboard layout to us and variant to  for keyboard "hl-virtual-keyboard-wtype"
[1;32mDEBUG [0m]: New virtual keyboard created at 55dfae688740
[1;32mDEBUG [0m]: Updating keyboard 55dfae688740's translation state from a provided keymap
[1;32mDEBUG [0m]: Updating keymap fd for keyboard hl-virtual-keyboard-wtype
[1;32mDEBUG [0m]: Updated keymap fd to 99, keymap V1 to: 101
[1;32mDEBUG [0m]: Keyboard at 55dfae688740 removed
[1;32mDEBUG [0m]: Destroyed keyboard 55dfae688740
[1;32mDEBUG [0m]: [CWLSeatProtocol] New seat resource bound at 55dfae63d2d0
[1;32mDEBUG [0m]: [CVirtualKeyboardProtocol] New VKeyboard at id 5
[1;32mDEBUG [0m]: ApplyConfigToKeyboard for "hl-virtual-keyboard-wtype", hasconfig: 0
[1;32mDEBUG [0m]: Attempting to create a keymap for layout us with variant  (rules: , model: , options: )
[1;32mDEBUG [0m]: Updating keyboard 55dfae688740's translation state from a provided keymap
[1;32mDEBUG [0m]: xkb: LED index 0 (name Num Lock) got index 1
[1;32mDEBUG [0m]: xkb: LED index 1 (name Caps Lock) got index 0
[1;32mDEBUG [0m]: xkb: LED index 2 (name Scroll Lock) got index 2
[1;32mDEBUG [0m]: xkb: Mod index 0 (name Shift) got index 0
[1;32mDEBUG [0m]: xkb: Mod index 1 (name Lock) got index 1
[1;32mDEBUG [0m]: xkb: Mod index 2 (name Control) got index 2
[1;32mDEBUG [0m]: xkb: Mod index 3 (name Mod1) got index 3
[1;32mDEBUG [0m]: xkb: Mod index 4 (name Mod2) got index 4
[1;32mDEBUG [0m]: xkb: Mod index 5 (name Mod3) got index 5
[1;32mDEBUG [0m]: xkb: Mod index 6 (name Mod4) got index 6
[1;32mDEBUG [0m]: xkb: Mod index 7 (name Mod5) got index 7
[1;32mDEBUG [0m]: Updating keymap fd for keyboard hl-virtual-keyboard-wtype
[1;32mDEBUG [0m]: Updated keymap fd to 99, keymap V1 to: 101
[1;32mDEBUG [0m]: Set the keyboard layout to us and variant to  for keyboard "hl-virtual-keyboard-wtype"
[1;32mDEBUG [0m]: New virtual keyboard created at 55dfae688740
[1;32mDEBUG [0m]: Updating keyboard 55dfae688740's translation state from a provided keymap
[1;32mDEBUG [0m]: Updating keymap fd for keyboard hl-virtual-keyboard-wtype
[1;32mDEBUG [0m]: Updated keymap fd to 99, keymap V1 to: 101
[1;32mDEBUG [0m]: Keyboard at 55dfae688740 removed
[1;32mDEBUG [0m]: Destroyed keyboard 55dfae688740
[1;32mDEBUG [0m]: Hyprctl: new connection from pid 737
[1;32mDEBUG [0m]: Hyprctl: new connection from pid 738
[1;32mDEBUG [0m]: Hyprctl: new connection from pid 739
[1;32mDEBUG [0m]: Hyprctl: new connection from pid 740
[1;32mDEBUG [0m]: Hyprctl: new connection from pid 741
[1;32mDEBUG [0m]: Hyprctl: new connection from pid 742
[1;32mDEBUG [0m]: Hyprctl: new connection from pid 743
[1;32mDEBUG [0m]: [COutputImageCaptureSourceProtocol] New capture source for monitor: HEADLESS-1
[1;32mDEBUG [0m]: [CImageCopyCaptureProtocol] New image copy capture session for source (monitor): "HEADLESS-1"
[1;32mDEBUG [0m]: [CLinuxDMABUFParamsResource] Creating a dmabuf, with id 54: size [Vector2D: x: 1920, y: 1080], fmt AR24, planes 1
[1;32mDEBUG [0m]: [CLinuxDMABUFParamsResource]  | plane 0: mod 72057594037927952 fd 61 stride 7680 offset 0
[1;32mDEBUG [0m]: [Screenshare] Started screenshare session for (monitor): HEADLESS-1
[1;32mDEBUG [0m]: Hyprctl: new connection from pid 752
[1;32mDEBUG [0m]: [CWLCompositorResource] New wl_region with id 93 at 55dfae7807d0
[1;32mDEBUG [0m]: LayerSurface 55dfae6add50 destroyed
[1;32mDEBUG [0m]: Forcing an unmap of a LS that did a straight destroy!
[1;32mDEBUG [0m]: LayerSurface 55dfae6add50 unmapped
[1;32mDEBUG [0m]: renderer: making a snapshot of layer 55dfaedd45b0
[1;32mDEBUG [0m]: Framebuffer "layer snapshot" created, status 36053
[1;32mDEBUG [0m]: renderer: cleared a snapshot of layer 55dfaedd45b0
[1;32mDEBUG [0m]: renderer: rendered a snapshot of layer 55dfaedd45b0
[1;32mDEBUG [0m]: renderer: made a snapshot of layer 55dfaedd45b0
[1;32mDEBUG [0m]: CWLSurface 55dfae4d86c0 called destroy()
[1;32mDEBUG [0m]: Cleanup: removed 1 fadeouts
[1;32mDEBUG [0m]: Hyprctl: new connection from pid 759
[1;32mDEBUG [0m]: Hyprctl: keyword monitor : HEADLESS-1,1920x1080@60,2000x0,1.25
[1;32mDEBUG [0m]: ApplyConfigToKeyboard for "wl_keyboard", hasconfig: 0
[1;32mDEBUG [0m]: Not applying config to keyboard, it did not change.
[1;33mWARN [0m]: No rule found for WAYLAND-1, trying to use the first.
[1;32mDEBUG [0m]: Applying monitor rule for HEADLESS-1
[1;32mDEBUG [0m]: Monitor HEADLESS-1: requested 1920x1080@60.00Hz, using preferred mode 1920x1080@60.00Hz
[1;32mDEBUG [0m]: output HEADLESS-1 succeeded basic test on format DRM_FORMAT_XRGB8888
[1;32mDEBUG [0m]: CMonitor::updateVCGTRamps: skipping, no gamma ramp for output
[1;32mDEBUG [0m]: Monitor HEADLESS-1 data dump: res 1920x1080@60.00Hz, scale 1.25, transform 0, pos 2000x0, 10b 0
[1;33mWARN [0m]: FIXME: color management protocol is enabled and outputs changed, check preferred image description changes
[1;32mDEBUG [0m]: arrangeMonitors: 2 to arrange
[1;32mDEBUG [0m]: arrangeMonitors: HEADLESS-1 explicit [2000, 0]
[1;32mDEBUG [0m]: arrangeMonitors: WAYLAND-1 auto [3536, 0]
[1;32mDEBUG [0m]: arrangeMonitors: WAYLAND-1 xwayland [0, 0]
[1;32mDEBUG [0m]: arrangeMonitors: HEADLESS-1 xwayland [1920, 0]
[1;32mDEBUG [0m]: [CXDGOutputProtocol] updating all xdg_output heads
[1;32mDEBUG [0m]: [CXDGOutputProtocol] updating all xdg_output heads
[1;32mDEBUG [0m]: [CXDGOutputProtocol] updating all xdg_output heads
[1;32mDEBUG [0m]: [CWLCompositorResource] New wl_region with id 81 at 55dfad71da10
[1;32mDEBUG [0m]: [CLinuxDMABUFParamsResource] Creating a dmabuf, with id 83: size [Vector2D: x: 1536, y: 32], fmt AR24, planes 1
[1;32mDEBUG [0m]: [CLinuxDMABUFParamsResource]  | plane 0: mod 72057594037927952 fd 79 stride 6144 offset 0
[1;32mDEBUG [0m]: [CWLCompositorResource] New wl_region with id 77 at 55dfad71da10
[1;32mDEBUG [0m]: [CLinuxDMABUFParamsResource] Creating a dmabuf, with id 93: size [Vector2D: x: 1920, y: 1080], fmt AR24, planes 1
[1;32mDEBUG [0m]: [CLinuxDMABUFParamsResource]  | plane 0: mod 72057594037927952 fd 84 stride 7680 offset 0
[1;32mDEBUG [0m]: Hyprctl: new connection from pid 760
[1;32mDEBUG [0m]: [CLinuxDMABUFParamsResource] Creating a dmabuf, with id 95: size [Vector2D: x: 1920, y: 40], fmt AR24, planes 1
[1;32mDEBUG [0m]: [CLinuxDMABUFParamsResource]  | plane 0: mod 72057594037927952 fd 57 stride 7680 offset 0
[1;32mDEBUG [0m]: [CLinuxDMABUFParamsResource] Creating a dmabuf, with id 79: size [Vector2D: x: 1920, y: 1080], fmt AR24, planes 1
[1;32mDEBUG [0m]: [CLinuxDMABUFParamsResource]  | plane 0: mod 72057594037927952 fd 88 stride 7680 offset 0
[1;32mDEBUG [0m]: Hyprctl: new connection from pid 761
[1;32mDEBUG [0m]: Hyprctl: dispatcher focusmonitor : HEADLESS-1
[1;32mDEBUG [0m]: [Screenshare] Stopped screenshare session for (monitor): HEADLESS-1
[1;32mDEBUG [0m]: [CLinuxDMABUFParamsResource] Creating a dmabuf, with id 85: size [Vector2D: x: 1920, y: 40], fmt AR24, planes 1
[1;32mDEBUG [0m]: [CLinuxDMABUFParamsResource]  | plane 0: mod 72057594037927952 fd 53 stride 7680 offset 0
[1;32mDEBUG [0m]: [CWLCompositorResource] New wl_surface with id 87 at 55dfaf0770a0
[1;32mDEBUG [0m]: [CWLCompositorResource] New wl_surface with id 47 at 55dfaf0770a0
[1;32mDEBUG [0m]: [CPrimarySelectionProtocol] CPrimarySelectionProtocol::updateSelection: cannot send selection to a client without a data_device
[1;32mDEBUG [0m]: CWLSurface 55dfae3bef20 called init()
[1;32mDEBUG [0m]: LayerSurface 55dfae6add50 (namespace putkin-panel layer 3) created on monitor HEADLESS-1
[1;32mDEBUG [0m]: [CLayerShellProtocol] New wlr_layer_surface 55dfae6add50
[1;32mDEBUG [0m]: cursorImage request: shape 1 -> default
[1;32mDEBUG [0m]: XCursor scanning theme default
[1;32mDEBUG [0m]: XCursor parsing index.theme /usr/share/icons/default/index.theme
[1;32mDEBUG [0m]: XCursor theme default inherits Adwaita
[1;32mDEBUG [0m]: XCursor scanning theme Adwaita
[1;32mDEBUG [0m]: XCursor using theme path /usr/share/icons/Adwaita/cursors
[1;32mDEBUG [0m]: XCursor parsing index.theme /usr/share/icons/Adwaita/index.theme
[1;32mDEBUG [0m]: XCursor theme Adwaita inherits AdwaitaLegacy
[1;32mDEBUG [0m]: XCursor theme Adwaita inherits hicolor
[1;32mDEBUG [0m]: XCursor scanning theme Adwaita
[1;32mDEBUG [0m]: XCursor using theme path /usr/share/icons/Adwaita/cursors
[1;32mDEBUG [0m]: XCursor parsing index.theme /usr/share/icons/Adwaita/index.theme
[1;32mDEBUG [0m]: XCursor theme Adwaita inherits AdwaitaLegacy
[1;32mDEBUG [0m]: XCursor theme Adwaita inherits hicolor
[1;32mDEBUG [0m]: XCursor scanning theme AdwaitaLegacy
[1;32mDEBUG [0m]: XCursor parsing index.theme /usr/share/icons/AdwaitaLegacy/index.theme
[1;32mDEBUG [0m]: XCursor theme AdwaitaLegacy inherits hicolor
[1;32mDEBUG [0m]: XCursor scanning theme hicolor
[1;32mDEBUG [0m]: XCursor parsing index.theme /usr/share/icons/hicolor/index.theme
[1;32mDEBUG [0m]: XCursor already has a shape default loaded, skipping
[1;32mDEBUG [0m]: XCursor already has a shape context-menu loaded, skipping
[1;32mDEBUG [0m]: XCursor already has a shape help loaded, skipping
[1;32mDEBUG [0m]: XCursor already has a shape pointer loaded, skipping
[1;32mDEBUG [0m]: XCursor already has a shape progress loaded, skipping
[1;32mDEBUG [0m]: XCursor already has a shape wait loaded, skipping
[1;32mDEBUG [0m]: XCursor failed to find a legacy shape with name plus, skipping
[1;32mDEBUG [0m]: XCursor already has a shape crosshair loaded, skipping
[1;32mDEBUG [0m]: XCursor already has a shape text loaded, skipping
[1;32mDEBUG [0m]: XCursor already has a shape vertical-text loaded, skipping
[1;32mDEBUG [0m]: XCursor failed to find a legacy shape with name dnd-link, skipping
[1;32mDEBUG [0m]: XCursor failed to find a legacy shape with name dnd-copy, skipping
[1;32mDEBUG [0m]: XCursor already has a shape move loaded, skipping
[1;32mDEBUG [0m]: XCursor failed to find a legacy shape with name dnd-none, skipping
[1;32mDEBUG [0m]: XCursor failed to find a legacy shape with name crossed_circle, skipping
[1;32mDEBUG [0m]: XCursor already has a shape grab loaded, skipping
[1;32mDEBUG [0m]: XCursor already has a shape grabbing loaded, skipping
[1;32mDEBUG [0m]: XCursor already has a shape e-resize loaded, skipping
[1;32mDEBUG [0m]: XCursor already has a shape n-resize loaded, skipping
[1;32mDEBUG [0m]: XCursor already has a shape ne-resize loaded, skipping
[1;32mDEBUG [0m]: XCursor already has a shape nw-resize loaded, skipping
[1;32mDEBUG [0m]: XCursor already has a shape s-resize loaded, skipping
[1;32mDEBUG [0m]: XCursor already has a shape se-resize loaded, skipping
[1;32mDEBUG [0m]: XCursor already has a shape sw-resize loaded, skipping
[1;32mDEBUG [0m]: XCursor already has a shape w-resize loaded, skipping
[1;32mDEBUG [0m]: XCursor already has a shape ew-resize loaded, skipping
[1;32mDEBUG [0m]: XCursor already has a shape ns-resize loaded, skipping
[1;32mDEBUG [0m]: XCursor already has a shape nesw-resize loaded, skipping
[1;32mDEBUG [0m]: XCursor already has a shape nwse-resize loaded, skipping
[1;32mDEBUG [0m]: XCursor already has a shape col-resize loaded, skipping
[1;32mDEBUG [0m]: XCursor already has a shape row-resize loaded, skipping
[1;32mDEBUG [0m]: XCursor already has a shape all-scroll loaded, skipping
[1;32mDEBUG [0m]: XCursor already has a shape zoom-in loaded, skipping
[1;32mDEBUG [0m]: XCursor already has a shape zoom-out loaded, skipping
[1;32mDEBUG [0m]: XCursor failed to find a legacy shape with name dnd-copy, skipping
[1;32mDEBUG [0m]: XCursor already has a shape all-resize loaded, skipping
[1;33mWARN [0m]: GSettings default schema source does not exist, can't sync GSettings
[1;33mWARN [0m]: GSettings parameter doesn't exist cursor-theme in org.gnome.desktop.interface
[1;33mWARN [0m]: GSettings default schema source does not exist, can't sync GSettings
[1;33mWARN [0m]: GSettings parameter doesn't exist cursor-size in org.gnome.desktop.interface
[1;32mDEBUG [0m]: cursorImage request: shape 1 -> default
[1;32mDEBUG [0m]: [CWLCompositorResource] New wl_region with id 87 at 55dfad6e4650
[1;32mDEBUG [0m]: [CWLCompositorResource] New wl_region with id 83 at 55dfad6e4650
[1;32mDEBUG [0m]: [CLinuxDMABUFParamsResource] Creating a dmabuf, with id 103: size [Vector2D: x: 460, y: 80], fmt AR24, planes 1
[1;32mDEBUG [0m]: [CLinuxDMABUFParamsResource]  | plane 0: mod 72057594037927952 fd 63 stride 1920 offset 0
[1;32mDEBUG [0m]: LayerSurface 55dfae6add50 mapped
[1;32mDEBUG [0m]: [CLinuxDMABUFParamsResource] Creating a dmabuf, with id 98: size [Vector2D: x: 460, y: 80], fmt AR24, planes 1
[1;32mDEBUG [0m]: [CLinuxDMABUFParamsResource]  | plane 0: mod 72057594037927952 fd 79 stride 1920 offset 0
[1;32mDEBUG [0m]: [CLinuxDMABUFParamsResource] Creating a dmabuf, with id 102: size [Vector2D: x: 460, y: 1070], fmt AR24, planes 1
[1;32mDEBUG [0m]: [CLinuxDMABUFParamsResource]  | plane 0: mod 72057594037927952 fd 95 stride 1920 offset 0
[1;32mDEBUG [0m]: [CWLSeatProtocol] New seat resource bound at 55dfae64c620
[1;32mDEBUG [0m]: [CVirtualKeyboardProtocol] New VKeyboard at id 5
[1;32mDEBUG [0m]: ApplyConfigToKeyboard for "hl-virtual-keyboard-wtype", hasconfig: 0
[1;32mDEBUG [0m]: Attempting to create a keymap for layout us with variant  (rules: , model: , options: )
[1;32mDEBUG [0m]: Updating keyboard 55dfae688740's translation state from a provided keymap
[1;32mDEBUG [0m]: xkb: LED index 0 (name Num Lock) got index 1
[1;32mDEBUG [0m]: xkb: LED index 1 (name Caps Lock) got index 0
[1;32mDEBUG [0m]: xkb: LED index 2 (name Scroll Lock) got index 2
[1;32mDEBUG [0m]: xkb: Mod index 0 (name Shift) got index 0
[1;32mDEBUG [0m]: xkb: Mod index 1 (name Lock) got index 1
[1;32mDEBUG [0m]: xkb: Mod index 2 (name Control) got index 2
[1;32mDEBUG [0m]: xkb: Mod index 3 (name Mod1) got index 3
[1;32mDEBUG [0m]: xkb: Mod index 4 (name Mod2) got index 4
[1;32mDEBUG [0m]: xkb: Mod index 5 (name Mod3) got index 5
[1;32mDEBUG [0m]: xkb: Mod index 6 (name Mod4) got index 6
[1;32mDEBUG [0m]: xkb: Mod index 7 (name Mod5) got index 7
[1;32mDEBUG [0m]: Updating keymap fd for keyboard hl-virtual-keyboard-wtype
[1;32mDEBUG [0m]: Updated keymap fd to 101, keymap V1 to: 103
[1;32mDEBUG [0m]: Set the keyboard layout to us and variant to  for keyboard "hl-virtual-keyboard-wtype"
[1;32mDEBUG [0m]: New virtual keyboard created at 55dfae688740
[1;32mDEBUG [0m]: Updating keyboard 55dfae688740's translation state from a provided keymap
[1;32mDEBUG [0m]: Updating keymap fd for keyboard hl-virtual-keyboard-wtype
[1;32mDEBUG [0m]: Updated keymap fd to 101, keymap V1 to: 103
[1;32mDEBUG [0m]: [CLinuxDMABUFParamsResource] Creating a dmabuf, with id 83: size [Vector2D: x: 460, y: 1070], fmt AR24, planes 1
[1;32mDEBUG [0m]: [CLinuxDMABUFParamsResource]  | plane 0: mod 72057594037927952 fd 99 stride 1920 offset 0
[1;32mDEBUG [0m]: Keyboard at 55dfae688740 removed
[1;32mDEBUG [0m]: Destroyed keyboard 55dfae688740
[1;32mDEBUG [0m]: [CWLSeatProtocol] New seat resource bound at 55dfae64c3e0
[1;32mDEBUG [0m]: [CVirtualKeyboardProtocol] New VKeyboard at id 5
[1;32mDEBUG [0m]: ApplyConfigToKeyboard for "hl-virtual-keyboard-wtype", hasconfig: 0
[1;32mDEBUG [0m]: Attempting to create a keymap for layout us with variant  (rules: , model: , options: )
[1;32mDEBUG [0m]: Updating keyboard 55dfae688740's translation state from a provided keymap
[1;32mDEBUG [0m]: xkb: LED index 0 (name Num Lock) got index 1
[1;32mDEBUG [0m]: xkb: LED index 1 (name Caps Lock) got index 0
[1;32mDEBUG [0m]: xkb: LED index 2 (name Scroll Lock) got index 2
[1;32mDEBUG [0m]: xkb: Mod index 0 (name Shift) got index 0
[1;32mDEBUG [0m]: xkb: Mod index 1 (name Lock) got index 1
[1;32mDEBUG [0m]: xkb: Mod index 2 (name Control) got index 2
[1;32mDEBUG [0m]: xkb: Mod index 3 (name Mod1) got index 3
[1;32mDEBUG [0m]: xkb: Mod index 4 (name Mod2) got index 4
[1;32mDEBUG [0m]: xkb: Mod index 5 (name Mod3) got index 5
[1;32mDEBUG [0m]: xkb: Mod index 6 (name Mod4) got index 6
[1;32mDEBUG [0m]: xkb: Mod index 7 (name Mod5) got index 7
[1;32mDEBUG [0m]: Updating keymap fd for keyboard hl-virtual-keyboard-wtype
[1;32mDEBUG [0m]: Updated keymap fd to 101, keymap V1 to: 103
[1;32mDEBUG [0m]: Set the keyboard layout to us and variant to  for keyboard "hl-virtual-keyboard-wtype"
[1;32mDEBUG [0m]: New virtual keyboard created at 55dfae688740
[1;32mDEBUG [0m]: Updating keyboard 55dfae688740's translation state from a provided keymap
[1;32mDEBUG [0m]: Updating keymap fd for keyboard hl-virtual-keyboard-wtype
[1;32mDEBUG [0m]: Updated keymap fd to 101, keymap V1 to: 103
[1;32mDEBUG [0m]: Keyboard at 55dfae688740 removed
[1;32mDEBUG [0m]: Destroyed keyboard 55dfae688740
[1;32mDEBUG [0m]: [CWLSeatProtocol] New seat resource bound at 55dfae641760
[1;32mDEBUG [0m]: [CVirtualKeyboardProtocol] New VKeyboard at id 5
[1;32mDEBUG [0m]: ApplyConfigToKeyboard for "hl-virtual-keyboard-wtype", hasconfig: 0
[1;32mDEBUG [0m]: Attempting to create a keymap for layout us with variant  (rules: , model: , options: )
[1;32mDEBUG [0m]: Updating keyboard 55dfae688740's translation state from a provided keymap
[1;32mDEBUG [0m]: xkb: LED index 0 (name Num Lock) got index 1
[1;32mDEBUG [0m]: xkb: LED index 1 (name Caps Lock) got index 0
[1;32mDEBUG [0m]: xkb: LED index 2 (name Scroll Lock) got index 2
[1;32mDEBUG [0m]: xkb: Mod index 0 (name Shift) got index 0
[1;32mDEBUG [0m]: xkb: Mod index 1 (name Lock) got index 1
[1;32mDEBUG [0m]: xkb: Mod index 2 (name Control) got index 2
[1;32mDEBUG [0m]: xkb: Mod index 3 (name Mod1) got index 3
[1;32mDEBUG [0m]: xkb: Mod index 4 (name Mod2) got index 4
[1;32mDEBUG [0m]: xkb: Mod index 5 (name Mod3) got index 5
[1;32mDEBUG [0m]: xkb: Mod index 6 (name Mod4) got index 6
[1;32mDEBUG [0m]: xkb: Mod index 7 (name Mod5) got index 7
[1;32mDEBUG [0m]: Updating keymap fd for keyboard hl-virtual-keyboard-wtype
[1;32mDEBUG [0m]: Updated keymap fd to 101, keymap V1 to: 103
[1;32mDEBUG [0m]: Set the keyboard layout to us and variant to  for keyboard "hl-virtual-keyboard-wtype"
[1;32mDEBUG [0m]: New virtual keyboard created at 55dfae688740
[1;32mDEBUG [0m]: Updating keyboard 55dfae688740's translation state from a provided keymap
[1;32mDEBUG [0m]: Updating keymap fd for keyboard hl-virtual-keyboard-wtype
[1;32mDEBUG [0m]: Updated keymap fd to 101, keymap V1 to: 103
[1;32mDEBUG [0m]: Keyboard at 55dfae688740 removed
[1;32mDEBUG [0m]: Destroyed keyboard 55dfae688740
[1;32mDEBUG [0m]: [CWLSeatProtocol] New seat resource bound at 55dfaea9b860
[1;32mDEBUG [0m]: [CVirtualKeyboardProtocol] New VKeyboard at id 5
[1;32mDEBUG [0m]: ApplyConfigToKeyboard for "hl-virtual-keyboard-wtype", hasconfig: 0
[1;32mDEBUG [0m]: Attempting to create a keymap for layout us with variant  (rules: , model: , options: )
[1;32mDEBUG [0m]: Updating keyboard 55dfae688740's translation state from a provided keymap
[1;32mDEBUG [0m]: xkb: LED index 0 (name Num Lock) got index 1
[1;32mDEBUG [0m]: xkb: LED index 1 (name Caps Lock) got index 0
[1;32mDEBUG [0m]: xkb: LED index 2 (name Scroll Lock) got index 2
[1;32mDEBUG [0m]: xkb: Mod index 0 (name Shift) got index 0
[1;32mDEBUG [0m]: xkb: Mod index 1 (name Lock) got index 1
[1;32mDEBUG [0m]: xkb: Mod index 2 (name Control) got index 2
[1;32mDEBUG [0m]: xkb: Mod index 3 (name Mod1) got index 3
[1;32mDEBUG [0m]: xkb: Mod index 4 (name Mod2) got index 4
[1;32mDEBUG [0m]: xkb: Mod index 5 (name Mod3) got index 5
[1;32mDEBUG [0m]: xkb: Mod index 6 (name Mod4) got index 6
[1;32mDEBUG [0m]: xkb: Mod index 7 (name Mod5) got index 7
[1;32mDEBUG [0m]: Updating keymap fd for keyboard hl-virtual-keyboard-wtype
[1;32mDEBUG [0m]: Updated keymap fd to 101, keymap V1 to: 103
[1;32mDEBUG [0m]: Set the keyboard layout to us and variant to  for keyboard "hl-virtual-keyboard-wtype"
[1;32mDEBUG [0m]: New virtual keyboard created at 55dfae688740
[1;32mDEBUG [0m]: Updating keyboard 55dfae688740's translation state from a provided keymap
[1;32mDEBUG [0m]: Updating keymap fd for keyboard hl-virtual-keyboard-wtype
[1;32mDEBUG [0m]: Updated keymap fd to 101, keymap V1 to: 103
[1;32mDEBUG [0m]: Keyboard at 55dfae688740 removed
[1;32mDEBUG [0m]: Destroyed keyboard 55dfae688740
[1;32mDEBUG [0m]: [CWLSeatProtocol] New seat resource bound at 55dfae64c620
[1;32mDEBUG [0m]: [CVirtualKeyboardProtocol] New VKeyboard at id 5
[1;32mDEBUG [0m]: ApplyConfigToKeyboard for "hl-virtual-keyboard-wtype", hasconfig: 0
[1;32mDEBUG [0m]: Attempting to create a keymap for layout us with variant  (rules: , model: , options: )
[1;32mDEBUG [0m]: Updating keyboard 55dfae688740's translation state from a provided keymap
[1;32mDEBUG [0m]: xkb: LED index 0 (name Num Lock) got index 1
[1;32mDEBUG [0m]: xkb: LED index 1 (name Caps Lock) got index 0
[1;32mDEBUG [0m]: xkb: LED index 2 (name Scroll Lock) got index 2
[1;32mDEBUG [0m]: xkb: Mod index 0 (name Shift) got index 0
[1;32mDEBUG [0m]: xkb: Mod index 1 (name Lock) got index 1
[1;32mDEBUG [0m]: xkb: Mod index 2 (name Control) got index 2
[1;32mDEBUG [0m]: xkb: Mod index 3 (name Mod1) got index 3
[1;32mDEBUG [0m]: xkb: Mod index 4 (name Mod2) got index 4
[1;32mDEBUG [0m]: xkb: Mod index 5 (name Mod3) got index 5
[1;32mDEBUG [0m]: xkb: Mod index 6 (name Mod4) got index 6
[1;32mDEBUG [0m]: xkb: Mod index 7 (name Mod5) got index 7
[1;32mDEBUG [0m]: Updating keymap fd for keyboard hl-virtual-keyboard-wtype
[1;32mDEBUG [0m]: Updated keymap fd to 101, keymap V1 to: 103
[1;32mDEBUG [0m]: Set the keyboard layout to us and variant to  for keyboard "hl-virtual-keyboard-wtype"
[1;32mDEBUG [0m]: New virtual keyboard created at 55dfae688740
[1;32mDEBUG [0m]: Updating keyboard 55dfae688740's translation state from a provided keymap
[1;32mDEBUG [0m]: Updating keymap fd for keyboard hl-virtual-keyboard-wtype
[1;32mDEBUG [0m]: Updated keymap fd to 101, keymap V1 to: 103
[1;32mDEBUG [0m]: Keyboard at 55dfae688740 removed
[1;32mDEBUG [0m]: Destroyed keyboard 55dfae688740
[1;32mDEBUG [0m]: [CWLSeatProtocol] New seat resource bound at 55dfae64c740
[1;32mDEBUG [0m]: [CVirtualKeyboardProtocol] New VKeyboard at id 5
[1;32mDEBUG [0m]: ApplyConfigToKeyboard for "hl-virtual-keyboard-wtype", hasconfig: 0
[1;32mDEBUG [0m]: Attempting to create a keymap for layout us with variant  (rules: , model: , options: )
[1;32mDEBUG [0m]: Updating keyboard 55dfae688740's translation state from a provided keymap
[1;32mDEBUG [0m]: xkb: LED index 0 (name Num Lock) got index 1
[1;32mDEBUG [0m]: xkb: LED index 1 (name Caps Lock) got index 0
[1;32mDEBUG [0m]: xkb: LED index 2 (name Scroll Lock) got index 2
[1;32mDEBUG [0m]: xkb: Mod index 0 (name Shift) got index 0
[1;32mDEBUG [0m]: xkb: Mod index 1 (name Lock) got index 1
[1;32mDEBUG [0m]: xkb: Mod index 2 (name Control) got index 2
[1;32mDEBUG [0m]: xkb: Mod index 3 (name Mod1) got index 3
[1;32mDEBUG [0m]: xkb: Mod index 4 (name Mod2) got index 4
[1;32mDEBUG [0m]: xkb: Mod index 5 (name Mod3) got index 5
[1;32mDEBUG [0m]: xkb: Mod index 6 (name Mod4) got index 6
[1;32mDEBUG [0m]: xkb: Mod index 7 (name Mod5) got index 7
[1;32mDEBUG [0m]: Updating keymap fd for keyboard hl-virtual-keyboard-wtype
[1;32mDEBUG [0m]: Updated keymap fd to 101, keymap V1 to: 103
[1;32mDEBUG [0m]: Set the keyboard layout to us and variant to  for keyboard "hl-virtual-keyboard-wtype"
[1;32mDEBUG [0m]: New virtual keyboard created at 55dfae688740
[1;32mDEBUG [0m]: Updating keyboard 55dfae688740's translation state from a provided keymap
[1;32mDEBUG [0m]: Updating keymap fd for keyboard hl-virtual-keyboard-wtype
[1;32mDEBUG [0m]: Updated keymap fd to 101, keymap V1 to: 103
[1;32mDEBUG [0m]: Keyboard at 55dfae688740 removed
[1;32mDEBUG [0m]: Destroyed keyboard 55dfae688740
[1;32mDEBUG [0m]: [CWLSeatProtocol] New seat resource bound at 55dfae797970
[1;32mDEBUG [0m]: [CVirtualKeyboardProtocol] New VKeyboard at id 5
[1;32mDEBUG [0m]: ApplyConfigToKeyboard for "hl-virtual-keyboard-wtype", hasconfig: 0
[1;32mDEBUG [0m]: Attempting to create a keymap for layout us with variant  (rules: , model: , options: )
[1;32mDEBUG [0m]: Updating keyboard 55dfae688740's translation state from a provided keymap
[1;32mDEBUG [0m]: xkb: LED index 0 (name Num Lock) got index 1
[1;32mDEBUG [0m]: xkb: LED index 1 (name Caps Lock) got index 0
[1;32mDEBUG [0m]: xkb: LED index 2 (name Scroll Lock) got index 2
[1;32mDEBUG [0m]: xkb: Mod index 0 (name Shift) got index 0
[1;32mDEBUG [0m]: xkb: Mod index 1 (name Lock) got index 1
[1;32mDEBUG [0m]: xkb: Mod index 2 (name Control) got index 2
[1;32mDEBUG [0m]: xkb: Mod index 3 (name Mod1) got index 3
[1;32mDEBUG [0m]: xkb: Mod index 4 (name Mod2) got index 4
[1;32mDEBUG [0m]: xkb: Mod index 5 (name Mod3) got index 5
[1;32mDEBUG [0m]: xkb: Mod index 6 (name Mod4) got index 6
[1;32mDEBUG [0m]: xkb: Mod index 7 (name Mod5) got index 7
[1;32mDEBUG [0m]: Updating keymap fd for keyboard hl-virtual-keyboard-wtype
[1;32mDEBUG [0m]: Updated keymap fd to 101, keymap V1 to: 103
[1;32mDEBUG [0m]: Set the keyboard layout to us and variant to  for keyboard "hl-virtual-keyboard-wtype"
[1;32mDEBUG [0m]: New virtual keyboard created at 55dfae688740
[1;32mDEBUG [0m]: Updating keyboard 55dfae688740's translation state from a provided keymap
[1;32mDEBUG [0m]: Updating keymap fd for keyboard hl-virtual-keyboard-wtype
[1;32mDEBUG [0m]: Updated keymap fd to 101, keymap V1 to: 103
[1;32mDEBUG [0m]: Keyboard at 55dfae688740 removed
[1;32mDEBUG [0m]: Destroyed keyboard 55dfae688740
[1;32mDEBUG [0m]: [CWLSeatProtocol] New seat resource bound at 55dfae63f750
[1;32mDEBUG [0m]: [CVirtualKeyboardProtocol] New VKeyboard at id 5
[1;32mDEBUG [0m]: ApplyConfigToKeyboard for "hl-virtual-keyboard-wtype", hasconfig: 0
[1;32mDEBUG [0m]: Attempting to create a keymap for layout us with variant  (rules: , model: , options: )
[1;32mDEBUG [0m]: Updating keyboard 55dfae688740's translation state from a provided keymap
[1;32mDEBUG [0m]: xkb: LED index 0 (name Num Lock) got index 1
[1;32mDEBUG [0m]: xkb: LED index 1 (name Caps Lock) got index 0
[1;32mDEBUG [0m]: xkb: LED index 2 (name Scroll Lock) got index 2
[1;32mDEBUG [0m]: xkb: Mod index 0 (name Shift) got index 0
[1;32mDEBUG [0m]: xkb: Mod index 1 (name Lock) got index 1
[1;32mDEBUG [0m]: xkb: Mod index 2 (name Control) got index 2
[1;32mDEBUG [0m]: xkb: Mod index 3 (name Mod1) got index 3
[1;32mDEBUG [0m]: xkb: Mod index 4 (name Mod2) got index 4
[1;32mDEBUG [0m]: xkb: Mod index 5 (name Mod3) got index 5
[1;32mDEBUG [0m]: xkb: Mod index 6 (name Mod4) got index 6
[1;32mDEBUG [0m]: xkb: Mod index 7 (name Mod5) got index 7
[1;32mDEBUG [0m]: Updating keymap fd for keyboard hl-virtual-keyboard-wtype
[1;32mDEBUG [0m]: Updated keymap fd to 101, keymap V1 to: 103
[1;32mDEBUG [0m]: Set the keyboard layout to us and variant to  for keyboard "hl-virtual-keyboard-wtype"
[1;32mDEBUG [0m]: New virtual keyboard created at 55dfae688740
[1;32mDEBUG [0m]: Updating keyboard 55dfae688740's translation state from a provided keymap
[1;32mDEBUG [0m]: Updating keymap fd for keyboard hl-virtual-keyboard-wtype
[1;32mDEBUG [0m]: Updated keymap fd to 101, keymap V1 to: 103
[1;32mDEBUG [0m]: Keyboard at 55dfae688740 removed
[1;32mDEBUG [0m]: Destroyed keyboard 55dfae688740
[1;32mDEBUG [0m]: [CWLSeatProtocol] New seat resource bound at 55dfae4f3c10
[1;32mDEBUG [0m]: [CVirtualKeyboardProtocol] New VKeyboard at id 5
[1;32mDEBUG [0m]: ApplyConfigToKeyboard for "hl-virtual-keyboard-wtype", hasconfig: 0
[1;32mDEBUG [0m]: Attempting to create a keymap for layout us with variant  (rules: , model: , options: )
[1;32mDEBUG [0m]: Updating keyboard 55dfae688740's translation state from a provided keymap
[1;32mDEBUG [0m]: xkb: LED index 0 (name Num Lock) got index 1
[1;32mDEBUG [0m]: xkb: LED index 1 (name Caps Lock) got index 0
[1;32mDEBUG [0m]: xkb: LED index 2 (name Scroll Lock) got index 2
[1;32mDEBUG [0m]: xkb: Mod index 0 (name Shift) got index 0
[1;32mDEBUG [0m]: xkb: Mod index 1 (name Lock) got index 1
[1;32mDEBUG [0m]: xkb: Mod index 2 (name Control) got index 2
[1;32mDEBUG [0m]: xkb: Mod index 3 (name Mod1) got index 3
[1;32mDEBUG [0m]: xkb: Mod index 4 (name Mod2) got index 4
[1;32mDEBUG [0m]: xkb: Mod index 5 (name Mod3) got index 5
[1;32mDEBUG [0m]: xkb: Mod index 6 (name Mod4) got index 6
[1;32mDEBUG [0m]: xkb: Mod index 7 (name Mod5) got index 7
[1;32mDEBUG [0m]: Updating keymap fd for keyboard hl-virtual-keyboard-wtype
[1;32mDEBUG [0m]: Updated keymap fd to 101, keymap V1 to: 103
[1;32mDEBUG [0m]: Set the keyboard layout to us and variant to  for keyboard "hl-virtual-keyboard-wtype"
[1;32mDEBUG [0m]: New virtual keyboard created at 55dfae688740
[1;32mDEBUG [0m]: Updating keyboard 55dfae688740's translation state from a provided keymap
[1;32mDEBUG [0m]: Updating keymap fd for keyboard hl-virtual-keyboard-wtype
[1;32mDEBUG [0m]: Updated keymap fd to 101, keymap V1 to: 103
[1;32mDEBUG [0m]: Keyboard at 55dfae688740 removed
[1;32mDEBUG [0m]: Destroyed keyboard 55dfae688740
[1;32mDEBUG [0m]: [CWLSeatProtocol] New seat resource bound at 55dfae64c3e0
[1;32mDEBUG [0m]: [CVirtualKeyboardProtocol] New VKeyboard at id 5
[1;32mDEBUG [0m]: ApplyConfigToKeyboard for "hl-virtual-keyboard-wtype", hasconfig: 0
[1;32mDEBUG [0m]: Attempting to create a keymap for layout us with variant  (rules: , model: , options: )
[1;32mDEBUG [0m]: Updating keyboard 55dfae688740's translation state from a provided keymap
[1;32mDEBUG [0m]: xkb: LED index 0 (name Num Lock) got index 1
[1;32mDEBUG [0m]: xkb: LED index 1 (name Caps Lock) got index 0
[1;32mDEBUG [0m]: xkb: LED index 2 (name Scroll Lock) got index 2
[1;32mDEBUG [0m]: xkb: Mod index 0 (name Shift) got index 0
[1;32mDEBUG [0m]: xkb: Mod index 1 (name Lock) got index 1
[1;32mDEBUG [0m]: xkb: Mod index 2 (name Control) got index 2
[1;32mDEBUG [0m]: xkb: Mod index 3 (name Mod1) got index 3
[1;32mDEBUG [0m]: xkb: Mod index 4 (name Mod2) got index 4
[1;32mDEBUG [0m]: xkb: Mod index 5 (name Mod3) got index 5
[1;32mDEBUG [0m]: xkb: Mod index 6 (name Mod4) got index 6
[1;32mDEBUG [0m]: xkb: Mod index 7 (name Mod5) got index 7
[1;32mDEBUG [0m]: Updating keymap fd for keyboard hl-virtual-keyboard-wtype
[1;32mDEBUG [0m]: Updated keymap fd to 101, keymap V1 to: 103
[1;32mDEBUG [0m]: Set the keyboard layout to us and variant to  for keyboard "hl-virtual-keyboard-wtype"
[1;32mDEBUG [0m]: New virtual keyboard created at 55dfae688740
[1;32mDEBUG [0m]: Updating keyboard 55dfae688740's translation state from a provided keymap
[1;32mDEBUG [0m]: Updating keymap fd for keyboard hl-virtual-keyboard-wtype
[1;32mDEBUG [0m]: Updated keymap fd to 101, keymap V1 to: 103
[1;32mDEBUG [0m]: Keyboard at 55dfae688740 removed
[1;32mDEBUG [0m]: Destroyed keyboard 55dfae688740
[1;32mDEBUG [0m]: [CWLSeatProtocol] New seat resource bound at 55dfae799530
[1;32mDEBUG [0m]: [CVirtualKeyboardProtocol] New VKeyboard at id 5
[1;32mDEBUG [0m]: ApplyConfigToKeyboard for "hl-virtual-keyboard-wtype", hasconfig: 0
[1;32mDEBUG [0m]: Attempting to create a keymap for layout us with variant  (rules: , model: , options: )
[1;32mDEBUG [0m]: Updating keyboard 55dfae688740's translation state from a provided keymap
[1;32mDEBUG [0m]: xkb: LED index 0 (name Num Lock) got index 1
[1;32mDEBUG [0m]: xkb: LED index 1 (name Caps Lock) got index 0
[1;32mDEBUG [0m]: xkb: LED index 2 (name Scroll Lock) got index 2
[1;32mDEBUG [0m]: xkb: Mod index 0 (name Shift) got index 0
[1;32mDEBUG [0m]: xkb: Mod index 1 (name Lock) got index 1
[1;32mDEBUG [0m]: xkb: Mod index 2 (name Control) got index 2
[1;32mDEBUG [0m]: xkb: Mod index 3 (name Mod1) got index 3
[1;32mDEBUG [0m]: xkb: Mod index 4 (name Mod2) got index 4
[1;32mDEBUG [0m]: xkb: Mod index 5 (name Mod3) got index 5
[1;32mDEBUG [0m]: xkb: Mod index 6 (name Mod4) got index 6
[1;32mDEBUG [0m]: xkb: Mod index 7 (name Mod5) got index 7
[1;32mDEBUG [0m]: Updating keymap fd for keyboard hl-virtual-keyboard-wtype
[1;32mDEBUG [0m]: Updated keymap fd to 101, keymap V1 to: 103
[1;32mDEBUG [0m]: Set the keyboard layout to us and variant to  for keyboard "hl-virtual-keyboard-wtype"
[1;32mDEBUG [0m]: New virtual keyboard created at 55dfae688740
[1;32mDEBUG [0m]: Updating keyboard 55dfae688740's translation state from a provided keymap
[1;32mDEBUG [0m]: Updating keymap fd for keyboard hl-virtual-keyboard-wtype
[1;32mDEBUG [0m]: Updated keymap fd to 101, keymap V1 to: 103
[1;32mDEBUG [0m]: Keyboard at 55dfae688740 removed
[1;32mDEBUG [0m]: Destroyed keyboard 55dfae688740
[1;32mDEBUG [0m]: [CWLSeatProtocol] New seat resource bound at 55dfae64c740
[1;32mDEBUG [0m]: [CVirtualKeyboardProtocol] New VKeyboard at id 5
[1;32mDEBUG [0m]: ApplyConfigToKeyboard for "hl-virtual-keyboard-wtype", hasconfig: 0
[1;32mDEBUG [0m]: Attempting to create a keymap for layout us with variant  (rules: , model: , options: )
[1;32mDEBUG [0m]: Updating keyboard 55dfae688740's translation state from a provided keymap
[1;32mDEBUG [0m]: xkb: LED index 0 (name Num Lock) got index 1
[1;32mDEBUG [0m]: xkb: LED index 1 (name Caps Lock) got index 0
[1;32mDEBUG [0m]: xkb: LED index 2 (name Scroll Lock) got index 2
[1;32mDEBUG [0m]: xkb: Mod index 0 (name Shift) got index 0
[1;32mDEBUG [0m]: xkb: Mod index 1 (name Lock) got index 1
[1;32mDEBUG [0m]: xkb: Mod index 2 (name Control) got index 2
[1;32mDEBUG [0m]: xkb: Mod index 3 (name Mod1) got index 3
[1;32mDEBUG [0m]: xkb: Mod index 4 (name Mod2) got index 4
[1;32mDEBUG [0m]: xkb: Mod index 5 (name Mod3) got index 5
[1;32mDEBUG [0m]: xkb: Mod index 6 (name Mod4) got index 6
[1;32mDEBUG [0m]: xkb: Mod index 7 (name Mod5) got index 7
[1;32mDEBUG [0m]: Updating keymap fd for keyboard hl-virtual-keyboard-wtype
[1;32mDEBUG [0m]: Updated keymap fd to 101, keymap V1 to: 103
[1;32mDEBUG [0m]: Set the keyboard layout to us and variant to  for keyboard "hl-virtual-keyboard-wtype"
[1;32mDEBUG [0m]: New virtual keyboard created at 55dfae688740
[1;32mDEBUG [0m]: Updating keyboard 55dfae688740's translation state from a provided keymap
[1;32mDEBUG [0m]: Updating keymap fd for keyboard hl-virtual-keyboard-wtype
[1;32mDEBUG [0m]: Updated keymap fd to 101, keymap V1 to: 103
[1;32mDEBUG [0m]: Keyboard at 55dfae688740 removed
[1;32mDEBUG [0m]: Destroyed keyboard 55dfae688740
[1;32mDEBUG [0m]: [CWLSeatProtocol] New seat resource bound at 55dfaea9b860
[1;32mDEBUG [0m]: [CVirtualKeyboardProtocol] New VKeyboard at id 5
[1;32mDEBUG [0m]: ApplyConfigToKeyboard for "hl-virtual-keyboard-wtype", hasconfig: 0
[1;32mDEBUG [0m]: Attempting to create a keymap for layout us with variant  (rules: , model: , options: )
[1;32mDEBUG [0m]: Updating keyboard 55dfae688740's translation state from a provided keymap
[1;32mDEBUG [0m]: xkb: LED index 0 (name Num Lock) got index 1
[1;32mDEBUG [0m]: xkb: LED index 1 (name Caps Lock) got index 0
[1;32mDEBUG [0m]: xkb: LED index 2 (name Scroll Lock) got index 2
[1;32mDEBUG [0m]: xkb: Mod index 0 (name Shift) got index 0
[1;32mDEBUG [0m]: xkb: Mod index 1 (name Lock) got index 1
[1;32mDEBUG [0m]: xkb: Mod index 2 (name Control) got index 2
[1;32mDEBUG [0m]: xkb: Mod index 3 (name Mod1) got index 3
[1;32mDEBUG [0m]: xkb: Mod index 4 (name Mod2) got index 4
[1;32mDEBUG [0m]: xkb: Mod index 5 (name Mod3) got index 5
[1;32mDEBUG [0m]: xkb: Mod index 6 (name Mod4) got index 6
[1;32mDEBUG [0m]: xkb: Mod index 7 (name Mod5) got index 7
[1;32mDEBUG [0m]: Updating keymap fd for keyboard hl-virtual-keyboard-wtype
[1;32mDEBUG [0m]: Updated keymap fd to 101, keymap V1 to: 103
[1;32mDEBUG [0m]: Set the keyboard layout to us and variant to  for keyboard "hl-virtual-keyboard-wtype"
[1;32mDEBUG [0m]: New virtual keyboard created at 55dfae688740
[1;32mDEBUG [0m]: Updating keyboard 55dfae688740's translation state from a provided keymap
[1;32mDEBUG [0m]: Updating keymap fd for keyboard hl-virtual-keyboard-wtype
[1;32mDEBUG [0m]: Updated keymap fd to 101, keymap V1 to: 103
[1;32mDEBUG [0m]: Keyboard at 55dfae688740 removed
[1;32mDEBUG [0m]: Destroyed keyboard 55dfae688740
[1;32mDEBUG [0m]: Hyprctl: new connection from pid 817
[1;32mDEBUG [0m]: Hyprctl: new connection from pid 818
[1;32mDEBUG [0m]: Hyprctl: new connection from pid 819
[1;32mDEBUG [0m]: Hyprctl: new connection from pid 820
[1;32mDEBUG [0m]: Hyprctl: new connection from pid 821
[1;32mDEBUG [0m]: Hyprctl: new connection from pid 822
[1;32mDEBUG [0m]: Hyprctl: new connection from pid 823
[1;32mDEBUG [0m]: [COutputImageCaptureSourceProtocol] New capture source for monitor: HEADLESS-1
[1;32mDEBUG [0m]: [CImageCopyCaptureProtocol] New image copy capture session for source (monitor): "HEADLESS-1"
[1;32mDEBUG [0m]: [CLinuxDMABUFParamsResource] Creating a dmabuf, with id 67: size [Vector2D: x: 1920, y: 1080], fmt AR24, planes 1
[1;32mDEBUG [0m]: [CLinuxDMABUFParamsResource]  | plane 0: mod 72057594037927952 fd 61 stride 7680 offset 0
[1;32mDEBUG [0m]: [Screenshare] Started screenshare session for (monitor): HEADLESS-1
[1;32mDEBUG [0m]: Hyprctl: new connection from pid 832
[1;32mDEBUG [0m]: [CWLCompositorResource] New wl_region with id 87 at 55dfad648cb0
[1;32mDEBUG [0m]: LayerSurface 55dfae6add50 destroyed
[1;32mDEBUG [0m]: Forcing an unmap of a LS that did a straight destroy!
[1;32mDEBUG [0m]: LayerSurface 55dfae6add50 unmapped
[1;32mDEBUG [0m]: renderer: making a snapshot of layer 55dfae67e840
[1;32mDEBUG [0m]: Framebuffer "layer snapshot" created, status 36053
[1;32mDEBUG [0m]: renderer: cleared a snapshot of layer 55dfae67e840
[1;32mDEBUG [0m]: renderer: rendered a snapshot of layer 55dfae67e840
[1;32mDEBUG [0m]: renderer: made a snapshot of layer 55dfae67e840
[1;32mDEBUG [0m]: CWLSurface 55dfae3bef20 called destroy()
[1;32mDEBUG [0m]: Cleanup: removed 1 fadeouts
[1;32mDEBUG [0m]: Hyprctl: new connection from pid 839
[1;32mDEBUG [0m]: Hyprctl: keyword monitor : HEADLESS-1,1920x1080@60,2000x0,1.5
[1;32mDEBUG [0m]: ApplyConfigToKeyboard for "wl_keyboard", hasconfig: 0
[1;32mDEBUG [0m]: Not applying config to keyboard, it did not change.
[1;33mWARN [0m]: No rule found for WAYLAND-1, trying to use the first.
[1;32mDEBUG [0m]: Applying monitor rule for HEADLESS-1
[1;32mDEBUG [0m]: Monitor HEADLESS-1: requested 1920x1080@60.00Hz, using preferred mode 1920x1080@60.00Hz
[1;32mDEBUG [0m]: output HEADLESS-1 succeeded basic test on format DRM_FORMAT_XRGB8888
[1;32mDEBUG [0m]: CMonitor::updateVCGTRamps: skipping, no gamma ramp for output
[1;32mDEBUG [0m]: Monitor HEADLESS-1 data dump: res 1920x1080@60.00Hz, scale 1.50, transform 0, pos 2000x0, 10b 0
[1;33mWARN [0m]: FIXME: color management protocol is enabled and outputs changed, check preferred image description changes
[1;32mDEBUG [0m]: arrangeMonitors: 2 to arrange
[1;32mDEBUG [0m]: arrangeMonitors: HEADLESS-1 explicit [2000, 0]
[1;32mDEBUG [0m]: arrangeMonitors: WAYLAND-1 auto [3280, 0]
[1;32mDEBUG [0m]: arrangeMonitors: WAYLAND-1 xwayland [0, 0]
[1;32mDEBUG [0m]: arrangeMonitors: HEADLESS-1 xwayland [1920, 0]
[1;32mDEBUG [0m]: [CXDGOutputProtocol] updating all xdg_output heads
[1;32mDEBUG [0m]: [CXDGOutputProtocol] updating all xdg_output heads
[1;32mDEBUG [0m]: [CXDGOutputProtocol] updating all xdg_output heads
[1;32mDEBUG [0m]: [CWLCompositorResource] New wl_region with id 102 at 55dfae67c4c0
[1;32mDEBUG [0m]: [CLinuxDMABUFParamsResource] Creating a dmabuf, with id 81: size [Vector2D: x: 1600, y: 40], fmt AR24, planes 1
[1;32mDEBUG [0m]: [CLinuxDMABUFParamsResource]  | plane 0: mod 72057594037927952 fd 63 stride 6400 offset 0
[1;32mDEBUG [0m]: [CWLCompositorResource] New wl_region with id 62 at 55dfad649300
[1;32mDEBUG [0m]: [CLinuxDMABUFParamsResource] Creating a dmabuf, with id 101: size [Vector2D: x: 1920, y: 1080], fmt AR24, planes 1
[1;32mDEBUG [0m]: [CLinuxDMABUFParamsResource]  | plane 0: mod 72057594037927952 fd 98 stride 7680 offset 0
[1;32mDEBUG [0m]: Hyprctl: new connection from pid 840
[1;32mDEBUG [0m]: [CLinuxDMABUFParamsResource] Creating a dmabuf, with id 96: size [Vector2D: x: 1920, y: 48], fmt AR24, planes 1
[1;32mDEBUG [0m]: [CLinuxDMABUFParamsResource]  | plane 0: mod 72057594037927952 fd 57 stride 7680 offset 0
[1;32mDEBUG [0m]: Hyprctl: new connection from pid 841
[1;32mDEBUG [0m]: Hyprctl: dispatcher focusmonitor : HEADLESS-1
[1;32mDEBUG [0m]: [CLinuxDMABUFParamsResource] Creating a dmabuf, with id 103: size [Vector2D: x: 1920, y: 1080], fmt AR24, planes 1
[1;32mDEBUG [0m]: [CLinuxDMABUFParamsResource]  | plane 0: mod 72057594037927952 fd 81 stride 7680 offset 0
[1;32mDEBUG [0m]: [Screenshare] Stopped screenshare session for (monitor): HEADLESS-1
[1;32mDEBUG [0m]: [CLinuxDMABUFParamsResource] Creating a dmabuf, with id 83: size [Vector2D: x: 1920, y: 48], fmt AR24, planes 1
[1;32mDEBUG [0m]: [CLinuxDMABUFParamsResource]  | plane 0: mod 72057594037927952 fd 52 stride 7680 offset 0
[1;32mDEBUG [0m]: [CWLCompositorResource] New wl_surface with id 88 at 55dfaee1acd0
[1;32mDEBUG [0m]: [CWLCompositorResource] New wl_surface with id 47 at 55dfaee1acd0
[1;32mDEBUG [0m]: [CPrimarySelectionProtocol] CPrimarySelectionProtocol::updateSelection: cannot send selection to a client without a data_device
[1;32mDEBUG [0m]: CWLSurface 55dfae3bef20 called init()
[1;32mDEBUG [0m]: LayerSurface 55dfae6add50 (namespace putkin-panel layer 3) created on monitor HEADLESS-1
[1;32mDEBUG [0m]: [CLayerShellProtocol] New wlr_layer_surface 55dfae6add50
[1;32mDEBUG [0m]: cursorImage request: shape 1 -> default
[1;32mDEBUG [0m]: XCursor scanning theme default
[1;32mDEBUG [0m]: XCursor parsing index.theme /usr/share/icons/default/index.theme
[1;32mDEBUG [0m]: XCursor theme default inherits Adwaita
[1;32mDEBUG [0m]: XCursor scanning theme Adwaita
[1;32mDEBUG [0m]: XCursor using theme path /usr/share/icons/Adwaita/cursors
[1;32mDEBUG [0m]: XCursor parsing index.theme /usr/share/icons/Adwaita/index.theme
[1;32mDEBUG [0m]: XCursor theme Adwaita inherits AdwaitaLegacy
[1;32mDEBUG [0m]: XCursor theme Adwaita inherits hicolor
[1;32mDEBUG [0m]: XCursor scanning theme Adwaita
[1;32mDEBUG [0m]: XCursor using theme path /usr/share/icons/Adwaita/cursors
[1;32mDEBUG [0m]: XCursor parsing index.theme /usr/share/icons/Adwaita/index.theme
[1;32mDEBUG [0m]: XCursor theme Adwaita inherits AdwaitaLegacy
[1;32mDEBUG [0m]: XCursor theme Adwaita inherits hicolor
[1;32mDEBUG [0m]: XCursor scanning theme AdwaitaLegacy
[1;32mDEBUG [0m]: XCursor parsing index.theme /usr/share/icons/AdwaitaLegacy/index.theme
[1;32mDEBUG [0m]: XCursor theme AdwaitaLegacy inherits hicolor
[1;32mDEBUG [0m]: XCursor scanning theme hicolor
[1;32mDEBUG [0m]: XCursor parsing index.theme /usr/share/icons/hicolor/index.theme
[1;32mDEBUG [0m]: XCursor already has a shape default loaded, skipping
[1;32mDEBUG [0m]: XCursor already has a shape context-menu loaded, skipping
[1;32mDEBUG [0m]: XCursor already has a shape help loaded, skipping
[1;32mDEBUG [0m]: XCursor already has a shape pointer loaded, skipping
[1;32mDEBUG [0m]: XCursor already has a shape progress loaded, skipping
[1;32mDEBUG [0m]: XCursor already has a shape wait loaded, skipping
[1;32mDEBUG [0m]: XCursor failed to find a legacy shape with name plus, skipping
[1;32mDEBUG [0m]: XCursor already has a shape crosshair loaded, skipping
[1;32mDEBUG [0m]: XCursor already has a shape text loaded, skipping
[1;32mDEBUG [0m]: XCursor already has a shape vertical-text loaded, skipping
[1;32mDEBUG [0m]: XCursor failed to find a legacy shape with name dnd-link, skipping
[1;32mDEBUG [0m]: XCursor failed to find a legacy shape with name dnd-copy, skipping
[1;32mDEBUG [0m]: XCursor already has a shape move loaded, skipping
[1;32mDEBUG [0m]: XCursor failed to find a legacy shape with name dnd-none, skipping
[1;32mDEBUG [0m]: XCursor failed to find a legacy shape with name crossed_circle, skipping
[1;32mDEBUG [0m]: XCursor already has a shape grab loaded, skipping
[1;32mDEBUG [0m]: XCursor already has a shape grabbing loaded, skipping
[1;32mDEBUG [0m]: XCursor already has a shape e-resize loaded, skipping
[1;32mDEBUG [0m]: XCursor already has a shape n-resize loaded, skipping
[1;32mDEBUG [0m]: XCursor already has a shape ne-resize loaded, skipping
[1;32mDEBUG [0m]: XCursor already has a shape nw-resize loaded, skipping
[1;32mDEBUG [0m]: XCursor already has a shape s-resize loaded, skipping
[1;32mDEBUG [0m]: XCursor already has a shape se-resize loaded, skipping
[1;32mDEBUG [0m]: XCursor already has a shape sw-resize loaded, skipping
[1;32mDEBUG [0m]: XCursor already has a shape w-resize loaded, skipping
[1;32mDEBUG [0m]: XCursor already has a shape ew-resize loaded, skipping
[1;32mDEBUG [0m]: XCursor already has a shape ns-resize loaded, skipping
[1;32mDEBUG [0m]: XCursor already has a shape nesw-resize loaded, skipping
[1;32mDEBUG [0m]: XCursor already has a shape nwse-resize loaded, skipping
[1;32mDEBUG [0m]: XCursor already has a shape col-resize loaded, skipping
[1;32mDEBUG [0m]: XCursor already has a shape row-resize loaded, skipping
[1;32mDEBUG [0m]: XCursor already has a shape all-scroll loaded, skipping
[1;32mDEBUG [0m]: XCursor already has a shape zoom-in loaded, skipping
[1;32mDEBUG [0m]: XCursor already has a shape zoom-out loaded, skipping
[1;32mDEBUG [0m]: XCursor failed to find a legacy shape with name dnd-copy, skipping
[1;32mDEBUG [0m]: XCursor already has a shape all-resize loaded, skipping
[1;33mWARN [0m]: GSettings default schema source does not exist, can't sync GSettings
[1;33mWARN [0m]: GSettings parameter doesn't exist cursor-theme in org.gnome.desktop.interface
[1;33mWARN [0m]: GSettings default schema source does not exist, can't sync GSettings
[1;33mWARN [0m]: GSettings parameter doesn't exist cursor-size in org.gnome.desktop.interface
[1;32mDEBUG [0m]: [CWLCompositorResource] New wl_region with id 88 at 55dfad7127d0
[1;32mDEBUG [0m]: [CWLCompositorResource] New wl_region with id 81 at 55dfad7127d0
[1;32mDEBUG [0m]: [CLinuxDMABUFParamsResource] Creating a dmabuf, with id 84: size [Vector2D: x: 552, y: 96], fmt AR24, planes 1
[1;32mDEBUG [0m]: [CLinuxDMABUFParamsResource]  | plane 0: mod 72057594037927952 fd 53 stride 2304 offset 0
[1;32mDEBUG [0m]: LayerSurface 55dfae6add50 mapped
[1;32mDEBUG [0m]: [CLinuxDMABUFParamsResource] Creating a dmabuf, with id 87: size [Vector2D: x: 552, y: 96], fmt AR24, planes 1
[1;32mDEBUG [0m]: [CLinuxDMABUFParamsResource]  | plane 0: mod 72057594037927952 fd 63 stride 2304 offset 0
[1;32mDEBUG [0m]: [CLinuxDMABUFParamsResource] Creating a dmabuf, with id 100: size [Vector2D: x: 552, y: 1068], fmt AR24, planes 1
[1;32mDEBUG [0m]: [CLinuxDMABUFParamsResource]  | plane 0: mod 72057594037927952 fd 91 stride 2304 offset 0
[1;32mDEBUG [0m]: [CWLSeatProtocol] New seat resource bound at 55dfae64c620
[1;32mDEBUG [0m]: [CVirtualKeyboardProtocol] New VKeyboard at id 5
[1;32mDEBUG [0m]: ApplyConfigToKeyboard for "hl-virtual-keyboard-wtype", hasconfig: 0
[1;32mDEBUG [0m]: Attempting to create a keymap for layout us with variant  (rules: , model: , options: )
[1;32mDEBUG [0m]: Updating keyboard 55dfae688740's translation state from a provided keymap
[1;32mDEBUG [0m]: xkb: LED index 0 (name Num Lock) got index 1
[1;32mDEBUG [0m]: xkb: LED index 1 (name Caps Lock) got index 0
[1;32mDEBUG [0m]: xkb: LED index 2 (name Scroll Lock) got index 2
[1;32mDEBUG [0m]: xkb: Mod index 0 (name Shift) got index 0
[1;32mDEBUG [0m]: xkb: Mod index 1 (name Lock) got index 1
[1;32mDEBUG [0m]: xkb: Mod index 2 (name Control) got index 2
[1;32mDEBUG [0m]: xkb: Mod index 3 (name Mod1) got index 3
[1;32mDEBUG [0m]: xkb: Mod index 4 (name Mod2) got index 4
[1;32mDEBUG [0m]: xkb: Mod index 5 (name Mod3) got index 5
[1;32mDEBUG [0m]: xkb: Mod index 6 (name Mod4) got index 6
[1;32mDEBUG [0m]: xkb: Mod index 7 (name Mod5) got index 7
[1;32mDEBUG [0m]: Updating keymap fd for keyboard hl-virtual-keyboard-wtype
[1;32mDEBUG [0m]: Updated keymap fd to 101, keymap V1 to: 103
[1;32mDEBUG [0m]: Set the keyboard layout to us and variant to  for keyboard "hl-virtual-keyboard-wtype"
[1;32mDEBUG [0m]: New virtual keyboard created at 55dfae688740
[1;32mDEBUG [0m]: Updating keyboard 55dfae688740's translation state from a provided keymap
[1;32mDEBUG [0m]: Updating keymap fd for keyboard hl-virtual-keyboard-wtype
[1;32mDEBUG [0m]: Updated keymap fd to 101, keymap V1 to: 103
[1;32mDEBUG [0m]: [CLinuxDMABUFParamsResource] Creating a dmabuf, with id 81: size [Vector2D: x: 552, y: 1068], fmt AR24, planes 1
[1;32mDEBUG [0m]: [CLinuxDMABUFParamsResource]  | plane 0: mod 72057594037927952 fd 99 stride 2304 offset 0
[1;32mDEBUG [0m]: Keyboard at 55dfae688740 removed
[1;32mDEBUG [0m]: Destroyed keyboard 55dfae688740
[1;32mDEBUG [0m]: [CWLSeatProtocol] New seat resource bound at 55dfae641880
[1;32mDEBUG [0m]: [CVirtualKeyboardProtocol] New VKeyboard at id 5
[1;32mDEBUG [0m]: ApplyConfigToKeyboard for "hl-virtual-keyboard-wtype", hasconfig: 0
[1;32mDEBUG [0m]: Attempting to create a keymap for layout us with variant  (rules: , model: , options: )
[1;32mDEBUG [0m]: Updating keyboard 55dfae688740's translation state from a provided keymap
[1;32mDEBUG [0m]: xkb: LED index 0 (name Num Lock) got index 1
[1;32mDEBUG [0m]: xkb: LED index 1 (name Caps Lock) got index 0
[1;32mDEBUG [0m]: xkb: LED index 2 (name Scroll Lock) got index 2
[1;32mDEBUG [0m]: xkb: Mod index 0 (name Shift) got index 0
[1;32mDEBUG [0m]: xkb: Mod index 1 (name Lock) got index 1
[1;32mDEBUG [0m]: xkb: Mod index 2 (name Control) got index 2
[1;32mDEBUG [0m]: xkb: Mod index 3 (name Mod1) got index 3
[1;32mDEBUG [0m]: xkb: Mod index 4 (name Mod2) got index 4
[1;32mDEBUG [0m]: xkb: Mod index 5 (name Mod3) got index 5
[1;32mDEBUG [0m]: xkb: Mod index 6 (name Mod4) got index 6
[1;32mDEBUG [0m]: xkb: Mod index 7 (name Mod5) got index 7
[1;32mDEBUG [0m]: Updating keymap fd for keyboard hl-virtual-keyboard-wtype
[1;32mDEBUG [0m]: Updated keymap fd to 101, keymap V1 to: 103
[1;32mDEBUG [0m]: Set the keyboard layout to us and variant to  for keyboard "hl-virtual-keyboard-wtype"
[1;32mDEBUG [0m]: New virtual keyboard created at 55dfae688740
[1;32mDEBUG [0m]: Updating keyboard 55dfae688740's translation state from a provided keymap
[1;32mDEBUG [0m]: Updating keymap fd for keyboard hl-virtual-keyboard-wtype
[1;32mDEBUG [0m]: Updated keymap fd to 101, keymap V1 to: 103
[1;32mDEBUG [0m]: Keyboard at 55dfae688740 removed
[1;32mDEBUG [0m]: Destroyed keyboard 55dfae688740
[1;32mDEBUG [0m]: [CWLSeatProtocol] New seat resource bound at 55dfae64c980
[1;32mDEBUG [0m]: [CVirtualKeyboardProtocol] New VKeyboard at id 5
[1;32mDEBUG [0m]: ApplyConfigToKeyboard for "hl-virtual-keyboard-wtype", hasconfig: 0
[1;32mDEBUG [0m]: Attempting to create a keymap for layout us with variant  (rules: , model: , options: )
[1;32mDEBUG [0m]: Updating keyboard 55dfae688740's translation state from a provided keymap
[1;32mDEBUG [0m]: xkb: LED index 0 (name Num Lock) got index 1
[1;32mDEBUG [0m]: xkb: LED index 1 (name Caps Lock) got index 0
[1;32mDEBUG [0m]: xkb: LED index 2 (name Scroll Lock) got index 2
[1;32mDEBUG [0m]: xkb: Mod index 0 (name Shift) got index 0
[1;32mDEBUG [0m]: xkb: Mod index 1 (name Lock) got index 1
[1;32mDEBUG [0m]: xkb: Mod index 2 (name Control) got index 2
[1;32mDEBUG [0m]: xkb: Mod index 3 (name Mod1) got index 3
[1;32mDEBUG [0m]: xkb: Mod index 4 (name Mod2) got index 4
[1;32mDEBUG [0m]: xkb: Mod index 5 (name Mod3) got index 5
[1;32mDEBUG [0m]: xkb: Mod index 6 (name Mod4) got index 6
[1;32mDEBUG [0m]: xkb: Mod index 7 (name Mod5) got index 7
[1;32mDEBUG [0m]: Updating keymap fd for keyboard hl-virtual-keyboard-wtype
[1;32mDEBUG [0m]: Updated keymap fd to 101, keymap V1 to: 103
[1;32mDEBUG [0m]: Set the keyboard layout to us and variant to  for keyboard "hl-virtual-keyboard-wtype"
[1;32mDEBUG [0m]: New virtual keyboard created at 55dfae688740
[1;32mDEBUG [0m]: Updating keyboard 55dfae688740's translation state from a provided keymap
[1;32mDEBUG [0m]: Updating keymap fd for keyboard hl-virtual-keyboard-wtype
[1;32mDEBUG [0m]: Updated keymap fd to 101, keymap V1 to: 103
[1;32mDEBUG [0m]: Keyboard at 55dfae688740 removed
[1;32mDEBUG [0m]: Destroyed keyboard 55dfae688740
[1;32mDEBUG [0m]: [CWLSeatProtocol] New seat resource bound at 55dfae640e80
[1;32mDEBUG [0m]: [CVirtualKeyboardProtocol] New VKeyboard at id 5
[1;32mDEBUG [0m]: ApplyConfigToKeyboard for "hl-virtual-keyboard-wtype", hasconfig: 0
[1;32mDEBUG [0m]: Attempting to create a keymap for layout us with variant  (rules: , model: , options: )
[1;32mDEBUG [0m]: Updating keyboard 55dfae688740's translation state from a provided keymap
[1;32mDEBUG [0m]: xkb: LED index 0 (name Num Lock) got index 1
[1;32mDEBUG [0m]: xkb: LED index 1 (name Caps Lock) got index 0
[1;32mDEBUG [0m]: xkb: LED index 2 (name Scroll Lock) got index 2
[1;32mDEBUG [0m]: xkb: Mod index 0 (name Shift) got index 0
[1;32mDEBUG [0m]: xkb: Mod index 1 (name Lock) got index 1
[1;32mDEBUG [0m]: xkb: Mod index 2 (name Control) got index 2
[1;32mDEBUG [0m]: xkb: Mod index 3 (name Mod1) got index 3
[1;32mDEBUG [0m]: xkb: Mod index 4 (name Mod2) got index 4
[1;32mDEBUG [0m]: xkb: Mod index 5 (name Mod3) got index 5
[1;32mDEBUG [0m]: xkb: Mod index 6 (name Mod4) got index 6
[1;32mDEBUG [0m]: xkb: Mod index 7 (name Mod5) got index 7
[1;32mDEBUG [0m]: Updating keymap fd for keyboard hl-virtual-keyboard-wtype
[1;32mDEBUG [0m]: Updated keymap fd to 101, keymap V1 to: 103
[1;32mDEBUG [0m]: Set the keyboard layout to us and variant to  for keyboard "hl-virtual-keyboard-wtype"
[1;32mDEBUG [0m]: New virtual keyboard created at 55dfae688740
[1;32mDEBUG [0m]: Updating keyboard 55dfae688740's translation state from a provided keymap
[1;32mDEBUG [0m]: Updating keymap fd for keyboard hl-virtual-keyboard-wtype
[1;32mDEBUG [0m]: Updated keymap fd to 101, keymap V1 to: 103
[1;32mDEBUG [0m]: Keyboard at 55dfae688740 removed
[1;32mDEBUG [0m]: Destroyed keyboard 55dfae688740
[1;32mDEBUG [0m]: [CWLSeatProtocol] New seat resource bound at 55dfae637a00
[1;32mDEBUG [0m]: [CVirtualKeyboardProtocol] New VKeyboard at id 5
[1;32mDEBUG [0m]: ApplyConfigToKeyboard for "hl-virtual-keyboard-wtype", hasconfig: 0
[1;32mDEBUG [0m]: Attempting to create a keymap for layout us with variant  (rules: , model: , options: )
[1;32mDEBUG [0m]: Updating keyboard 55dfae688740's translation state from a provided keymap
[1;32mDEBUG [0m]: xkb: LED index 0 (name Num Lock) got index 1
[1;32mDEBUG [0m]: xkb: LED index 1 (name Caps Lock) got index 0
[1;32mDEBUG [0m]: xkb: LED index 2 (name Scroll Lock) got index 2
[1;32mDEBUG [0m]: xkb: Mod index 0 (name Shift) got index 0
[1;32mDEBUG [0m]: xkb: Mod index 1 (name Lock) got index 1
[1;32mDEBUG [0m]: xkb: Mod index 2 (name Control) got index 2
[1;32mDEBUG [0m]: xkb: Mod index 3 (name Mod1) got index 3
[1;32mDEBUG [0m]: xkb: Mod index 4 (name Mod2) got index 4
[1;32mDEBUG [0m]: xkb: Mod index 5 (name Mod3) got index 5
[1;32mDEBUG [0m]: xkb: Mod index 6 (name Mod4) got index 6
[1;32mDEBUG [0m]: xkb: Mod index 7 (name Mod5) got index 7
[1;32mDEBUG [0m]: Updating keymap fd for keyboard hl-virtual-keyboard-wtype
[1;32mDEBUG [0m]: Updated keymap fd to 101, keymap V1 to: 103
[1;32mDEBUG [0m]: Set the keyboard layout to us and variant to  for keyboard "hl-virtual-keyboard-wtype"
[1;32mDEBUG [0m]: New virtual keyboard created at 55dfae688740
[1;32mDEBUG [0m]: Updating keyboard 55dfae688740's translation state from a provided keymap
[1;32mDEBUG [0m]: Updating keymap fd for keyboard hl-virtual-keyboard-wtype
[1;32mDEBUG [0m]: Updated keymap fd to 101, keymap V1 to: 103
[1;32mDEBUG [0m]: Keyboard at 55dfae688740 removed
[1;32mDEBUG [0m]: Destroyed keyboard 55dfae688740
[1;32mDEBUG [0m]: [CWLSeatProtocol] New seat resource bound at 55dfaebeb0d0
[1;32mDEBUG [0m]: [CVirtualKeyboardProtocol] New VKeyboard at id 5
[1;32mDEBUG [0m]: ApplyConfigToKeyboard for "hl-virtual-keyboard-wtype", hasconfig: 0
[1;32mDEBUG [0m]: Attempting to create a keymap for layout us with variant  (rules: , model: , options: )
[1;32mDEBUG [0m]: Updating keyboard 55dfae688740's translation state from a provided keymap
[1;32mDEBUG [0m]: xkb: LED index 0 (name Num Lock) got index 1
[1;32mDEBUG [0m]: xkb: LED index 1 (name Caps Lock) got index 0
[1;32mDEBUG [0m]: xkb: LED index 2 (name Scroll Lock) got index 2
[1;32mDEBUG [0m]: xkb: Mod index 0 (name Shift) got index 0
[1;32mDEBUG [0m]: xkb: Mod index 1 (name Lock) got index 1
[1;32mDEBUG [0m]: xkb: Mod index 2 (name Control) got index 2
[1;32mDEBUG [0m]: xkb: Mod index 3 (name Mod1) got index 3
[1;32mDEBUG [0m]: xkb: Mod index 4 (name Mod2) got index 4
[1;32mDEBUG [0m]: xkb: Mod index 5 (name Mod3) got index 5
[1;32mDEBUG [0m]: xkb: Mod index 6 (name Mod4) got index 6
[1;32mDEBUG [0m]: xkb: Mod index 7 (name Mod5) got index 7
[1;32mDEBUG [0m]: Updating keymap fd for keyboard hl-virtual-keyboard-wtype
[1;32mDEBUG [0m]: Updated keymap fd to 101, keymap V1 to: 103
[1;32mDEBUG [0m]: Set the keyboard layout to us and variant to  for keyboard "hl-virtual-keyboard-wtype"
[1;32mDEBUG [0m]: New virtual keyboard created at 55dfae688740
[1;32mDEBUG [0m]: Updating keyboard 55dfae688740's translation state from a provided keymap
[1;32mDEBUG [0m]: Updating keymap fd for keyboard hl-virtual-keyboard-wtype
[1;32mDEBUG [0m]: Updated keymap fd to 101, keymap V1 to: 103
[1;32mDEBUG [0m]: Keyboard at 55dfae688740 removed
[1;32mDEBUG [0m]: Destroyed keyboard 55dfae688740
[1;32mDEBUG [0m]: [CWLSeatProtocol] New seat resource bound at 55dfae4d4830
[1;32mDEBUG [0m]: [CVirtualKeyboardProtocol] New VKeyboard at id 5
[1;32mDEBUG [0m]: ApplyConfigToKeyboard for "hl-virtual-keyboard-wtype", hasconfig: 0
[1;32mDEBUG [0m]: Attempting to create a keymap for layout us with variant  (rules: , model: , options: )
[1;32mDEBUG [0m]: Updating keyboard 55dfae688740's translation state from a provided keymap
[1;32mDEBUG [0m]: xkb: LED index 0 (name Num Lock) got index 1
[1;32mDEBUG [0m]: xkb: LED index 1 (name Caps Lock) got index 0
[1;32mDEBUG [0m]: xkb: LED index 2 (name Scroll Lock) got index 2
[1;32mDEBUG [0m]: xkb: Mod index 0 (name Shift) got index 0
[1;32mDEBUG [0m]: xkb: Mod index 1 (name Lock) got index 1
[1;32mDEBUG [0m]: xkb: Mod index 2 (name Control) got index 2
[1;32mDEBUG [0m]: xkb: Mod index 3 (name Mod1) got index 3
[1;32mDEBUG [0m]: xkb: Mod index 4 (name Mod2) got index 4
[1;32mDEBUG [0m]: xkb: Mod index 5 (name Mod3) got index 5
[1;32mDEBUG [0m]: xkb: Mod index 6 (name Mod4) got index 6
[1;32mDEBUG [0m]: xkb: Mod index 7 (name Mod5) got index 7
[1;32mDEBUG [0m]: Updating keymap fd for keyboard hl-virtual-keyboard-wtype
[1;32mDEBUG [0m]: Updated keymap fd to 101, keymap V1 to: 103
[1;32mDEBUG [0m]: Set the keyboard layout to us and variant to  for keyboard "hl-virtual-keyboard-wtype"
[1;32mDEBUG [0m]: New virtual keyboard created at 55dfae688740
[1;32mDEBUG [0m]: Updating keyboard 55dfae688740's translation state from a provided keymap
[1;32mDEBUG [0m]: Updating keymap fd for keyboard hl-virtual-keyboard-wtype
[1;32mDEBUG [0m]: Updated keymap fd to 101, keymap V1 to: 103
[1;32mDEBUG [0m]: Keyboard at 55dfae688740 removed
[1;32mDEBUG [0m]: Destroyed keyboard 55dfae688740
[1;32mDEBUG [0m]: [CWLSeatProtocol] New seat resource bound at 55dfae641880
[1;32mDEBUG [0m]: [CVirtualKeyboardProtocol] New VKeyboard at id 5
[1;32mDEBUG [0m]: ApplyConfigToKeyboard for "hl-virtual-keyboard-wtype", hasconfig: 0
[1;32mDEBUG [0m]: Attempting to create a keymap for layout us with variant  (rules: , model: , options: )
[1;32mDEBUG [0m]: Updating keyboard 55dfae688740's translation state from a provided keymap
[1;32mDEBUG [0m]: xkb: LED index 0 (name Num Lock) got index 1
[1;32mDEBUG [0m]: xkb: LED index 1 (name Caps Lock) got index 0
[1;32mDEBUG [0m]: xkb: LED index 2 (name Scroll Lock) got index 2
[1;32mDEBUG [0m]: xkb: Mod index 0 (name Shift) got index 0
[1;32mDEBUG [0m]: xkb: Mod index 1 (name Lock) got index 1
[1;32mDEBUG [0m]: xkb: Mod index 2 (name Control) got index 2
[1;32mDEBUG [0m]: xkb: Mod index 3 (name Mod1) got index 3
[1;32mDEBUG [0m]: xkb: Mod index 4 (name Mod2) got index 4
[1;32mDEBUG [0m]: xkb: Mod index 5 (name Mod3) got index 5
[1;32mDEBUG [0m]: xkb: Mod index 6 (name Mod4) got index 6
[1;32mDEBUG [0m]: xkb: Mod index 7 (name Mod5) got index 7
[1;32mDEBUG [0m]: Updating keymap fd for keyboard hl-virtual-keyboard-wtype
[1;32mDEBUG [0m]: Updated keymap fd to 101, keymap V1 to: 103
[1;32mDEBUG [0m]: Set the keyboard layout to us and variant to  for keyboard "hl-virtual-keyboard-wtype"
[1;32mDEBUG [0m]: New virtual keyboard created at 55dfae688740
[1;32mDEBUG [0m]: Updating keyboard 55dfae688740's translation state from a provided keymap
[1;32mDEBUG [0m]: Updating keymap fd for keyboard hl-virtual-keyboard-wtype
[1;32mDEBUG [0m]: Updated keymap fd to 101, keymap V1 to: 103
[1;32mDEBUG [0m]: Keyboard at 55dfae688740 removed
[1;32mDEBUG [0m]: Destroyed keyboard 55dfae688740
[1;32mDEBUG [0m]: [CWLSeatProtocol] New seat resource bound at 55dfae640e80
[1;32mDEBUG [0m]: [CVirtualKeyboardProtocol] New VKeyboard at id 5
[1;32mDEBUG [0m]: ApplyConfigToKeyboard for "hl-virtual-keyboard-wtype", hasconfig: 0
[1;32mDEBUG [0m]: Attempting to create a keymap for layout us with variant  (rules: , model: , options: )
[1;32mDEBUG [0m]: Updating keyboard 55dfae688740's translation state from a provided keymap
[1;32mDEBUG [0m]: xkb: LED index 0 (name Num Lock) got index 1
[1;32mDEBUG [0m]: xkb: LED index 1 (name Caps Lock) got index 0
[1;32mDEBUG [0m]: xkb: LED index 2 (name Scroll Lock) got index 2
[1;32mDEBUG [0m]: xkb: Mod index 0 (name Shift) got index 0
[1;32mDEBUG [0m]: xkb: Mod index 1 (name Lock) got index 1
[1;32mDEBUG [0m]: xkb: Mod index 2 (name Control) got index 2
[1;32mDEBUG [0m]: xkb: Mod index 3 (name Mod1) got index 3
[1;32mDEBUG [0m]: xkb: Mod index 4 (name Mod2) got index 4
[1;32mDEBUG [0m]: xkb: Mod index 5 (name Mod3) got index 5
[1;32mDEBUG [0m]: xkb: Mod index 6 (name Mod4) got index 6
[1;32mDEBUG [0m]: xkb: Mod index 7 (name Mod5) got index 7
[1;32mDEBUG [0m]: Updating keymap fd for keyboard hl-virtual-keyboard-wtype
[1;32mDEBUG [0m]: Updated keymap fd to 101, keymap V1 to: 103
[1;32mDEBUG [0m]: Set the keyboard layout to us and variant to  for keyboard "hl-virtual-keyboard-wtype"
[1;32mDEBUG [0m]: New virtual keyboard created at 55dfae688740
[1;32mDEBUG [0m]: Updating keyboard 55dfae688740's translation state from a provided keymap
[1;32mDEBUG [0m]: Updating keymap fd for keyboard hl-virtual-keyboard-wtype
[1;32mDEBUG [0m]: Updated keymap fd to 101, keymap V1 to: 103
[1;32mDEBUG [0m]: Keyboard at 55dfae688740 removed
[1;32mDEBUG [0m]: Destroyed keyboard 55dfae688740
[1;32mDEBUG [0m]: [CWLSeatProtocol] New seat resource bound at 55dfae637a00
[1;32mDEBUG [0m]: [CVirtualKeyboardProtocol] New VKeyboard at id 5
[1;32mDEBUG [0m]: ApplyConfigToKeyboard for "hl-virtual-keyboard-wtype", hasconfig: 0
[1;32mDEBUG [0m]: Attempting to create a keymap for layout us with variant  (rules: , model: , options: )
[1;32mDEBUG [0m]: Updating keyboard 55dfae688740's translation state from a provided keymap
[1;32mDEBUG [0m]: xkb: LED index 0 (name Num Lock) got index 1
[1;32mDEBUG [0m]: xkb: LED index 1 (name Caps Lock) got index 0
[1;32mDEBUG [0m]: xkb: LED index 2 (name Scroll Lock) got index 2
[1;32mDEBUG [0m]: xkb: Mod index 0 (name Shift) got index 0
[1;32mDEBUG [0m]: xkb: Mod index 1 (name Lock) got index 1
[1;32mDEBUG [0m]: xkb: Mod index 2 (name Control) got index 2
[1;32mDEBUG [0m]: xkb: Mod index 3 (name Mod1) got index 3
[1;32mDEBUG [0m]: xkb: Mod index 4 (name Mod2) got index 4
[1;32mDEBUG [0m]: xkb: Mod index 5 (name Mod3) got index 5
[1;32mDEBUG [0m]: xkb: Mod index 6 (name Mod4) got index 6
[1;32mDEBUG [0m]: xkb: Mod index 7 (name Mod5) got index 7
[1;32mDEBUG [0m]: Updating keymap fd for keyboard hl-virtual-keyboard-wtype
[1;32mDEBUG [0m]: Updated keymap fd to 101, keymap V1 to: 103
[1;32mDEBUG [0m]: Set the keyboard layout to us and variant to  for keyboard "hl-virtual-keyboard-wtype"
[1;32mDEBUG [0m]: New virtual keyboard created at 55dfae688740
[1;32mDEBUG [0m]: Updating keyboard 55dfae688740's translation state from a provided keymap
[1;32mDEBUG [0m]: Updating keymap fd for keyboard hl-virtual-keyboard-wtype
[1;32mDEBUG [0m]: Updated keymap fd to 101, keymap V1 to: 103
[1;32mDEBUG [0m]: Keyboard at 55dfae688740 removed
[1;32mDEBUG [0m]: Destroyed keyboard 55dfae688740
[1;32mDEBUG [0m]: [CWLSeatProtocol] New seat resource bound at 55dfae642840
[1;32mDEBUG [0m]: [CVirtualKeyboardProtocol] New VKeyboard at id 5
[1;32mDEBUG [0m]: ApplyConfigToKeyboard for "hl-virtual-keyboard-wtype", hasconfig: 0
[1;32mDEBUG [0m]: Attempting to create a keymap for layout us with variant  (rules: , model: , options: )
[1;32mDEBUG [0m]: Updating keyboard 55dfae688740's translation state from a provided keymap
[1;32mDEBUG [0m]: xkb: LED index 0 (name Num Lock) got index 1
[1;32mDEBUG [0m]: xkb: LED index 1 (name Caps Lock) got index 0
[1;32mDEBUG [0m]: xkb: LED index 2 (name Scroll Lock) got index 2
[1;32mDEBUG [0m]: xkb: Mod index 0 (name Shift) got index 0
[1;32mDEBUG [0m]: xkb: Mod index 1 (name Lock) got index 1
[1;32mDEBUG [0m]: xkb: Mod index 2 (name Control) got index 2
[1;32mDEBUG [0m]: xkb: Mod index 3 (name Mod1) got index 3
[1;32mDEBUG [0m]: xkb: Mod index 4 (name Mod2) got index 4
[1;32mDEBUG [0m]: xkb: Mod index 5 (name Mod3) got index 5
[1;32mDEBUG [0m]: xkb: Mod index 6 (name Mod4) got index 6
[1;32mDEBUG [0m]: xkb: Mod index 7 (name Mod5) got index 7
[1;32mDEBUG [0m]: Updating keymap fd for keyboard hl-virtual-keyboard-wtype
[1;32mDEBUG [0m]: Updated keymap fd to 101, keymap V1 to: 103
[1;32mDEBUG [0m]: Set the keyboard layout to us and variant to  for keyboard "hl-virtual-keyboard-wtype"
[1;32mDEBUG [0m]: New virtual keyboard created at 55dfae688740
[1;32mDEBUG [0m]: Updating keyboard 55dfae688740's translation state from a provided keymap
[1;32mDEBUG [0m]: Updating keymap fd for keyboard hl-virtual-keyboard-wtype
[1;32mDEBUG [0m]: Updated keymap fd to 101, keymap V1 to: 103
[1;32mDEBUG [0m]: Keyboard at 55dfae688740 removed
[1;32mDEBUG [0m]: Destroyed keyboard 55dfae688740
[1;32mDEBUG [0m]: [CWLSeatProtocol] New seat resource bound at 55dfae654100
[1;32mDEBUG [0m]: [CVirtualKeyboardProtocol] New VKeyboard at id 5
[1;32mDEBUG [0m]: ApplyConfigToKeyboard for "hl-virtual-keyboard-wtype", hasconfig: 0
[1;32mDEBUG [0m]: Attempting to create a keymap for layout us with variant  (rules: , model: , options: )
[1;32mDEBUG [0m]: Updating keyboard 55dfae688740's translation state from a provided keymap
[1;32mDEBUG [0m]: xkb: LED index 0 (name Num Lock) got index 1
[1;32mDEBUG [0m]: xkb: LED index 1 (name Caps Lock) got index 0
[1;32mDEBUG [0m]: xkb: LED index 2 (name Scroll Lock) got index 2
[1;32mDEBUG [0m]: xkb: Mod index 0 (name Shift) got index 0
[1;32mDEBUG [0m]: xkb: Mod index 1 (name Lock) got index 1
[1;32mDEBUG [0m]: xkb: Mod index 2 (name Control) got index 2
[1;32mDEBUG [0m]: xkb: Mod index 3 (name Mod1) got index 3
[1;32mDEBUG [0m]: xkb: Mod index 4 (name Mod2) got index 4
[1;32mDEBUG [0m]: xkb: Mod index 5 (name Mod3) got index 5
[1;32mDEBUG [0m]: xkb: Mod index 6 (name Mod4) got index 6
[1;32mDEBUG [0m]: xkb: Mod index 7 (name Mod5) got index 7
[1;32mDEBUG [0m]: Updating keymap fd for keyboard hl-virtual-keyboard-wtype
[1;32mDEBUG [0m]: Updated keymap fd to 101, keymap V1 to: 103
[1;32mDEBUG [0m]: Set the keyboard layout to us and variant to  for keyboard "hl-virtual-keyboard-wtype"
[1;32mDEBUG [0m]: New virtual keyboard created at 55dfae688740
[1;32mDEBUG [0m]: Updating keyboard 55dfae688740's translation state from a provided keymap
[1;32mDEBUG [0m]: Updating keymap fd for keyboard hl-virtual-keyboard-wtype
[1;32mDEBUG [0m]: Updated keymap fd to 101, keymap V1 to: 103
[1;32mDEBUG [0m]: Keyboard at 55dfae688740 removed
[1;32mDEBUG [0m]: Destroyed keyboard 55dfae688740
[1;32mDEBUG [0m]: [CWLSeatProtocol] New seat resource bound at 55dfaebeb0d0
[1;32mDEBUG [0m]: [CVirtualKeyboardProtocol] New VKeyboard at id 5
[1;32mDEBUG [0m]: ApplyConfigToKeyboard for "hl-virtual-keyboard-wtype", hasconfig: 0
[1;32mDEBUG [0m]: Attempting to create a keymap for layout us with variant  (rules: , model: , options: )
[1;32mDEBUG [0m]: Updating keyboard 55dfae688740's translation state from a provided keymap
[1;32mDEBUG [0m]: xkb: LED index 0 (name Num Lock) got index 1
[1;32mDEBUG [0m]: xkb: LED index 1 (name Caps Lock) got index 0
[1;32mDEBUG [0m]: xkb: LED index 2 (name Scroll Lock) got index 2
[1;32mDEBUG [0m]: xkb: Mod index 0 (name Shift) got index 0
[1;32mDEBUG [0m]: xkb: Mod index 1 (name Lock) got index 1
[1;32mDEBUG [0m]: xkb: Mod index 2 (name Control) got index 2
[1;32mDEBUG [0m]: xkb: Mod index 3 (name Mod1) got index 3
[1;32mDEBUG [0m]: xkb: Mod index 4 (name Mod2) got index 4
[1;32mDEBUG [0m]: xkb: Mod index 5 (name Mod3) got index 5
[1;32mDEBUG [0m]: xkb: Mod index 6 (name Mod4) got index 6
[1;32mDEBUG [0m]: xkb: Mod index 7 (name Mod5) got index 7
[1;32mDEBUG [0m]: Updating keymap fd for keyboard hl-virtual-keyboard-wtype
[1;32mDEBUG [0m]: Updated keymap fd to 101, keymap V1 to: 103
[1;32mDEBUG [0m]: Set the keyboard layout to us and variant to  for keyboard "hl-virtual-keyboard-wtype"
[1;32mDEBUG [0m]: New virtual keyboard created at 55dfae688740
[1;32mDEBUG [0m]: Updating keyboard 55dfae688740's translation state from a provided keymap
[1;32mDEBUG [0m]: Updating keymap fd for keyboard hl-virtual-keyboard-wtype
[1;32mDEBUG [0m]: Updated keymap fd to 101, keymap V1 to: 103
[1;32mDEBUG [0m]: Keyboard at 55dfae688740 removed
[1;32mDEBUG [0m]: Destroyed keyboard 55dfae688740
[1;32mDEBUG [0m]: Hyprctl: new connection from pid 897
[1;32mDEBUG [0m]: Hyprctl: new connection from pid 898
[1;32mDEBUG [0m]: Hyprctl: new connection from pid 899
[1;32mDEBUG [0m]: Hyprctl: new connection from pid 900
[1;32mDEBUG [0m]: Hyprctl: new connection from pid 901
[1;32mDEBUG [0m]: Hyprctl: new connection from pid 902
[1;32mDEBUG [0m]: Hyprctl: new connection from pid 903
[1;32mDEBUG [0m]: [COutputImageCaptureSourceProtocol] New capture source for monitor: HEADLESS-1
[1;32mDEBUG [0m]: [CImageCopyCaptureProtocol] New image copy capture session for source (monitor): "HEADLESS-1"
[1;32mDEBUG [0m]: [CLinuxDMABUFParamsResource] Creating a dmabuf, with id 68: size [Vector2D: x: 1920, y: 1080], fmt AR24, planes 1
[1;32mDEBUG [0m]: [CLinuxDMABUFParamsResource]  | plane 0: mod 72057594037927952 fd 61 stride 7680 offset 0
[1;32mDEBUG [0m]: [Screenshare] Started screenshare session for (monitor): HEADLESS-1
[1;32mDEBUG [0m]: Hyprctl: new connection from pid 912
[1;32mDEBUG [0m]: [CWLCompositorResource] New wl_region with id 88 at 55dfae18cb80
[1;32mDEBUG [0m]: LayerSurface 55dfae6add50 destroyed
[1;32mDEBUG [0m]: Forcing an unmap of a LS that did a straight destroy!
[1;32mDEBUG [0m]: LayerSurface 55dfae6add50 unmapped
[1;32mDEBUG [0m]: renderer: making a snapshot of layer 55dfaedd45b0
[1;32mDEBUG [0m]: Framebuffer "layer snapshot" created, status 36053
[1;32mDEBUG [0m]: renderer: cleared a snapshot of layer 55dfaedd45b0
[1;32mDEBUG [0m]: renderer: rendered a snapshot of layer 55dfaedd45b0
[1;32mDEBUG [0m]: renderer: made a snapshot of layer 55dfaedd45b0
[1;32mDEBUG [0m]: CWLSurface 55dfae3bef20 called destroy()
[1;32mDEBUG [0m]: Cleanup: removed 1 fadeouts
[1;32mDEBUG [0m]: Hyprctl: new connection from pid 919
[1;32mDEBUG [0m]: Hyprctl: keyword monitor : HEADLESS-1,1920x1080@60,2000x0,2
[1;32mDEBUG [0m]: ApplyConfigToKeyboard for "wl_keyboard", hasconfig: 0
[1;32mDEBUG [0m]: Not applying config to keyboard, it did not change.
[1;33mWARN [0m]: No rule found for WAYLAND-1, trying to use the first.
[1;32mDEBUG [0m]: Applying monitor rule for HEADLESS-1
[1;32mDEBUG [0m]: Monitor HEADLESS-1: requested 1920x1080@60.00Hz, using preferred mode 1920x1080@60.00Hz
[1;32mDEBUG [0m]: output HEADLESS-1 succeeded basic test on format DRM_FORMAT_XRGB8888
[1;32mDEBUG [0m]: CMonitor::updateVCGTRamps: skipping, no gamma ramp for output
[1;32mDEBUG [0m]: Monitor HEADLESS-1 data dump: res 1920x1080@60.00Hz, scale 2.00, transform 0, pos 2000x0, 10b 0
[1;33mWARN [0m]: FIXME: color management protocol is enabled and outputs changed, check preferred image description changes
[1;32mDEBUG [0m]: arrangeMonitors: 2 to arrange
[1;32mDEBUG [0m]: arrangeMonitors: HEADLESS-1 explicit [2000, 0]
[1;32mDEBUG [0m]: arrangeMonitors: WAYLAND-1 auto [2960, 0]
[1;32mDEBUG [0m]: arrangeMonitors: WAYLAND-1 xwayland [0, 0]
[1;32mDEBUG [0m]: arrangeMonitors: HEADLESS-1 xwayland [1920, 0]
[1;32mDEBUG [0m]: [CXDGOutputProtocol] updating all xdg_output heads
[1;32mDEBUG [0m]: [CXDGOutputProtocol] updating all xdg_output heads
[1;32mDEBUG [0m]: [CXDGOutputProtocol] updating all xdg_output heads
[1;32mDEBUG [0m]: [CWLCompositorResource] New wl_region with id 100 at 55dfae77ccb0
[1;32mDEBUG [0m]: [CLinuxDMABUFParamsResource] Creating a dmabuf, with id 85: size [Vector2D: x: 1440, y: 48], fmt AR24, planes 1
[1;32mDEBUG [0m]: [CLinuxDMABUFParamsResource]  | plane 0: mod 72057594037927952 fd 53 stride 5760 offset 0
[1;32mDEBUG [0m]: [CWLCompositorResource] New wl_region with id 77 at 55dfae77ccb0
[1;32mDEBUG [0m]: [CLinuxDMABUFParamsResource] Creating a dmabuf, with id 98: size [Vector2D: x: 1920, y: 1080], fmt AR24, planes 1
[1;32mDEBUG [0m]: [CLinuxDMABUFParamsResource]  | plane 0: mod 72057594037927952 fd 63 stride 7680 offset 0
[1;32mDEBUG [0m]: Hyprctl: new connection from pid 920
[1;32mDEBUG [0m]: [CLinuxDMABUFParamsResource] Creating a dmabuf, with id 102: size [Vector2D: x: 1920, y: 64], fmt AR24, planes 1
[1;32mDEBUG [0m]: [CLinuxDMABUFParamsResource]  | plane 0: mod 72057594037927952 fd 57 stride 7680 offset 0
[1;32mDEBUG [0m]: Hyprctl: new connection from pid 921
[1;32mDEBUG [0m]: Hyprctl: dispatcher focusmonitor : HEADLESS-1
[1;32mDEBUG [0m]: [CLinuxDMABUFParamsResource] Creating a dmabuf, with id 84: size [Vector2D: x: 1920, y: 1080], fmt AR24, planes 1
[1;32mDEBUG [0m]: [CLinuxDMABUFParamsResource]  | plane 0: mod 72057594037927952 fd 81 stride 7680 offset 0
[1;32mDEBUG [0m]: [Screenshare] Stopped screenshare session for (monitor): HEADLESS-1
[1;32mDEBUG [0m]: [CLinuxDMABUFParamsResource] Creating a dmabuf, with id 85: size [Vector2D: x: 1920, y: 64], fmt AR24, planes 1
[1;32mDEBUG [0m]: [CLinuxDMABUFParamsResource]  | plane 0: mod 72057594037927952 fd 52 stride 7680 offset 0
[1;32mDEBUG [0m]: [CWLCompositorResource] New wl_surface with id 80 at 55dfaee1acd0
[1;32mDEBUG [0m]: [CWLCompositorResource] New wl_surface with id 77 at 55dfaee1acd0
[1;32mDEBUG [0m]: [CPrimarySelectionProtocol] CPrimarySelectionProtocol::updateSelection: cannot send selection to a client without a data_device
[1;32mDEBUG [0m]: CWLSurface 55dfae3bef20 called init()
[1;32mDEBUG [0m]: LayerSurface 55dfae6add50 (namespace putkin-panel layer 3) created on monitor HEADLESS-1
[1;32mDEBUG [0m]: [CLayerShellProtocol] New wlr_layer_surface 55dfae6add50
[1;32mDEBUG [0m]: cursorImage request: shape 1 -> default
[1;32mDEBUG [0m]: XCursor scanning theme default
[1;32mDEBUG [0m]: XCursor parsing index.theme /usr/share/icons/default/index.theme
[1;32mDEBUG [0m]: XCursor theme default inherits Adwaita
[1;32mDEBUG [0m]: XCursor scanning theme Adwaita
[1;32mDEBUG [0m]: XCursor using theme path /usr/share/icons/Adwaita/cursors
[1;32mDEBUG [0m]: XCursor parsing index.theme /usr/share/icons/Adwaita/index.theme
[1;32mDEBUG [0m]: XCursor theme Adwaita inherits AdwaitaLegacy
[1;32mDEBUG [0m]: XCursor theme Adwaita inherits hicolor
[1;32mDEBUG [0m]: XCursor scanning theme Adwaita
[1;32mDEBUG [0m]: XCursor using theme path /usr/share/icons/Adwaita/cursors
[1;32mDEBUG [0m]: XCursor parsing index.theme /usr/share/icons/Adwaita/index.theme
[1;32mDEBUG [0m]: XCursor theme Adwaita inherits AdwaitaLegacy
[1;32mDEBUG [0m]: XCursor theme Adwaita inherits hicolor
[1;32mDEBUG [0m]: XCursor scanning theme AdwaitaLegacy
[1;32mDEBUG [0m]: XCursor parsing index.theme /usr/share/icons/AdwaitaLegacy/index.theme
[1;32mDEBUG [0m]: XCursor theme AdwaitaLegacy inherits hicolor
[1;32mDEBUG [0m]: XCursor scanning theme hicolor
[1;32mDEBUG [0m]: XCursor parsing index.theme /usr/share/icons/hicolor/index.theme
[1;32mDEBUG [0m]: XCursor already has a shape default loaded, skipping
[1;32mDEBUG [0m]: XCursor already has a shape context-menu loaded, skipping
[1;32mDEBUG [0m]: XCursor already has a shape help loaded, skipping
[1;32mDEBUG [0m]: XCursor already has a shape pointer loaded, skipping
[1;32mDEBUG [0m]: XCursor already has a shape progress loaded, skipping
[1;32mDEBUG [0m]: XCursor already has a shape wait loaded, skipping
[1;32mDEBUG [0m]: XCursor failed to find a legacy shape with name plus, skipping
[1;32mDEBUG [0m]: XCursor already has a shape crosshair loaded, skipping
[1;32mDEBUG [0m]: XCursor already has a shape text loaded, skipping
[1;32mDEBUG [0m]: XCursor already has a shape vertical-text loaded, skipping
[1;32mDEBUG [0m]: XCursor failed to find a legacy shape with name dnd-link, skipping
[1;32mDEBUG [0m]: XCursor failed to find a legacy shape with name dnd-copy, skipping
[1;32mDEBUG [0m]: XCursor already has a shape move loaded, skipping
[1;32mDEBUG [0m]: XCursor failed to find a legacy shape with name dnd-none, skipping
[1;32mDEBUG [0m]: XCursor failed to find a legacy shape with name crossed_circle, skipping
[1;32mDEBUG [0m]: XCursor already has a shape grab loaded, skipping
[1;32mDEBUG [0m]: XCursor already has a shape grabbing loaded, skipping
[1;32mDEBUG [0m]: XCursor already has a shape e-resize loaded, skipping
[1;32mDEBUG [0m]: XCursor already has a shape n-resize loaded, skipping
[1;32mDEBUG [0m]: XCursor already has a shape ne-resize loaded, skipping
[1;32mDEBUG [0m]: XCursor already has a shape nw-resize loaded, skipping
[1;32mDEBUG [0m]: XCursor already has a shape s-resize loaded, skipping
[1;32mDEBUG [0m]: XCursor already has a shape se-resize loaded, skipping
[1;32mDEBUG [0m]: XCursor already has a shape sw-resize loaded, skipping
[1;32mDEBUG [0m]: XCursor already has a shape w-resize loaded, skipping
[1;32mDEBUG [0m]: XCursor already has a shape ew-resize loaded, skipping
[1;32mDEBUG [0m]: XCursor already has a shape ns-resize loaded, skipping
[1;32mDEBUG [0m]: XCursor already has a shape nesw-resize loaded, skipping
[1;32mDEBUG [0m]: XCursor already has a shape nwse-resize loaded, skipping
[1;32mDEBUG [0m]: XCursor already has a shape col-resize loaded, skipping
[1;32mDEBUG [0m]: XCursor already has a shape row-resize loaded, skipping
[1;32mDEBUG [0m]: XCursor already has a shape all-scroll loaded, skipping
[1;32mDEBUG [0m]: XCursor already has a shape zoom-in loaded, skipping
[1;32mDEBUG [0m]: XCursor already has a shape zoom-out loaded, skipping
[1;32mDEBUG [0m]: XCursor failed to find a legacy shape with name dnd-copy, skipping
[1;32mDEBUG [0m]: XCursor already has a shape all-resize loaded, skipping
[1;33mWARN [0m]: GSettings default schema source does not exist, can't sync GSettings
[1;33mWARN [0m]: GSettings parameter doesn't exist cursor-theme in org.gnome.desktop.interface
[1;33mWARN [0m]: GSettings default schema source does not exist, can't sync GSettings
[1;33mWARN [0m]: GSettings parameter doesn't exist cursor-size in org.gnome.desktop.interface
[1;32mDEBUG [0m]: [CWLCompositorResource] New wl_region with id 80 at 55dfae18d270
[1;32mDEBUG [0m]: [CWLCompositorResource] New wl_region with id 87 at 55dfae18d270
[1;32mDEBUG [0m]: [CLinuxDMABUFParamsResource] Creating a dmabuf, with id 62: size [Vector2D: x: 736, y: 128], fmt AR24, planes 1
[1;32mDEBUG [0m]: [CLinuxDMABUFParamsResource]  | plane 0: mod 72057594037927952 fd 79 stride 2944 offset 0
[1;32mDEBUG [0m]: LayerSurface 55dfae6add50 mapped
[1;32mDEBUG [0m]: [CLinuxDMABUFParamsResource] Creating a dmabuf, with id 88: size [Vector2D: x: 736, y: 128], fmt AR24, planes 1
[1;32mDEBUG [0m]: [CLinuxDMABUFParamsResource]  | plane 0: mod 72057594037927952 fd 84 stride 2944 offset 0
[1;32mDEBUG [0m]: [CLinuxDMABUFParamsResource] Creating a dmabuf, with id 79: size [Vector2D: x: 736, y: 1064], fmt AR24, planes 1
[1;32mDEBUG [0m]: [CLinuxDMABUFParamsResource]  | plane 0: mod 72057594037927952 fd 96 stride 2944 offset 0
[1;32mDEBUG [0m]: [CWLSeatProtocol] New seat resource bound at 55dfae657fe0
[1;32mDEBUG [0m]: [CVirtualKeyboardProtocol] New VKeyboard at id 5
[1;32mDEBUG [0m]: ApplyConfigToKeyboard for "hl-virtual-keyboard-wtype", hasconfig: 0
[1;32mDEBUG [0m]: Attempting to create a keymap for layout us with variant  (rules: , model: , options: )
[1;32mDEBUG [0m]: Updating keyboard 55dfae688740's translation state from a provided keymap
[1;32mDEBUG [0m]: xkb: LED index 0 (name Num Lock) got index 1
[1;32mDEBUG [0m]: xkb: LED index 1 (name Caps Lock) got index 0
[1;32mDEBUG [0m]: xkb: LED index 2 (name Scroll Lock) got index 2
[1;32mDEBUG [0m]: xkb: Mod index 0 (name Shift) got index 0
[1;32mDEBUG [0m]: xkb: Mod index 1 (name Lock) got index 1
[1;32mDEBUG [0m]: xkb: Mod index 2 (name Control) got index 2
[1;32mDEBUG [0m]: xkb: Mod index 3 (name Mod1) got index 3
[1;32mDEBUG [0m]: xkb: Mod index 4 (name Mod2) got index 4
[1;32mDEBUG [0m]: xkb: Mod index 5 (name Mod3) got index 5
[1;32mDEBUG [0m]: xkb: Mod index 6 (name Mod4) got index 6
[1;32mDEBUG [0m]: xkb: Mod index 7 (name Mod5) got index 7
[1;32mDEBUG [0m]: Updating keymap fd for keyboard hl-virtual-keyboard-wtype
[1;32mDEBUG [0m]: Updated keymap fd to 101, keymap V1 to: 103
[1;32mDEBUG [0m]: Set the keyboard layout to us and variant to  for keyboard "hl-virtual-keyboard-wtype"
[1;32mDEBUG [0m]: New virtual keyboard created at 55dfae688740
[1;32mDEBUG [0m]: Updating keyboard 55dfae688740's translation state from a provided keymap
[1;32mDEBUG [0m]: Updating keymap fd for keyboard hl-virtual-keyboard-wtype
[1;32mDEBUG [0m]: Updated keymap fd to 101, keymap V1 to: 103
[1;32mDEBUG [0m]: [CLinuxDMABUFParamsResource] Creating a dmabuf, with id 87: size [Vector2D: x: 736, y: 1064], fmt AR24, planes 1
[1;32mDEBUG [0m]: [CLinuxDMABUFParamsResource]  | plane 0: mod 72057594037927952 fd 99 stride 2944 offset 0
[1;32mDEBUG [0m]: Keyboard at 55dfae688740 removed
[1;32mDEBUG [0m]: Destroyed keyboard 55dfae688740
[1;32mDEBUG [0m]: [CWLSeatProtocol] New seat resource bound at 55dfaea9b860
[1;32mDEBUG [0m]: [CVirtualKeyboardProtocol] New VKeyboard at id 5
[1;32mDEBUG [0m]: ApplyConfigToKeyboard for "hl-virtual-keyboard-wtype", hasconfig: 0
[1;32mDEBUG [0m]: Attempting to create a keymap for layout us with variant  (rules: , model: , options: )
[1;32mDEBUG [0m]: Updating keyboard 55dfae688740's translation state from a provided keymap
[1;32mDEBUG [0m]: xkb: LED index 0 (name Num Lock) got index 1
[1;32mDEBUG [0m]: xkb: LED index 1 (name Caps Lock) got index 0
[1;32mDEBUG [0m]: xkb: LED index 2 (name Scroll Lock) got index 2
[1;32mDEBUG [0m]: xkb: Mod index 0 (name Shift) got index 0
[1;32mDEBUG [0m]: xkb: Mod index 1 (name Lock) got index 1
[1;32mDEBUG [0m]: xkb: Mod index 2 (name Control) got index 2
[1;32mDEBUG [0m]: xkb: Mod index 3 (name Mod1) got index 3
[1;32mDEBUG [0m]: xkb: Mod index 4 (name Mod2) got index 4
[1;32mDEBUG [0m]: xkb: Mod index 5 (name Mod3) got index 5
[1;32mDEBUG [0m]: xkb: Mod index 6 (name Mod4) got index 6
[1;32mDEBUG [0m]: xkb: Mod index 7 (name Mod5) got index 7
[1;32mDEBUG [0m]: Updating keymap fd for keyboard hl-virtual-keyboard-wtype
[1;32mDEBUG [0m]: Updated keymap fd to 101, keymap V1 to: 103
[1;32mDEBUG [0m]: Set the keyboard layout to us and variant to  for keyboard "hl-virtual-keyboard-wtype"
[1;32mDEBUG [0m]: New virtual keyboard created at 55dfae688740
[1;32mDEBUG [0m]: Updating keyboard 55dfae688740's translation state from a provided keymap
[1;32mDEBUG [0m]: Updating keymap fd for keyboard hl-virtual-keyboard-wtype
[1;32mDEBUG [0m]: Updated keymap fd to 101, keymap V1 to: 103
[1;32mDEBUG [0m]: Keyboard at 55dfae688740 removed
[1;32mDEBUG [0m]: Destroyed keyboard 55dfae688740
[1;32mDEBUG [0m]: [CWLSeatProtocol] New seat resource bound at 55dfae64c620
[1;32mDEBUG [0m]: [CVirtualKeyboardProtocol] New VKeyboard at id 5
[1;32mDEBUG [0m]: ApplyConfigToKeyboard for "hl-virtual-keyboard-wtype", hasconfig: 0
[1;32mDEBUG [0m]: Attempting to create a keymap for layout us with variant  (rules: , model: , options: )
[1;32mDEBUG [0m]: Updating keyboard 55dfae688740's translation state from a provided keymap
[1;32mDEBUG [0m]: xkb: LED index 0 (name Num Lock) got index 1
[1;32mDEBUG [0m]: xkb: LED index 1 (name Caps Lock) got index 0
[1;32mDEBUG [0m]: xkb: LED index 2 (name Scroll Lock) got index 2
[1;32mDEBUG [0m]: xkb: Mod index 0 (name Shift) got index 0
[1;32mDEBUG [0m]: xkb: Mod index 1 (name Lock) got index 1
[1;32mDEBUG [0m]: xkb: Mod index 2 (name Control) got index 2
[1;32mDEBUG [0m]: xkb: Mod index 3 (name Mod1) got index 3
[1;32mDEBUG [0m]: xkb: Mod index 4 (name Mod2) got index 4
[1;32mDEBUG [0m]: xkb: Mod index 5 (name Mod3) got index 5
[1;32mDEBUG [0m]: xkb: Mod index 6 (name Mod4) got index 6
[1;32mDEBUG [0m]: xkb: Mod index 7 (name Mod5) got index 7
[1;32mDEBUG [0m]: Updating keymap fd for keyboard hl-virtual-keyboard-wtype
[1;32mDEBUG [0m]: Updated keymap fd to 101, keymap V1 to: 103
[1;32mDEBUG [0m]: Set the keyboard layout to us and variant to  for keyboard "hl-virtual-keyboard-wtype"
[1;32mDEBUG [0m]: New virtual keyboard created at 55dfae688740
[1;32mDEBUG [0m]: Updating keyboard 55dfae688740's translation state from a provided keymap
[1;32mDEBUG [0m]: Updating keymap fd for keyboard hl-virtual-keyboard-wtype
[1;32mDEBUG [0m]: Updated keymap fd to 101, keymap V1 to: 103
[1;32mDEBUG [0m]: Keyboard at 55dfae688740 removed
[1;32mDEBUG [0m]: Destroyed keyboard 55dfae688740
[1;32mDEBUG [0m]: [CWLSeatProtocol] New seat resource bound at 55dfae797970
[1;32mDEBUG [0m]: [CVirtualKeyboardProtocol] New VKeyboard at id 5
[1;32mDEBUG [0m]: ApplyConfigToKeyboard for "hl-virtual-keyboard-wtype", hasconfig: 0
[1;32mDEBUG [0m]: Attempting to create a keymap for layout us with variant  (rules: , model: , options: )
[1;32mDEBUG [0m]: Updating keyboard 55dfae688740's translation state from a provided keymap
[1;32mDEBUG [0m]: xkb: LED index 0 (name Num Lock) got index 1
[1;32mDEBUG [0m]: xkb: LED index 1 (name Caps Lock) got index 0
[1;32mDEBUG [0m]: xkb: LED index 2 (name Scroll Lock) got index 2
[1;32mDEBUG [0m]: xkb: Mod index 0 (name Shift) got index 0
[1;32mDEBUG [0m]: xkb: Mod index 1 (name Lock) got index 1
[1;32mDEBUG [0m]: xkb: Mod index 2 (name Control) got index 2
[1;32mDEBUG [0m]: xkb: Mod index 3 (name Mod1) got index 3
[1;32mDEBUG [0m]: xkb: Mod index 4 (name Mod2) got index 4
[1;32mDEBUG [0m]: xkb: Mod index 5 (name Mod3) got index 5
[1;32mDEBUG [0m]: xkb: Mod index 6 (name Mod4) got index 6
[1;32mDEBUG [0m]: xkb: Mod index 7 (name Mod5) got index 7
[1;32mDEBUG [0m]: Updating keymap fd for keyboard hl-virtual-keyboard-wtype
[1;32mDEBUG [0m]: Updated keymap fd to 101, keymap V1 to: 103
[1;32mDEBUG [0m]: Set the keyboard layout to us and variant to  for keyboard "hl-virtual-keyboard-wtype"
[1;32mDEBUG [0m]: New virtual keyboard created at 55dfae688740
[1;32mDEBUG [0m]: Updating keyboard 55dfae688740's translation state from a provided keymap
[1;32mDEBUG [0m]: Updating keymap fd for keyboard hl-virtual-keyboard-wtype
[1;32mDEBUG [0m]: Updated keymap fd to 101, keymap V1 to: 103
[1;32mDEBUG [0m]: Keyboard at 55dfae688740 removed
[1;32mDEBUG [0m]: Destroyed keyboard 55dfae688740
[1;32mDEBUG [0m]: [CWLSeatProtocol] New seat resource bound at 55dfae657fe0
[1;32mDEBUG [0m]: [CVirtualKeyboardProtocol] New VKeyboard at id 5
[1;32mDEBUG [0m]: ApplyConfigToKeyboard for "hl-virtual-keyboard-wtype", hasconfig: 0
[1;32mDEBUG [0m]: Attempting to create a keymap for layout us with variant  (rules: , model: , options: )
[1;32mDEBUG [0m]: Updating keyboard 55dfae688740's translation state from a provided keymap
[1;32mDEBUG [0m]: xkb: LED index 0 (name Num Lock) got index 1
[1;32mDEBUG [0m]: xkb: LED index 1 (name Caps Lock) got index 0
[1;32mDEBUG [0m]: xkb: LED index 2 (name Scroll Lock) got index 2
[1;32mDEBUG [0m]: xkb: Mod index 0 (name Shift) got index 0
[1;32mDEBUG [0m]: xkb: Mod index 1 (name Lock) got index 1
[1;32mDEBUG [0m]: xkb: Mod index 2 (name Control) got index 2
[1;32mDEBUG [0m]: xkb: Mod index 3 (name Mod1) got index 3
[1;32mDEBUG [0m]: xkb: Mod index 4 (name Mod2) got index 4
[1;32mDEBUG [0m]: xkb: Mod index 5 (name Mod3) got index 5
[1;32mDEBUG [0m]: xkb: Mod index 6 (name Mod4) got index 6
[1;32mDEBUG [0m]: xkb: Mod index 7 (name Mod5) got index 7
[1;32mDEBUG [0m]: Updating keymap fd for keyboard hl-virtual-keyboard-wtype
[1;32mDEBUG [0m]: Updated keymap fd to 101, keymap V1 to: 103
[1;32mDEBUG [0m]: Set the keyboard layout to us and variant to  for keyboard "hl-virtual-keyboard-wtype"
[1;32mDEBUG [0m]: New virtual keyboard created at 55dfae688740
[1;32mDEBUG [0m]: Updating keyboard 55dfae688740's translation state from a provided keymap
[1;32mDEBUG [0m]: Updating keymap fd for keyboard hl-virtual-keyboard-wtype
[1;32mDEBUG [0m]: Updated keymap fd to 101, keymap V1 to: 103
[1;32mDEBUG [0m]: Keyboard at 55dfae688740 removed
[1;32mDEBUG [0m]: Destroyed keyboard 55dfae688740
[1;32mDEBUG [0m]: [CWLSeatProtocol] New seat resource bound at 55dfae797fb0
[1;32mDEBUG [0m]: [CVirtualKeyboardProtocol] New VKeyboard at id 5
[1;32mDEBUG [0m]: ApplyConfigToKeyboard for "hl-virtual-keyboard-wtype", hasconfig: 0
[1;32mDEBUG [0m]: Attempting to create a keymap for layout us with variant  (rules: , model: , options: )
[1;32mDEBUG [0m]: Updating keyboard 55dfae688740's translation state from a provided keymap
[1;32mDEBUG [0m]: xkb: LED index 0 (name Num Lock) got index 1
[1;32mDEBUG [0m]: xkb: LED index 1 (name Caps Lock) got index 0
[1;32mDEBUG [0m]: xkb: LED index 2 (name Scroll Lock) got index 2
[1;32mDEBUG [0m]: xkb: Mod index 0 (name Shift) got index 0
[1;32mDEBUG [0m]: xkb: Mod index 1 (name Lock) got index 1
[1;32mDEBUG [0m]: xkb: Mod index 2 (name Control) got index 2
[1;32mDEBUG [0m]: xkb: Mod index 3 (name Mod1) got index 3
[1;32mDEBUG [0m]: xkb: Mod index 4 (name Mod2) got index 4
[1;32mDEBUG [0m]: xkb: Mod index 5 (name Mod3) got index 5
[1;32mDEBUG [0m]: xkb: Mod index 6 (name Mod4) got index 6
[1;32mDEBUG [0m]: xkb: Mod index 7 (name Mod5) got index 7
[1;32mDEBUG [0m]: Updating keymap fd for keyboard hl-virtual-keyboard-wtype
[1;32mDEBUG [0m]: Updated keymap fd to 101, keymap V1 to: 103
[1;32mDEBUG [0m]: Set the keyboard layout to us and variant to  for keyboard "hl-virtual-keyboard-wtype"
[1;32mDEBUG [0m]: New virtual keyboard created at 55dfae688740
[1;32mDEBUG [0m]: Updating keyboard 55dfae688740's translation state from a provided keymap
[1;32mDEBUG [0m]: Updating keymap fd for keyboard hl-virtual-keyboard-wtype
[1;32mDEBUG [0m]: Updated keymap fd to 101, keymap V1 to: 103
[1;32mDEBUG [0m]: Keyboard at 55dfae688740 removed
[1;32mDEBUG [0m]: Destroyed keyboard 55dfae688740
[1;32mDEBUG [0m]: [CWLSeatProtocol] New seat resource bound at 55dfae6375f0
[1;32mDEBUG [0m]: [CVirtualKeyboardProtocol] New VKeyboard at id 5
[1;32mDEBUG [0m]: ApplyConfigToKeyboard for "hl-virtual-keyboard-wtype", hasconfig: 0
[1;32mDEBUG [0m]: Attempting to create a keymap for layout us with variant  (rules: , model: , options: )
[1;32mDEBUG [0m]: Updating keyboard 55dfae688740's translation state from a provided keymap
[1;32mDEBUG [0m]: xkb: LED index 0 (name Num Lock) got index 1
[1;32mDEBUG [0m]: xkb: LED index 1 (name Caps Lock) got index 0
[1;32mDEBUG [0m]: xkb: LED index 2 (name Scroll Lock) got index 2
[1;32mDEBUG [0m]: xkb: Mod index 0 (name Shift) got index 0
[1;32mDEBUG [0m]: xkb: Mod index 1 (name Lock) got index 1
[1;32mDEBUG [0m]: xkb: Mod index 2 (name Control) got index 2
[1;32mDEBUG [0m]: xkb: Mod index 3 (name Mod1) got index 3
[1;32mDEBUG [0m]: xkb: Mod index 4 (name Mod2) got index 4
[1;32mDEBUG [0m]: xkb: Mod index 5 (name Mod3) got index 5
[1;32mDEBUG [0m]: xkb: Mod index 6 (name Mod4) got index 6
[1;32mDEBUG [0m]: xkb: Mod index 7 (name Mod5) got index 7
[1;32mDEBUG [0m]: Updating keymap fd for keyboard hl-virtual-keyboard-wtype
[1;32mDEBUG [0m]: Updated keymap fd to 101, keymap V1 to: 103
[1;32mDEBUG [0m]: Set the keyboard layout to us and variant to  for keyboard "hl-virtual-keyboard-wtype"
[1;32mDEBUG [0m]: New virtual keyboard created at 55dfae688740
[1;32mDEBUG [0m]: Updating keyboard 55dfae688740's translation state from a provided keymap
[1;32mDEBUG [0m]: Updating keymap fd for keyboard hl-virtual-keyboard-wtype
[1;32mDEBUG [0m]: Updated keymap fd to 101, keymap V1 to: 103
[1;32mDEBUG [0m]: Keyboard at 55dfae688740 removed
[1;32mDEBUG [0m]: Destroyed keyboard 55dfae688740
[1;32mDEBUG [0m]: [CWLSeatProtocol] New seat resource bound at 55dfae797970
[1;32mDEBUG [0m]: [CVirtualKeyboardProtocol] New VKeyboard at id 5
[1;32mDEBUG [0m]: ApplyConfigToKeyboard for "hl-virtual-keyboard-wtype", hasconfig: 0
[1;32mDEBUG [0m]: Attempting to create a keymap for layout us with variant  (rules: , model: , options: )
[1;32mDEBUG [0m]: Updating keyboard 55dfae688740's translation state from a provided keymap
[1;32mDEBUG [0m]: xkb: LED index 0 (name Num Lock) got index 1
[1;32mDEBUG [0m]: xkb: LED index 1 (name Caps Lock) got index 0
[1;32mDEBUG [0m]: xkb: LED index 2 (name Scroll Lock) got index 2
[1;32mDEBUG [0m]: xkb: Mod index 0 (name Shift) got index 0
[1;32mDEBUG [0m]: xkb: Mod index 1 (name Lock) got index 1
[1;32mDEBUG [0m]: xkb: Mod index 2 (name Control) got index 2
[1;32mDEBUG [0m]: xkb: Mod index 3 (name Mod1) got index 3
[1;32mDEBUG [0m]: xkb: Mod index 4 (name Mod2) got index 4
[1;32mDEBUG [0m]: xkb: Mod index 5 (name Mod3) got index 5
[1;32mDEBUG [0m]: xkb: Mod index 6 (name Mod4) got index 6
[1;32mDEBUG [0m]: xkb: Mod index 7 (name Mod5) got index 7
[1;32mDEBUG [0m]: Updating keymap fd for keyboard hl-virtual-keyboard-wtype
[1;32mDEBUG [0m]: Updated keymap fd to 101, keymap V1 to: 103
[1;32mDEBUG [0m]: Set the keyboard layout to us and variant to  for keyboard "hl-virtual-keyboard-wtype"
[1;32mDEBUG [0m]: New virtual keyboard created at 55dfae688740
[1;32mDEBUG [0m]: Updating keyboard 55dfae688740's translation state from a provided keymap
[1;32mDEBUG [0m]: Updating keymap fd for keyboard hl-virtual-keyboard-wtype
[1;32mDEBUG [0m]: Updated keymap fd to 101, keymap V1 to: 103
[1;32mDEBUG [0m]: Keyboard at 55dfae688740 removed
[1;32mDEBUG [0m]: Destroyed keyboard 55dfae688740
[1;32mDEBUG [0m]: [CWLSeatProtocol] New seat resource bound at 55dfae646100
[1;32mDEBUG [0m]: [CVirtualKeyboardProtocol] New VKeyboard at id 5
[1;32mDEBUG [0m]: ApplyConfigToKeyboard for "hl-virtual-keyboard-wtype", hasconfig: 0
[1;32mDEBUG [0m]: Attempting to create a keymap for layout us with variant  (rules: , model: , options: )
[1;32mDEBUG [0m]: Updating keyboard 55dfae688740's translation state from a provided keymap
[1;32mDEBUG [0m]: xkb: LED index 0 (name Num Lock) got index 1
[1;32mDEBUG [0m]: xkb: LED index 1 (name Caps Lock) got index 0
[1;32mDEBUG [0m]: xkb: LED index 2 (name Scroll Lock) got index 2
[1;32mDEBUG [0m]: xkb: Mod index 0 (name Shift) got index 0
[1;32mDEBUG [0m]: xkb: Mod index 1 (name Lock) got index 1
[1;32mDEBUG [0m]: xkb: Mod index 2 (name Control) got index 2
[1;32mDEBUG [0m]: xkb: Mod index 3 (name Mod1) got index 3
[1;32mDEBUG [0m]: xkb: Mod index 4 (name Mod2) got index 4
[1;32mDEBUG [0m]: xkb: Mod index 5 (name Mod3) got index 5
[1;32mDEBUG [0m]: xkb: Mod index 6 (name Mod4) got index 6
[1;32mDEBUG [0m]: xkb: Mod index 7 (name Mod5) got index 7
[1;32mDEBUG [0m]: Updating keymap fd for keyboard hl-virtual-keyboard-wtype
[1;32mDEBUG [0m]: Updated keymap fd to 101, keymap V1 to: 103
[1;32mDEBUG [0m]: Set the keyboard layout to us and variant to  for keyboard "hl-virtual-keyboard-wtype"
[1;32mDEBUG [0m]: New virtual keyboard created at 55dfae688740
[1;32mDEBUG [0m]: Updating keyboard 55dfae688740's translation state from a provided keymap
[1;32mDEBUG [0m]: Updating keymap fd for keyboard hl-virtual-keyboard-wtype
[1;32mDEBUG [0m]: Updated keymap fd to 101, keymap V1 to: 103
[1;32mDEBUG [0m]: Keyboard at 55dfae688740 removed
[1;32mDEBUG [0m]: Destroyed keyboard 55dfae688740
[1;32mDEBUG [0m]: [CWLSeatProtocol] New seat resource bound at 55dfaee34a00
[1;32mDEBUG [0m]: [CVirtualKeyboardProtocol] New VKeyboard at id 5
[1;32mDEBUG [0m]: ApplyConfigToKeyboard for "hl-virtual-keyboard-wtype", hasconfig: 0
[1;32mDEBUG [0m]: Attempting to create a keymap for layout us with variant  (rules: , model: , options: )
[1;32mDEBUG [0m]: Updating keyboard 55dfae688740's translation state from a provided keymap
[1;32mDEBUG [0m]: xkb: LED index 0 (name Num Lock) got index 1
[1;32mDEBUG [0m]: xkb: LED index 1 (name Caps Lock) got index 0
[1;32mDEBUG [0m]: xkb: LED index 2 (name Scroll Lock) got index 2
[1;32mDEBUG [0m]: xkb: Mod index 0 (name Shift) got index 0
[1;32mDEBUG [0m]: xkb: Mod index 1 (name Lock) got index 1
[1;32mDEBUG [0m]: xkb: Mod index 2 (name Control) got index 2
[1;32mDEBUG [0m]: xkb: Mod index 3 (name Mod1) got index 3
[1;32mDEBUG [0m]: xkb: Mod index 4 (name Mod2) got index 4
[1;32mDEBUG [0m]: xkb: Mod index 5 (name Mod3) got index 5
[1;32mDEBUG [0m]: xkb: Mod index 6 (name Mod4) got index 6
[1;32mDEBUG [0m]: xkb: Mod index 7 (name Mod5) got index 7
[1;32mDEBUG [0m]: Updating keymap fd for keyboard hl-virtual-keyboard-wtype
[1;32mDEBUG [0m]: Updated keymap fd to 101, keymap V1 to: 103
[1;32mDEBUG [0m]: Set the keyboard layout to us and variant to  for keyboard "hl-virtual-keyboard-wtype"
[1;32mDEBUG [0m]: New virtual keyboard created at 55dfae688740
[1;32mDEBUG [0m]: Updating keyboard 55dfae688740's translation state from a provided keymap
[1;32mDEBUG [0m]: Updating keymap fd for keyboard hl-virtual-keyboard-wtype
[1;32mDEBUG [0m]: Updated keymap fd to 101, keymap V1 to: 103
[1;32mDEBUG [0m]: Keyboard at 55dfae688740 removed
[1;32mDEBUG [0m]: Destroyed keyboard 55dfae688740
[1;32mDEBUG [0m]: [CWLSeatProtocol] New seat resource bound at 55dfaea9b860
[1;32mDEBUG [0m]: [CVirtualKeyboardProtocol] New VKeyboard at id 5
[1;32mDEBUG [0m]: ApplyConfigToKeyboard for "hl-virtual-keyboard-wtype", hasconfig: 0
[1;32mDEBUG [0m]: Attempting to create a keymap for layout us with variant  (rules: , model: , options: )
[1;32mDEBUG [0m]: Updating keyboard 55dfae688740's translation state from a provided keymap
[1;32mDEBUG [0m]: xkb: LED index 0 (name Num Lock) got index 1
[1;32mDEBUG [0m]: xkb: LED index 1 (name Caps Lock) got index 0
[1;32mDEBUG [0m]: xkb: LED index 2 (name Scroll Lock) got index 2
[1;32mDEBUG [0m]: xkb: Mod index 0 (name Shift) got index 0
[1;32mDEBUG [0m]: xkb: Mod index 1 (name Lock) got index 1
[1;32mDEBUG [0m]: xkb: Mod index 2 (name Control) got index 2
[1;32mDEBUG [0m]: xkb: Mod index 3 (name Mod1) got index 3
[1;32mDEBUG [0m]: xkb: Mod index 4 (name Mod2) got index 4
[1;32mDEBUG [0m]: xkb: Mod index 5 (name Mod3) got index 5
[1;32mDEBUG [0m]: xkb: Mod index 6 (name Mod4) got index 6
[1;32mDEBUG [0m]: xkb: Mod index 7 (name Mod5) got index 7
[1;32mDEBUG [0m]: Updating keymap fd for keyboard hl-virtual-keyboard-wtype
[1;32mDEBUG [0m]: Updated keymap fd to 101, keymap V1 to: 103
[1;32mDEBUG [0m]: Set the keyboard layout to us and variant to  for keyboard "hl-virtual-keyboard-wtype"
[1;32mDEBUG [0m]: New virtual keyboard created at 55dfae688740
[1;32mDEBUG [0m]: Updating keyboard 55dfae688740's translation state from a provided keymap
[1;32mDEBUG [0m]: Updating keymap fd for keyboard hl-virtual-keyboard-wtype
[1;32mDEBUG [0m]: Updated keymap fd to 101, keymap V1 to: 103
[1;32mDEBUG [0m]: Keyboard at 55dfae688740 removed
[1;32mDEBUG [0m]: Destroyed keyboard 55dfae688740
[1;32mDEBUG [0m]: [CWLSeatProtocol] New seat resource bound at 55dfae64c3e0
[1;32mDEBUG [0m]: [CVirtualKeyboardProtocol] New VKeyboard at id 5
[1;32mDEBUG [0m]: ApplyConfigToKeyboard for "hl-virtual-keyboard-wtype", hasconfig: 0
[1;32mDEBUG [0m]: Attempting to create a keymap for layout us with variant  (rules: , model: , options: )
[1;32mDEBUG [0m]: Updating keyboard 55dfae688740's translation state from a provided keymap
[1;32mDEBUG [0m]: xkb: LED index 0 (name Num Lock) got index 1
[1;32mDEBUG [0m]: xkb: LED index 1 (name Caps Lock) got index 0
[1;32mDEBUG [0m]: xkb: LED index 2 (name Scroll Lock) got index 2
[1;32mDEBUG [0m]: xkb: Mod index 0 (name Shift) got index 0
[1;32mDEBUG [0m]: xkb: Mod index 1 (name Lock) got index 1
[1;32mDEBUG [0m]: xkb: Mod index 2 (name Control) got index 2
[1;32mDEBUG [0m]: xkb: Mod index 3 (name Mod1) got index 3
[1;32mDEBUG [0m]: xkb: Mod index 4 (name Mod2) got index 4
[1;32mDEBUG [0m]: xkb: Mod index 5 (name Mod3) got index 5
[1;32mDEBUG [0m]: xkb: Mod index 6 (name Mod4) got index 6
[1;32mDEBUG [0m]: xkb: Mod index 7 (name Mod5) got index 7
[1;32mDEBUG [0m]: Updating keymap fd for keyboard hl-virtual-keyboard-wtype
[1;32mDEBUG [0m]: Updated keymap fd to 101, keymap V1 to: 103
[1;32mDEBUG [0m]: Set the keyboard layout to us and variant to  for keyboard "hl-virtual-keyboard-wtype"
[1;32mDEBUG [0m]: New virtual keyboard created at 55dfae688740
[1;32mDEBUG [0m]: Updating keyboard 55dfae688740's translation state from a provided keymap
[1;32mDEBUG [0m]: Updating keymap fd for keyboard hl-virtual-keyboard-wtype
[1;32mDEBUG [0m]: Updated keymap fd to 101, keymap V1 to: 103
[1;32mDEBUG [0m]: Keyboard at 55dfae688740 removed
[1;32mDEBUG [0m]: Destroyed keyboard 55dfae688740
[1;32mDEBUG [0m]: [CWLSeatProtocol] New seat resource bound at 55dfaebeb0d0
[1;32mDEBUG [0m]: [CVirtualKeyboardProtocol] New VKeyboard at id 5
[1;32mDEBUG [0m]: ApplyConfigToKeyboard for "hl-virtual-keyboard-wtype", hasconfig: 0
[1;32mDEBUG [0m]: Attempting to create a keymap for layout us with variant  (rules: , model: , options: )
[1;32mDEBUG [0m]: Updating keyboard 55dfae688740's translation state from a provided keymap
[1;32mDEBUG [0m]: xkb: LED index 0 (name Num Lock) got index 1
[1;32mDEBUG [0m]: xkb: LED index 1 (name Caps Lock) got index 0
[1;32mDEBUG [0m]: xkb: LED index 2 (name Scroll Lock) got index 2
[1;32mDEBUG [0m]: xkb: Mod index 0 (name Shift) got index 0
[1;32mDEBUG [0m]: xkb: Mod index 1 (name Lock) got index 1
[1;32mDEBUG [0m]: xkb: Mod index 2 (name Control) got index 2
[1;32mDEBUG [0m]: xkb: Mod index 3 (name Mod1) got index 3
[1;32mDEBUG [0m]: xkb: Mod index 4 (name Mod2) got index 4
[1;32mDEBUG [0m]: xkb: Mod index 5 (name Mod3) got index 5
[1;32mDEBUG [0m]: xkb: Mod index 6 (name Mod4) got index 6
[1;32mDEBUG [0m]: xkb: Mod index 7 (name Mod5) got index 7
[1;32mDEBUG [0m]: Updating keymap fd for keyboard hl-virtual-keyboard-wtype
[1;32mDEBUG [0m]: Updated keymap fd to 101, keymap V1 to: 103
[1;32mDEBUG [0m]: Set the keyboard layout to us and variant to  for keyboard "hl-virtual-keyboard-wtype"
[1;32mDEBUG [0m]: New virtual keyboard created at 55dfae688740
[1;32mDEBUG [0m]: Updating keyboard 55dfae688740's translation state from a provided keymap
[1;32mDEBUG [0m]: Updating keymap fd for keyboard hl-virtual-keyboard-wtype
[1;32mDEBUG [0m]: Updated keymap fd to 101, keymap V1 to: 103
[1;32mDEBUG [0m]: Keyboard at 55dfae688740 removed
[1;32mDEBUG [0m]: Destroyed keyboard 55dfae688740
[1;32mDEBUG [0m]: Hyprctl: new connection from pid 977
[1;32mDEBUG [0m]: Hyprctl: new connection from pid 978
[1;32mDEBUG [0m]: Hyprctl: new connection from pid 979
[1;32mDEBUG [0m]: Hyprctl: new connection from pid 980
[1;32mDEBUG [0m]: Hyprctl: new connection from pid 981
[1;32mDEBUG [0m]: Hyprctl: new connection from pid 982
[1;32mDEBUG [0m]: Hyprctl: new connection from pid 983
[1;32mDEBUG [0m]: [COutputImageCaptureSourceProtocol] New capture source for monitor: HEADLESS-1
[1;32mDEBUG [0m]: [CImageCopyCaptureProtocol] New image copy capture session for source (monitor): "HEADLESS-1"
[1;32mDEBUG [0m]: [CLinuxDMABUFParamsResource] Creating a dmabuf, with id 69: size [Vector2D: x: 1920, y: 1080], fmt AR24, planes 1
[1;32mDEBUG [0m]: [CLinuxDMABUFParamsResource]  | plane 0: mod 72057594037927952 fd 61 stride 7680 offset 0
[1;32mDEBUG [0m]: [Screenshare] Started screenshare session for (monitor): HEADLESS-1
[1;32mDEBUG [0m]: Hyprctl: new connection from pid 992
[1;32mDEBUG [0m]: [CWLCompositorResource] New wl_region with id 80 at 55dfae980e10
[1;32mDEBUG [0m]: LayerSurface 55dfae6add50 destroyed
[1;32mDEBUG [0m]: Forcing an unmap of a LS that did a straight destroy!
[1;32mDEBUG [0m]: LayerSurface 55dfae6add50 unmapped
[1;32mDEBUG [0m]: renderer: making a snapshot of layer 55dfae67e840
[1;32mDEBUG [0m]: Framebuffer "layer snapshot" created, status 36053
[1;32mDEBUG [0m]: renderer: cleared a snapshot of layer 55dfae67e840
[1;32mDEBUG [0m]: renderer: rendered a snapshot of layer 55dfae67e840
[1;32mDEBUG [0m]: renderer: made a snapshot of layer 55dfae67e840
[1;32mDEBUG [0m]: CWLSurface 55dfae3bef20 called destroy()
[1;32mDEBUG [0m]: Cleanup: removed 1 fadeouts
[1;32mDEBUG [0m]: [Screenshare] Stopped screenshare session for (monitor): HEADLESS-1
[1;32mDEBUG [0m]: Hyprctl: new connection from pid 999
[1;32mDEBUG [0m]: Hyprctl: keyword monitor : HEADLESS-1,1366x768@60,2000x0,1
[1;32mDEBUG [0m]: ApplyConfigToKeyboard for "wl_keyboard", hasconfig: 0
[1;32mDEBUG [0m]: Not applying config to keyboard, it did not change.
[1;33mWARN [0m]: No rule found for WAYLAND-1, trying to use the first.
[1;32mDEBUG [0m]: Applying monitor rule for HEADLESS-1
[1;32mDEBUG [0mfrom aquamarine ]: GBM: Allocated a new buffer with size [Vector2D: x: 1366, y: 768] and format XR24 with modifier 0x0 : LINEAR
[1;32mDEBUG [0mfrom aquamarine ]: GBM: Allocated a new buffer with size [Vector2D: x: 1366, y: 768] and format XR24 with modifier 0x0 : LINEAR
[1;32mDEBUG [0mfrom aquamarine ]: GBM: Allocated a new buffer with size [Vector2D: x: 1366, y: 768] and format XR24 with modifier 0x0 : LINEAR
[1;32mDEBUG [0mfrom aquamarine ]: Swapchain: Reconfigured a swapchain to [Vector2D: x: 1366, y: 768] XR24 of length 3
[1;32mDEBUG [0m]: Monitor HEADLESS-1: requested 1366x768@60.00Hz, using available mode 1366x768@60.00Hz
[1;32mDEBUG [0m]: output HEADLESS-1 succeeded basic test on format DRM_FORMAT_XRGB8888
[1;32mDEBUG [0m]: Monitor HEADLESS-1 -> destroyed all render data
[1;32mDEBUG [0m]: CMonitor::updateVCGTRamps: skipping, no gamma ramp for output
[1;32mDEBUG [0m]: Monitor HEADLESS-1 data dump: res 1366x768@60.00Hz, scale 1.00, transform 0, pos 2000x0, 10b 0
[1;33mWARN [0m]: FIXME: color management protocol is enabled and outputs changed, check preferred image description changes
[1;32mDEBUG [0m]: arrangeMonitors: 2 to arrange
[1;32mDEBUG [0m]: arrangeMonitors: HEADLESS-1 explicit [2000, 0]
[1;32mDEBUG [0m]: arrangeMonitors: WAYLAND-1 auto [3366, 0]
[1;32mDEBUG [0m]: arrangeMonitors: WAYLAND-1 xwayland [0, 0]
[1;32mDEBUG [0m]: arrangeMonitors: HEADLESS-1 xwayland [1920, 0]
[1;32mDEBUG [0m]: [CXDGOutputProtocol] updating all xdg_output heads
[1;32mDEBUG [0m]: [CXDGOutputProtocol] updating all xdg_output heads
[1;32mDEBUG [0m]: [CXDGOutputProtocol] updating all xdg_output heads
[1;32mDEBUG [0m]: Framebuffer "Monitor HEADLESS-1 blur FB" created, status 36053
[1;32mDEBUG [0m]: Framebuffer "Monitor HEADLESS-1 workbuffer" created, status 36053
[1;32mDEBUG [0m]: [CWLCompositorResource] New wl_region with id 79 at 55dfaecdec70
[1;32mDEBUG [0m]: [CLinuxDMABUFParamsResource] Creating a dmabuf, with id 47: size [Vector2D: x: 2732, y: 64], fmt AR24, planes 1
[1;32mDEBUG [0m]: [CLinuxDMABUFParamsResource]  | plane 0: mod 72057594037927952 fd 59 stride 11008 offset 0
[1;32mDEBUG [0m]: [CWLCompositorResource] New wl_region with id 95 at 55dfaebe6f90
[1;32mDEBUG [0m]: [CLinuxDMABUFParamsResource] Creating a dmabuf, with id 83: size [Vector2D: x: 1920, y: 1080], fmt AR24, planes 1
[1;32mDEBUG [0m]: [CLinuxDMABUFParamsResource]  | plane 0: mod 72057594037927952 fd 88 stride 7680 offset 0
[1;32mDEBUG [0m]: Hyprctl: new connection from pid 1000
[1;32mDEBUG [0m]: Hyprctl: new connection from pid 1001
[1;32mDEBUG [0m]: Hyprctl: dispatcher focusmonitor : HEADLESS-1
[1;32mDEBUG [0m]: [CLinuxDMABUFParamsResource] Creating a dmabuf, with id 87: size [Vector2D: x: 1366, y: 32], fmt AR24, planes 1
[1;32mDEBUG [0m]: [CLinuxDMABUFParamsResource]  | plane 0: mod 72057594037927952 fd 52 stride 5504 offset 0
[1;32mDEBUG [0m]: [CLinuxDMABUFParamsResource] Creating a dmabuf, with id 77: size [Vector2D: x: 1366, y: 768], fmt AR24, planes 1
[1;32mDEBUG [0m]: [CLinuxDMABUFParamsResource]  | plane 0: mod 72057594037927952 fd 65 stride 5504 offset 0
[1;32mDEBUG [0m]: [CLinuxDMABUFParamsResource] Creating a dmabuf, with id 47: size [Vector2D: x: 1366, y: 32], fmt AR24, planes 1
[1;32mDEBUG [0m]: [CLinuxDMABUFParamsResource]  | plane 0: mod 72057594037927952 fd 53 stride 5504 offset 0
[1;32mDEBUG [0m]: [CWLCompositorResource] New wl_surface with id 62 at 55dfaee1acd0
[1;32mDEBUG [0m]: [CWLCompositorResource] New wl_surface with id 95 at 55dfaee1acd0
[1;32mDEBUG [0m]: [CPrimarySelectionProtocol] CPrimarySelectionProtocol::updateSelection: cannot send selection to a client without a data_device
[1;32mDEBUG [0m]: CWLSurface 55dfae661900 called init()
[1;32mDEBUG [0m]: LayerSurface 55dfae6add50 (namespace putkin-panel layer 3) created on monitor HEADLESS-1
[1;32mDEBUG [0m]: [CLayerShellProtocol] New wlr_layer_surface 55dfae6add50
[1;32mDEBUG [0m]: cursorImage request: shape 1 -> default
[1;32mDEBUG [0m]: XCursor scanning theme default
[1;32mDEBUG [0m]: XCursor parsing index.theme /usr/share/icons/default/index.theme
[1;32mDEBUG [0m]: XCursor theme default inherits Adwaita
[1;32mDEBUG [0m]: XCursor scanning theme Adwaita
[1;32mDEBUG [0m]: XCursor using theme path /usr/share/icons/Adwaita/cursors
[1;32mDEBUG [0m]: XCursor parsing index.theme /usr/share/icons/Adwaita/index.theme
[1;32mDEBUG [0m]: XCursor theme Adwaita inherits AdwaitaLegacy
[1;32mDEBUG [0m]: XCursor theme Adwaita inherits hicolor
[1;32mDEBUG [0m]: XCursor scanning theme Adwaita
[1;32mDEBUG [0m]: XCursor using theme path /usr/share/icons/Adwaita/cursors
[1;32mDEBUG [0m]: XCursor parsing index.theme /usr/share/icons/Adwaita/index.theme
[1;32mDEBUG [0m]: XCursor theme Adwaita inherits AdwaitaLegacy
[1;32mDEBUG [0m]: XCursor theme Adwaita inherits hicolor
[1;32mDEBUG [0m]: XCursor scanning theme AdwaitaLegacy
[1;32mDEBUG [0m]: XCursor parsing index.theme /usr/share/icons/AdwaitaLegacy/index.theme
[1;32mDEBUG [0m]: XCursor theme AdwaitaLegacy inherits hicolor
[1;32mDEBUG [0m]: XCursor scanning theme hicolor
[1;32mDEBUG [0m]: XCursor parsing index.theme /usr/share/icons/hicolor/index.theme
[1;32mDEBUG [0m]: XCursor already has a shape default loaded, skipping
[1;32mDEBUG [0m]: XCursor already has a shape context-menu loaded, skipping
[1;32mDEBUG [0m]: XCursor already has a shape help loaded, skipping
[1;32mDEBUG [0m]: XCursor already has a shape pointer loaded, skipping
[1;32mDEBUG [0m]: XCursor already has a shape progress loaded, skipping
[1;32mDEBUG [0m]: XCursor already has a shape wait loaded, skipping
[1;32mDEBUG [0m]: XCursor failed to find a legacy shape with name plus, skipping
[1;32mDEBUG [0m]: XCursor already has a shape crosshair loaded, skipping
[1;32mDEBUG [0m]: XCursor already has a shape text loaded, skipping
[1;32mDEBUG [0m]: XCursor already has a shape vertical-text loaded, skipping
[1;32mDEBUG [0m]: XCursor failed to find a legacy shape with name dnd-link, skipping
[1;32mDEBUG [0m]: XCursor failed to find a legacy shape with name dnd-copy, skipping
[1;32mDEBUG [0m]: XCursor already has a shape move loaded, skipping
[1;32mDEBUG [0m]: XCursor failed to find a legacy shape with name dnd-none, skipping
[1;32mDEBUG [0m]: XCursor failed to find a legacy shape with name crossed_circle, skipping
[1;32mDEBUG [0m]: XCursor already has a shape grab loaded, skipping
[1;32mDEBUG [0m]: XCursor already has a shape grabbing loaded, skipping
[1;32mDEBUG [0m]: XCursor already has a shape e-resize loaded, skipping
[1;32mDEBUG [0m]: XCursor already has a shape n-resize loaded, skipping
[1;32mDEBUG [0m]: XCursor already has a shape ne-resize loaded, skipping
[1;32mDEBUG [0m]: XCursor already has a shape nw-resize loaded, skipping
[1;32mDEBUG [0m]: XCursor already has a shape s-resize loaded, skipping
[1;32mDEBUG [0m]: XCursor already has a shape se-resize loaded, skipping
[1;32mDEBUG [0m]: XCursor already has a shape sw-resize loaded, skipping
[1;32mDEBUG [0m]: XCursor already has a shape w-resize loaded, skipping
[1;32mDEBUG [0m]: XCursor already has a shape ew-resize loaded, skipping
[1;32mDEBUG [0m]: XCursor already has a shape ns-resize loaded, skipping
[1;32mDEBUG [0m]: XCursor already has a shape nesw-resize loaded, skipping
[1;32mDEBUG [0m]: XCursor already has a shape nwse-resize loaded, skipping
[1;32mDEBUG [0m]: XCursor already has a shape col-resize loaded, skipping
[1;32mDEBUG [0m]: XCursor already has a shape row-resize loaded, skipping
[1;32mDEBUG [0m]: XCursor already has a shape all-scroll loaded, skipping
[1;32mDEBUG [0m]: XCursor already has a shape zoom-in loaded, skipping
[1;32mDEBUG [0m]: XCursor already has a shape zoom-out loaded, skipping
[1;32mDEBUG [0m]: XCursor failed to find a legacy shape with name dnd-copy, skipping
[1;32mDEBUG [0m]: XCursor already has a shape all-resize loaded, skipping
[1;33mWARN [0m]: GSettings default schema source does not exist, can't sync GSettings
[1;33mWARN [0m]: GSettings parameter doesn't exist cursor-theme in org.gnome.desktop.interface
[1;33mWARN [0m]: GSettings default schema source does not exist, can't sync GSettings
[1;33mWARN [0m]: GSettings parameter doesn't exist cursor-size in org.gnome.desktop.interface
[1;32mDEBUG [0m]: cursorImage request: shape 1 -> default
[1;32mDEBUG [0m]: [CWLCompositorResource] New wl_region with id 62 at 55dfae63f680
[1;32mDEBUG [0m]: [CWLCompositorResource] New wl_region with id 88 at 55dfae63f680
[1;32mDEBUG [0m]: [CLinuxDMABUFParamsResource] Creating a dmabuf, with id 80: size [Vector2D: x: 368, y: 64], fmt AR24, planes 1
[1;32mDEBUG [0m]: [CLinuxDMABUFParamsResource]  | plane 0: mod 72057594037927952 fd 59 stride 1536 offset 0
[1;32mDEBUG [0m]: LayerSurface 55dfae6add50 mapped
[1;32mDEBUG [0m]: [CLinuxDMABUFParamsResource] Creating a dmabuf, with id 97: size [Vector2D: x: 368, y: 64], fmt AR24, planes 1
[1;32mDEBUG [0m]: [CLinuxDMABUFParamsResource]  | plane 0: mod 72057594037927952 fd 66 stride 1536 offset 0
[1;32mDEBUG [0m]: [CLinuxDMABUFParamsResource] Creating a dmabuf, with id 75: size [Vector2D: x: 368, y: 760], fmt AR24, planes 1
[1;32mDEBUG [0m]: [CLinuxDMABUFParamsResource]  | plane 0: mod 72057594037927952 fd 84 stride 1536 offset 0
[1;32mDEBUG [0m]: [CWLSeatProtocol] New seat resource bound at 55dfaf04fdf0
[1;32mDEBUG [0m]: [CVirtualKeyboardProtocol] New VKeyboard at id 5
[1;32mDEBUG [0m]: ApplyConfigToKeyboard for "hl-virtual-keyboard-wtype", hasconfig: 0
[1;32mDEBUG [0m]: Attempting to create a keymap for layout us with variant  (rules: , model: , options: )
[1;32mDEBUG [0m]: Updating keyboard 55dfae688740's translation state from a provided keymap
[1;32mDEBUG [0m]: xkb: LED index 0 (name Num Lock) got index 1
[1;32mDEBUG [0m]: xkb: LED index 1 (name Caps Lock) got index 0
[1;32mDEBUG [0m]: xkb: LED index 2 (name Scroll Lock) got index 2
[1;32mDEBUG [0m]: xkb: Mod index 0 (name Shift) got index 0
[1;32mDEBUG [0m]: xkb: Mod index 1 (name Lock) got index 1
[1;32mDEBUG [0m]: xkb: Mod index 2 (name Control) got index 2
[1;32mDEBUG [0m]: xkb: Mod index 3 (name Mod1) got index 3
[1;32mDEBUG [0m]: xkb: Mod index 4 (name Mod2) got index 4
[1;32mDEBUG [0m]: xkb: Mod index 5 (name Mod3) got index 5
[1;32mDEBUG [0m]: xkb: Mod index 6 (name Mod4) got index 6
[1;32mDEBUG [0m]: xkb: Mod index 7 (name Mod5) got index 7
[1;32mDEBUG [0m]: Updating keymap fd for keyboard hl-virtual-keyboard-wtype
[1;32mDEBUG [0m]: Updated keymap fd to 101, keymap V1 to: 103
[1;32mDEBUG [0m]: Set the keyboard layout to us and variant to  for keyboard "hl-virtual-keyboard-wtype"
[1;32mDEBUG [0m]: New virtual keyboard created at 55dfae688740
[1;32mDEBUG [0m]: Updating keyboard 55dfae688740's translation state from a provided keymap
[1;32mDEBUG [0m]: Updating keymap fd for keyboard hl-virtual-keyboard-wtype
[1;32mDEBUG [0m]: Updated keymap fd to 101, keymap V1 to: 103
[1;32mDEBUG [0m]: [CLinuxDMABUFParamsResource] Creating a dmabuf, with id 88: size [Vector2D: x: 368, y: 760], fmt AR24, planes 1
[1;32mDEBUG [0m]: [CLinuxDMABUFParamsResource]  | plane 0: mod 72057594037927952 fd 99 stride 1536 offset 0
[1;32mDEBUG [0m]: Keyboard at 55dfae688740 removed
[1;32mDEBUG [0m]: Destroyed keyboard 55dfae688740
[1;32mDEBUG [0m]: [CWLSeatProtocol] New seat resource bound at 55dfae656f00
[1;32mDEBUG [0m]: [CVirtualKeyboardProtocol] New VKeyboard at id 5
[1;32mDEBUG [0m]: ApplyConfigToKeyboard for "hl-virtual-keyboard-wtype", hasconfig: 0
[1;32mDEBUG [0m]: Attempting to create a keymap for layout us with variant  (rules: , model: , options: )
[1;32mDEBUG [0m]: Updating keyboard 55dfae688740's translation state from a provided keymap
[1;32mDEBUG [0m]: xkb: LED index 0 (name Num Lock) got index 1
[1;32mDEBUG [0m]: xkb: LED index 1 (name Caps Lock) got index 0
[1;32mDEBUG [0m]: xkb: LED index 2 (name Scroll Lock) got index 2
[1;32mDEBUG [0m]: xkb: Mod index 0 (name Shift) got index 0
[1;32mDEBUG [0m]: xkb: Mod index 1 (name Lock) got index 1
[1;32mDEBUG [0m]: xkb: Mod index 2 (name Control) got index 2
[1;32mDEBUG [0m]: xkb: Mod index 3 (name Mod1) got index 3
[1;32mDEBUG [0m]: xkb: Mod index 4 (name Mod2) got index 4
[1;32mDEBUG [0m]: xkb: Mod index 5 (name Mod3) got index 5
[1;32mDEBUG [0m]: xkb: Mod index 6 (name Mod4) got index 6
[1;32mDEBUG [0m]: xkb: Mod index 7 (name Mod5) got index 7
[1;32mDEBUG [0m]: Updating keymap fd for keyboard hl-virtual-keyboard-wtype
[1;32mDEBUG [0m]: Updated keymap fd to 101, keymap V1 to: 103
[1;32mDEBUG [0m]: Set the keyboard layout to us and variant to  for keyboard "hl-virtual-keyboard-wtype"
[1;32mDEBUG [0m]: New virtual keyboard created at 55dfae688740
[1;32mDEBUG [0m]: Updating keyboard 55dfae688740's translation state from a provided keymap
[1;32mDEBUG [0m]: Updating keymap fd for keyboard hl-virtual-keyboard-wtype
[1;32mDEBUG [0m]: Updated keymap fd to 101, keymap V1 to: 103
[1;32mDEBUG [0m]: Keyboard at 55dfae688740 removed
[1;32mDEBUG [0m]: Destroyed keyboard 55dfae688740
[1;32mDEBUG [0m]: [CWLSeatProtocol] New seat resource bound at 55dfae4d2780
[1;32mDEBUG [0m]: [CVirtualKeyboardProtocol] New VKeyboard at id 5
[1;32mDEBUG [0m]: ApplyConfigToKeyboard for "hl-virtual-keyboard-wtype", hasconfig: 0
[1;32mDEBUG [0m]: Attempting to create a keymap for layout us with variant  (rules: , model: , options: )
[1;32mDEBUG [0m]: Updating keyboard 55dfae688740's translation state from a provided keymap
[1;32mDEBUG [0m]: xkb: LED index 0 (name Num Lock) got index 1
[1;32mDEBUG [0m]: xkb: LED index 1 (name Caps Lock) got index 0
[1;32mDEBUG [0m]: xkb: LED index 2 (name Scroll Lock) got index 2
[1;32mDEBUG [0m]: xkb: Mod index 0 (name Shift) got index 0
[1;32mDEBUG [0m]: xkb: Mod index 1 (name Lock) got index 1
[1;32mDEBUG [0m]: xkb: Mod index 2 (name Control) got index 2
[1;32mDEBUG [0m]: xkb: Mod index 3 (name Mod1) got index 3
[1;32mDEBUG [0m]: xkb: Mod index 4 (name Mod2) got index 4
[1;32mDEBUG [0m]: xkb: Mod index 5 (name Mod3) got index 5
[1;32mDEBUG [0m]: xkb: Mod index 6 (name Mod4) got index 6
[1;32mDEBUG [0m]: xkb: Mod index 7 (name Mod5) got index 7
[1;32mDEBUG [0m]: Updating keymap fd for keyboard hl-virtual-keyboard-wtype
[1;32mDEBUG [0m]: Updated keymap fd to 101, keymap V1 to: 103
[1;32mDEBUG [0m]: Set the keyboard layout to us and variant to  for keyboard "hl-virtual-keyboard-wtype"
[1;32mDEBUG [0m]: New virtual keyboard created at 55dfae688740
[1;32mDEBUG [0m]: Updating keyboard 55dfae688740's translation state from a provided keymap
[1;32mDEBUG [0m]: Updating keymap fd for keyboard hl-virtual-keyboard-wtype
[1;32mDEBUG [0m]: Updated keymap fd to 101, keymap V1 to: 103
[1;32mDEBUG [0m]: Keyboard at 55dfae688740 removed
[1;32mDEBUG [0m]: Destroyed keyboard 55dfae688740
[1;32mDEBUG [0m]: [CWLSeatProtocol] New seat resource bound at 55dfae66edb0
[1;32mDEBUG [0m]: [CVirtualKeyboardProtocol] New VKeyboard at id 5
[1;32mDEBUG [0m]: ApplyConfigToKeyboard for "hl-virtual-keyboard-wtype", hasconfig: 0
[1;32mDEBUG [0m]: Attempting to create a keymap for layout us with variant  (rules: , model: , options: )
[1;32mDEBUG [0m]: Updating keyboard 55dfae688740's translation state from a provided keymap
[1;32mDEBUG [0m]: xkb: LED index 0 (name Num Lock) got index 1
[1;32mDEBUG [0m]: xkb: LED index 1 (name Caps Lock) got index 0
[1;32mDEBUG [0m]: xkb: LED index 2 (name Scroll Lock) got index 2
[1;32mDEBUG [0m]: xkb: Mod index 0 (name Shift) got index 0
[1;32mDEBUG [0m]: xkb: Mod index 1 (name Lock) got index 1
[1;32mDEBUG [0m]: xkb: Mod index 2 (name Control) got index 2
[1;32mDEBUG [0m]: xkb: Mod index 3 (name Mod1) got index 3
[1;32mDEBUG [0m]: xkb: Mod index 4 (name Mod2) got index 4
[1;32mDEBUG [0m]: xkb: Mod index 5 (name Mod3) got index 5
[1;32mDEBUG [0m]: xkb: Mod index 6 (name Mod4) got index 6
[1;32mDEBUG [0m]: xkb: Mod index 7 (name Mod5) got index 7
[1;32mDEBUG [0m]: Updating keymap fd for keyboard hl-virtual-keyboard-wtype
[1;32mDEBUG [0m]: Updated keymap fd to 101, keymap V1 to: 103
[1;32mDEBUG [0m]: Set the keyboard layout to us and variant to  for keyboard "hl-virtual-keyboard-wtype"
[1;32mDEBUG [0m]: New virtual keyboard created at 55dfae688740
[1;32mDEBUG [0m]: Updating keyboard 55dfae688740's translation state from a provided keymap
[1;32mDEBUG [0m]: Updating keymap fd for keyboard hl-virtual-keyboard-wtype
[1;32mDEBUG [0m]: Updated keymap fd to 101, keymap V1 to: 103
[1;32mDEBUG [0m]: Keyboard at 55dfae688740 removed
[1;32mDEBUG [0m]: Destroyed keyboard 55dfae688740
[1;32mDEBUG [0m]: [CWLSeatProtocol] New seat resource bound at 55dfaedcb340
[1;32mDEBUG [0m]: [CVirtualKeyboardProtocol] New VKeyboard at id 5
[1;32mDEBUG [0m]: ApplyConfigToKeyboard for "hl-virtual-keyboard-wtype", hasconfig: 0
[1;32mDEBUG [0m]: Attempting to create a keymap for layout us with variant  (rules: , model: , options: )
[1;32mDEBUG [0m]: Updating keyboard 55dfae688740's translation state from a provided keymap
[1;32mDEBUG [0m]: xkb: LED index 0 (name Num Lock) got index 1
[1;32mDEBUG [0m]: xkb: LED index 1 (name Caps Lock) got index 0
[1;32mDEBUG [0m]: xkb: LED index 2 (name Scroll Lock) got index 2
[1;32mDEBUG [0m]: xkb: Mod index 0 (name Shift) got index 0
[1;32mDEBUG [0m]: xkb: Mod index 1 (name Lock) got index 1
[1;32mDEBUG [0m]: xkb: Mod index 2 (name Control) got index 2
[1;32mDEBUG [0m]: xkb: Mod index 3 (name Mod1) got index 3
[1;32mDEBUG [0m]: xkb: Mod index 4 (name Mod2) got index 4
[1;32mDEBUG [0m]: xkb: Mod index 5 (name Mod3) got index 5
[1;32mDEBUG [0m]: xkb: Mod index 6 (name Mod4) got index 6
[1;32mDEBUG [0m]: xkb: Mod index 7 (name Mod5) got index 7
[1;32mDEBUG [0m]: Updating keymap fd for keyboard hl-virtual-keyboard-wtype
[1;32mDEBUG [0m]: Updated keymap fd to 101, keymap V1 to: 103
[1;32mDEBUG [0m]: Set the keyboard layout to us and variant to  for keyboard "hl-virtual-keyboard-wtype"
[1;32mDEBUG [0m]: New virtual keyboard created at 55dfae688740
[1;32mDEBUG [0m]: Updating keyboard 55dfae688740's translation state from a provided keymap
[1;32mDEBUG [0m]: Updating keymap fd for keyboard hl-virtual-keyboard-wtype
[1;32mDEBUG [0m]: Updated keymap fd to 101, keymap V1 to: 103
[1;32mDEBUG [0m]: Keyboard at 55dfae688740 removed
[1;32mDEBUG [0m]: Destroyed keyboard 55dfae688740
[1;32mDEBUG [0m]: [CWLSeatProtocol] New seat resource bound at 55dfae64c980
[1;32mDEBUG [0m]: [CVirtualKeyboardProtocol] New VKeyboard at id 5
[1;32mDEBUG [0m]: ApplyConfigToKeyboard for "hl-virtual-keyboard-wtype", hasconfig: 0
[1;32mDEBUG [0m]: Attempting to create a keymap for layout us with variant  (rules: , model: , options: )
[1;32mDEBUG [0m]: Updating keyboard 55dfae688740's translation state from a provided keymap
[1;32mDEBUG [0m]: xkb: LED index 0 (name Num Lock) got index 1
[1;32mDEBUG [0m]: xkb: LED index 1 (name Caps Lock) got index 0
[1;32mDEBUG [0m]: xkb: LED index 2 (name Scroll Lock) got index 2
[1;32mDEBUG [0m]: xkb: Mod index 0 (name Shift) got index 0
[1;32mDEBUG [0m]: xkb: Mod index 1 (name Lock) got index 1
[1;32mDEBUG [0m]: xkb: Mod index 2 (name Control) got index 2
[1;32mDEBUG [0m]: xkb: Mod index 3 (name Mod1) got index 3
[1;32mDEBUG [0m]: xkb: Mod index 4 (name Mod2) got index 4
[1;32mDEBUG [0m]: xkb: Mod index 5 (name Mod3) got index 5
[1;32mDEBUG [0m]: xkb: Mod index 6 (name Mod4) got index 6
[1;32mDEBUG [0m]: xkb: Mod index 7 (name Mod5) got index 7
[1;32mDEBUG [0m]: Updating keymap fd for keyboard hl-virtual-keyboard-wtype
[1;32mDEBUG [0m]: Updated keymap fd to 101, keymap V1 to: 103
[1;32mDEBUG [0m]: Set the keyboard layout to us and variant to  for keyboard "hl-virtual-keyboard-wtype"
[1;32mDEBUG [0m]: New virtual keyboard created at 55dfae688740
[1;32mDEBUG [0m]: Updating keyboard 55dfae688740's translation state from a provided keymap
[1;32mDEBUG [0m]: Updating keymap fd for keyboard hl-virtual-keyboard-wtype
[1;32mDEBUG [0m]: Updated keymap fd to 101, keymap V1 to: 103
[1;32mDEBUG [0m]: Keyboard at 55dfae688740 removed
[1;32mDEBUG [0m]: Destroyed keyboard 55dfae688740
[1;32mDEBUG [0m]: [CWLSeatProtocol] New seat resource bound at 55dfaebeb0d0
[1;32mDEBUG [0m]: [CVirtualKeyboardProtocol] New VKeyboard at id 5
[1;32mDEBUG [0m]: ApplyConfigToKeyboard for "hl-virtual-keyboard-wtype", hasconfig: 0
[1;32mDEBUG [0m]: Attempting to create a keymap for layout us with variant  (rules: , model: , options: )
[1;32mDEBUG [0m]: Updating keyboard 55dfae688740's translation state from a provided keymap
[1;32mDEBUG [0m]: xkb: LED index 0 (name Num Lock) got index 1
[1;32mDEBUG [0m]: xkb: LED index 1 (name Caps Lock) got index 0
[1;32mDEBUG [0m]: xkb: LED index 2 (name Scroll Lock) got index 2
[1;32mDEBUG [0m]: xkb: Mod index 0 (name Shift) got index 0
[1;32mDEBUG [0m]: xkb: Mod index 1 (name Lock) got index 1
[1;32mDEBUG [0m]: xkb: Mod index 2 (name Control) got index 2
[1;32mDEBUG [0m]: xkb: Mod index 3 (name Mod1) got index 3
[1;32mDEBUG [0m]: xkb: Mod index 4 (name Mod2) got index 4
[1;32mDEBUG [0m]: xkb: Mod index 5 (name Mod3) got index 5
[1;32mDEBUG [0m]: xkb: Mod index 6 (name Mod4) got index 6
[1;32mDEBUG [0m]: xkb: Mod index 7 (name Mod5) got index 7
[1;32mDEBUG [0m]: Updating keymap fd for keyboard hl-virtual-keyboard-wtype
[1;32mDEBUG [0m]: Updated keymap fd to 101, keymap V1 to: 103
[1;32mDEBUG [0m]: Set the keyboard layout to us and variant to  for keyboard "hl-virtual-keyboard-wtype"
[1;32mDEBUG [0m]: New virtual keyboard created at 55dfae688740
[1;32mDEBUG [0m]: Updating keyboard 55dfae688740's translation state from a provided keymap
[1;32mDEBUG [0m]: Updating keymap fd for keyboard hl-virtual-keyboard-wtype
[1;32mDEBUG [0m]: Updated keymap fd to 101, keymap V1 to: 103
[1;32mDEBUG [0m]: Keyboard at 55dfae688740 removed
[1;32mDEBUG [0m]: Destroyed keyboard 55dfae688740
[1;32mDEBUG [0m]: [CWLSeatProtocol] New seat resource bound at 55dfae66edb0
[1;32mDEBUG [0m]: [CVirtualKeyboardProtocol] New VKeyboard at id 5
[1;32mDEBUG [0m]: ApplyConfigToKeyboard for "hl-virtual-keyboard-wtype", hasconfig: 0
[1;32mDEBUG [0m]: Attempting to create a keymap for layout us with variant  (rules: , model: , options: )
[1;32mDEBUG [0m]: Updating keyboard 55dfae688740's translation state from a provided keymap
[1;32mDEBUG [0m]: xkb: LED index 0 (name Num Lock) got index 1
[1;32mDEBUG [0m]: xkb: LED index 1 (name Caps Lock) got index 0
[1;32mDEBUG [0m]: xkb: LED index 2 (name Scroll Lock) got index 2
[1;32mDEBUG [0m]: xkb: Mod index 0 (name Shift) got index 0
[1;32mDEBUG [0m]: xkb: Mod index 1 (name Lock) got index 1
[1;32mDEBUG [0m]: xkb: Mod index 2 (name Control) got index 2
[1;32mDEBUG [0m]: xkb: Mod index 3 (name Mod1) got index 3
[1;32mDEBUG [0m]: xkb: Mod index 4 (name Mod2) got index 4
[1;32mDEBUG [0m]: xkb: Mod index 5 (name Mod3) got index 5
[1;32mDEBUG [0m]: xkb: Mod index 6 (name Mod4) got index 6
[1;32mDEBUG [0m]: xkb: Mod index 7 (name Mod5) got index 7
[1;32mDEBUG [0m]: Updating keymap fd for keyboard hl-virtual-keyboard-wtype
[1;32mDEBUG [0m]: Updated keymap fd to 101, keymap V1 to: 103
[1;32mDEBUG [0m]: Set the keyboard layout to us and variant to  for keyboard "hl-virtual-keyboard-wtype"
[1;32mDEBUG [0m]: New virtual keyboard created at 55dfae688740
[1;32mDEBUG [0m]: Updating keyboard 55dfae688740's translation state from a provided keymap
[1;32mDEBUG [0m]: Updating keymap fd for keyboard hl-virtual-keyboard-wtype
[1;32mDEBUG [0m]: Updated keymap fd to 101, keymap V1 to: 103
[1;32mDEBUG [0m]: Keyboard at 55dfae688740 removed
[1;32mDEBUG [0m]: Destroyed keyboard 55dfae688740
[1;32mDEBUG [0m]: [CWLSeatProtocol] New seat resource bound at 55dfae656f00
[1;32mDEBUG [0m]: [CVirtualKeyboardProtocol] New VKeyboard at id 5
[1;32mDEBUG [0m]: ApplyConfigToKeyboard for "hl-virtual-keyboard-wtype", hasconfig: 0
[1;32mDEBUG [0m]: Attempting to create a keymap for layout us with variant  (rules: , model: , options: )
[1;32mDEBUG [0m]: Updating keyboard 55dfae688740's translation state from a provided keymap
[1;32mDEBUG [0m]: xkb: LED index 0 (name Num Lock) got index 1
[1;32mDEBUG [0m]: xkb: LED index 1 (name Caps Lock) got index 0
[1;32mDEBUG [0m]: xkb: LED index 2 (name Scroll Lock) got index 2
[1;32mDEBUG [0m]: xkb: Mod index 0 (name Shift) got index 0
[1;32mDEBUG [0m]: xkb: Mod index 1 (name Lock) got index 1
[1;32mDEBUG [0m]: xkb: Mod index 2 (name Control) got index 2
[1;32mDEBUG [0m]: xkb: Mod index 3 (name Mod1) got index 3
[1;32mDEBUG [0m]: xkb: Mod index 4 (name Mod2) got index 4
[1;32mDEBUG [0m]: xkb: Mod index 5 (name Mod3) got index 5
[1;32mDEBUG [0m]: xkb: Mod index 6 (name Mod4) got index 6
[1;32mDEBUG [0m]: xkb: Mod index 7 (name Mod5) got index 7
[1;32mDEBUG [0m]: Updating keymap fd for keyboard hl-virtual-keyboard-wtype
[1;32mDEBUG [0m]: Updated keymap fd to 101, keymap V1 to: 103
[1;32mDEBUG [0m]: Set the keyboard layout to us and variant to  for keyboard "hl-virtual-keyboard-wtype"
[1;32mDEBUG [0m]: New virtual keyboard created at 55dfae688740
[1;32mDEBUG [0m]: Updating keyboard 55dfae688740's translation state from a provided keymap
[1;32mDEBUG [0m]: Updating keymap fd for keyboard hl-virtual-keyboard-wtype
[1;32mDEBUG [0m]: Updated keymap fd to 101, keymap V1 to: 103
[1;32mDEBUG [0m]: Keyboard at 55dfae688740 removed
[1;32mDEBUG [0m]: Destroyed keyboard 55dfae688740
[1;32mDEBUG [0m]: [CWLSeatProtocol] New seat resource bound at 55dfae351970
[1;32mDEBUG [0m]: [CVirtualKeyboardProtocol] New VKeyboard at id 5
[1;32mDEBUG [0m]: ApplyConfigToKeyboard for "hl-virtual-keyboard-wtype", hasconfig: 0
[1;32mDEBUG [0m]: Attempting to create a keymap for layout us with variant  (rules: , model: , options: )
[1;32mDEBUG [0m]: Updating keyboard 55dfae688740's translation state from a provided keymap
[1;32mDEBUG [0m]: xkb: LED index 0 (name Num Lock) got index 1
[1;32mDEBUG [0m]: xkb: LED index 1 (name Caps Lock) got index 0
[1;32mDEBUG [0m]: xkb: LED index 2 (name Scroll Lock) got index 2
[1;32mDEBUG [0m]: xkb: Mod index 0 (name Shift) got index 0
[1;32mDEBUG [0m]: xkb: Mod index 1 (name Lock) got index 1
[1;32mDEBUG [0m]: xkb: Mod index 2 (name Control) got index 2
[1;32mDEBUG [0m]: xkb: Mod index 3 (name Mod1) got index 3
[1;32mDEBUG [0m]: xkb: Mod index 4 (name Mod2) got index 4
[1;32mDEBUG [0m]: xkb: Mod index 5 (name Mod3) got index 5
[1;32mDEBUG [0m]: xkb: Mod index 6 (name Mod4) got index 6
[1;32mDEBUG [0m]: xkb: Mod index 7 (name Mod5) got index 7
[1;32mDEBUG [0m]: Updating keymap fd for keyboard hl-virtual-keyboard-wtype
[1;32mDEBUG [0m]: Updated keymap fd to 101, keymap V1 to: 103
[1;32mDEBUG [0m]: Set the keyboard layout to us and variant to  for keyboard "hl-virtual-keyboard-wtype"
[1;32mDEBUG [0m]: New virtual keyboard created at 55dfae688740
[1;32mDEBUG [0m]: Updating keyboard 55dfae688740's translation state from a provided keymap
[1;32mDEBUG [0m]: Updating keymap fd for keyboard hl-virtual-keyboard-wtype
[1;32mDEBUG [0m]: Updated keymap fd to 101, keymap V1 to: 103
[1;32mDEBUG [0m]: Keyboard at 55dfae688740 removed
[1;32mDEBUG [0m]: Destroyed keyboard 55dfae688740
[1;32mDEBUG [0m]: [CWLSeatProtocol] New seat resource bound at 55dfae6375f0
[1;32mDEBUG [0m]: [CVirtualKeyboardProtocol] New VKeyboard at id 5
[1;32mDEBUG [0m]: ApplyConfigToKeyboard for "hl-virtual-keyboard-wtype", hasconfig: 0
[1;32mDEBUG [0m]: Attempting to create a keymap for layout us with variant  (rules: , model: , options: )
[1;32mDEBUG [0m]: Updating keyboard 55dfae688740's translation state from a provided keymap
[1;32mDEBUG [0m]: xkb: LED index 0 (name Num Lock) got index 1
[1;32mDEBUG [0m]: xkb: LED index 1 (name Caps Lock) got index 0
[1;32mDEBUG [0m]: xkb: LED index 2 (name Scroll Lock) got index 2
[1;32mDEBUG [0m]: xkb: Mod index 0 (name Shift) got index 0
[1;32mDEBUG [0m]: xkb: Mod index 1 (name Lock) got index 1
[1;32mDEBUG [0m]: xkb: Mod index 2 (name Control) got index 2
[1;32mDEBUG [0m]: xkb: Mod index 3 (name Mod1) got index 3
[1;32mDEBUG [0m]: xkb: Mod index 4 (name Mod2) got index 4
[1;32mDEBUG [0m]: xkb: Mod index 5 (name Mod3) got index 5
[1;32mDEBUG [0m]: xkb: Mod index 6 (name Mod4) got index 6
[1;32mDEBUG [0m]: xkb: Mod index 7 (name Mod5) got index 7
[1;32mDEBUG [0m]: Updating keymap fd for keyboard hl-virtual-keyboard-wtype
[1;32mDEBUG [0m]: Updated keymap fd to 101, keymap V1 to: 103
[1;32mDEBUG [0m]: Set the keyboard layout to us and variant to  for keyboard "hl-virtual-keyboard-wtype"
[1;32mDEBUG [0m]: New virtual keyboard created at 55dfae688740
[1;32mDEBUG [0m]: Updating keyboard 55dfae688740's translation state from a provided keymap
[1;32mDEBUG [0m]: Updating keymap fd for keyboard hl-virtual-keyboard-wtype
[1;32mDEBUG [0m]: Updated keymap fd to 101, keymap V1 to: 103
[1;32mDEBUG [0m]: Keyboard at 55dfae688740 removed
[1;32mDEBUG [0m]: Destroyed keyboard 55dfae688740
[1;32mDEBUG [0m]: [CWLSeatProtocol] New seat resource bound at 55dfaf04fdf0
[1;32mDEBUG [0m]: [CVirtualKeyboardProtocol] New VKeyboard at id 5
[1;32mDEBUG [0m]: ApplyConfigToKeyboard for "hl-virtual-keyboard-wtype", hasconfig: 0
[1;32mDEBUG [0m]: Attempting to create a keymap for layout us with variant  (rules: , model: , options: )
[1;32mDEBUG [0m]: Updating keyboard 55dfae688740's translation state from a provided keymap
[1;32mDEBUG [0m]: xkb: LED index 0 (name Num Lock) got index 1
[1;32mDEBUG [0m]: xkb: LED index 1 (name Caps Lock) got index 0
[1;32mDEBUG [0m]: xkb: LED index 2 (name Scroll Lock) got index 2
[1;32mDEBUG [0m]: xkb: Mod index 0 (name Shift) got index 0
[1;32mDEBUG [0m]: xkb: Mod index 1 (name Lock) got index 1
[1;32mDEBUG [0m]: xkb: Mod index 2 (name Control) got index 2
[1;32mDEBUG [0m]: xkb: Mod index 3 (name Mod1) got index 3
[1;32mDEBUG [0m]: xkb: Mod index 4 (name Mod2) got index 4
[1;32mDEBUG [0m]: xkb: Mod index 5 (name Mod3) got index 5
[1;32mDEBUG [0m]: xkb: Mod index 6 (name Mod4) got index 6
[1;32mDEBUG [0m]: xkb: Mod index 7 (name Mod5) got index 7
[1;32mDEBUG [0m]: Updating keymap fd for keyboard hl-virtual-keyboard-wtype
[1;32mDEBUG [0m]: Updated keymap fd to 101, keymap V1 to: 103
[1;32mDEBUG [0m]: Set the keyboard layout to us and variant to  for keyboard "hl-virtual-keyboard-wtype"
[1;32mDEBUG [0m]: New virtual keyboard created at 55dfae688740
[1;32mDEBUG [0m]: Updating keyboard 55dfae688740's translation state from a provided keymap
[1;32mDEBUG [0m]: Updating keymap fd for keyboard hl-virtual-keyboard-wtype
[1;32mDEBUG [0m]: Updated keymap fd to 101, keymap V1 to: 103
[1;32mDEBUG [0m]: Keyboard at 55dfae688740 removed
[1;32mDEBUG [0m]: Destroyed keyboard 55dfae688740
[1;32mDEBUG [0m]: [CWLSeatProtocol] New seat resource bound at 55dfae4d3540
[1;32mDEBUG [0m]: [CVirtualKeyboardProtocol] New VKeyboard at id 5
[1;32mDEBUG [0m]: ApplyConfigToKeyboard for "hl-virtual-keyboard-wtype", hasconfig: 0
[1;32mDEBUG [0m]: Attempting to create a keymap for layout us with variant  (rules: , model: , options: )
[1;32mDEBUG [0m]: Updating keyboard 55dfae688740's translation state from a provided keymap
[1;32mDEBUG [0m]: xkb: LED index 0 (name Num Lock) got index 1
[1;32mDEBUG [0m]: xkb: LED index 1 (name Caps Lock) got index 0
[1;32mDEBUG [0m]: xkb: LED index 2 (name Scroll Lock) got index 2
[1;32mDEBUG [0m]: xkb: Mod index 0 (name Shift) got index 0
[1;32mDEBUG [0m]: xkb: Mod index 1 (name Lock) got index 1
[1;32mDEBUG [0m]: xkb: Mod index 2 (name Control) got index 2
[1;32mDEBUG [0m]: xkb: Mod index 3 (name Mod1) got index 3
[1;32mDEBUG [0m]: xkb: Mod index 4 (name Mod2) got index 4
[1;32mDEBUG [0m]: xkb: Mod index 5 (name Mod3) got index 5
[1;32mDEBUG [0m]: xkb: Mod index 6 (name Mod4) got index 6
[1;32mDEBUG [0m]: xkb: Mod index 7 (name Mod5) got index 7
[1;32mDEBUG [0m]: Updating keymap fd for keyboard hl-virtual-keyboard-wtype
[1;32mDEBUG [0m]: Updated keymap fd to 101, keymap V1 to: 103
[1;32mDEBUG [0m]: Set the keyboard layout to us and variant to  for keyboard "hl-virtual-keyboard-wtype"
[1;32mDEBUG [0m]: New virtual keyboard created at 55dfae688740
[1;32mDEBUG [0m]: Updating keyboard 55dfae688740's translation state from a provided keymap
[1;32mDEBUG [0m]: Updating keymap fd for keyboard hl-virtual-keyboard-wtype
[1;32mDEBUG [0m]: Updated keymap fd to 101, keymap V1 to: 103
[1;32mDEBUG [0m]: Keyboard at 55dfae688740 removed
[1;32mDEBUG [0m]: Destroyed keyboard 55dfae688740
[1;32mDEBUG [0m]: Hyprctl: new connection from pid 1057
[1;32mDEBUG [0m]: Hyprctl: new connection from pid 1058
[1;32mDEBUG [0m]: Hyprctl: new connection from pid 1059
[1;32mDEBUG [0m]: Hyprctl: new connection from pid 1060
[1;32mDEBUG [0m]: Hyprctl: new connection from pid 1061
[1;32mDEBUG [0m]: Hyprctl: new connection from pid 1062
[1;32mDEBUG [0m]: Hyprctl: new connection from pid 1063
[1;32mDEBUG [0m]: [COutputImageCaptureSourceProtocol] New capture source for monitor: HEADLESS-1
[1;32mDEBUG [0m]: [CImageCopyCaptureProtocol] New image copy capture session for source (monitor): "HEADLESS-1"
[1;32mDEBUG [0m]: [CLinuxDMABUFParamsResource] Creating a dmabuf, with id 69: size [Vector2D: x: 1366, y: 768], fmt AR24, planes 1
[1;32mDEBUG [0m]: [CLinuxDMABUFParamsResource]  | plane 0: mod 72057594037927952 fd 61 stride 5504 offset 0
[1;32mDEBUG [0m]: Framebuffer "Monitor HEADLESS-1 mirror FB" created, status 36053
[1;32mDEBUG [0m]: [Screenshare] Started screenshare session for (monitor): HEADLESS-1
[1;32mDEBUG [0m]: Hyprctl: new connection from pid 1072
[1;32mDEBUG [0m]: [CWLCompositorResource] New wl_region with id 62 at 55dfaee34740
[1;32mDEBUG [0m]: LayerSurface 55dfae6add50 destroyed
[1;32mDEBUG [0m]: Forcing an unmap of a LS that did a straight destroy!
[1;32mDEBUG [0m]: LayerSurface 55dfae6add50 unmapped
[1;32mDEBUG [0m]: renderer: making a snapshot of layer 55dfad65f000
[1;32mDEBUG [0m]: Framebuffer "layer snapshot" created, status 36053
[1;32mDEBUG [0m]: renderer: cleared a snapshot of layer 55dfad65f000
[1;32mDEBUG [0m]: renderer: rendered a snapshot of layer 55dfad65f000
[1;32mDEBUG [0m]: renderer: made a snapshot of layer 55dfad65f000
[1;32mDEBUG [0m]: CWLSurface 55dfae661900 called destroy()
[1;32mDEBUG [0m]: Cleanup: removed 1 fadeouts
[1;32mDEBUG [0m]: Hyprctl: new connection from pid 1079
[1;32mDEBUG [0m]: Hyprctl: keyword monitor : HEADLESS-1,1366x768@60,2000x0,1.25
[1;32mDEBUG [0m]: ApplyConfigToKeyboard for "wl_keyboard", hasconfig: 0
[1;32mDEBUG [0m]: Not applying config to keyboard, it did not change.
[1;33mWARN [0m]: No rule found for WAYLAND-1, trying to use the first.
[1;32mDEBUG [0m]: Applying monitor rule for HEADLESS-1
[1;32mDEBUG [0m]: Monitor HEADLESS-1: requested 1366x768@60.00Hz, using available mode 1366x768@60.00Hz
[1;32mDEBUG [0m]: output HEADLESS-1 succeeded basic test on format DRM_FORMAT_XRGB8888
[1;31mERR [0m]: Invalid scale passed to monitor, 1.25 found suggestion 1
[1;32mDEBUG [0m]: CMonitor::updateVCGTRamps: skipping, no gamma ramp for output
[1;32mDEBUG [0m]: Monitor HEADLESS-1 data dump: res 1366x768@60.00Hz, scale 1.00, transform 0, pos 2000x0, 10b 0
[1;33mWARN [0m]: FIXME: color management protocol is enabled and outputs changed, check preferred image description changes
[1;32mDEBUG [0m]: arrangeMonitors: 2 to arrange
[1;32mDEBUG [0m]: arrangeMonitors: HEADLESS-1 explicit [2000, 0]
[1;32mDEBUG [0m]: arrangeMonitors: WAYLAND-1 auto [3366, 0]
[1;32mDEBUG [0m]: arrangeMonitors: WAYLAND-1 xwayland [0, 0]
[1;32mDEBUG [0m]: arrangeMonitors: HEADLESS-1 xwayland [1920, 0]
[1;32mDEBUG [0m]: [CXDGOutputProtocol] updating all xdg_output heads
[1;32mDEBUG [0m]: [CXDGOutputProtocol] updating all xdg_output heads
[1;32mDEBUG [0m]: [CXDGOutputProtocol] updating all xdg_output heads
[1;32mDEBUG [0m]: Hyprctl: new connection from pid 1080
[1;32mDEBUG [0m]: [Screenshare] Stopped screenshare session for (monitor): HEADLESS-1
[1;32mDEBUG [0m]: Hyprctl: new connection from pid 1081
[1;32mDEBUG [0m]: Hyprctl: new connection from pid 1082
[1;32mDEBUG [0m]: Hyprctl: new connection from pid 1083
[1;32mDEBUG [0m]: Hyprctl: new connection from pid 1084
[1;32mDEBUG [0m]: Hyprctl: new connection from pid 1085
[1;32mDEBUG [0m]: Hyprctl: new connection from pid 1086
[1;32mDEBUG [0m]: Hyprctl: new connection from pid 1087
[1;32mDEBUG [0m]: Hyprctl: new connection from pid 1088
[1;32mDEBUG [0m]: Hyprctl: new connection from pid 1089
[1;32mDEBUG [0m]: Hyprctl: new connection from pid 1090
[1;32mDEBUG [0m]: Hyprctl: new connection from pid 1091
[1;32mDEBUG [0m]: Hyprctl: new connection from pid 1092
[1;32mDEBUG [0m]: Hyprctl: new connection from pid 1093
[1;32mDEBUG [0m]: Hyprctl: new connection from pid 1094
[1;32mDEBUG [0m]: Hyprctl: new connection from pid 1095
[1;32mDEBUG [0m]: Hyprctl: new connection from pid 1096
[1;32mDEBUG [0m]: Hyprctl: new connection from pid 1097
[1;32mDEBUG [0m]: Hyprctl: new connection from pid 1098
[1;32mDEBUG [0m]: Hyprctl: new connection from pid 1099
[1;32mDEBUG [0m]: Hyprctl: new connection from pid 1100
[1;32mDEBUG [0m]: Hyprctl: new connection from pid 1101
[1;32mDEBUG [0m]: Hyprctl: new connection from pid 1102
[1;32mDEBUG [0m]: Hyprctl: new connection from pid 1103
[1;32mDEBUG [0m]: Hyprctl: new connection from pid 1104
[1;32mDEBUG [0m]: Hyprctl: new connection from pid 1105
[1;32mDEBUG [0m]: Hyprctl: new connection from pid 1106
[1;32mDEBUG [0m]: Hyprctl: new connection from pid 1107
[1;32mDEBUG [0m]: Hyprctl: new connection from pid 1108
[1;32mDEBUG [0m]: Hyprctl: new connection from pid 1109
[1;32mDEBUG [0m]: Hyprctl: new connection from pid 1110
[1;32mDEBUG [0m]: Hyprctl: new connection from pid 1111
[1;32mDEBUG [0m]: Hyprctl: new connection from pid 1112
[1;32mDEBUG [0m]: Hyprctl: new connection from pid 1113
[1;32mDEBUG [0m]: Hyprctl: new connection from pid 1114
[1;32mDEBUG [0m]: Hyprctl: new connection from pid 1115
[1;32mDEBUG [0m]: Hyprctl: new connection from pid 1116
[1;32mDEBUG [0m]: Hyprctl: new connection from pid 1117
[1;32mDEBUG [0m]: Hyprctl: new connection from pid 1118
[1;32mDEBUG [0m]: Hyprctl: new connection from pid 1119
[1;32mDEBUG [0m]: Hyprctl: new connection from pid 1120
[1;32mDEBUG [0m]: Hyprctl: new connection from pid 1121
[1;32mDEBUG [0m]: Hyprctl: new connection from pid 1122
[1;32mDEBUG [0m]: Hyprctl: new connection from pid 1123
[1;32mDEBUG [0m]: Hyprctl: new connection from pid 1124
[1;32mDEBUG [0m]: Hyprctl: new connection from pid 1125
[1;32mDEBUG [0m]: Hyprctl: new connection from pid 1126
[1;32mDEBUG [0m]: Hyprctl: new connection from pid 1127
[1;32mDEBUG [0m]: Hyprctl: new connection from pid 1128
[1;32mDEBUG [0m]: Hyprctl: new connection from pid 1129
[1;32mDEBUG [0m]: Hyprctl: new connection from pid 1130
[1;32mDEBUG [0m]: Hyprctl: new connection from pid 1131
[1;32mDEBUG [0m]: Hyprctl: new connection from pid 1132
[1;32mDEBUG [0m]: Hyprctl: new connection from pid 1133
[1;32mDEBUG [0m]: Hyprctl: new connection from pid 1134
[1;32mDEBUG [0m]: Hyprctl: new connection from pid 1135
[1;32mDEBUG [0m]: Hyprctl: new connection from pid 1136
[1;32mDEBUG [0m]: Hyprctl: new connection from pid 1137
[1;32mDEBUG [0m]: Hyprctl: new connection from pid 1138
[1;32mDEBUG [0m]: Hyprctl: new connection from pid 1139
[1;32mDEBUG [0m]: Hyprctl: new connection from pid 1140
[1;32mDEBUG [0m]: Hyprctl: new connection from pid 1141
[1;32mDEBUG [0m]: Hyprctl: new connection from pid 1142
[1;32mDEBUG [0m]: Hyprctl: new connection from pid 1143
[1;32mDEBUG [0m]: Hyprctl: new connection from pid 1144
[1;32mDEBUG [0m]: Hyprctl: new connection from pid 1145
[1;32mDEBUG [0m]: Hyprctl: new connection from pid 1146
[1;32mDEBUG [0m]: Hyprctl: new connection from pid 1147
[1;32mDEBUG [0m]: Hyprctl: new connection from pid 1148
[1;32mDEBUG [0m]: Hyprctl: new connection from pid 1149
[1;32mDEBUG [0m]: Hyprctl: new connection from pid 1150
[1;32mDEBUG [0m]: Hyprctl: new connection from pid 1151
[1;32mDEBUG [0m]: Hyprctl: new connection from pid 1152
[1;32mDEBUG [0m]: Hyprctl: new connection from pid 1153
[1;32mDEBUG [0m]: Hyprctl: new connection from pid 1154
[1;32mDEBUG [0m]: Hyprctl: new connection from pid 1155
[1;32mDEBUG [0m]: Hyprctl: new connection from pid 1156
[1;32mDEBUG [0m]: Hyprctl: new connection from pid 1157
[1;32mDEBUG [0m]: Hyprctl: new connection from pid 1158
[1;32mDEBUG [0m]: Hyprctl: new connection from pid 1159
[1;32mDEBUG [0m]: Hyprctl: new connection from pid 1160
[1;32mDEBUG [0m]: Hyprctl: new connection from pid 1161
[1;32mDEBUG [0m]: Hyprctl: new connection from pid 1162
[1;32mDEBUG [0m]: Hyprctl: new connection from pid 1163
[1;32mDEBUG [0m]: Hyprctl: new connection from pid 1164
[1;32mDEBUG [0m]: Hyprctl: new connection from pid 1165
[1;32mDEBUG [0m]: Hyprctl: new connection from pid 1166
[1;32mDEBUG [0m]: Hyprctl: new connection from pid 1167
[1;32mDEBUG [0m]: Hyprctl: new connection from pid 1168
[1;32mDEBUG [0m]: Hyprctl: new connection from pid 1169
[1;32mDEBUG [0m]: Hyprctl: new connection from pid 1170
[1;32mDEBUG [0m]: Hyprctl: new connection from pid 1171
[1;32mDEBUG [0m]: Hyprctl: new connection from pid 1172
[1;32mDEBUG [0m]: Hyprctl: new connection from pid 1173
[1;32mDEBUG [0m]: Hyprctl: new connection from pid 1174
[1;32mDEBUG [0m]: Hyprctl: new connection from pid 1175
[1;32mDEBUG [0m]: Hyprctl: new connection from pid 1176
[1;32mDEBUG [0m]: Hyprctl: new connection from pid 1177
[1;32mDEBUG [0m]: Hyprctl: new connection from pid 1178
[1;32mDEBUG [0m]: Hyprctl: new connection from pid 1179
[1;32mDEBUG [0m]: Hyprctl: new connection from pid 1180
[1;32mDEBUG [0m]: Hyprctl: new connection from pid 1181
[1;32mDEBUG [0m]: Hyprctl: new connection from pid 1182
[1;32mDEBUG [0m]: Hyprctl: new connection from pid 1183
[1;32mDEBUG [0m]: Hyprctl: new connection from pid 1184
[1;32mDEBUG [0m]: Hyprctl: new connection from pid 1185
[1;32mDEBUG [0m]: Hyprctl: new connection from pid 1186
[1;32mDEBUG [0m]: Hyprctl: new connection from pid 1187
[1;32mDEBUG [0m]: Hyprctl: new connection from pid 1188
[1;32mDEBUG [0m]: Hyprctl: new connection from pid 1189
[1;32mDEBUG [0m]: Hyprctl: new connection from pid 1190
[1;32mDEBUG [0m]: Hyprctl: new connection from pid 1191
[1;32mDEBUG [0m]: Hyprctl: new connection from pid 1192
[1;32mDEBUG [0m]: Hyprctl: new connection from pid 1193
[1;32mDEBUG [0m]: Hyprctl: new connection from pid 1194
[1;32mDEBUG [0m]: Hyprctl: new connection from pid 1195
[1;32mDEBUG [0m]: Hyprctl: new connection from pid 1196
[1;32mDEBUG [0m]: Hyprctl: new connection from pid 1197
[1;32mDEBUG [0m]: Hyprctl: new connection from pid 1198
[1;32mDEBUG [0m]: Hyprctl: new connection from pid 1199
[1;32mDEBUG [0m]: Hyprctl: new connection from pid 1200
[1;32mDEBUG [0m]: Hyprctl: new connection from pid 1201
[1;32mDEBUG [0m]: Hyprctl: new connection from pid 1202
[1;32mDEBUG [0m]: Hyprctl: new connection from pid 1203
[1;32mDEBUG [0m]: Hyprctl: new connection from pid 1204
[1;32mDEBUG [0m]: Hyprctl: new connection from pid 1205
[1;32mDEBUG [0m]: Hyprctl: new connection from pid 1206
[1;32mDEBUG [0m]: Hyprctl: new connection from pid 1207
[1;32mDEBUG [0m]: Hyprctl: new connection from pid 1208
[1;32mDEBUG [0m]: Hyprctl: new connection from pid 1209
[1;32mDEBUG [0m]: Hyprctl: new connection from pid 1210
[1;32mDEBUG [0m]: Hyprctl: new connection from pid 1211
[1;32mDEBUG [0m]: Hyprctl: new connection from pid 1212
[1;32mDEBUG [0m]: Hyprctl: new connection from pid 1213
[1;32mDEBUG [0m]: Hyprctl: new connection from pid 1214
[1;32mDEBUG [0m]: Hyprctl: new connection from pid 1215
[1;32mDEBUG [0m]: Hyprctl: new connection from pid 1216
[1;32mDEBUG [0m]: Hyprctl: new connection from pid 1217
[1;32mDEBUG [0m]: Hyprctl: new connection from pid 1218
[1;32mDEBUG [0m]: Hyprctl: new connection from pid 1219
[1;32mDEBUG [0m]: Hyprctl: new connection from pid 1220
[1;32mDEBUG [0m]: Hyprctl: new connection from pid 1221
[1;32mDEBUG [0m]: Hyprctl: new connection from pid 1222
[1;32mDEBUG [0m]: Hyprctl: new connection from pid 1223
[1;32mDEBUG [0m]: Hyprctl: new connection from pid 1224
[1;32mDEBUG [0m]: Hyprctl: new connection from pid 1225
[1;32mDEBUG [0m]: Hyprctl: new connection from pid 1226
[1;32mDEBUG [0m]: Hyprctl: new connection from pid 1227
[1;32mDEBUG [0m]: Hyprctl: new connection from pid 1228
[1;32mDEBUG [0m]: Hyprctl: new connection from pid 1229
[1;32mDEBUG [0m]: Hyprctl: new connection from pid 1230
[1;32mDEBUG [0m]: Hyprctl: new connection from pid 1231
[1;32mDEBUG [0m]: Hyprctl: new connection from pid 1232
[1;32mDEBUG [0m]: Hyprctl: new connection from pid 1233
[1;32mDEBUG [0m]: Hyprctl: new connection from pid 1234
[1;32mDEBUG [0m]: Hyprctl: new connection from pid 1235
[1;32mDEBUG [0m]: Hyprctl: new connection from pid 1236
[1;32mDEBUG [0m]: Hyprctl: new connection from pid 1237
[1;32mDEBUG [0m]: Hyprctl: new connection from pid 1238
[1;32mDEBUG [0m]: Hyprctl: new connection from pid 1239
[1;32mDEBUG [0m]: LayerSurface 55dfae67ac60 unmapped
[1;32mDEBUG [0m]: renderer: making a snapshot of layer 55dfae67b0c0
[1;32mDEBUG [0m]: Framebuffer "layer snapshot" created, status 36053
[1;32mDEBUG [0m]: renderer: cleared a snapshot of layer 55dfae67b0c0
[1;32mDEBUG [0m]: renderer: rendered a snapshot of layer 55dfae67b0c0
[1;32mDEBUG [0m]: renderer: made a snapshot of layer 55dfae67b0c0
[1;32mDEBUG [0m]: LayerSurface 55dfae67ac60 destroyed
[1;32mDEBUG [0m]: CWLSurface 55dfae670530 called destroy()
[1;32mDEBUG [0m]: Cleanup: removed 1 fadeouts
[1;32mDEBUG [0m]: Framebuffer "Monitor WAYLAND-1 workbuffer" created, status 36053
[1;32mDEBUG [0m]: Socket2 fd 41 hung up
[1;32mDEBUG [0m]: Socket2 fd 43 hung up
[1;32mDEBUG [0m]: LayerSurface 55dfae4d21e0 unmapped
[1;32mDEBUG [0m]: renderer: making a snapshot of layer 55dfae4eecd0
[1;32mDEBUG [0m]: Framebuffer "layer snapshot" created, status 36053
[1;32mDEBUG [0m]: renderer: cleared a snapshot of layer 55dfae4eecd0
[1;32mDEBUG [0m]: renderer: rendered a snapshot of layer 55dfae4eecd0
[1;32mDEBUG [0m]: renderer: made a snapshot of layer 55dfae4eecd0
[1;32mDEBUG [0m]: LayerSurface 55dfae4d21e0 destroyed
[1;32mDEBUG [0m]: CWLSurface 55dfae64cc70 called destroy()
[1;32mDEBUG [0m]: LayerSurface 55dfae4efe30 unmapped
[1;32mDEBUG [0m]: renderer: making a snapshot of layer 55dfae64f080
[1;32mDEBUG [0m]: Framebuffer "layer snapshot" created, status 36053
[1;32mDEBUG [0m]: renderer: cleared a snapshot of layer 55dfae64f080
[1;32mDEBUG [0m]: renderer: rendered a snapshot of layer 55dfae64f080
[1;32mDEBUG [0m]: renderer: made a snapshot of layer 55dfae64f080
[1;32mDEBUG [0m]: LayerSurface 55dfae4efe30 destroyed
[1;32mDEBUG [0m]: CWLSurface 55dfae653ab0 called destroy()
[1;32mDEBUG [0m]: LayerSurface 55dfae64fb70 unmapped
[1;32mDEBUG [0m]: renderer: making a snapshot of layer 55dfae64ffd0
[1;32mDEBUG [0m]: Framebuffer "layer snapshot" created, status 36053
[1;32mDEBUG [0m]: renderer: cleared a snapshot of layer 55dfae64ffd0
[1;32mDEBUG [0m]: renderer: rendered a snapshot of layer 55dfae64ffd0
[1;32mDEBUG [0m]: renderer: made a snapshot of layer 55dfae64ffd0
[1;32mDEBUG [0m]: LayerSurface 55dfae64fb70 destroyed
[1;32mDEBUG [0m]: CWLSurface 55dfae637210 called destroy()
[1;32mDEBUG [0m]: LayerSurface 55dfae64e190 unmapped
[1;32mDEBUG [0m]: renderer: making a snapshot of layer 55dfae64e620
[1;32mDEBUG [0m]: Framebuffer "layer snapshot" created, status 36053
[1;32mDEBUG [0m]: renderer: cleared a snapshot of layer 55dfae64e620
[1;32mDEBUG [0m]: renderer: rendered a snapshot of layer 55dfae64e620
[1;32mDEBUG [0m]: renderer: made a snapshot of layer 55dfae64e620
[1;32mDEBUG [0m]: LayerSurface 55dfae64e190 destroyed
[1;32mDEBUG [0m]: CWLSurface 55dfae6509b0 called destroy()
[1;32mDEBUG [0m]: Cleanup: removed 2 fadeouts
[1;32mDEBUG [0m]: Cleanup: removed 2 fadeouts
[1;32mDEBUG [0m]: Hyprland received signal 15
[1;32mDEBUG [0m]: Hyprland is stopping!
[1;32mDEBUG [0m]: Kicked off the event loop! :(
[1;32mDEBUG [0m]: Monitor WAYLAND-1 -> destroyed all render data
[1;32mDEBUG [0m]: Monitor HEADLESS-1 -> destroyed all render data
[1;32mDEBUG [0m]: Destroying workspace ID 3
[1;32mDEBUG [0m]: Destroying workspace ID 1
[1;32mDEBUG [0m]: Hyprland has reached the end.
