[1;32mDEBUG [0m]: User-specified config location: '/tmp/pw-gseiuxm9/hyprland.conf'
Welcome to Hyprland!

                                                  
                     YY    UJ                     
                    YYY    UUJ                    
                   XXXY    UUUU                   
                  zXXXX    UUUUU                  
                zzzzX        UUUUJ                
               cczzz          UUUUJ               
             vccccz            UUUUUJ             
            vvcccc              UUUUUJ            
           vvvvv                  UUUUJ           
          uuuvv                    UUUUJ          
         uuuuu                      UUUUU         
        nnnuu                        UUUUU        
       nnnnn                          YUUUU       
       xxnn                            YUUU       
       xxxn                            YYUU       
      xxxx                              YYUU      
      rxxx                              YYYY      
      rrrx                              YYYY      
       rrrx                            XXXY       
       rrrr                            XXXX       
        rrrr                          zzXX        
         rrrr                        zzzz         
          rrrrr                    ccczz          
           rrrrrx                vccccc           
             rrrrxxxx        uuvvvvvc             
                rrxxxxxxnnnnuuuuuv                
                    xxxxxnnnnu                    



[1;33mWARN [0m]: Failed to change process scheduling strategy
[!!WARNING!!] XDG_RUNTIME_DIR looks non-standard. Proceeding anyways...
DEBUG ]: Old rlimit: soft -> 1024, hard -> 524288
DEBUG ]: New rlimit: soft -> 524288, hard -> 524288
WARN ]: WARNING: Hyprland is being launched without start-hyprland. This is highly advised against.
DEBUG ]: Creating the EventLoopManager!
DEBUG ]: Creating the KeybindManager!
DEBUG ]: Creating the AnimationManager!
DEBUG ]: Creating the DynamicPermissionManager!
DEBUG ]: Creating the MonitorState!
DEBUG ]: Creating the WorkspaceState!
DEBUG ]: Creating the ConfigManager!
DEBUG ]: [cfg] Config is either explicit or special.
DEBUG ]: [cfg] Config is NOT lua, loading regular mgr
DEBUG ]: Using config: /tmp/pw-gseiuxm9/hyprland.conf
DEBUG ]: !!!!HEY YOU, YES YOU!!!!: further logs to stdout / logfile are disabled by default. BEFORE SENDING THIS LOG, ENABLE THEM. Use debug:disable_logs = false to do so: https://wiki.hypr.land/Configuring/Basics/Variables/#debug
DEBUG ]: Creating the Error Overlay!
DEBUG ]: Creating the LayoutManager!
DEBUG ]: Creating the TokenManager!
DEBUG ]: Creating the EventManager!
DEBUG ]: Using config: /tmp/pw-gseiuxm9/hyprland.conf
DEBUG ]: Creating the PointerManager!
DEBUG ]: Creating the AsyncResourceGatherer!
[1;32mDEBUG [0mfrom aquamarine ]: Creating an Aquamarine backend!
[1;32mDEBUG [0mfrom aquamarine ]: [libseat] [libseat/backend/seatd.c:64] Could not connect to socket /run/seatd.sock: No such file or directory
[1;32mDEBUG [0mfrom aquamarine ]: [libseat] [libseat/libseat.c:76] Backend 'seatd' failed to open seat, skipping
[1;31mERR [0mfrom aquamarine ]: [libseat] [libseat/backend/logind.c:638] Could not get primary session for user: No data available
[1;32mDEBUG [0mfrom aquamarine ]: [libseat] [libseat/libseat.c:76] Backend 'logind' failed to open seat, skipping
[1;31mERR [0mfrom aquamarine ]: [libseat] [libseat/libseat.c:79] No backend was able to open a seat
[1;31mERR [0mfrom aquamarine ]: libseat: failed to open a seat
[1;31mERR [0mfrom aquamarine ]: Failed to open a session
[1;31mERR [0mfrom aquamarine ]: DRM Backend failed
[1;32mDEBUG [0mfrom aquamarine ]: Starting the Aquamarine backend!
[1;32mDEBUG [0mfrom aquamarine ]: Starting the Wayland backend!
[1;32mDEBUG [0mfrom aquamarine ]: Connected to a wayland compositor: unknown (XDG_CURRENT_DEKSTOP unset?)
[1;32mDEBUG [0mfrom aquamarine ]: Got registry at 0x55a79e45eea0
[1;32mDEBUG [0mfrom aquamarine ]: New wayland keyboard wl_keyboard
[1;32mDEBUG [0mfrom aquamarine ]: New wayland pointer wl_pointer
[1;32mDEBUG [0mfrom aquamarine ]: zwp_linux_dmabuf_v1: Got format AB4H with modifier LINEAR
[1;32mDEBUG [0mfrom aquamarine ]: zwp_linux_dmabuf_v1: Got format AB4H with modifier X_TILED
[1;32mDEBUG [0mfrom aquamarine ]: zwp_linux_dmabuf_v1: Got format AB4H with modifier 4_TILED
[1;32mDEBUG [0mfrom aquamarine ]: zwp_linux_dmabuf_v1: Got format AB4H with modifier 4_TILED_LNL_CCS
[1;32mDEBUG [0mfrom aquamarine ]: zwp_linux_dmabuf_v1: Got format AB4H with modifier INVALID
[1;32mDEBUG [0mfrom aquamarine ]: zwp_linux_dmabuf_v1: Got format XB4H with modifier LINEAR
[1;32mDEBUG [0mfrom aquamarine ]: zwp_linux_dmabuf_v1: Got format XB4H with modifier X_TILED
[1;32mDEBUG [0mfrom aquamarine ]: zwp_linux_dmabuf_v1: Got format XB4H with modifier 4_TILED
[1;32mDEBUG [0mfrom aquamarine ]: zwp_linux_dmabuf_v1: Got format XB4H with modifier 4_TILED_LNL_CCS
[1;32mDEBUG [0mfrom aquamarine ]: zwp_linux_dmabuf_v1: Got format XB4H with modifier INVALID
[1;32mDEBUG [0mfrom aquamarine ]: zwp_linux_dmabuf_v1: Got format AB48 with modifier LINEAR
[1;32mDEBUG [0mfrom aquamarine ]: zwp_linux_dmabuf_v1: Got format AB48 with modifier X_TILED
[1;32mDEBUG [0mfrom aquamarine ]: zwp_linux_dmabuf_v1: Got format AB48 with modifier 4_TILED
[1;32mDEBUG [0mfrom aquamarine ]: zwp_linux_dmabuf_v1: Got format AB48 with modifier 4_TILED_LNL_CCS
[1;32mDEBUG [0mfrom aquamarine ]: zwp_linux_dmabuf_v1: Got format AB48 with modifier INVALID
[1;32mDEBUG [0mfrom aquamarine ]: zwp_linux_dmabuf_v1: Got format XB48 with modifier LINEAR
[1;32mDEBUG [0mfrom aquamarine ]: zwp_linux_dmabuf_v1: Got format XB48 with modifier X_TILED
[1;32mDEBUG [0mfrom aquamarine ]: zwp_linux_dmabuf_v1: Got format XB48 with modifier 4_TILED
[1;32mDEBUG [0mfrom aquamarine ]: zwp_linux_dmabuf_v1: Got format XB48 with modifier 4_TILED_LNL_CCS
[1;32mDEBUG [0mfrom aquamarine ]: zwp_linux_dmabuf_v1: Got format XB48 with modifier INVALID
[1;32mDEBUG [0mfrom aquamarine ]: zwp_linux_dmabuf_v1: Got format AR30 with modifier LINEAR
[1;32mDEBUG [0mfrom aquamarine ]: zwp_linux_dmabuf_v1: Got format AR30 with modifier X_TILED
[1;32mDEBUG [0mfrom aquamarine ]: zwp_linux_dmabuf_v1: Got format AR30 with modifier 4_TILED
[1;32mDEBUG [0mfrom aquamarine ]: zwp_linux_dmabuf_v1: Got format AR30 with modifier 4_TILED_LNL_CCS
[1;32mDEBUG [0mfrom aquamarine ]: zwp_linux_dmabuf_v1: Got format AR30 with modifier INVALID
[1;32mDEBUG [0mfrom aquamarine ]: zwp_linux_dmabuf_v1: Got format XR30 with modifier LINEAR
[1;32mDEBUG [0mfrom aquamarine ]: zwp_linux_dmabuf_v1: Got format XR30 with modifier X_TILED
[1;32mDEBUG [0mfrom aquamarine ]: zwp_linux_dmabuf_v1: Got format XR30 with modifier 4_TILED
[1;32mDEBUG [0mfrom aquamarine ]: zwp_linux_dmabuf_v1: Got format XR30 with modifier 4_TILED_LNL_CCS
[1;32mDEBUG [0mfrom aquamarine ]: zwp_linux_dmabuf_v1: Got format XR30 with modifier INVALID
[1;32mDEBUG [0mfrom aquamarine ]: zwp_linux_dmabuf_v1: Got format AB30 with modifier LINEAR
[1;32mDEBUG [0mfrom aquamarine ]: zwp_linux_dmabuf_v1: Got format AB30 with modifier X_TILED
[1;32mDEBUG [0mfrom aquamarine ]: zwp_linux_dmabuf_v1: Got format AB30 with modifier 4_TILED
[1;32mDEBUG [0mfrom aquamarine ]: zwp_linux_dmabuf_v1: Got format AB30 with modifier 4_TILED_LNL_CCS
[1;32mDEBUG [0mfrom aquamarine ]: zwp_linux_dmabuf_v1: Got format AB30 with modifier INVALID
[1;32mDEBUG [0mfrom aquamarine ]: zwp_linux_dmabuf_v1: Got format XB30 with modifier LINEAR
[1;32mDEBUG [0mfrom aquamarine ]: zwp_linux_dmabuf_v1: Got format XB30 with modifier X_TILED
[1;32mDEBUG [0mfrom aquamarine ]: zwp_linux_dmabuf_v1: Got format XB30 with modifier 4_TILED
[1;32mDEBUG [0mfrom aquamarine ]: zwp_linux_dmabuf_v1: Got format XB30 with modifier 4_TILED_LNL_CCS
[1;32mDEBUG [0mfrom aquamarine ]: zwp_linux_dmabuf_v1: Got format XB30 with modifier INVALID
[1;32mDEBUG [0mfrom aquamarine ]: zwp_linux_dmabuf_v1: Got format AR24 with modifier LINEAR
[1;32mDEBUG [0mfrom aquamarine ]: zwp_linux_dmabuf_v1: Got format AR24 with modifier X_TILED
[1;32mDEBUG [0mfrom aquamarine ]: zwp_linux_dmabuf_v1: Got format AR24 with modifier 4_TILED
[1;32mDEBUG [0mfrom aquamarine ]: zwp_linux_dmabuf_v1: Got format AR24 with modifier 4_TILED_LNL_CCS
[1;32mDEBUG [0mfrom aquamarine ]: zwp_linux_dmabuf_v1: Got format AR24 with modifier INVALID
[1;32mDEBUG [0mfrom aquamarine ]: zwp_linux_dmabuf_v1: Got format AB24 with modifier LINEAR
[1;32mDEBUG [0mfrom aquamarine ]: zwp_linux_dmabuf_v1: Got format AB24 with modifier X_TILED
[1;32mDEBUG [0mfrom aquamarine ]: zwp_linux_dmabuf_v1: Got format AB24 with modifier 4_TILED
[1;32mDEBUG [0mfrom aquamarine ]: zwp_linux_dmabuf_v1: Got format AB24 with modifier 4_TILED_LNL_CCS
[1;32mDEBUG [0mfrom aquamarine ]: zwp_linux_dmabuf_v1: Got format AB24 with modifier INVALID
[1;32mDEBUG [0mfrom aquamarine ]: zwp_linux_dmabuf_v1: Got format XR24 with modifier LINEAR
[1;32mDEBUG [0mfrom aquamarine ]: zwp_linux_dmabuf_v1: Got format XR24 with modifier X_TILED
[1;32mDEBUG [0mfrom aquamarine ]: zwp_linux_dmabuf_v1: Got format XR24 with modifier 4_TILED
[1;32mDEBUG [0mfrom aquamarine ]: zwp_linux_dmabuf_v1: Got format XR24 with modifier 4_TILED_LNL_CCS
[1;32mDEBUG [0mfrom aquamarine ]: zwp_linux_dmabuf_v1: Got format XR24 with modifier INVALID
[1;32mDEBUG [0mfrom aquamarine ]: zwp_linux_dmabuf_v1: Got format XB24 with modifier LINEAR
[1;32mDEBUG [0mfrom aquamarine ]: zwp_linux_dmabuf_v1: Got format XB24 with modifier X_TILED
[1;32mDEBUG [0mfrom aquamarine ]: zwp_linux_dmabuf_v1: Got format XB24 with modifier 4_TILED
[1;32mDEBUG [0mfrom aquamarine ]: zwp_linux_dmabuf_v1: Got format XB24 with modifier 4_TILED_LNL_CCS
[1;32mDEBUG [0mfrom aquamarine ]: zwp_linux_dmabuf_v1: Got format XB24 with modifier INVALID
[1;32mDEBUG [0mfrom aquamarine ]: zwp_linux_dmabuf_v1: Got format AR15 with modifier LINEAR
[1;32mDEBUG [0mfrom aquamarine ]: zwp_linux_dmabuf_v1: Got format AR15 with modifier X_TILED
[1;32mDEBUG [0mfrom aquamarine ]: zwp_linux_dmabuf_v1: Got format AR15 with modifier 4_TILED
[1;32mDEBUG [0mfrom aquamarine ]: zwp_linux_dmabuf_v1: Got format AR15 with modifier 4_TILED_LNL_CCS
[1;32mDEBUG [0mfrom aquamarine ]: zwp_linux_dmabuf_v1: Got format AR15 with modifier INVALID
[1;32mDEBUG [0mfrom aquamarine ]: zwp_linux_dmabuf_v1: Got format AR12 with modifier LINEAR
[1;32mDEBUG [0mfrom aquamarine ]: zwp_linux_dmabuf_v1: Got format AR12 with modifier X_TILED
[1;32mDEBUG [0mfrom aquamarine ]: zwp_linux_dmabuf_v1: Got format AR12 with modifier 4_TILED
[1;32mDEBUG [0mfrom aquamarine ]: zwp_linux_dmabuf_v1: Got format AR12 with modifier 4_TILED_LNL_CCS
[1;32mDEBUG [0mfrom aquamarine ]: zwp_linux_dmabuf_v1: Got format AR12 with modifier INVALID
[1;32mDEBUG [0mfrom aquamarine ]: zwp_linux_dmabuf_v1: Got format RG16 with modifier LINEAR
[1;32mDEBUG [0mfrom aquamarine ]: zwp_linux_dmabuf_v1: Got format RG16 with modifier X_TILED
[1;32mDEBUG [0mfrom aquamarine ]: zwp_linux_dmabuf_v1: Got format RG16 with modifier 4_TILED
[1;32mDEBUG [0mfrom aquamarine ]: zwp_linux_dmabuf_v1: Got format RG16 with modifier 4_TILED_LNL_CCS
[1;32mDEBUG [0mfrom aquamarine ]: zwp_linux_dmabuf_v1: Got format RG16 with modifier INVALID
[1;32mDEBUG [0mfrom aquamarine ]: zwp_linux_dmabuf_v1: Got format R8 with modifier LINEAR
[1;32mDEBUG [0mfrom aquamarine ]: zwp_linux_dmabuf_v1: Got format R8 with modifier X_TILED
[1;32mDEBUG [0mfrom aquamarine ]: zwp_linux_dmabuf_v1: Got format R8 with modifier 4_TILED
[1;32mDEBUG [0mfrom aquamarine ]: zwp_linux_dmabuf_v1: Got format R8 with modifier 4_TILED_LNL_CCS
[1;32mDEBUG [0mfrom aquamarine ]: zwp_linux_dmabuf_v1: Got format R8 with modifier INVALID
[1;32mDEBUG [0mfrom aquamarine ]: zwp_linux_dmabuf_v1: Got format R16 with modifier LINEAR
[1;32mDEBUG [0mfrom aquamarine ]: zwp_linux_dmabuf_v1: Got format R16 with modifier X_TILED
[1;32mDEBUG [0mfrom aquamarine ]: zwp_linux_dmabuf_v1: Got format R16 with modifier 4_TILED
[1;32mDEBUG [0mfrom aquamarine ]: zwp_linux_dmabuf_v1: Got format R16 with modifier 4_TILED_LNL_CCS
[1;32mDEBUG [0mfrom aquamarine ]: zwp_linux_dmabuf_v1: Got format R16 with modifier INVALID
[1;32mDEBUG [0mfrom aquamarine ]: zwp_linux_dmabuf_v1: Got format GR88 with modifier LINEAR
[1;32mDEBUG [0mfrom aquamarine ]: zwp_linux_dmabuf_v1: Got format GR88 with modifier X_TILED
[1;32mDEBUG [0mfrom aquamarine ]: zwp_linux_dmabuf_v1: Got format GR88 with modifier 4_TILED
[1;32mDEBUG [0mfrom aquamarine ]: zwp_linux_dmabuf_v1: Got format GR88 with modifier 4_TILED_LNL_CCS
[1;32mDEBUG [0mfrom aquamarine ]: zwp_linux_dmabuf_v1: Got format GR88 with modifier INVALID
[1;32mDEBUG [0mfrom aquamarine ]: zwp_linux_dmabuf_v1: Got format GR32 with modifier LINEAR
[1;32mDEBUG [0mfrom aquamarine ]: zwp_linux_dmabuf_v1: Got format GR32 with modifier X_TILED
[1;32mDEBUG [0mfrom aquamarine ]: zwp_linux_dmabuf_v1: Got format GR32 with modifier 4_TILED
[1;32mDEBUG [0mfrom aquamarine ]: zwp_linux_dmabuf_v1: Got format GR32 with modifier 4_TILED_LNL_CCS
[1;32mDEBUG [0mfrom aquamarine ]: zwp_linux_dmabuf_v1: Got format GR32 with modifier INVALID
[1;32mDEBUG [0mfrom aquamarine ]: zwp_linux_dmabuf_v1: Got format R  H with modifier LINEAR
[1;32mDEBUG [0mfrom aquamarine ]: zwp_linux_dmabuf_v1: Got format R  H with modifier X_TILED
[1;32mDEBUG [0mfrom aquamarine ]: zwp_linux_dmabuf_v1: Got format R  H with modifier 4_TILED
[1;32mDEBUG [0mfrom aquamarine ]: zwp_linux_dmabuf_v1: Got format R  H with modifier 4_TILED_LNL_CCS
[1;32mDEBUG [0mfrom aquamarine ]: zwp_linux_dmabuf_v1: Got format R  H with modifier INVALID
[1;32mDEBUG [0mfrom aquamarine ]: zwp_linux_dmabuf_v1: Got format R  F with modifier LINEAR
[1;32mDEBUG [0mfrom aquamarine ]: zwp_linux_dmabuf_v1: Got format R  F with modifier X_TILED
[1;32mDEBUG [0mfrom aquamarine ]: zwp_linux_dmabuf_v1: Got format R  F with modifier 4_TILED
[1;32mDEBUG [0mfrom aquamarine ]: zwp_linux_dmabuf_v1: Got format R  F with modifier 4_TILED_LNL_CCS
[1;32mDEBUG [0mfrom aquamarine ]: zwp_linux_dmabuf_v1: Got format R  F with modifier INVALID
[1;32mDEBUG [0mfrom aquamarine ]: zwp_linux_dmabuf_v1: Got format GR H with modifier LINEAR
[1;32mDEBUG [0mfrom aquamarine ]: zwp_linux_dmabuf_v1: Got format GR H with modifier X_TILED
[1;32mDEBUG [0mfrom aquamarine ]: zwp_linux_dmabuf_v1: Got format GR H with modifier 4_TILED
[1;32mDEBUG [0mfrom aquamarine ]: zwp_linux_dmabuf_v1: Got format GR H with modifier 4_TILED_LNL_CCS
[1;32mDEBUG [0mfrom aquamarine ]: zwp_linux_dmabuf_v1: Got format GR H with modifier INVALID
[1;32mDEBUG [0mfrom aquamarine ]: zwp_linux_dmabuf_v1: Got format GR F with modifier LINEAR
[1;32mDEBUG [0mfrom aquamarine ]: zwp_linux_dmabuf_v1: Got format GR F with modifier X_TILED
[1;32mDEBUG [0mfrom aquamarine ]: zwp_linux_dmabuf_v1: Got format GR F with modifier 4_TILED
[1;32mDEBUG [0mfrom aquamarine ]: zwp_linux_dmabuf_v1: Got format GR F with modifier 4_TILED_LNL_CCS
[1;32mDEBUG [0mfrom aquamarine ]: zwp_linux_dmabuf_v1: Got format GR F with modifier INVALID
[1;32mDEBUG [0mfrom aquamarine ]: zwp_linux_dmabuf_v1: Got format AB8F with modifier LINEAR
[1;32mDEBUG [0mfrom aquamarine ]: zwp_linux_dmabuf_v1: Got format AB8F with modifier X_TILED
[1;32mDEBUG [0mfrom aquamarine ]: zwp_linux_dmabuf_v1: Got format AB8F with modifier 4_TILED
[1;32mDEBUG [0mfrom aquamarine ]: zwp_linux_dmabuf_v1: Got format AB8F with modifier 4_TILED_LNL_CCS
[1;32mDEBUG [0mfrom aquamarine ]: zwp_linux_dmabuf_v1: Got format AB8F with modifier INVALID
[1;32mDEBUG [0mfrom aquamarine ]: zwp_linux_dmabuf_v1: Got format YUV9 with modifier INVALID
[1;32mDEBUG [0mfrom aquamarine ]: zwp_linux_dmabuf_v1: Got format YU11 with modifier INVALID
[1;32mDEBUG [0mfrom aquamarine ]: zwp_linux_dmabuf_v1: Got format YU12 with modifier INVALID
[1;32mDEBUG [0mfrom aquamarine ]: zwp_linux_dmabuf_v1: Got format YU16 with modifier INVALID
[1;32mDEBUG [0mfrom aquamarine ]: zwp_linux_dmabuf_v1: Got format YU24 with modifier INVALID
[1;32mDEBUG [0mfrom aquamarine ]: zwp_linux_dmabuf_v1: Got format YVU9 with modifier INVALID
[1;32mDEBUG [0mfrom aquamarine ]: zwp_linux_dmabuf_v1: Got format YV11 with modifier INVALID
[1;32mDEBUG [0mfrom aquamarine ]: zwp_linux_dmabuf_v1: Got format YV12 with modifier INVALID
[1;32mDEBUG [0mfrom aquamarine ]: zwp_linux_dmabuf_v1: Got format YV16 with modifier INVALID
[1;32mDEBUG [0mfrom aquamarine ]: zwp_linux_dmabuf_v1: Got format YV24 with modifier INVALID
[1;32mDEBUG [0mfrom aquamarine ]: zwp_linux_dmabuf_v1: Got format S010 with modifier INVALID
[1;32mDEBUG [0mfrom aquamarine ]: zwp_linux_dmabuf_v1: Got format S210 with modifier INVALID
[1;32mDEBUG [0mfrom aquamarine ]: zwp_linux_dmabuf_v1: Got format S410 with modifier INVALID
[1;32mDEBUG [0mfrom aquamarine ]: zwp_linux_dmabuf_v1: Got format S012 with modifier INVALID
[1;32mDEBUG [0mfrom aquamarine ]: zwp_linux_dmabuf_v1: Got format S212 with modifier INVALID
[1;32mDEBUG [0mfrom aquamarine ]: zwp_linux_dmabuf_v1: Got format S412 with modifier INVALID
[1;32mDEBUG [0mfrom aquamarine ]: zwp_linux_dmabuf_v1: Got format S016 with modifier INVALID
[1;32mDEBUG [0mfrom aquamarine ]: zwp_linux_dmabuf_v1: Got format S216 with modifier INVALID
[1;32mDEBUG [0mfrom aquamarine ]: zwp_linux_dmabuf_v1: Got format S416 with modifier INVALID
[1;32mDEBUG [0mfrom aquamarine ]: zwp_linux_dmabuf_v1: Got format NV12 with modifier INVALID
[1;32mDEBUG [0mfrom aquamarine ]: zwp_linux_dmabuf_v1: Got format NV21 with modifier INVALID
[1;32mDEBUG [0mfrom aquamarine ]: zwp_linux_dmabuf_v1: Got format P010 with modifier INVALID
[1;32mDEBUG [0mfrom aquamarine ]: zwp_linux_dmabuf_v1: Got format P012 with modifier INVALID
[1;32mDEBUG [0mfrom aquamarine ]: zwp_linux_dmabuf_v1: Got format P016 with modifier INVALID
[1;32mDEBUG [0mfrom aquamarine ]: zwp_linux_dmabuf_v1: Got format P030 with modifier INVALID
[1;32mDEBUG [0mfrom aquamarine ]: zwp_linux_dmabuf_v1: Got format NV16 with modifier INVALID
[1;32mDEBUG [0mfrom aquamarine ]: zwp_linux_dmabuf_v1: Got format NV61 with modifier INVALID
[1;32mDEBUG [0mfrom aquamarine ]: zwp_linux_dmabuf_v1: Got format NV24 with modifier INVALID
[1;32mDEBUG [0mfrom aquamarine ]: zwp_linux_dmabuf_v1: Got format NV42 with modifier INVALID
[1;32mDEBUG [0mfrom aquamarine ]: zwp_linux_dmabuf_v1: Got format AYUV with modifier INVALID
[1;32mDEBUG [0mfrom aquamarine ]: zwp_linux_dmabuf_v1: Got format XYUV with modifier INVALID
[1;32mDEBUG [0mfrom aquamarine ]: zwp_linux_dmabuf_v1: Got format Y410 with modifier INVALID
[1;32mDEBUG [0mfrom aquamarine ]: zwp_linux_dmabuf_v1: Got format Y412 with modifier INVALID
[1;32mDEBUG [0mfrom aquamarine ]: zwp_linux_dmabuf_v1: Got format Y416 with modifier INVALID
[1;32mDEBUG [0mfrom aquamarine ]: zwp_linux_dmabuf_v1: Got format YUYV with modifier INVALID
[1;32mDEBUG [0mfrom aquamarine ]: zwp_linux_dmabuf_v1: Got format YVYU with modifier INVALID
[1;32mDEBUG [0mfrom aquamarine ]: zwp_linux_dmabuf_v1: Got format UYVY with modifier INVALID
[1;32mDEBUG [0mfrom aquamarine ]: zwp_linux_dmabuf_v1: Got format VYUY with modifier INVALID
[1;32mDEBUG [0mfrom aquamarine ]: zwp_linux_dmabuf_v1: Got format Y210 with modifier INVALID
[1;32mDEBUG [0mfrom aquamarine ]: zwp_linux_dmabuf_v1: Got format Y212 with modifier INVALID
[1;32mDEBUG [0mfrom aquamarine ]: zwp_linux_dmabuf_v1: Got format Y216 with modifier INVALID
[1;32mDEBUG [0mfrom aquamarine ]: zwp_linux_dmabuf_v1: Got format C8 with modifier 4_TILED_LNL_CCS
[1;32mDEBUG [0mfrom aquamarine ]: zwp_linux_dmabuf_v1: Got format C8 with modifier 4_TILED
[1;32mDEBUG [0mfrom aquamarine ]: zwp_linux_dmabuf_v1: Got format XR4H with modifier 4_TILED_LNL_CCS
[1;32mDEBUG [0mfrom aquamarine ]: zwp_linux_dmabuf_v1: Got format XR4H with modifier 4_TILED
[1;32mDEBUG [0mfrom aquamarine ]: zwp_linux_dmabuf_v1: Got format AR4H with modifier 4_TILED_LNL_CCS
[1;32mDEBUG [0mfrom aquamarine ]: zwp_linux_dmabuf_v1: Got format AR4H with modifier 4_TILED
[1;32mDEBUG [0mfrom aquamarine ]: zwp_linux_dmabuf_v1: Got format YUYV with modifier 4_TILED_LNL_CCS
[1;32mDEBUG [0mfrom aquamarine ]: zwp_linux_dmabuf_v1: Got format YUYV with modifier 4_TILED
[1;32mDEBUG [0mfrom aquamarine ]: zwp_linux_dmabuf_v1: Got format YVYU with modifier 4_TILED_LNL_CCS
[1;32mDEBUG [0mfrom aquamarine ]: zwp_linux_dmabuf_v1: Got format YVYU with modifier 4_TILED
[1;32mDEBUG [0mfrom aquamarine ]: zwp_linux_dmabuf_v1: Got format UYVY with modifier 4_TILED_LNL_CCS
[1;32mDEBUG [0mfrom aquamarine ]: zwp_linux_dmabuf_v1: Got format UYVY with modifier 4_TILED
[1;32mDEBUG [0mfrom aquamarine ]: zwp_linux_dmabuf_v1: Got format VYUY with modifier 4_TILED_LNL_CCS
[1;32mDEBUG [0mfrom aquamarine ]: zwp_linux_dmabuf_v1: Got format VYUY with modifier 4_TILED
[1;32mDEBUG [0mfrom aquamarine ]: zwp_linux_dmabuf_v1: Got format NV12 with modifier 4_TILED_LNL_CCS
[1;32mDEBUG [0mfrom aquamarine ]: zwp_linux_dmabuf_v1: Got format NV12 with modifier 4_TILED
[1;32mDEBUG [0mfrom aquamarine ]: zwp_linux_dmabuf_v1: Got format P010 with modifier 4_TILED_LNL_CCS
[1;32mDEBUG [0mfrom aquamarine ]: zwp_linux_dmabuf_v1: Got format P010 with modifier 4_TILED
[1;32mDEBUG [0mfrom aquamarine ]: zwp_linux_dmabuf_v1: Got format P012 with modifier 4_TILED_LNL_CCS
[1;32mDEBUG [0mfrom aquamarine ]: zwp_linux_dmabuf_v1: Got format P012 with modifier 4_TILED
[1;32mDEBUG [0mfrom aquamarine ]: zwp_linux_dmabuf_v1: Got format P016 with modifier 4_TILED_LNL_CCS
[1;32mDEBUG [0mfrom aquamarine ]: zwp_linux_dmabuf_v1: Got format P016 with modifier 4_TILED
[1;32mDEBUG [0mfrom aquamarine ]: zwp_linux_dmabuf_v1: Got format Y210 with modifier 4_TILED_LNL_CCS
[1;32mDEBUG [0mfrom aquamarine ]: zwp_linux_dmabuf_v1: Got format Y210 with modifier 4_TILED
[1;32mDEBUG [0mfrom aquamarine ]: zwp_linux_dmabuf_v1: Got format Y212 with modifier 4_TILED_LNL_CCS
[1;32mDEBUG [0mfrom aquamarine ]: zwp_linux_dmabuf_v1: Got format Y212 with modifier 4_TILED
[1;32mDEBUG [0mfrom aquamarine ]: zwp_linux_dmabuf_v1: Got format Y216 with modifier 4_TILED_LNL_CCS
[1;32mDEBUG [0mfrom aquamarine ]: zwp_linux_dmabuf_v1: Got format Y216 with modifier 4_TILED
[1;32mDEBUG [0mfrom aquamarine ]: zwp_linux_dmabuf_v1: Got format XYUV with modifier 4_TILED_LNL_CCS
[1;32mDEBUG [0mfrom aquamarine ]: zwp_linux_dmabuf_v1: Got format XYUV with modifier 4_TILED
[1;32mDEBUG [0mfrom aquamarine ]: zwp_linux_dmabuf_v1: Got format XV30 with modifier 4_TILED_LNL_CCS
[1;32mDEBUG [0mfrom aquamarine ]: zwp_linux_dmabuf_v1: Got format XV30 with modifier 4_TILED
[1;32mDEBUG [0mfrom aquamarine ]: zwp_linux_dmabuf_v1: Got format XV36 with modifier 4_TILED_LNL_CCS
[1;32mDEBUG [0mfrom aquamarine ]: zwp_linux_dmabuf_v1: Got format XV36 with modifier 4_TILED
[1;32mDEBUG [0mfrom aquamarine ]: zwp_linux_dmabuf_v1: Got format XV48 with modifier 4_TILED_LNL_CCS
[1;32mDEBUG [0mfrom aquamarine ]: zwp_linux_dmabuf_v1: Got format XV48 with modifier 4_TILED
[1;32mDEBUG [0mfrom aquamarine ]: zwp_linux_dmabuf_v1: Got main device
[1;32mDEBUG [0mfrom aquamarine ]: zwp_linux_dmabuf_v1: Got node /dev/dri/renderD128
[1;32mDEBUG [0mfrom aquamarine ]: zwp_linux_dmabuf_v1: Got done
[1;32mDEBUG [0mfrom aquamarine ]: zwp_linux_dmabuf_v1: opened node /dev/dri/renderD128 with fd 16
[1;32mDEBUG [0mfrom aquamarine ]: Output WAYLAND-1: initialized
[1;32mDEBUG [0mfrom aquamarine ]: reopenDRMNode: opening node /dev/dri/renderD128
[1;32mDEBUG [0mfrom aquamarine ]: Created a GBM allocator with drm fd 17
[1;32mDEBUG [0m]: Instance Signature: efb50993780079460b0cbed1363e2166a2de1d9f_1789588105_579823144
[1;32mDEBUG [0m]: Runtime directory: /tmp/pw-gseiuxm9/r/hypr/efb50993780079460b0cbed1363e2166a2de1d9f_1789588105_579823144
[1;32mDEBUG [0m]: Hyprland PID: 15
[1;32mDEBUG [0m]: ===== SYSTEM INFO: =====
[1;32mDEBUG [0m]: Hyprland 0.56.2 built from branch v0.56.2 at commit efb50993780079460b0cbed1363e2166a2de1d9f clean ([gha] Nix: update inputs).
Date: Wed Aug 5 14:13:21 2026
Tag: v0.56.2, commits: 7661

Libraries:
Hyprgraphics: built against 0.5.1, system has 0.5.1
Hyprutils: built against 0.14.1, system has 0.14.2
Hyprcursor: built against 0.1.13, system has 0.1.13
Hyprlang: built against 0.6.8, system has 0.6.8
Aquamarine: built against 0.15.0, system has 0.15.0

Version ABI string: efb50993780079460b0cbed1363e2166a2de1d9f_aq_0.15_hu_0.14_hg_0.5_hc_0.1_hlg_0.6
no flags were set


System Information:
System name: Linux
Node name: lenovo-x1
Release: 7.2.4-arch1-2
Version: #1 SMP PREEMPT_DYNAMIC Tue, 08 Sep 2026 10:22:31 +0000

Libraries:
Hyprgraphics: built against 0.5.1, system has 0.5.1
Hyprutils: built against 0.14.1, system has 0.14.2
Hyprcursor: built against 0.1.13, system has 0.1.13
Hyprlang: built against 0.6.8, system has 0.6.8
Aquamarine: built against 0.15.0, system has 0.15.0



GPU information: 
00:02.0 VGA compatible controller [0300]: Intel Corporation Panther Lake [Intel Graphics] [8086:b090] (prog-if 00 [VGA controller])


os-release: NAME="Arch Linux"
PRETTY_NAME="Arch Linux"
ID=arch
BUILD_ID=rolling
ANSI_COLOR="38;2;23;147;209"
HOME_URL="https://archlinux.org/"
DOCUMENTATION_URL="https://wiki.archlinux.org/"
SUPPORT_URL="https://bbs.archlinux.org/"
BUG_REPORT_URL="https://gitlab.archlinux.org/groups/archlinux/-/issues"
PRIVACY_POLICY_URL="https://terms.archlinux.org/docs/privacy-policy/"
LOGO=archlinux-logo


plugins:
	unknown: not runtime

Backend: sessionless

Monitor info:

State:

configProvider: hyprlang
backend: wayland



[1;32mDEBUG [0m]: ========================
[1;32mDEBUG [0m]: 


[1;32mDEBUG [0m]: If you are crashing, or encounter any bugs, please consult https://wiki.hypr.land/Crashes-and-Bugs/


[1;32mDEBUG [0m]: 
Current splash: Segmentation fault (core dumped)


[1;32mDEBUG [0m]: Running on DRMFD: 16
[1;32mDEBUG [0m]: Using RENDERNODEFD: 16
[1;32mDEBUG [0m]: DRM DisplayNode syncobj timeline support: yes
[1;32mDEBUG [0m]: DRM RenderNode syncobj timeline support: yes
[1;32mDEBUG [0m]: wl_display_add_socket for wayland-1 succeeded with 0
[1;32mDEBUG [0m]: Creating the CHyprOpenGLImpl!
[1;32mDEBUG [0m]: Supported EGL global extensions: (16) EGL_EXT_device_base EGL_EXT_device_enumeration EGL_EXT_device_query EGL_EXT_platform_base EGL_KHR_client_get_all_proc_addresses EGL_EXT_client_extensions EGL_KHR_debug EGL_EXT_platform_device EGL_EXT_explicit_device EGL_EXT_platform_wayland EGL_KHR_platform_wayland EGL_EXT_platform_x11 EGL_KHR_platform_x11 EGL_EXT_platform_xcb EGL_MESA_platform_gbm EGL_KHR_platform_gbm EGL_MESA_platform_surfaceless
[1;32mDEBUG [0m]: eglDeviceFromDRMFD: No drm devices found
[1;33mWARN [0m]: EGL: EXT_platform_device or EGL_EXT_device_query not supported, using gbm
[1;32mDEBUG [0m]: openRenderNode got drm device /dev/dri/renderD128
[1;32mDEBUG [0m]: EGL: IMG_context_priority supported, requesting high
[1;32mDEBUG [0m]: EGL: EXT_create_context_robustness supported, requesting lose on reset
[1;32mDEBUG [0m]: EGL: Using KHR_context_flush_control
[1;32mDEBUG [0m]: EGL: Got a high priority context
[1;32mDEBUG [0m]: Creating the Hypr OpenGL Renderer!
[1;32mDEBUG [0m]: Using: OpenGL ES 3.2 Mesa 26.2.2-arch1.1
[1;32mDEBUG [0m]: Vendor: Intel
[1;32mDEBUG [0m]: Renderer: Mesa Intel(R) Graphics (PTL)
[1;32mDEBUG [0m]: Supported extensions: (166) GL_EXT_blend_minmax GL_EXT_multi_draw_arrays GL_EXT_texture_filter_anisotropic GL_EXT_texture_compression_s3tc GL_EXT_texture_compression_dxt1 GL_EXT_texture_compression_rgtc GL_EXT_texture_format_BGRA8888 GL_OES_compressed_ETC1_RGB8_texture GL_OES_depth24 GL_OES_element_index_uint GL_OES_fbo_render_mipmap GL_OES_mapbuffer GL_OES_rgb8_rgba8 GL_OES_standard_derivatives GL_OES_stencil8 GL_OES_texture_3D GL_OES_texture_float GL_OES_texture_float_linear GL_OES_texture_half_float GL_OES_texture_half_float_linear GL_OES_texture_npot GL_OES_vertex_half_float GL_EXT_draw_instanced GL_EXT_texture_sRGB_decode GL_OES_EGL_image GL_OES_depth_texture GL_AMD_performance_monitor GL_OES_packed_depth_stencil GL_EXT_texture_type_2_10_10_10_REV GL_NV_conditional_render GL_OES_get_program_binary GL_APPLE_texture_max_level GL_EXT_discard_framebuffer GL_EXT_read_format_bgra GL_EXT_texture_storage GL_NV_pack_subimage GL_NV_texture_barrier GL_EXT_frag_depth GL_NV_fbo_color_attachments GL_OES_EGL_image_external GL_OES_EGL_sync GL_OES_vertex_array_object GL_OES_viewport_array GL_ANGLE_pack_reverse_row_order GL_ANGLE_texture_compression_dxt3 GL_ANGLE_texture_compression_dxt5 GL_EXT_occlusion_query_boolean GL_EXT_robustness GL_EXT_sRGB GL_EXT_texture_rg GL_EXT_unpack_subimage GL_NV_draw_buffers GL_NV_read_buffer GL_NV_read_depth GL_NV_read_depth_stencil GL_NV_read_stencil GL_APPLE_sync GL_EXT_draw_buffers GL_EXT_instanced_arrays GL_EXT_map_buffer_range GL_EXT_shadow_samplers GL_KHR_debug GL_KHR_robustness GL_KHR_texture_compression_astc_ldr GL_NV_generate_mipmap_sRGB GL_NV_pixel_buffer_object GL_OES_depth_texture_cube_map GL_OES_required_internalformat GL_OES_surfaceless_context GL_EXT_color_buffer_float GL_EXT_debug_label GL_EXT_sRGB_write_control GL_EXT_separate_shader_objects GL_EXT_shader_group_vote GL_EXT_shader_implicit_conversions GL_EXT_shader_integer_mix GL_EXT_tessellation_point_size GL_EXT_tessellation_shader GL_INTEL_conservative_rasterization GL_INTEL_performance_query GL_ANDROID_extension_pack_es31a GL_EXT_base_instance GL_EXT_compressed_ETC1_RGB8_sub_texture GL_EXT_copy_image GL_EXT_draw_buffers_indexed GL_EXT_draw_elements_base_vertex GL_EXT_gpu_shader5 GL_EXT_multi_draw_indirect GL_EXT_polygon_offset_clamp GL_EXT_primitive_bounding_box GL_EXT_render_snorm GL_EXT_shader_io_blocks GL_EXT_texture_border_clamp GL_EXT_texture_buffer GL_EXT_texture_cube_map_array GL_EXT_texture_norm16 GL_EXT_texture_view GL_KHR_blend_equation_advanced GL_KHR_context_flush_control GL_KHR_robust_buffer_access_behavior GL_NV_image_formats GL_NV_shader_noperspective_interpolation GL_OES_copy_image GL_OES_draw_buffers_indexed GL_OES_draw_elements_base_vertex GL_OES_gpu_shader5 GL_OES_primitive_bounding_box GL_OES_sample_shading GL_OES_sample_variables GL_OES_shader_io_blocks GL_OES_shader_multisample_interpolation GL_OES_tessellation_point_size GL_OES_tessellation_shader GL_OES_texture_border_clamp GL_OES_texture_buffer GL_OES_texture_cube_map_array GL_OES_texture_stencil8 GL_OES_texture_storage_multisample_2d_array GL_OES_texture_view GL_EXT_blend_func_extended GL_EXT_buffer_storage GL_EXT_float_blend GL_EXT_geometry_point_size GL_EXT_geometry_shader GL_EXT_shader_samples_identical GL_EXT_texture_sRGB_R8 GL_KHR_no_error GL_KHR_texture_compression_astc_sliced_3d GL_NV_fragment_shader_interlock GL_OES_EGL_image_external_essl3 GL_OES_geometry_point_size GL_OES_geometry_shader GL_OES_shader_image_atomic GL_EXT_clear_texture GL_EXT_clip_cull_distance GL_EXT_conservative_depth GL_EXT_disjoint_timer_query GL_EXT_texture_compression_s3tc_srgb GL_MESA_shader_integer_functions GL_EXT_clip_control GL_EXT_color_buffer_half_float GL_EXT_memory_object GL_EXT_memory_object_fd GL_EXT_protected_textures GL_EXT_semaphore GL_EXT_semaphore_fd GL_EXT_texture_compression_bptc GL_EXT_texture_mirror_clamp_to_edge GL_KHR_parallel_shader_compile GL_NV_alpha_to_coverage_dither_control GL_EXT_EGL_image_storage GL_EXT_shader_framebuffer_fetch_non_coherent GL_EXT_texture_shadow_lod GL_INTEL_blackhole_render GL_MESA_framebuffer_flip_y GL_NV_compute_shader_derivatives GL_EXT_demote_to_helper_invocation GL_EXT_depth_clamp GL_EXT_texture_query_lod GL_KHR_shader_subgroup GL_MESA_sampler_objects GL_EXT_EGL_image_storage_compression GL_EXT_texture_storage_compression GL_MESA_bgra GL_MESA_texture_const_bandwidth GL_EXT_shader_clock 
[1;32mDEBUG [0m]: Supported EGL display extensions: (37) EGL_ANDROID_blob_cache EGL_ANDROID_native_fence_sync EGL_EXT_buffer_age EGL_EXT_config_select_group EGL_EXT_create_context_robustness EGL_EXT_image_dma_buf_import EGL_EXT_image_dma_buf_import_modifiers EGL_EXT_protected_content EGL_EXT_query_reset_notification_strategy EGL_EXT_surface_compression EGL_IMG_context_priority EGL_KHR_cl_event2 EGL_KHR_config_attribs EGL_KHR_context_flush_control EGL_KHR_create_context EGL_KHR_create_context_no_error EGL_KHR_fence_sync EGL_KHR_get_all_proc_addresses EGL_KHR_gl_colorspace EGL_KHR_gl_renderbuffer_image EGL_KHR_gl_texture_2D_image EGL_KHR_gl_texture_3D_image EGL_KHR_gl_texture_cubemap_image EGL_KHR_image EGL_KHR_image_base EGL_KHR_image_pixmap EGL_KHR_no_config_context EGL_KHR_partial_update EGL_KHR_reusable_sync EGL_KHR_surfaceless_context EGL_EXT_pixel_format_float EGL_KHR_wait_sync EGL_MESA_configless_context EGL_MESA_gl_interop EGL_MESA_image_dma_buf_export EGL_MESA_query_driver EGL_MESA_x11_native_visual_id 
[1;32mDEBUG [0m]: Supported DMA-BUF formats:
[1;32mDEBUG [0m]: EGL: GPU Supports Format AB4H (0x48344241)
[1;32mDEBUG [0m]: EGL: | with modifier INVALID (0xffffffffffffff)
[1;32mDEBUG [0m]: EGL: | with modifier 4_TILED_LNL_CCS (0x100000000000010)
[1;32mDEBUG [0m]: EGL: | with modifier 4_TILED (0x100000000000009)
[1;32mDEBUG [0m]: EGL: | with modifier X_TILED (0x100000000000001)
[1;32mDEBUG [0m]: EGL: | with modifier LINEAR (0x0)
[1;32mDEBUG [0m]: EGL: GPU Supports Format XB4H (0x48344258)
[1;32mDEBUG [0m]: EGL: | with modifier INVALID (0xffffffffffffff)
[1;32mDEBUG [0m]: EGL: | with modifier 4_TILED_LNL_CCS (0x100000000000010)
[1;32mDEBUG [0m]: EGL: | with modifier 4_TILED (0x100000000000009)
[1;32mDEBUG [0m]: EGL: | with modifier X_TILED (0x100000000000001)
[1;32mDEBUG [0m]: EGL: | with modifier LINEAR (0x0)
[1;32mDEBUG [0m]: EGL: GPU Supports Format AB48 (0x38344241)
[1;32mDEBUG [0m]: EGL: | with modifier INVALID (0xffffffffffffff)
[1;32mDEBUG [0m]: EGL: | with modifier 4_TILED_LNL_CCS (0x100000000000010)
[1;32mDEBUG [0m]: EGL: | with modifier 4_TILED (0x100000000000009)
[1;32mDEBUG [0m]: EGL: | with modifier X_TILED (0x100000000000001)
[1;32mDEBUG [0m]: EGL: | with modifier LINEAR (0x0)
[1;32mDEBUG [0m]: EGL: GPU Supports Format XB48 (0x38344258)
[1;32mDEBUG [0m]: EGL: | with modifier INVALID (0xffffffffffffff)
[1;32mDEBUG [0m]: EGL: | with modifier 4_TILED_LNL_CCS (0x100000000000010)
[1;32mDEBUG [0m]: EGL: | with modifier 4_TILED (0x100000000000009)
[1;32mDEBUG [0m]: EGL: | with modifier X_TILED (0x100000000000001)
[1;32mDEBUG [0m]: EGL: | with modifier LINEAR (0x0)
[1;32mDEBUG [0m]: EGL: GPU Supports Format AR30 (0x30335241)
[1;32mDEBUG [0m]: EGL: | with modifier INVALID (0xffffffffffffff)
[1;32mDEBUG [0m]: EGL: | with modifier 4_TILED_LNL_CCS (0x100000000000010)
[1;32mDEBUG [0m]: EGL: | with modifier 4_TILED (0x100000000000009)
[1;32mDEBUG [0m]: EGL: | with modifier X_TILED (0x100000000000001)
[1;32mDEBUG [0m]: EGL: | with modifier LINEAR (0x0)
[1;32mDEBUG [0m]: EGL: GPU Supports Format XR30 (0x30335258)
[1;32mDEBUG [0m]: EGL: | with modifier INVALID (0xffffffffffffff)
[1;32mDEBUG [0m]: EGL: | with modifier 4_TILED_LNL_CCS (0x100000000000010)
[1;32mDEBUG [0m]: EGL: | with modifier 4_TILED (0x100000000000009)
[1;32mDEBUG [0m]: EGL: | with modifier X_TILED (0x100000000000001)
[1;32mDEBUG [0m]: EGL: | with modifier LINEAR (0x0)
[1;32mDEBUG [0m]: EGL: GPU Supports Format AB30 (0x30334241)
[1;32mDEBUG [0m]: EGL: | with modifier INVALID (0xffffffffffffff)
[1;32mDEBUG [0m]: EGL: | with modifier 4_TILED_LNL_CCS (0x100000000000010)
[1;32mDEBUG [0m]: EGL: | with modifier 4_TILED (0x100000000000009)
[1;32mDEBUG [0m]: EGL: | with modifier X_TILED (0x100000000000001)
[1;32mDEBUG [0m]: EGL: | with modifier LINEAR (0x0)
[1;32mDEBUG [0m]: EGL: GPU Supports Format XB30 (0x30334258)
[1;32mDEBUG [0m]: EGL: | with modifier INVALID (0xffffffffffffff)
[1;32mDEBUG [0m]: EGL: | with modifier 4_TILED_LNL_CCS (0x100000000000010)
[1;32mDEBUG [0m]: EGL: | with modifier 4_TILED (0x100000000000009)
[1;32mDEBUG [0m]: EGL: | with modifier X_TILED (0x100000000000001)
[1;32mDEBUG [0m]: EGL: | with modifier LINEAR (0x0)
[1;32mDEBUG [0m]: EGL: GPU Supports Format AR24 (0x34325241)
[1;32mDEBUG [0m]: EGL: | with modifier INVALID (0xffffffffffffff)
[1;32mDEBUG [0m]: EGL: | with modifier 4_TILED_LNL_CCS (0x100000000000010)
[1;32mDEBUG [0m]: EGL: | with modifier 4_TILED (0x100000000000009)
[1;32mDEBUG [0m]: EGL: | with modifier X_TILED (0x100000000000001)
[1;32mDEBUG [0m]: EGL: | with modifier LINEAR (0x0)
[1;32mDEBUG [0m]: EGL: GPU Supports Format AB24 (0x34324241)
[1;32mDEBUG [0m]: EGL: | with modifier INVALID (0xffffffffffffff)
[1;32mDEBUG [0m]: EGL: | with modifier 4_TILED_LNL_CCS (0x100000000000010)
[1;32mDEBUG [0m]: EGL: | with modifier 4_TILED (0x100000000000009)
[1;32mDEBUG [0m]: EGL: | with modifier X_TILED (0x100000000000001)
[1;32mDEBUG [0m]: EGL: | with modifier LINEAR (0x0)
[1;32mDEBUG [0m]: EGL: GPU Supports Format XR24 (0x34325258)
[1;32mDEBUG [0m]: EGL: | with modifier INVALID (0xffffffffffffff)
[1;32mDEBUG [0m]: EGL: | with modifier 4_TILED_LNL_CCS (0x100000000000010)
[1;32mDEBUG [0m]: EGL: | with modifier 4_TILED (0x100000000000009)
[1;32mDEBUG [0m]: EGL: | with modifier X_TILED (0x100000000000001)
[1;32mDEBUG [0m]: EGL: | with modifier LINEAR (0x0)
[1;32mDEBUG [0m]: EGL: GPU Supports Format XB24 (0x34324258)
[1;32mDEBUG [0m]: EGL: | with modifier INVALID (0xffffffffffffff)
[1;32mDEBUG [0m]: EGL: | with modifier 4_TILED_LNL_CCS (0x100000000000010)
[1;32mDEBUG [0m]: EGL: | with modifier 4_TILED (0x100000000000009)
[1;32mDEBUG [0m]: EGL: | with modifier X_TILED (0x100000000000001)
[1;32mDEBUG [0m]: EGL: | with modifier LINEAR (0x0)
[1;32mDEBUG [0m]: EGL: GPU Supports Format AR15 (0x35315241)
[1;32mDEBUG [0m]: EGL: | with modifier INVALID (0xffffffffffffff)
[1;32mDEBUG [0m]: EGL: | with modifier 4_TILED_LNL_CCS (0x100000000000010)
[1;32mDEBUG [0m]: EGL: | with modifier 4_TILED (0x100000000000009)
[1;32mDEBUG [0m]: EGL: | with modifier X_TILED (0x100000000000001)
[1;32mDEBUG [0m]: EGL: | with modifier LINEAR (0x0)
[1;32mDEBUG [0m]: EGL: GPU Supports Format AR12 (0x32315241)
[1;32mDEBUG [0m]: EGL: | with modifier INVALID (0xffffffffffffff)
[1;32mDEBUG [0m]: EGL: | with modifier 4_TILED_LNL_CCS (0x100000000000010)
[1;32mDEBUG [0m]: EGL: | with modifier 4_TILED (0x100000000000009)
[1;32mDEBUG [0m]: EGL: | with modifier X_TILED (0x100000000000001)
[1;32mDEBUG [0m]: EGL: | with modifier LINEAR (0x0)
[1;32mDEBUG [0m]: EGL: GPU Supports Format RG16 (0x36314752)
[1;32mDEBUG [0m]: EGL: | with modifier INVALID (0xffffffffffffff)
[1;32mDEBUG [0m]: EGL: | with modifier 4_TILED_LNL_CCS (0x100000000000010)
[1;32mDEBUG [0m]: EGL: | with modifier 4_TILED (0x100000000000009)
[1;32mDEBUG [0m]: EGL: | with modifier X_TILED (0x100000000000001)
[1;32mDEBUG [0m]: EGL: | with modifier LINEAR (0x0)
[1;32mDEBUG [0m]: EGL: GPU Supports Format R8 (0x20203852)
[1;32mDEBUG [0m]: EGL: | with modifier INVALID (0xffffffffffffff)
[1;32mDEBUG [0m]: EGL: | with modifier 4_TILED_LNL_CCS (0x100000000000010)
[1;32mDEBUG [0m]: EGL: | with modifier 4_TILED (0x100000000000009)
[1;32mDEBUG [0m]: EGL: | with modifier X_TILED (0x100000000000001)
[1;32mDEBUG [0m]: EGL: | with modifier LINEAR (0x0)
[1;32mDEBUG [0m]: EGL: GPU Supports Format R16 (0x20363152)
[1;32mDEBUG [0m]: EGL: | with modifier INVALID (0xffffffffffffff)
[1;32mDEBUG [0m]: EGL: | with modifier 4_TILED_LNL_CCS (0x100000000000010)
[1;32mDEBUG [0m]: EGL: | with modifier 4_TILED (0x100000000000009)
[1;32mDEBUG [0m]: EGL: | with modifier X_TILED (0x100000000000001)
[1;32mDEBUG [0m]: EGL: | with modifier LINEAR (0x0)
[1;32mDEBUG [0m]: EGL: GPU Supports Format GR88 (0x38385247)
[1;32mDEBUG [0m]: EGL: | with modifier INVALID (0xffffffffffffff)
[1;32mDEBUG [0m]: EGL: | with modifier 4_TILED_LNL_CCS (0x100000000000010)
[1;32mDEBUG [0m]: EGL: | with modifier 4_TILED (0x100000000000009)
[1;32mDEBUG [0m]: EGL: | with modifier X_TILED (0x100000000000001)
[1;32mDEBUG [0m]: EGL: | with modifier LINEAR (0x0)
[1;32mDEBUG [0m]: EGL: GPU Supports Format GR32 (0x32335247)
[1;32mDEBUG [0m]: EGL: | with modifier INVALID (0xffffffffffffff)
[1;32mDEBUG [0m]: EGL: | with modifier 4_TILED_LNL_CCS (0x100000000000010)
[1;32mDEBUG [0m]: EGL: | with modifier 4_TILED (0x100000000000009)
[1;32mDEBUG [0m]: EGL: | with modifier X_TILED (0x100000000000001)
[1;32mDEBUG [0m]: EGL: | with modifier LINEAR (0x0)
[1;32mDEBUG [0m]: EGL: GPU Supports Format R  H (0x48202052)
[1;32mDEBUG [0m]: EGL: | with modifier INVALID (0xffffffffffffff)
[1;32mDEBUG [0m]: EGL: | with modifier 4_TILED_LNL_CCS (0x100000000000010)
[1;32mDEBUG [0m]: EGL: | with modifier 4_TILED (0x100000000000009)
[1;32mDEBUG [0m]: EGL: | with modifier X_TILED (0x100000000000001)
[1;32mDEBUG [0m]: EGL: | with modifier LINEAR (0x0)
[1;32mDEBUG [0m]: EGL: GPU Supports Format R  F (0x46202052)
[1;32mDEBUG [0m]: EGL: | with modifier INVALID (0xffffffffffffff)
[1;32mDEBUG [0m]: EGL: | with modifier 4_TILED_LNL_CCS (0x100000000000010)
[1;32mDEBUG [0m]: EGL: | with modifier 4_TILED (0x100000000000009)
[1;32mDEBUG [0m]: EGL: | with modifier X_TILED (0x100000000000001)
[1;32mDEBUG [0m]: EGL: | with modifier LINEAR (0x0)
[1;32mDEBUG [0m]: EGL: GPU Supports Format GR H (0x48205247)
[1;32mDEBUG [0m]: EGL: | with modifier INVALID (0xffffffffffffff)
[1;32mDEBUG [0m]: EGL: | with modifier 4_TILED_LNL_CCS (0x100000000000010)
[1;32mDEBUG [0m]: EGL: | with modifier 4_TILED (0x100000000000009)
[1;32mDEBUG [0m]: EGL: | with modifier X_TILED (0x100000000000001)
[1;32mDEBUG [0m]: EGL: | with modifier LINEAR (0x0)
[1;32mDEBUG [0m]: EGL: GPU Supports Format GR F (0x46205247)
[1;32mDEBUG [0m]: EGL: | with modifier INVALID (0xffffffffffffff)
[1;32mDEBUG [0m]: EGL: | with modifier 4_TILED_LNL_CCS (0x100000000000010)
[1;32mDEBUG [0m]: EGL: | with modifier 4_TILED (0x100000000000009)
[1;32mDEBUG [0m]: EGL: | with modifier X_TILED (0x100000000000001)
[1;32mDEBUG [0m]: EGL: | with modifier LINEAR (0x0)
[1;32mDEBUG [0m]: EGL: GPU Supports Format AB8F (0x46384241)
[1;32mDEBUG [0m]: EGL: | with modifier INVALID (0xffffffffffffff)
[1;32mDEBUG [0m]: EGL: | with modifier 4_TILED_LNL_CCS (0x100000000000010)
[1;32mDEBUG [0m]: EGL: | with modifier 4_TILED (0x100000000000009)
[1;32mDEBUG [0m]: EGL: | with modifier X_TILED (0x100000000000001)
[1;32mDEBUG [0m]: EGL: | with modifier LINEAR (0x0)
[1;32mDEBUG [0m]: EGL: GPU Supports Format YUV9 (0x39565559)
[1;32mDEBUG [0m]: EGL: | with modifier INVALID (0xffffffffffffff)
[1;32mDEBUG [0m]: EGL: GPU Supports Format YU11 (0x31315559)
[1;32mDEBUG [0m]: EGL: | with modifier INVALID (0xffffffffffffff)
[1;32mDEBUG [0m]: EGL: GPU Supports Format YU12 (0x32315559)
[1;32mDEBUG [0m]: EGL: | with modifier INVALID (0xffffffffffffff)
[1;32mDEBUG [0m]: EGL: GPU Supports Format YU16 (0x36315559)
[1;32mDEBUG [0m]: EGL: | with modifier INVALID (0xffffffffffffff)
[1;32mDEBUG [0m]: EGL: GPU Supports Format YU24 (0x34325559)
[1;32mDEBUG [0m]: EGL: | with modifier INVALID (0xffffffffffffff)
[1;32mDEBUG [0m]: EGL: GPU Supports Format YVU9 (0x39555659)
[1;32mDEBUG [0m]: EGL: | with modifier INVALID (0xffffffffffffff)
[1;32mDEBUG [0m]: EGL: GPU Supports Format YV11 (0x31315659)
[1;32mDEBUG [0m]: EGL: | with modifier INVALID (0xffffffffffffff)
[1;32mDEBUG [0m]: EGL: GPU Supports Format YV12 (0x32315659)
[1;32mDEBUG [0m]: EGL: | with modifier INVALID (0xffffffffffffff)
[1;32mDEBUG [0m]: EGL: GPU Supports Format YV16 (0x36315659)
[1;32mDEBUG [0m]: EGL: | with modifier INVALID (0xffffffffffffff)
[1;32mDEBUG [0m]: EGL: GPU Supports Format YV24 (0x34325659)
[1;32mDEBUG [0m]: EGL: | with modifier INVALID (0xffffffffffffff)
[1;32mDEBUG [0m]: EGL: GPU Supports Format S010 (0x30313053)
[1;32mDEBUG [0m]: EGL: | with modifier INVALID (0xffffffffffffff)
[1;32mDEBUG [0m]: EGL: GPU Supports Format S210 (0x30313253)
[1;32mDEBUG [0m]: EGL: | with modifier INVALID (0xffffffffffffff)
[1;32mDEBUG [0m]: EGL: GPU Supports Format S410 (0x30313453)
[1;32mDEBUG [0m]: EGL: | with modifier INVALID (0xffffffffffffff)
[1;32mDEBUG [0m]: EGL: GPU Supports Format S012 (0x32313053)
[1;32mDEBUG [0m]: EGL: | with modifier INVALID (0xffffffffffffff)
[1;32mDEBUG [0m]: EGL: GPU Supports Format S212 (0x32313253)
[1;32mDEBUG [0m]: EGL: | with modifier INVALID (0xffffffffffffff)
[1;32mDEBUG [0m]: EGL: GPU Supports Format S412 (0x32313453)
[1;32mDEBUG [0m]: EGL: | with modifier INVALID (0xffffffffffffff)
[1;32mDEBUG [0m]: EGL: GPU Supports Format S016 (0x36313053)
[1;32mDEBUG [0m]: EGL: | with modifier INVALID (0xffffffffffffff)
[1;32mDEBUG [0m]: EGL: GPU Supports Format S216 (0x36313253)
[1;32mDEBUG [0m]: EGL: | with modifier INVALID (0xffffffffffffff)
[1;32mDEBUG [0m]: EGL: GPU Supports Format S416 (0x36313453)
[1;32mDEBUG [0m]: EGL: | with modifier INVALID (0xffffffffffffff)
[1;32mDEBUG [0m]: EGL: GPU Supports Format NV12 (0x3231564e)
[1;32mDEBUG [0m]: EGL: | with modifier INVALID (0xffffffffffffff)
[1;32mDEBUG [0m]: EGL: GPU Supports Format NV21 (0x3132564e)
[1;32mDEBUG [0m]: EGL: | with modifier INVALID (0xffffffffffffff)
[1;32mDEBUG [0m]: EGL: GPU Supports Format P010 (0x30313050)
[1;32mDEBUG [0m]: EGL: | with modifier INVALID (0xffffffffffffff)
[1;32mDEBUG [0m]: EGL: GPU Supports Format P012 (0x32313050)
[1;32mDEBUG [0m]: EGL: | with modifier INVALID (0xffffffffffffff)
[1;32mDEBUG [0m]: EGL: GPU Supports Format P016 (0x36313050)
[1;32mDEBUG [0m]: EGL: | with modifier INVALID (0xffffffffffffff)
[1;32mDEBUG [0m]: EGL: GPU Supports Format P030 (0x30333050)
[1;32mDEBUG [0m]: EGL: | with modifier INVALID (0xffffffffffffff)
[1;32mDEBUG [0m]: EGL: GPU Supports Format NV16 (0x3631564e)
[1;32mDEBUG [0m]: EGL: | with modifier INVALID (0xffffffffffffff)
[1;32mDEBUG [0m]: EGL: GPU Supports Format NV61 (0x3136564e)
[1;32mDEBUG [0m]: EGL: | with modifier INVALID (0xffffffffffffff)
[1;32mDEBUG [0m]: EGL: GPU Supports Format NV24 (0x3432564e)
[1;32mDEBUG [0m]: EGL: | with modifier INVALID (0xffffffffffffff)
[1;32mDEBUG [0m]: EGL: GPU Supports Format NV42 (0x3234564e)
[1;32mDEBUG [0m]: EGL: | with modifier INVALID (0xffffffffffffff)
[1;32mDEBUG [0m]: EGL: GPU Supports Format AYUV (0x56555941)
[1;32mDEBUG [0m]: EGL: | with modifier INVALID (0xffffffffffffff)
[1;32mDEBUG [0m]: EGL: GPU Supports Format XYUV (0x56555958)
[1;32mDEBUG [0m]: EGL: | with modifier INVALID (0xffffffffffffff)
[1;32mDEBUG [0m]: EGL: GPU Supports Format Y410 (0x30313459)
[1;32mDEBUG [0m]: EGL: | with modifier INVALID (0xffffffffffffff)
[1;32mDEBUG [0m]: EGL: GPU Supports Format Y412 (0x32313459)
[1;32mDEBUG [0m]: EGL: | with modifier INVALID (0xffffffffffffff)
[1;32mDEBUG [0m]: EGL: GPU Supports Format Y416 (0x36313459)
[1;32mDEBUG [0m]: EGL: | with modifier INVALID (0xffffffffffffff)
[1;32mDEBUG [0m]: EGL: GPU Supports Format YUYV (0x56595559)
[1;32mDEBUG [0m]: EGL: | with modifier INVALID (0xffffffffffffff)
[1;32mDEBUG [0m]: EGL: GPU Supports Format YVYU (0x55595659)
[1;32mDEBUG [0m]: EGL: | with modifier INVALID (0xffffffffffffff)
[1;32mDEBUG [0m]: EGL: GPU Supports Format UYVY (0x59565955)
[1;32mDEBUG [0m]: EGL: | with modifier INVALID (0xffffffffffffff)
[1;32mDEBUG [0m]: EGL: GPU Supports Format VYUY (0x59555956)
[1;32mDEBUG [0m]: EGL: | with modifier INVALID (0xffffffffffffff)
[1;32mDEBUG [0m]: EGL: GPU Supports Format Y210 (0x30313259)
[1;32mDEBUG [0m]: EGL: | with modifier INVALID (0xffffffffffffff)
[1;32mDEBUG [0m]: EGL: GPU Supports Format Y212 (0x32313259)
[1;32mDEBUG [0m]: EGL: | with modifier INVALID (0xffffffffffffff)
[1;32mDEBUG [0m]: EGL: GPU Supports Format Y216 (0x36313259)
[1;32mDEBUG [0m]: EGL: | with modifier INVALID (0xffffffffffffff)
[1;32mDEBUG [0m]: EGL: 65 formats found in total. Some modifiers may be omitted as they are external-only.
[1;32mDEBUG [0m]: Creating the HyprRenderer!
[1;32mDEBUG [0m]: Aq backend has no session, omitting full DRM node checks
[1;32mDEBUG [0m]: Primary DRM driver information: xe v1.1.0 from 0 description Intel Xe2 Graphics
[1;32mDEBUG [0m]: Creating the ProtocolManager!
[1;32mDEBUG [0m]: [IWaylandProtocol] Registered global [WLSeat]
[1;32mDEBUG [0m]: [IWaylandProtocol] Registered global [WLDataDevice]
[1;32mDEBUG [0m]: [IWaylandProtocol] Registered global [WLCompositor]
[1;32mDEBUG [0m]: [IWaylandProtocol] Registered global [WLSubcompositor]
[1;32mDEBUG [0m]: [IWaylandProtocol] Registered global [WLSHM]
[1;32mDEBUG [0m]: [IWaylandProtocol] Registered global [Viewporter]
[1;32mDEBUG [0m]: [IWaylandProtocol] Registered global [TearingControl]
[1;32mDEBUG [0m]: [IWaylandProtocol] Registered global [FractionalScale]
[1;32mDEBUG [0m]: [IWaylandProtocol] Registered global [XDGOutput]
[1;32mDEBUG [0m]: [IWaylandProtocol] Registered global [CursorShape]
[1;32mDEBUG [0m]: [IWaylandProtocol] Registered global [IdleInhibit]
[1;32mDEBUG [0m]: [IWaylandProtocol] Registered global [RelativePointer]
[1;32mDEBUG [0m]: [IWaylandProtocol] Registered global [XDGDecoration]
[1;32mDEBUG [0m]: [IWaylandProtocol] Registered global [AlphaModifier]
[1;32mDEBUG [0m]: [IWaylandProtocol] Registered global [GammaControl]
[1;32mDEBUG [0m]: [IWaylandProtocol] Registered global [ForeignToplevel]
[1;32mDEBUG [0m]: [IWaylandProtocol] Registered global [PointerGestures]
[1;32mDEBUG [0m]: [IWaylandProtocol] Registered global [ForeignToplevelWlr]
[1;32mDEBUG [0m]: [IWaylandProtocol] Registered global [ShortcutsInhibit]
[1;32mDEBUG [0m]: [IWaylandProtocol] Registered global [TextInputV1]
[1;32mDEBUG [0m]: [IWaylandProtocol] Registered global [TextInputV3]
[1;32mDEBUG [0m]: [IWaylandProtocol] Registered global [PointerConstraints]
[1;32mDEBUG [0m]: [IWaylandProtocol] Registered global [OutputPower]
[1;32mDEBUG [0m]: [IWaylandProtocol] Registered global [XDGActivation]
[1;32mDEBUG [0m]: [IWaylandProtocol] Registered global [IdleNotify]
[1;32mDEBUG [0m]: [IWaylandProtocol] Registered global [IdleNotify]
[1;32mDEBUG [0m]: [IWaylandProtocol] Registered global [SessionLock]
[1;32mDEBUG [0m]: [IWaylandProtocol] Registered global [IMEv2]
[1;32mDEBUG [0m]: [IWaylandProtocol] Registered global [VirtualKeyboard]
[1;32mDEBUG [0m]: [IWaylandProtocol] Registered global [VirtualPointer]
[1;32mDEBUG [0m]: [IWaylandProtocol] Registered global [OutputManagement]
[1;32mDEBUG [0m]: [IWaylandProtocol] Registered global [ServerDecorationKDE]
[1;32mDEBUG [0m]: [IWaylandProtocol] Registered global [FocusGrab]
[1;32mDEBUG [0m]: [IWaylandProtocol] Registered global [TabletV2]
[1;32mDEBUG [0m]: [IWaylandProtocol] Registered global [LayerShell]
[1;32mDEBUG [0m]: [IWaylandProtocol] Registered global [Presentation]
[1;32mDEBUG [0m]: [IWaylandProtocol] Registered global [XDGShell]
[1;32mDEBUG [0m]: [IWaylandProtocol] Registered global [DataDeviceWlr]
[1;32mDEBUG [0m]: [IWaylandProtocol] Registered global [PrimarySelection]
[1;32mDEBUG [0m]: [IWaylandProtocol] Registered global [XWaylandShell]
[1;32mDEBUG [0m]: [IWaylandProtocol] Registered global [ToplevelMapping]
[1;32mDEBUG [0m]: [IWaylandProtocol] Registered global [GlobalShortcuts]
[1;32mDEBUG [0m]: [IWaylandProtocol] Registered global [XDGDialog]
[1;32mDEBUG [0m]: [IWaylandProtocol] Registered global [SinglePixel]
[1;32mDEBUG [0m]: [IWaylandProtocol] Registered global [SecurityContext]
[1;32mDEBUG [0m]: [IWaylandProtocol] Registered global [CTMControl]
[1;32mDEBUG [0m]: [IWaylandProtocol] Registered global [InputCapture]
[1;32mDEBUG [0m]: [IWaylandProtocol] Registered global [HyprlandSurface]
[1;32mDEBUG [0m]: [IWaylandProtocol] Registered global [ContentType]
[1;32mDEBUG [0m]: [IWaylandProtocol] Registered global [XDGTag]
[1;32mDEBUG [0m]: [IWaylandProtocol] Registered global [XDGBell]
[1;32mDEBUG [0m]: [IWaylandProtocol] Registered global [Hotkey]
[1;32mDEBUG [0m]: [IWaylandProtocol] Registered global [ExtWorkspace]
[1;32mDEBUG [0m]: [IWaylandProtocol] Registered global [ExtDataDevice]
[1;32mDEBUG [0m]: [IWaylandProtocol] Registered global [PointerWarp]
[1;32mDEBUG [0m]: [IWaylandProtocol] Registered global [Fifo]
[1;32mDEBUG [0m]: [IWaylandProtocol] Registered global [XDGForeignExporter]
[1;32mDEBUG [0m]: [IWaylandProtocol] Registered global [XDGForeignImporter]
[1;32mDEBUG [0m]: [IWaylandProtocol] Registered global [BackgroundEffect]
[1;32mDEBUG [0m]: [IWaylandProtocol] Registered global [CommitTiming]
[1;32mDEBUG [0m]: [IWaylandProtocol] Registered global [Screencopy]
[1;32mDEBUG [0m]: [IWaylandProtocol] Registered global [ToplevelExport]
[1;32mDEBUG [0m]: [IWaylandProtocol] Registered global [OutputImageCaptureSource]
[1;32mDEBUG [0m]: [IWaylandProtocol] Registered global [ForeignToplevelImageCaptureSource]
[1;32mDEBUG [0m]: [IWaylandProtocol] Registered global [ImageCopyCapture]
[1;32mDEBUG [0m]: [IWaylandProtocol] Registered global [ColorManagement]
[1;32mDEBUG [0m]: [IWaylandProtocol] Registered global [MesaDRM]
[1;32mDEBUG [0m]: [IWaylandProtocol] Registered global [LinuxDMABUF]
[1;32mDEBUG [0m]: Creating the SeatManager!
[1;32mDEBUG [0m]: Creating the SessionLockManager!
[1;32mDEBUG [0m]: Creating CHyprCtl
[1;32mDEBUG [0m]: Hypr socket started at /tmp/pw-gseiuxm9/r/hypr/efb50993780079460b0cbed1363e2166a2de1d9f_1789588105_579823144/.socket.sock
[1;32mDEBUG [0m]: Creating the InputManager!
[1;32mDEBUG [0m]: Creating the XWaylandManager!
[1;32mDEBUG [0m]: Creating the Debug Overlay!
[1;32mDEBUG [0m]: Creating the NotificationOverlay!
[1;32mDEBUG [0m]: Creating the PluginSystem!
[1;32mDEBUG [0m]: Creating the DecorationPositioner!
[1;32mDEBUG [0m]: Creating the CursorManager!
[1;32mDEBUG [0m]: [hc] CHyprcursorManager: attempting to find theme from env
[1;32mDEBUG [0m]: [hc] themeNameFromEnv: env unset
[1;32mDEBUG [0m]: [hc] CHyprcursorManager: attempting to find any theme
[1;32mDEBUG [0m]: [hc] CHyprcursorManager: no themes matched
[1;31mERR [0m]: Hyprcursor failed loading theme "", falling back to Xcursor.
[1;33mWARN [0m]: XCURSOR_SIZE size not set, defaulting to size 24
[1;32mDEBUG [0m]: XCursor scanning theme default
[1;32mDEBUG [0m]: XCursor parsing index.theme /usr/share/icons/default/index.theme
[1;32mDEBUG [0m]: XCursor theme default inherits Adwaita
[1;32mDEBUG [0m]: XCursor scanning theme Adwaita
[1;32mDEBUG [0m]: XCursor using theme path /usr/share/icons/Adwaita/cursors
[1;32mDEBUG [0m]: XCursor parsing index.theme /usr/share/icons/Adwaita/index.theme
[1;32mDEBUG [0m]: XCursor theme Adwaita inherits AdwaitaLegacy
[1;32mDEBUG [0m]: XCursor theme Adwaita inherits hicolor
[1;32mDEBUG [0m]: XCursor scanning theme Adwaita
[1;32mDEBUG [0m]: XCursor using theme path /usr/share/icons/Adwaita/cursors
[1;32mDEBUG [0m]: XCursor parsing index.theme /usr/share/icons/Adwaita/index.theme
[1;32mDEBUG [0m]: XCursor theme Adwaita inherits AdwaitaLegacy
[1;32mDEBUG [0m]: XCursor theme Adwaita inherits hicolor
[1;32mDEBUG [0m]: XCursor scanning theme AdwaitaLegacy
[1;32mDEBUG [0m]: XCursor parsing index.theme /usr/share/icons/AdwaitaLegacy/index.theme
[1;32mDEBUG [0m]: XCursor theme AdwaitaLegacy inherits hicolor
[1;32mDEBUG [0m]: XCursor scanning theme hicolor
[1;32mDEBUG [0m]: XCursor parsing index.theme /usr/share/icons/hicolor/index.theme
[1;32mDEBUG [0m]: XCursor already has a shape default loaded, skipping
[1;32mDEBUG [0m]: XCursor already has a shape context-menu loaded, skipping
[1;32mDEBUG [0m]: XCursor already has a shape help loaded, skipping
[1;32mDEBUG [0m]: XCursor already has a shape pointer loaded, skipping
[1;32mDEBUG [0m]: XCursor already has a shape progress loaded, skipping
[1;32mDEBUG [0m]: XCursor already has a shape wait loaded, skipping
[1;32mDEBUG [0m]: XCursor failed to find a legacy shape with name plus, skipping
[1;32mDEBUG [0m]: XCursor already has a shape crosshair loaded, skipping
[1;32mDEBUG [0m]: XCursor already has a shape text loaded, skipping
[1;32mDEBUG [0m]: XCursor already has a shape vertical-text loaded, skipping
[1;32mDEBUG [0m]: XCursor failed to find a legacy shape with name dnd-link, skipping
[1;32mDEBUG [0m]: XCursor failed to find a legacy shape with name dnd-copy, skipping
[1;32mDEBUG [0m]: XCursor already has a shape move loaded, skipping
[1;32mDEBUG [0m]: XCursor failed to find a legacy shape with name dnd-none, skipping
[1;32mDEBUG [0m]: XCursor failed to find a legacy shape with name crossed_circle, skipping
[1;32mDEBUG [0m]: XCursor already has a shape grab loaded, skipping
[1;32mDEBUG [0m]: XCursor already has a shape grabbing loaded, skipping
[1;32mDEBUG [0m]: XCursor already has a shape e-resize loaded, skipping
[1;32mDEBUG [0m]: XCursor already has a shape n-resize loaded, skipping
[1;32mDEBUG [0m]: XCursor already has a shape ne-resize loaded, skipping
[1;32mDEBUG [0m]: XCursor already has a shape nw-resize loaded, skipping
[1;32mDEBUG [0m]: XCursor already has a shape s-resize loaded, skipping
[1;32mDEBUG [0m]: XCursor already has a shape se-resize loaded, skipping
[1;32mDEBUG [0m]: XCursor already has a shape sw-resize loaded, skipping
[1;32mDEBUG [0m]: XCursor already has a shape w-resize loaded, skipping
[1;32mDEBUG [0m]: XCursor already has a shape ew-resize loaded, skipping
[1;32mDEBUG [0m]: XCursor already has a shape ns-resize loaded, skipping
[1;32mDEBUG [0m]: XCursor already has a shape nesw-resize loaded, skipping
[1;32mDEBUG [0m]: XCursor already has a shape nwse-resize loaded, skipping
[1;32mDEBUG [0m]: XCursor already has a shape col-resize loaded, skipping
[1;32mDEBUG [0m]: XCursor already has a shape row-resize loaded, skipping
[1;32mDEBUG [0m]: XCursor already has a shape all-scroll loaded, skipping
[1;32mDEBUG [0m]: XCursor already has a shape zoom-in loaded, skipping
[1;32mDEBUG [0m]: XCursor already has a shape zoom-out loaded, skipping
[1;32mDEBUG [0m]: XCursor failed to find a legacy shape with name dnd-copy, skipping
[1;32mDEBUG [0m]: XCursor already has a shape all-resize loaded, skipping
[1;33mWARN [0m]: GSettings default schema source does not exist, can't sync GSettings
[1;33mWARN [0m]: GSettings parameter doesn't exist cursor-theme in org.gnome.desktop.interface
[1;33mWARN [0m]: GSettings default schema source does not exist, can't sync GSettings
[1;33mWARN [0m]: GSettings parameter doesn't exist cursor-size in org.gnome.desktop.interface
[1;32mDEBUG [0m]: [hc] CHyprcursorManager: attempting to find theme from env
[1;32mDEBUG [0m]: [hc] themeNameFromEnv: env unset
[1;32mDEBUG [0m]: [hc] CHyprcursorManager: attempting to find any theme
[1;32mDEBUG [0m]: [hc] CHyprcursorManager: no themes matched
[1;31mERR [0m]: Hyprcursor failed loading theme "", falling back to Xcursor.
[1;33mWARN [0m]: XCURSOR_SIZE size not set, defaulting to size 24
[1;32mDEBUG [0m]: XCursor scanning theme default
[1;32mDEBUG [0m]: XCursor parsing index.theme /usr/share/icons/default/index.theme
[1;32mDEBUG [0m]: XCursor theme default inherits Adwaita
[1;32mDEBUG [0m]: XCursor scanning theme Adwaita
[1;32mDEBUG [0m]: XCursor using theme path /usr/share/icons/Adwaita/cursors
[1;32mDEBUG [0m]: XCursor parsing index.theme /usr/share/icons/Adwaita/index.theme
[1;32mDEBUG [0m]: XCursor theme Adwaita inherits AdwaitaLegacy
[1;32mDEBUG [0m]: XCursor theme Adwaita inherits hicolor
[1;32mDEBUG [0m]: XCursor scanning theme Adwaita
[1;32mDEBUG [0m]: XCursor using theme path /usr/share/icons/Adwaita/cursors
[1;32mDEBUG [0m]: XCursor parsing index.theme /usr/share/icons/Adwaita/index.theme
[1;32mDEBUG [0m]: XCursor theme Adwaita inherits AdwaitaLegacy
[1;32mDEBUG [0m]: XCursor theme Adwaita inherits hicolor
[1;32mDEBUG [0m]: XCursor scanning theme AdwaitaLegacy
[1;32mDEBUG [0m]: XCursor parsing index.theme /usr/share/icons/AdwaitaLegacy/index.theme
[1;32mDEBUG [0m]: XCursor theme AdwaitaLegacy inherits hicolor
[1;32mDEBUG [0m]: XCursor scanning theme hicolor
[1;32mDEBUG [0m]: XCursor parsing index.theme /usr/share/icons/hicolor/index.theme
[1;32mDEBUG [0m]: XCursor already has a shape default loaded, skipping
[1;32mDEBUG [0m]: XCursor already has a shape context-menu loaded, skipping
[1;32mDEBUG [0m]: XCursor already has a shape help loaded, skipping
[1;32mDEBUG [0m]: XCursor already has a shape pointer loaded, skipping
[1;32mDEBUG [0m]: XCursor already has a shape progress loaded, skipping
[1;32mDEBUG [0m]: XCursor already has a shape wait loaded, skipping
[1;32mDEBUG [0m]: XCursor failed to find a legacy shape with name plus, skipping
[1;32mDEBUG [0m]: XCursor already has a shape crosshair loaded, skipping
[1;32mDEBUG [0m]: XCursor already has a shape text loaded, skipping
[1;32mDEBUG [0m]: XCursor already has a shape vertical-text loaded, skipping
[1;32mDEBUG [0m]: XCursor failed to find a legacy shape with name dnd-link, skipping
[1;32mDEBUG [0m]: XCursor failed to find a legacy shape with name dnd-copy, skipping
[1;32mDEBUG [0m]: XCursor already has a shape move loaded, skipping
[1;32mDEBUG [0m]: XCursor failed to find a legacy shape with name dnd-none, skipping
[1;32mDEBUG [0m]: XCursor failed to find a legacy shape with name crossed_circle, skipping
[1;32mDEBUG [0m]: XCursor already has a shape grab loaded, skipping
[1;32mDEBUG [0m]: XCursor already has a shape grabbing loaded, skipping
[1;32mDEBUG [0m]: XCursor already has a shape e-resize loaded, skipping
[1;32mDEBUG [0m]: XCursor already has a shape n-resize loaded, skipping
[1;32mDEBUG [0m]: XCursor already has a shape ne-resize loaded, skipping
[1;32mDEBUG [0m]: XCursor already has a shape nw-resize loaded, skipping
[1;32mDEBUG [0m]: XCursor already has a shape s-resize loaded, skipping
[1;32mDEBUG [0m]: XCursor already has a shape se-resize loaded, skipping
[1;32mDEBUG [0m]: XCursor already has a shape sw-resize loaded, skipping
[1;32mDEBUG [0m]: XCursor already has a shape w-resize loaded, skipping
[1;32mDEBUG [0m]: XCursor already has a shape ew-resize loaded, skipping
[1;32mDEBUG [0m]: XCursor already has a shape ns-resize loaded, skipping
[1;32mDEBUG [0m]: XCursor already has a shape nesw-resize loaded, skipping
[1;32mDEBUG [0m]: XCursor already has a shape nwse-resize loaded, skipping
[1;32mDEBUG [0m]: XCursor already has a shape col-resize loaded, skipping
[1;32mDEBUG [0m]: XCursor already has a shape row-resize loaded, skipping
[1;32mDEBUG [0m]: XCursor already has a shape all-scroll loaded, skipping
[1;32mDEBUG [0m]: XCursor already has a shape zoom-in loaded, skipping
[1;32mDEBUG [0m]: XCursor already has a shape zoom-out loaded, skipping
[1;32mDEBUG [0m]: XCursor failed to find a legacy shape with name dnd-copy, skipping
[1;32mDEBUG [0m]: XCursor already has a shape all-resize loaded, skipping
[1;33mWARN [0m]: GSettings default schema source does not exist, can't sync GSettings
[1;33mWARN [0m]: GSettings parameter doesn't exist cursor-theme in org.gnome.desktop.interface
[1;33mWARN [0m]: GSettings default schema source does not exist, can't sync GSettings
[1;33mWARN [0m]: GSettings parameter doesn't exist cursor-size in org.gnome.desktop.interface
[1;32mDEBUG [0m]: Creating the VersionKeeper!
[1;32mDEBUG [0m]: FsUtils::getDataHome: no hyprland data home, creating.
[1;32mDEBUG [0m]: Creating the DonationNag!
[1;32mDEBUG [0m]: Creating the WelcomeManager!
[1;32mDEBUG [0m]: [welcome] skipping, not autogen
[1;32mDEBUG [0m]: Creating the ANRManager!
[1;32mDEBUG [0m]: Starting XWayland
[1;32mDEBUG [0m]: XWayland has been disabled, cleaning up...
[1;32mDEBUG [0m]: Hyprland init finished.
[1;32mDEBUG [0m]: Running on WAYLAND_DISPLAY: wayland-1
[1;32mDEBUG [0m]: systemd integration is baked in but system itself is not booted à la systemd!
[1;32mDEBUG [0m]: Hyprland is ready, running the event loop!
[1;32mDEBUG [0mfrom aquamarine ]: backend: poll fd 12 for implementation headless
[1;32mDEBUG [0mfrom aquamarine ]: backend: poll fd 14 for implementation wayland
[1;32mDEBUG [0mfrom aquamarine ]: backend: poll fd 13 for idle
[1;32mDEBUG [0m]: New aquamarine keyboard with name wl_keyboard
[1;32mDEBUG [0m]: ApplyConfigToKeyboard for "wl_keyboard", hasconfig: 0
[1;32mDEBUG [0m]: Attempting to create a keymap for layout us with variant  (rules: , model: , options: )
[1;32mDEBUG [0m]: Updating keyboard 55a79e682210's translation state from a provided keymap
[1;32mDEBUG [0m]: xkb: LED index 0 (name Num Lock) got index 1
[1;32mDEBUG [0m]: xkb: LED index 1 (name Caps Lock) got index 0
[1;32mDEBUG [0m]: xkb: LED index 2 (name Scroll Lock) got index 2
[1;32mDEBUG [0m]: xkb: Mod index 0 (name Shift) got index 0
[1;32mDEBUG [0m]: xkb: Mod index 1 (name Lock) got index 1
[1;32mDEBUG [0m]: xkb: Mod index 2 (name Control) got index 2
[1;32mDEBUG [0m]: xkb: Mod index 3 (name Mod1) got index 3
[1;32mDEBUG [0m]: xkb: Mod index 4 (name Mod2) got index 4
[1;32mDEBUG [0m]: xkb: Mod index 5 (name Mod3) got index 5
[1;32mDEBUG [0m]: xkb: Mod index 6 (name Mod4) got index 6
[1;32mDEBUG [0m]: xkb: Mod index 7 (name Mod5) got index 7
[1;32mDEBUG [0m]: Updating keymap fd for keyboard wl_keyboard
[1;32mDEBUG [0m]: Updated keymap fd to 40, keymap V1 to: 42
[1;32mDEBUG [0m]: Set the keyboard layout to us and variant to  for keyboard "wl_keyboard"
[1;32mDEBUG [0m]: New keyboard created, pointers Hypr: 55a79e682210 and AQ: 55a79e466d80
[1;32mDEBUG [0m]: New aquamarine pointer with name wl_pointer
[1;32mDEBUG [0m]: Attached pointer wl_pointer to global
[1;32mDEBUG [0m]: New mouse created, pointer AQ: 55a79e4656a0
[1;32mDEBUG [0m]: New aquamarine output with name WAYLAND-1
[1;32mDEBUG [0m]: [CMonitorStateTracker] New monitor: WAYLAND-1
[1;33mWARN [0m]: No rule found for WAYLAND-1, trying to use the first.
[1;32mDEBUG [0m]: Applying monitor rule for WAYLAND-1
[1;31mERR [0m]: Monitor WAYLAND-1 has NO PREFERRED MODE
[1;32mDEBUG [0mfrom aquamarine ]: GBM: Allocated a new buffer with size [Vector2D: x: 1920, y: 1080] and format XR24 with modifier 0x100000000000010 : 4_TILED_LNL_CCS
[1;32mDEBUG [0mfrom aquamarine ]: GBM: Allocated a new buffer with size [Vector2D: x: 1920, y: 1080] and format XR24 with modifier 0x100000000000010 : 4_TILED_LNL_CCS
[1;32mDEBUG [0mfrom aquamarine ]: GBM: Allocated a new buffer with size [Vector2D: x: 1920, y: 1080] and format XR24 with modifier 0x100000000000010 : 4_TILED_LNL_CCS
[1;32mDEBUG [0mfrom aquamarine ]: Swapchain: Reconfigured a swapchain to [Vector2D: x: 1920, y: 1080] XR24 of length 3
[1;32mDEBUG [0m]: CMonitorState::ensureBufferPresent: no buffer or mismatched format, attaching one from the swapchain for modeset being possible
[1;32mDEBUG [0m]: Monitor WAYLAND-1: requested 1920x1080@60.00Hz, using custom mode 1920x1080@0.00Hz
[1;32mDEBUG [0m]: output WAYLAND-1 succeeded basic test on format DRM_FORMAT_XRGB8888
[1;32mDEBUG [0m]: Starting ScreenshareManager
[1;32mDEBUG [0m]: Monitor WAYLAND-1 -> destroyed all render data
[1;32mDEBUG [0m]: CMonitor::updateVCGTRamps: skipping, no gamma ramp for output
[1;32mDEBUG [0m]: Monitor WAYLAND-1 data dump: res 1920x1080@60.00Hz, scale 1.00, transform 0, pos -1x-1, 10b 0
[1;33mWARN [0mfrom aquamarine ]: Output WAYLAND-1: pending state has a non-released buffer??
[1;32mDEBUG [0m]: Added new monitor with name WAYLAND-1 at [-1, -1] with size [1920, 1080], pointer 55a79e4699d0
[1;32mDEBUG [0m]: New monitor: WORKSPACEID 1, exists: 0
[1;32mDEBUG [0m]: checking if we have seen this monitor before: WAYLAND-1
[1;32mDEBUG [0m]: Monitor WAYLAND-1 was not on any workspace
[1;32mDEBUG [0mfrom aquamarine ]: GBM: Automatically selected format AR24 for new GBM buffer
[1;32mDEBUG [0mfrom aquamarine ]: GBM: Allocated a new buffer with size [Vector2D: x: 24, y: 24] and format AR24 with modifier 0x100000000000010 : 4_TILED_LNL_CCS
[1;32mDEBUG [0mfrom aquamarine ]: GBM: Automatically selected format AR24 for new GBM buffer
[1;32mDEBUG [0mfrom aquamarine ]: GBM: Allocated a new buffer with size [Vector2D: x: 24, y: 24] and format AR24 with modifier 0x100000000000010 : 4_TILED_LNL_CCS
[1;32mDEBUG [0mfrom aquamarine ]: Swapchain: Reconfigured a swapchain to [Vector2D: x: 24, y: 24] AR24 of length 2
[1;32mDEBUG [0m]: Framebuffer "Monitor WAYLAND-1 blur FB" created, status 36053
[1;32mDEBUG [0m]: Shaders initialized successfully.
[1;31mERR [0m]: getConvertedColor: failed to get image description
[1;32mDEBUG [0m]: compiling feature set 1 for surface.frag
[1;32mDEBUG [0m]: [IWaylandProtocol] Registered global [WLOutput (WAYLAND-1)]
[1;32mDEBUG [0m]: arrangeMonitors: 1 to arrange
[1;32mDEBUG [0m]: arrangeMonitors: WAYLAND-1 auto [0, 0]
[1;32mDEBUG [0m]: arrangeMonitors: WAYLAND-1 xwayland [0, 0]
[1;32mDEBUG [0m]: [CXDGOutputProtocol] updating all xdg_output heads
[1;31mERR [0m]: getConvertedColor: failed to get image description
[1;32mDEBUG [0m]: [CXDGOutputProtocol] updating all xdg_output heads
[1;33mWARN [0m]: No rule found for WAYLAND-1, trying to use the first.
[1;32mDEBUG [0m]: ApplyConfigToKeyboard for "wl_keyboard", hasconfig: 0
[1;32mDEBUG [0m]: Not applying config to keyboard, it did not change.
[1;33mWARN [0m]: [FallbackStateKeeper] Start fired, removing fallback timer
[1;32mDEBUG [0m]: Framebuffer "Monitor WAYLAND-1 workbuffer" created, status 36053
[1;32mDEBUG [0m]: compiling feature set 0 for quad.frag
[1;32mDEBUG [0m]: compiling feature set 0 for passthru.frag
[1;33mWARN [0mfrom aquamarine ]: Output WAYLAND-1: pending state has a non-released buffer??
[1;33mWARN [0m]: FIXME: color management protocol is enabled and outputs changed, check preferred image description changes
[1;32mDEBUG [0mfrom aquamarine ]: Output WAYLAND-1: wm_capabilities received
[1;32mDEBUG [0mfrom aquamarine ]: Output WAYLAND-1: configure toplevel with 950x1132
[1;32mDEBUG [0m]: Applying monitor rule for WAYLAND-1
[1;31mERR [0m]: Monitor WAYLAND-1 has NO PREFERRED MODE
[1;32mDEBUG [0mfrom aquamarine ]: GBM: Allocated a new buffer with size [Vector2D: x: 950, y: 1132] and format XR24 with modifier 0x100000000000010 : 4_TILED_LNL_CCS
[1;32mDEBUG [0mfrom aquamarine ]: GBM: Allocated a new buffer with size [Vector2D: x: 950, y: 1132] and format XR24 with modifier 0x100000000000010 : 4_TILED_LNL_CCS
[1;32mDEBUG [0mfrom aquamarine ]: GBM: Allocated a new buffer with size [Vector2D: x: 950, y: 1132] and format XR24 with modifier 0x100000000000010 : 4_TILED_LNL_CCS
[1;32mDEBUG [0mfrom aquamarine ]: Swapchain: Reconfigured a swapchain to [Vector2D: x: 950, y: 1132] XR24 of length 3
[1;32mDEBUG [0m]: Monitor WAYLAND-1: requested 950x1132@60.00Hz, using custom mode 950x1132@0.00Hz
[1;32mDEBUG [0m]: output WAYLAND-1 succeeded basic test on format DRM_FORMAT_XRGB8888
[1;32mDEBUG [0m]: Monitor WAYLAND-1 -> destroyed all render data
[1;32mDEBUG [0m]: CMonitor::updateVCGTRamps: skipping, no gamma ramp for output
[1;32mDEBUG [0m]: Monitor WAYLAND-1 data dump: res 950x1132@60.00Hz, scale 1.00, transform 0, pos 0x0, 10b 0
[1;33mWARN [0m]: FIXME: color management protocol is enabled and outputs changed, check preferred image description changes
[1;32mDEBUG [0m]: Framebuffer "Monitor WAYLAND-1 blur FB" created, status 36053
[1;32mDEBUG [0m]: Framebuffer "Monitor WAYLAND-1 workbuffer" created, status 36053
[1;32mDEBUG [0mfrom aquamarine ]: Output WAYLAND-1: configure surface with 70911
[1;32mDEBUG [0mfrom aquamarine ]: Output WAYLAND-1: configure toplevel with 941x1128
[1;32mDEBUG [0m]: Applying monitor rule for WAYLAND-1
[1;31mERR [0m]: Monitor WAYLAND-1 has NO PREFERRED MODE
[1;32mDEBUG [0mfrom aquamarine ]: GBM: Allocated a new buffer with size [Vector2D: x: 941, y: 1128] and format XR24 with modifier 0x100000000000010 : 4_TILED_LNL_CCS
[1;32mDEBUG [0mfrom aquamarine ]: GBM: Allocated a new buffer with size [Vector2D: x: 941, y: 1128] and format XR24 with modifier 0x100000000000010 : 4_TILED_LNL_CCS
[1;32mDEBUG [0mfrom aquamarine ]: GBM: Allocated a new buffer with size [Vector2D: x: 941, y: 1128] and format XR24 with modifier 0x100000000000010 : 4_TILED_LNL_CCS
[1;32mDEBUG [0mfrom aquamarine ]: Swapchain: Reconfigured a swapchain to [Vector2D: x: 941, y: 1128] XR24 of length 3
[1;32mDEBUG [0m]: Monitor WAYLAND-1: requested 941x1128@60.00Hz, using custom mode 941x1128@0.00Hz
[1;32mDEBUG [0m]: output WAYLAND-1 succeeded basic test on format DRM_FORMAT_XRGB8888
[1;32mDEBUG [0m]: Monitor WAYLAND-1 -> destroyed all render data
[1;32mDEBUG [0m]: CMonitor::updateVCGTRamps: skipping, no gamma ramp for output
[1;32mDEBUG [0m]: Monitor WAYLAND-1 data dump: res 941x1128@60.00Hz, scale 1.00, transform 0, pos 0x0, 10b 0
[1;33mWARN [0m]: FIXME: color management protocol is enabled and outputs changed, check preferred image description changes
[1;32mDEBUG [0m]: Framebuffer "Monitor WAYLAND-1 blur FB" created, status 36053
[1;32mDEBUG [0m]: Framebuffer "Monitor WAYLAND-1 workbuffer" created, status 36053
[1;32mDEBUG [0mfrom aquamarine ]: Output WAYLAND-1: configure surface with 70912
[1;32mDEBUG [0m]: Hyprctl: new connection from pid 26
[1;31mERR [0m]: getConvertedColor: failed to get image description
[1;31mERR [0m]: getConvertedColor: failed to get image description
[1;32mDEBUG [0m]: Hyprctl: new connection from pid 28
[1;32mDEBUG [0m]: New aquamarine output with name HEADLESS-1
[1;32mDEBUG [0m]: [CMonitorStateTracker] New monitor: HEADLESS-1
[1;33mWARN [0m]: No rule found for HEADLESS-1, trying to use the first.
[1;32mDEBUG [0m]: Applying monitor rule for HEADLESS-1
[1;32mDEBUG [0mfrom aquamarine ]: GBM: Allocated a new buffer with size [Vector2D: x: 1920, y: 1080] and format XR24 with modifier 0x0 : LINEAR
[1;32mDEBUG [0mfrom aquamarine ]: GBM: Allocated a new buffer with size [Vector2D: x: 1920, y: 1080] and format XR24 with modifier 0x0 : LINEAR
[1;32mDEBUG [0mfrom aquamarine ]: GBM: Allocated a new buffer with size [Vector2D: x: 1920, y: 1080] and format XR24 with modifier 0x0 : LINEAR
[1;32mDEBUG [0mfrom aquamarine ]: Swapchain: Reconfigured a swapchain to [Vector2D: x: 1920, y: 1080] XR24 of length 3
[1;32mDEBUG [0m]: CMonitorState::ensureBufferPresent: no buffer or mismatched format, attaching one from the swapchain for modeset being possible
[1;32mDEBUG [0m]: Monitor HEADLESS-1: requested 1920x1080@60.00Hz, using preferred mode 1920x1080@60.00Hz
[1;32mDEBUG [0m]: output HEADLESS-1 succeeded basic test on format DRM_FORMAT_XRGB8888
[1;32mDEBUG [0m]: Monitor HEADLESS-1 -> destroyed all render data
[1;32mDEBUG [0m]: CMonitor::updateVCGTRamps: skipping, no gamma ramp for output
[1;32mDEBUG [0m]: Monitor HEADLESS-1 data dump: res 1920x1080@60.00Hz, scale 1.00, transform 0, pos -1x-1, 10b 0
[1;32mDEBUG [0m]: Added new monitor with name HEADLESS-1 at [-1, -1] with size [1920, 1080], pointer 55a79f4dba10
[1;32mDEBUG [0m]: New monitor: WORKSPACEID 2, exists: 0
[1;32mDEBUG [0m]: checking if we have seen this monitor before: HEADLESS-1
[1;32mDEBUG [0m]: Monitor HEADLESS-1 was not on any workspace
[1;31mERR [0m]: getConvertedColor: failed to get image description
[1;32mDEBUG [0m]: [IWaylandProtocol] Registered global [WLOutput (HEADLESS-1)]
[1;32mDEBUG [0m]: arrangeMonitors: 2 to arrange
[1;32mDEBUG [0m]: arrangeMonitors: WAYLAND-1 auto [0, 0]
[1;32mDEBUG [0m]: arrangeMonitors: HEADLESS-1 auto [941, 0]
[1;32mDEBUG [0m]: arrangeMonitors: WAYLAND-1 xwayland [0, 0]
[1;32mDEBUG [0m]: arrangeMonitors: HEADLESS-1 xwayland [941, 0]
[1;32mDEBUG [0m]: [CXDGOutputProtocol] updating all xdg_output heads
[1;31mERR [0m]: getConvertedColor: failed to get image description
[1;32mDEBUG [0m]: [CXDGOutputProtocol] updating all xdg_output heads
[1;33mWARN [0m]: No rule found for WAYLAND-1, trying to use the first.
[1;32mDEBUG [0m]: Applying monitor rule for WAYLAND-1
[1;31mERR [0m]: Monitor WAYLAND-1 has NO PREFERRED MODE
[1;32mDEBUG [0mfrom aquamarine ]: GBM: Allocated a new buffer with size [Vector2D: x: 1920, y: 1080] and format XR24 with modifier 0x100000000000010 : 4_TILED_LNL_CCS
[1;32mDEBUG [0mfrom aquamarine ]: GBM: Allocated a new buffer with size [Vector2D: x: 1920, y: 1080] and format XR24 with modifier 0x100000000000010 : 4_TILED_LNL_CCS
[1;32mDEBUG [0mfrom aquamarine ]: GBM: Allocated a new buffer with size [Vector2D: x: 1920, y: 1080] and format XR24 with modifier 0x100000000000010 : 4_TILED_LNL_CCS
[1;32mDEBUG [0mfrom aquamarine ]: Swapchain: Reconfigured a swapchain to [Vector2D: x: 1920, y: 1080] XR24 of length 3
[1;32mDEBUG [0m]: Monitor WAYLAND-1: requested 1920x1080@60.00Hz, using custom mode 1920x1080@0.00Hz
[1;32mDEBUG [0m]: output WAYLAND-1 succeeded basic test on format DRM_FORMAT_XRGB8888
[1;32mDEBUG [0m]: Monitor WAYLAND-1 -> destroyed all render data
[1;32mDEBUG [0m]: CMonitor::updateVCGTRamps: skipping, no gamma ramp for output
[1;32mDEBUG [0m]: Monitor WAYLAND-1 data dump: res 1920x1080@60.00Hz, scale 1.00, transform 0, pos 0x0, 10b 0
[1;33mWARN [0m]: FIXME: color management protocol is enabled and outputs changed, check preferred image description changes
[1;33mWARN [0m]: No rule found for HEADLESS-1, trying to use the first.
[1;32mDEBUG [0m]: arrangeMonitors: 2 to arrange
[1;32mDEBUG [0m]: arrangeMonitors: WAYLAND-1 auto [0, 0]
[1;32mDEBUG [0m]: arrangeMonitors: HEADLESS-1 auto [1920, 0]
[1;32mDEBUG [0m]: arrangeMonitors: WAYLAND-1 xwayland [0, 0]
[1;32mDEBUG [0m]: arrangeMonitors: HEADLESS-1 xwayland [1920, 0]
[1;32mDEBUG [0m]: [CXDGOutputProtocol] updating all xdg_output heads
[1;32mDEBUG [0m]: Framebuffer "Monitor WAYLAND-1 blur FB" created, status 36053
[1;31mERR [0m]: getConvertedColor: failed to get image description
[1;32mDEBUG [0m]: [CXDGOutputProtocol] updating all xdg_output heads
[1;31mERR [0m]: getConvertedColor: failed to get image description
[1;32mDEBUG [0m]: [CXDGOutputProtocol] updating all xdg_output heads
[1;32mDEBUG [0m]: Framebuffer "Monitor HEADLESS-1 blur FB" created, status 36053
[1;32mDEBUG [0m]: Framebuffer "Monitor HEADLESS-1 workbuffer" created, status 36053
[1;33mWARN [0m]: FIXME: color management protocol is enabled and outputs changed, check preferred image description changes
[1;31mERR [0m]: getConvertedColor: failed to get image description
[1;32mDEBUG [0m]: Framebuffer "Monitor WAYLAND-1 workbuffer" created, status 36053
[1;32mDEBUG [0m]: Hyprctl: new connection from pid 29
[1;32mDEBUG [0m]: Hyprctl: new connection from pid 30
[1;32mDEBUG [0m]: Hyprctl: keyword monitor : HEADLESS-1,1920x1080@60,2000x0,1
[1;32mDEBUG [0m]: ApplyConfigToKeyboard for "wl_keyboard", hasconfig: 0
[1;32mDEBUG [0m]: Not applying config to keyboard, it did not change.
[1;33mWARN [0m]: No rule found for WAYLAND-1, trying to use the first.
[1;32mDEBUG [0m]: arrangeMonitors: 2 to arrange
[1;32mDEBUG [0m]: arrangeMonitors: HEADLESS-1 explicit [2000, 0]
[1;32mDEBUG [0m]: arrangeMonitors: WAYLAND-1 auto [3920, 0]
[1;32mDEBUG [0m]: arrangeMonitors: WAYLAND-1 xwayland [0, 0]
[1;32mDEBUG [0m]: arrangeMonitors: HEADLESS-1 xwayland [1920, 0]
[1;32mDEBUG [0m]: [CXDGOutputProtocol] updating all xdg_output heads
[1;32mDEBUG [0m]: [CXDGOutputProtocol] updating all xdg_output heads
[1;32mDEBUG [0m]: [CXDGOutputProtocol] updating all xdg_output heads
[1;32mDEBUG [0m]: Hyprctl: new connection from pid 31
[1;32mDEBUG [0m]: Hyprctl: dispatcher focusmonitor : HEADLESS-1
[1;32mDEBUG [0m]: Hyprctl: new connection from pid 32
[1;32mDEBUG [0m]: Hyprctl: new connection from pid 33
[1;32mDEBUG [0m]: [CWLSeatProtocol] New seat resource bound at 55a79f107a50
[1;32mDEBUG [0m]: [CWLDataDeviceProtocol] New datamgr resource bound at 55a79e71a810
[1;32mDEBUG [0m]: [CWLDataDeviceManagerResource] New data device bound at 55a79e715b20
[1;32mDEBUG [0m]: [CTextInputV1Protocol] New TI V1 at 55a79f3a08f0
[1;32mDEBUG [0m]: [CTextInputV3] New tiv3 at 000055a79f354bd0
[1;32mDEBUG [0m]: [CPrimarySelectionProtocol] New primary_seletion_manager at 55a79e71fd90
[1;32mDEBUG [0m]: [CPrimarySelectionManager] New primary selection data device bound at 55a79e716b00
[1;32mDEBUG [0m]: [CXDGOutputProtocol] New xdg_output for WAYLAND-1: client 55a79f4eb9a0 (not xwayland)
[1;32mDEBUG [0m]: [CXDGOutputProtocol] New xdg_output for HEADLESS-1: client 55a79f4eb9a0 (not xwayland)
[1;32mDEBUG [0m]: [CXDGShellProtocol] New xdg_wm_base at 55a79e717820
[1;32mDEBUG [0m]: Hyprctl: new connection from pid 34
[1;32mDEBUG [0m]: Socket2 accepted a new client at FD 41
[1;32mDEBUG [0m]: [CWLCompositorResource] New wl_surface with id 45 at 55a79f627160
[1;32mDEBUG [0m]: [CWLCompositorResource] New wl_surface with id 49 at 55a79f627160
[1;32mDEBUG [0m]: CWLSurface 55a79f626af0 called init()
[1;32mDEBUG [0m]: LayerSurface 55a79f4ca370 (namespace putkin-wallpaper layer 0) created on monitor WAYLAND-1
[1;32mDEBUG [0m]: [CLayerShellProtocol] New wlr_layer_surface 55a79f4ca370
[1;32mDEBUG [0m]: [CWLCompositorResource] New wl_surface with id 53 at 55a79e651ef0
[1;32mDEBUG [0m]: [CWLCompositorResource] New wl_surface with id 56 at 55a79e651ef0
[1;32mDEBUG [0m]: CWLSurface 55a79f6277e0 called init()
[1;32mDEBUG [0m]: LayerSurface 55a79f4dbd70 (namespace putkin-wallpaper layer 0) created on monitor HEADLESS-1
[1;32mDEBUG [0m]: [CLayerShellProtocol] New wlr_layer_surface 55a79f4dbd70
[1;32mDEBUG [0m]: [CWLCompositorResource] New wl_surface with id 60 at 55a79f646d20
[1;32mDEBUG [0m]: [CWLCompositorResource] New wl_surface with id 63 at 55a79f646d20
[1;32mDEBUG [0m]: CWLSurface 55a79e6546c0 called init()
[1;32mDEBUG [0m]: LayerSurface 55a79e653ae0 (namespace putkin-bar layer 2) created on monitor WAYLAND-1
[1;32mDEBUG [0m]: [CLayerShellProtocol] New wlr_layer_surface 55a79e653ae0
[1;32mDEBUG [0m]: [CWLCompositorResource] New wl_surface with id 67 at 55a79f647680
[1;32mDEBUG [0m]: [CWLCompositorResource] New wl_surface with id 70 at 55a79f64b4d0
[1;32mDEBUG [0m]: CWLSurface 55a79e654540 called init()
[1;32mDEBUG [0m]: LayerSurface 55a79f647680 (namespace putkin-bar layer 2) created on monitor HEADLESS-1
[1;32mDEBUG [0m]: [CLayerShellProtocol] New wlr_layer_surface 55a79f647680
[1;32mDEBUG [0m]: Socket2 accepted a new client at FD 43
[1;32mDEBUG [0m]: Hyprctl: new connection from pid 34
[1;32mDEBUG [0m]: Hyprctl: new connection from pid 34
[1;32mDEBUG [0m]: Hyprctl: new connection from pid 34
[1;32mDEBUG [0m]: [CWLCompositorResource] New wl_region with id 69 at 55a79f649180
[1;32mDEBUG [0m]: [CWLCompositorResource] New wl_region with id 62 at 55a79f626ef0
[1;32mDEBUG [0m]: [CLinuxDMABUFParamsResource] Creating a dmabuf, with id 55: size [Vector2D: x: 1920, y: 1080], fmt AR24, planes 1
[1;32mDEBUG [0m]: [CLinuxDMABUFParamsResource]  | plane 0: mod 72057594037927952 fd 58 stride 7680 offset 0
[1;32mDEBUG [0m]: LayerSurface 55a79f4ca370 mapped
[1;32mDEBUG [0m]: [CWLCompositorResource] New wl_region with id 47 at 55a79f626ef0
[1;32mDEBUG [0m]: [CWLCompositorResource] New wl_region with id 69 at 55a79f64aaa0
[1;32mDEBUG [0m]: [CLinuxDMABUFParamsResource] Creating a dmabuf, with id 62: size [Vector2D: x: 1920, y: 1080], fmt AR24, planes 1
[1;32mDEBUG [0m]: [CLinuxDMABUFParamsResource]  | plane 0: mod 72057594037927952 fd 57 stride 7680 offset 0
[1;32mDEBUG [0m]: LayerSurface 55a79f4dbd70 mapped
[1;32mDEBUG [0m]: [CWLCompositorResource] New wl_region with id 40 at 55a79f64aaa0
[1;32mDEBUG [0m]: [CLinuxDMABUFParamsResource] Creating a dmabuf, with id 60: size [Vector2D: x: 1920, y: 32], fmt AR24, planes 1
[1;32mDEBUG [0m]: [CLinuxDMABUFParamsResource]  | plane 0: mod 72057594037927952 fd 62 stride 7680 offset 0
[1;32mDEBUG [0m]: LayerSurface 55a79e653ae0 mapped
[1;32mDEBUG [0m]: [CWLCompositorResource] New wl_region with id 74 at 55a79f64b290
[1;32mDEBUG [0m]: [CLinuxDMABUFParamsResource] Creating a dmabuf, with id 40: size [Vector2D: x: 1920, y: 32], fmt AR24, planes 1
[1;32mDEBUG [0m]: [CLinuxDMABUFParamsResource]  | plane 0: mod 72057594037927952 fd 63 stride 7680 offset 0
[1;32mDEBUG [0m]: LayerSurface 55a79f647680 mapped
[1;32mDEBUG [0m]: [CLinuxDMABUFParamsResource] Creating a dmabuf, with id 76: size [Vector2D: x: 1920, y: 32], fmt AR24, planes 1
[1;32mDEBUG [0m]: [CLinuxDMABUFParamsResource]  | plane 0: mod 72057594037927952 fd 72 stride 7680 offset 0
[1;32mDEBUG [0m]: [CLinuxDMABUFParamsResource] Creating a dmabuf, with id 79: size [Vector2D: x: 1920, y: 32], fmt AR24, planes 1
[1;32mDEBUG [0m]: [CLinuxDMABUFParamsResource]  | plane 0: mod 72057594037927952 fd 75 stride 7680 offset 0
[1;32mDEBUG [0m]: [CLinuxDMABUFParamsResource] Creating a dmabuf, with id 75: size [Vector2D: x: 1920, y: 32], fmt AR24, planes 1
[1;32mDEBUG [0m]: [CLinuxDMABUFParamsResource]  | plane 0: mod 72057594037927952 fd 70 stride 7680 offset 0
[1;32mDEBUG [0m]: [CLinuxDMABUFParamsResource] Creating a dmabuf, with id 40: size [Vector2D: x: 1920, y: 32], fmt AR24, planes 1
[1;32mDEBUG [0m]: [CLinuxDMABUFParamsResource]  | plane 0: mod 72057594037927952 fd 62 stride 7680 offset 0
[1;32mDEBUG [0m]: Framebuffer "Monitor WAYLAND-1 workbuffer" created, status 36053
[1;32mDEBUG [0m]: Framebuffer "Monitor HEADLESS-1 workbuffer" created, status 36053
[1;32mDEBUG [0m]: Framebuffer "Monitor HEADLESS-1 workbuffer" created, status 36053
[1;32mDEBUG [0m]: [CWLCompositorResource] New wl_surface with id 60 at 55a79f65d590
[1;32mDEBUG [0m]: [CWLCompositorResource] New wl_surface with id 82 at 55a79f65d590
[1;32mDEBUG [0m]: [CPrimarySelectionProtocol] CPrimarySelectionProtocol::updateSelection: cannot send selection to a client without a data_device
[1;32mDEBUG [0m]: CWLSurface 55a79f5b2990 called init()
[1;32mDEBUG [0m]: LayerSurface 55a79f6165b0 (namespace putkin-panel layer 3) created on monitor HEADLESS-1
[1;32mDEBUG [0m]: [CLayerShellProtocol] New wlr_layer_surface 55a79f6165b0
[1;32mDEBUG [0m]: Framebuffer "Monitor WAYLAND-1 workbuffer" created, status 36053
[1;32mDEBUG [0m]: cursorImage request: shape 1 -> default
[1;32mDEBUG [0m]: [CWLCompositorResource] New wl_region with id 60 at 55a79f188450
[1;32mDEBUG [0m]: [CWLCompositorResource] New wl_region with id 86 at 55a79f188450
[1;32mDEBUG [0m]: [CLinuxDMABUFParamsResource] Creating a dmabuf, with id 89: size [Vector2D: x: 368, y: 64], fmt AR24, planes 1
[1;32mDEBUG [0m]: [CLinuxDMABUFParamsResource]  | plane 0: mod 72057594037927952 fd 69 stride 1536 offset 0
[1;32mDEBUG [0m]: LayerSurface 55a79f6165b0 mapped
[1;32mDEBUG [0m]: [CLinuxDMABUFParamsResource] Creating a dmabuf, with id 88: size [Vector2D: x: 368, y: 64], fmt AR24, planes 1
[1;32mDEBUG [0m]: [CLinuxDMABUFParamsResource]  | plane 0: mod 72057594037927952 fd 74 stride 1536 offset 0
[1;32mDEBUG [0m]: Hyprctl: new connection from pid 82
[1;32mDEBUG [0m]: [CLinuxDMABUFParamsResource] Creating a dmabuf, with id 87: size [Vector2D: x: 368, y: 1040], fmt AR24, planes 1
[1;32mDEBUG [0m]: [CLinuxDMABUFParamsResource]  | plane 0: mod 72057594037927952 fd 80 stride 1536 offset 0
[1;32mDEBUG [0m]: Hyprctl: new connection from pid 83
[1;32mDEBUG [0m]: Hyprctl: new connection from pid 84
[1;32mDEBUG [0m]: [CScreencopyProtocol] Bound client successfully!
[1;32mDEBUG [0m]: [CXDGOutputProtocol] New xdg_output for HEADLESS-1: client 55a79f5b0f40 (not xwayland)
[1;32mDEBUG [0m]: [CXDGOutputProtocol] New xdg_output for WAYLAND-1: client 55a79f5b0f40 (not xwayland)
[1;32mDEBUG [0m]: [COutputImageCaptureSourceProtocol] New capture source for monitor: HEADLESS-1
[1;32mDEBUG [0m]: [CImageCopyCaptureProtocol] New image copy capture session for source (monitor): "HEADLESS-1"
[1;32mDEBUG [0m]: Framebuffer "Monitor HEADLESS-1 mirror FB" created, status 36053
[1;32mDEBUG [0m]: Framebuffer "" created, status 36053
[1;32mDEBUG [0m]: [Screenshare] Started screenshare session for (monitor): HEADLESS-1
[1;32mDEBUG [0m]: [Screenshare] Stopped screenshare session for (monitor): HEADLESS-1
[1;32mDEBUG [0m]: [CWLCompositorResource] New wl_region with id 86 at 55a79f637e80
[1;32mDEBUG [0m]: [CLinuxDMABUFParamsResource] Creating a dmabuf, with id 89: size [Vector2D: x: 368, y: 1040], fmt AR24, planes 1
[1;32mDEBUG [0m]: [CLinuxDMABUFParamsResource]  | plane 0: mod 72057594037927952 fd 78 stride 1536 offset 0
[1;32mDEBUG [0m]: LayerSurface 55a79f6165b0 destroyed
[1;32mDEBUG [0m]: Forcing an unmap of a LS that did a straight destroy!
[1;32mDEBUG [0m]: LayerSurface 55a79f6165b0 unmapped
[1;32mDEBUG [0m]: renderer: making a snapshot of layer 55a79f623010
[1;32mDEBUG [0m]: Framebuffer "layer snapshot" created, status 36053
[1;32mDEBUG [0m]: renderer: cleared a snapshot of layer 55a79f623010
[1;32mDEBUG [0m]: renderer: rendered a snapshot of layer 55a79f623010
[1;32mDEBUG [0m]: renderer: made a snapshot of layer 55a79f623010
[1;32mDEBUG [0m]: CWLSurface 55a79f5b2990 called destroy()
[1;32mDEBUG [0m]: Cleanup: removed 1 fadeouts
[1;32mDEBUG [0m]: [CWLSeatProtocol] New seat resource bound at 55a79e6dad00
[1;32mDEBUG [0m]: [CWLDataDeviceProtocol] New datamgr resource bound at 55a79f640550
[1;32mDEBUG [0m]: [CWLDataDeviceManagerResource] New data device bound at 55a79f65df40
[1;32mDEBUG [0m]: [CTextInputV1Protocol] New TI V1 at 55a79f65f7c0
[1;32mDEBUG [0m]: [CTextInputV3] New tiv3 at 000055a79f693130
[1;32mDEBUG [0m]: [CPrimarySelectionProtocol] New primary_seletion_manager at 55a79e71d510
[1;32mDEBUG [0m]: [CPrimarySelectionManager] New primary selection data device bound at 55a79f641780
[1;32mDEBUG [0m]: [CXDGOutputProtocol] New xdg_output for WAYLAND-1: client 55a79f5b0f40 (not xwayland)
[1;32mDEBUG [0m]: [CXDGOutputProtocol] New xdg_output for HEADLESS-1: client 55a79f5b0f40 (not xwayland)
[1;32mDEBUG [0m]: [CXDGShellProtocol] New xdg_wm_base at 55a79f642050
[1;32mDEBUG [0m]: [CWLCompositorResource] New wl_surface with id 43 at 55a79f65d590
[1;32mDEBUG [0m]: [CWLCompositorResource] New wl_region with id 46 at 55a79f63ccb0
[1;32mDEBUG [0m]: [CXDGWMBase] New xdg_surface at 55a79f4e76e0
[1;32mDEBUG [0m]: [CXDGSurfaceResource] xdg_surface 55a79f642050 gets a toplevel 55a79e432ce0
[1;32mDEBUG [0m]: CWLSurface 55a79f515070 called init()
[1;32mDEBUG [0m]: [CXDGDecoration] setMode: MODE_SERVER_SIDE. Sending MODE_SERVER_SIDE as reply.
[1;32mDEBUG [0m]: Window 55a79f65e6c0 set title to Putkin private input test
[1;32mDEBUG [0m]: Window 55a79f65e6c0 set class to org.quickshell
[1;32mDEBUG [0m]: Layout predicts size [Vector2D: x: 1920, y: 1080] for [Window 55a79f65e6c0: title: "Putkin private input test"]
[1;32mDEBUG [0m]: [CXDGActivationToken] assigned new xdg-activation token 690b6fb4-2a29-48bf-a817-dc10d4c056fe
[1;32mDEBUG [0m]: [CXDGSurfaceResource] xdg_surface 55a79f4e76e0 requests geometry 0x0 1920x1080
[1;32mDEBUG [0m]: [CWLCompositorResource] New wl_region with id 46 at 55a79f64d6e0
[1;32mDEBUG [0m]: [CLinuxDMABUFParamsResource] Creating a dmabuf, with id 52: size [Vector2D: x: 1920, y: 1080], fmt AR24, planes 1
[1;32mDEBUG [0m]: [CLinuxDMABUFParamsResource]  | plane 0: mod 72057594037927952 fd 79 stride 7680 offset 0
[1;32mDEBUG [0m]: [CForeignToplevelWlrManager] Newly mapped window 000055a79f65e6c0
[1;32mDEBUG [0m]: Set keyboard focus to surface 55a79f65d590, with [Window 55a79f65e6c0: title: "Putkin private input test"]
[1;32mDEBUG [0m]: Map request dispatched, monitor HEADLESS-1, window pos: [2021.00000, 53.00000], window size: [1878.00000, 1006.00000]
[1;32mDEBUG [0m]: compiling feature set 16 for shadow.frag
[1;32mDEBUG [0m]: compiling feature set 8 for border.frag
[1;32mDEBUG [0m]: [CLinuxDMABUFParamsResource] Creating a dmabuf, with id 50: size [Vector2D: x: 1920, y: 1080], fmt AR24, planes 1
[1;32mDEBUG [0m]: [CLinuxDMABUFParamsResource]  | plane 0: mod 72057594037927952 fd 74 stride 7680 offset 0
[1;32mDEBUG [0m]: [CXDGSurfaceResource] xdg_surface 55a79f4e76e0 requests geometry 0x0 1878x1006
[1;32mDEBUG [0m]: [CWLCompositorResource] New wl_region with id 55 at 55a79f64ced0
[1;32mDEBUG [0m]: [CLinuxDMABUFParamsResource] Creating a dmabuf, with id 55: size [Vector2D: x: 1920, y: 1080], fmt AR24, planes 1
[1;32mDEBUG [0m]: [CLinuxDMABUFParamsResource]  | plane 0: mod 72057594037927952 fd 81 stride 7680 offset 0
[1;32mDEBUG [0m]: [CLinuxDMABUFParamsResource] Creating a dmabuf, with id 46: size [Vector2D: x: 1878, y: 1006], fmt AR24, planes 1
[1;32mDEBUG [0m]: [CLinuxDMABUFParamsResource]  | plane 0: mod 72057594037927952 fd 84 stride 7552 offset 0
[1;32mDEBUG [0m]: [CWLSeatProtocol] New seat resource bound at 55a79f8d0360
[1;32mDEBUG [0m]: [CVirtualKeyboardProtocol] New VKeyboard at id 5
[1;32mDEBUG [0m]: ApplyConfigToKeyboard for "hl-virtual-keyboard-wtype", hasconfig: 0
[1;32mDEBUG [0m]: Attempting to create a keymap for layout us with variant  (rules: , model: , options: )
[1;32mDEBUG [0m]: Updating keyboard 55a79f694860's translation state from a provided keymap
[1;32mDEBUG [0m]: xkb: LED index 0 (name Num Lock) got index 1
[1;32mDEBUG [0m]: xkb: LED index 1 (name Caps Lock) got index 0
[1;32mDEBUG [0m]: xkb: LED index 2 (name Scroll Lock) got index 2
[1;32mDEBUG [0m]: xkb: Mod index 0 (name Shift) got index 0
[1;32mDEBUG [0m]: xkb: Mod index 1 (name Lock) got index 1
[1;32mDEBUG [0m]: xkb: Mod index 2 (name Control) got index 2
[1;32mDEBUG [0m]: xkb: Mod index 3 (name Mod1) got index 3
[1;32mDEBUG [0m]: xkb: Mod index 4 (name Mod2) got index 4
[1;32mDEBUG [0m]: xkb: Mod index 5 (name Mod3) got index 5
[1;32mDEBUG [0m]: xkb: Mod index 6 (name Mod4) got index 6
[1;32mDEBUG [0m]: xkb: Mod index 7 (name Mod5) got index 7
[1;32mDEBUG [0m]: Updating keymap fd for keyboard hl-virtual-keyboard-wtype
[1;32mDEBUG [0m]: Updated keymap fd to 91, keymap V1 to: 93
[1;32mDEBUG [0m]: Set the keyboard layout to us and variant to  for keyboard "hl-virtual-keyboard-wtype"
[1;32mDEBUG [0m]: New virtual keyboard created at 55a79f694860
[1;32mDEBUG [0m]: Updating keyboard 55a79f694860's translation state from a provided keymap
[1;32mDEBUG [0m]: Updating keymap fd for keyboard hl-virtual-keyboard-wtype
[1;32mDEBUG [0m]: Updated keymap fd to 91, keymap V1 to: 93
[1;32mDEBUG [0m]: [CLinuxDMABUFParamsResource] Creating a dmabuf, with id 54: size [Vector2D: x: 1878, y: 1006], fmt AR24, planes 1
[1;32mDEBUG [0m]: [CLinuxDMABUFParamsResource]  | plane 0: mod 72057594037927952 fd 86 stride 7552 offset 0
[1;32mDEBUG [0m]: Keyboard at 55a79f694860 removed
[1;32mDEBUG [0m]: Destroyed keyboard 55a79f694860
[1;32mDEBUG [0m]: [CWLCompositorResource] New wl_surface with id 89 at 55a79f7789b0
[1;32mDEBUG [0m]: [CWLCompositorResource] New wl_surface with id 84 at 55a79f7789b0
[1;32mDEBUG [0m]: CWLSurface 55a79f673a80 called init()
[1;32mDEBUG [0m]: LayerSurface 55a79f6165b0 (namespace putkin-notifications layer 3) created on monitor HEADLESS-1
[1;32mDEBUG [0m]: [CLayerShellProtocol] New wlr_layer_surface 55a79f6165b0
[1;32mDEBUG [0m]: [CWLCompositorResource] New wl_region with id 89 at 55a79f115950
[1;32mDEBUG [0m]: [CLinuxDMABUFParamsResource] Creating a dmabuf, with id 47: size [Vector2D: x: 368, y: 40], fmt AR24, planes 1
[1;32mDEBUG [0m]: [CLinuxDMABUFParamsResource]  | plane 0: mod 72057594037927952 fd 77 stride 1536 offset 0
[1;32mDEBUG [0m]: LayerSurface 55a79f6165b0 mapped
[1;32mDEBUG [0m]: [CLinuxDMABUFParamsResource] Creating a dmabuf, with id 81: size [Vector2D: x: 368, y: 254], fmt AR24, planes 1
[1;32mDEBUG [0m]: [CLinuxDMABUFParamsResource]  | plane 0: mod 72057594037927952 fd 81 stride 1536 offset 0
[1;32mDEBUG [0m]: [CWLCompositorResource] New wl_surface with id 80 at 55a79fcbdaf0
[1;32mDEBUG [0m]: [CWLCompositorResource] New wl_surface with id 92 at 55a79fcbdaf0
[1;32mDEBUG [0m]: CWLSurface 55a79fc427b0 called init()
[1;32mDEBUG [0m]: LayerSurface 55a79f663740 (namespace putkin-osd layer 3) created on monitor HEADLESS-1
[1;32mDEBUG [0m]: [CLayerShellProtocol] New wlr_layer_surface 55a79f663740
[1;32mDEBUG [0m]: [CWLCompositorResource] New wl_region with id 90 at 55a7a0002d00
[1;32mDEBUG [0m]: [CLinuxDMABUFParamsResource] Creating a dmabuf, with id 96: size [Vector2D: x: 280, y: 100], fmt AR24, planes 1
[1;32mDEBUG [0m]: [CLinuxDMABUFParamsResource]  | plane 0: mod 72057594037927952 fd 80 stride 1152 offset 0
[1;32mDEBUG [0m]: LayerSurface 55a79f663740 mapped
[1;32mDEBUG [0m]: [CWLSeatProtocol] New seat resource bound at 55a79e411e50
[1;32mDEBUG [0m]: [CVirtualKeyboardProtocol] New VKeyboard at id 5
[1;32mDEBUG [0m]: ApplyConfigToKeyboard for "hl-virtual-keyboard-wtype", hasconfig: 0
[1;32mDEBUG [0m]: Attempting to create a keymap for layout us with variant  (rules: , model: , options: )
[1;32mDEBUG [0m]: Updating keyboard 55a79f694860's translation state from a provided keymap
[1;32mDEBUG [0m]: xkb: LED index 0 (name Num Lock) got index 1
[1;32mDEBUG [0m]: xkb: LED index 1 (name Caps Lock) got index 0
[1;32mDEBUG [0m]: xkb: LED index 2 (name Scroll Lock) got index 2
[1;32mDEBUG [0m]: xkb: Mod index 0 (name Shift) got index 0
[1;32mDEBUG [0m]: xkb: Mod index 1 (name Lock) got index 1
[1;32mDEBUG [0m]: xkb: Mod index 2 (name Control) got index 2
[1;32mDEBUG [0m]: xkb: Mod index 3 (name Mod1) got index 3
[1;32mDEBUG [0m]: xkb: Mod index 4 (name Mod2) got index 4
[1;32mDEBUG [0m]: xkb: Mod index 5 (name Mod3) got index 5
[1;32mDEBUG [0m]: xkb: Mod index 6 (name Mod4) got index 6
[1;32mDEBUG [0m]: xkb: Mod index 7 (name Mod5) got index 7
[1;32mDEBUG [0m]: Updating keymap fd for keyboard hl-virtual-keyboard-wtype
[1;32mDEBUG [0m]: Updated keymap fd to 93, keymap V1 to: 95
[1;32mDEBUG [0m]: Set the keyboard layout to us and variant to  for keyboard "hl-virtual-keyboard-wtype"
[1;32mDEBUG [0m]: New virtual keyboard created at 55a79f694860
[1;32mDEBUG [0m]: Updating keyboard 55a79f694860's translation state from a provided keymap
[1;32mDEBUG [0m]: Updating keymap fd for keyboard hl-virtual-keyboard-wtype
[1;32mDEBUG [0m]: Updated keymap fd to 93, keymap V1 to: 95
[1;32mDEBUG [0m]: Keyboard at 55a79f694860 removed
[1;32mDEBUG [0m]: Destroyed keyboard 55a79f694860
[1;32mDEBUG [0m]: Hyprctl: new connection from pid 136
[1;32mDEBUG [0m]: Hyprctl: new connection from pid 137
[1;32mDEBUG [0m]: [CForeignToplevelList] Newly mapped window gets an identifier of 18000000
[1;32mDEBUG [0m]: [CScreencopyProtocol] Bound client successfully!
[1;32mDEBUG [0m]: [CXDGOutputProtocol] New xdg_output for HEADLESS-1: client 55a79fa501e0 (not xwayland)
[1;32mDEBUG [0m]: [CXDGOutputProtocol] New xdg_output for WAYLAND-1: client 55a79fa501e0 (not xwayland)
[1;32mDEBUG [0m]: [COutputImageCaptureSourceProtocol] New capture source for monitor: HEADLESS-1
[1;32mDEBUG [0m]: [CImageCopyCaptureProtocol] New image copy capture session for source (monitor): "HEADLESS-1"
[1;32mDEBUG [0m]: Framebuffer "Monitor HEADLESS-1 mirror FB" created, status 36053
[1;32mDEBUG [0m]: Framebuffer "" created, status 36053
[1;32mDEBUG [0m]: [Screenshare] Started screenshare session for (monitor): HEADLESS-1
[1;32mDEBUG [0m]: [Screenshare] Stopped screenshare session for (monitor): HEADLESS-1
[1;32mDEBUG [0m]: LayerSurface 55a79f663740 destroyed
[1;32mDEBUG [0m]: Forcing an unmap of a LS that did a straight destroy!
[1;32mDEBUG [0m]: LayerSurface 55a79f663740 unmapped
[1;32mDEBUG [0m]: renderer: making a snapshot of layer 55a79f715850
[1;32mDEBUG [0m]: Framebuffer "layer snapshot" created, status 36053
[1;32mDEBUG [0m]: renderer: cleared a snapshot of layer 55a79f715850
[1;32mDEBUG [0m]: renderer: rendered a snapshot of layer 55a79f715850
[1;32mDEBUG [0m]: renderer: made a snapshot of layer 55a79f715850
[1;32mDEBUG [0m]: [CPrimarySelectionProtocol] CPrimarySelectionProtocol::updateSelection: cannot send selection to a client without a data_device
[1;32mDEBUG [0m]: CWLSurface 55a79fc427b0 called destroy()
[1;32mDEBUG [0m]: Cleanup: removed 1 fadeouts
[1;32mDEBUG [0m]: cursorImage request: shape 1 -> default
[1;32mDEBUG [0m]: cursorImage request: shape 9 -> text
[1;32mDEBUG [0m]: [CWLCompositorResource] New wl_region with id 91 at 55a79f639e90
[1;32mDEBUG [0m]: [CLinuxDMABUFParamsResource] Creating a dmabuf, with id 90: size [Vector2D: x: 368, y: 254], fmt AR24, planes 1
[1;32mDEBUG [0m]: [CLinuxDMABUFParamsResource]  | plane 0: mod 72057594037927952 fd 83 stride 1536 offset 0
[1;32mDEBUG [0m]: LayerSurface 55a79f6165b0 destroyed
[1;32mDEBUG [0m]: Forcing an unmap of a LS that did a straight destroy!
[1;32mDEBUG [0m]: LayerSurface 55a79f6165b0 unmapped
[1;32mDEBUG [0m]: renderer: making a snapshot of layer 55a79f660240
[1;32mDEBUG [0m]: Framebuffer "layer snapshot" created, status 36053
[1;32mDEBUG [0m]: renderer: cleared a snapshot of layer 55a79f660240
[1;32mDEBUG [0m]: renderer: rendered a snapshot of layer 55a79f660240
[1;32mDEBUG [0m]: renderer: made a snapshot of layer 55a79f660240
[1;32mDEBUG [0m]: CWLSurface 55a79f673a80 called destroy()
[1;32mDEBUG [0m]: Cleanup: removed 1 fadeouts
[1;32mDEBUG [0m]: [CWLCompositorResource] New wl_surface with id 90 at 55a79f7789b0
[1;32mDEBUG [0m]: [CWLCompositorResource] New wl_surface with id 81 at 55a79f7789b0
[1;32mDEBUG [0m]: [CPrimarySelectionProtocol] CPrimarySelectionProtocol::updateSelection: cannot send selection to a client without a data_device
[1;32mDEBUG [0m]: CWLSurface 55a79f9f5e50 called init()
[1;32mDEBUG [0m]: LayerSurface 55a79fb112e0 (namespace putkin-panel layer 3) created on monitor HEADLESS-1
[1;32mDEBUG [0m]: [CLayerShellProtocol] New wlr_layer_surface 55a79fb112e0
[1;32mDEBUG [0m]: cursorImage request: shape 1 -> default
[1;32mDEBUG [0m]: [CWLCompositorResource] New wl_region with id 90 at 55a79e7110b0
[1;32mDEBUG [0m]: [CWLCompositorResource] New wl_region with id 94 at 55a79e7110b0
[1;32mDEBUG [0m]: [CLinuxDMABUFParamsResource] Creating a dmabuf, with id 96: size [Vector2D: x: 368, y: 64], fmt AR24, planes 1
[1;32mDEBUG [0m]: [CLinuxDMABUFParamsResource]  | plane 0: mod 72057594037927952 fd 77 stride 1536 offset 0
[1;32mDEBUG [0m]: LayerSurface 55a79fb112e0 mapped
[1;32mDEBUG [0m]: [CLinuxDMABUFParamsResource] Creating a dmabuf, with id 86: size [Vector2D: x: 368, y: 64], fmt AR24, planes 1
[1;32mDEBUG [0m]: [CLinuxDMABUFParamsResource]  | plane 0: mod 72057594037927952 fd 79 stride 1536 offset 0
[1;32mDEBUG [0m]: [CLinuxDMABUFParamsResource] Creating a dmabuf, with id 92: size [Vector2D: x: 368, y: 1040], fmt AR24, planes 1
[1;32mDEBUG [0m]: [CLinuxDMABUFParamsResource]  | plane 0: mod 72057594037927952 fd 83 stride 1536 offset 0
[1;32mDEBUG [0m]: Hyprctl: new connection from pid 151
[1;32mDEBUG [0m]: Hyprctl: new connection from pid 152
[1;32mDEBUG [0m]: Hyprctl: dispatcher movecursor : 2100 100
[1;32mDEBUG [0m]: [CVirtualPointerProtocol] New VPointer at id 3
[1;32mDEBUG [0m]: Attached pointer unknown-device to global
[1;32mDEBUG [0m]: New virtual mouse created
[1;32mDEBUG [0m]: Set keyboard focus to surface 55a79f65d590, with [Window 55a79f65e6c0: title: "Putkin private input test"]
[1;32mDEBUG [0m]: [CPrimarySelectionProtocol] CPrimarySelectionProtocol::updateSelection: cannot send selection to a client without a data_device
[1;32mDEBUG [0m]: cursorImage request: shape 9 -> text
[1;32mDEBUG [0m]: cursorImage request: shape 1 -> default
[1;32mDEBUG [0m]: [CWLCompositorResource] New wl_region with id 90 at 55a79fb72910
[1;32mDEBUG [0m]: [CLinuxDMABUFParamsResource] Creating a dmabuf, with id 96: size [Vector2D: x: 368, y: 1040], fmt AR24, planes 1
[1;32mDEBUG [0m]: [CLinuxDMABUFParamsResource]  | plane 0: mod 72057594037927952 fd 87 stride 1536 offset 0
[1;31mERR [0m]: [/usr/src/debug/hyprland/Hyprland-0.56.2/src/protocols/core/Seat.cpp:227] sendButton release on a non-pressed button
[1;32mDEBUG [0m]: Pointer at 55a79f715f60 removed
[1;32mDEBUG [0m]: LayerSurface 55a79fb112e0 destroyed
[1;32mDEBUG [0m]: Forcing an unmap of a LS that did a straight destroy!
[1;32mDEBUG [0m]: LayerSurface 55a79fb112e0 unmapped
[1;32mDEBUG [0m]: renderer: making a snapshot of layer 55a79f61e950
[1;32mDEBUG [0m]: Framebuffer "layer snapshot" created, status 36053
[1;32mDEBUG [0m]: renderer: cleared a snapshot of layer 55a79f61e950
[1;32mDEBUG [0m]: renderer: rendered a snapshot of layer 55a79f61e950
[1;32mDEBUG [0m]: renderer: made a snapshot of layer 55a79f61e950
[1;32mDEBUG [0m]: CWLSurface 55a79f9f5e50 called destroy()
[1;32mDEBUG [0m]: Cleanup: removed 1 fadeouts
[1;32mDEBUG [0m]: [CWLSeatProtocol] New seat resource bound at 55a79fdb4c40
[1;32mDEBUG [0m]: [CVirtualKeyboardProtocol] New VKeyboard at id 5
[1;32mDEBUG [0m]: ApplyConfigToKeyboard for "hl-virtual-keyboard-wtype", hasconfig: 0
[1;32mDEBUG [0m]: Attempting to create a keymap for layout us with variant  (rules: , model: , options: )
[1;32mDEBUG [0m]: Updating keyboard 55a79f694860's translation state from a provided keymap
[1;32mDEBUG [0m]: xkb: LED index 0 (name Num Lock) got index 1
[1;32mDEBUG [0m]: xkb: LED index 1 (name Caps Lock) got index 0
[1;32mDEBUG [0m]: xkb: LED index 2 (name Scroll Lock) got index 2
[1;32mDEBUG [0m]: xkb: Mod index 0 (name Shift) got index 0
[1;32mDEBUG [0m]: xkb: Mod index 1 (name Lock) got index 1
[1;32mDEBUG [0m]: xkb: Mod index 2 (name Control) got index 2
[1;32mDEBUG [0m]: xkb: Mod index 3 (name Mod1) got index 3
[1;32mDEBUG [0m]: xkb: Mod index 4 (name Mod2) got index 4
[1;32mDEBUG [0m]: xkb: Mod index 5 (name Mod3) got index 5
[1;32mDEBUG [0m]: xkb: Mod index 6 (name Mod4) got index 6
[1;32mDEBUG [0m]: xkb: Mod index 7 (name Mod5) got index 7
[1;32mDEBUG [0m]: Updating keymap fd for keyboard hl-virtual-keyboard-wtype
[1;32mDEBUG [0m]: Updated keymap fd to 87, keymap V1 to: 89
[1;32mDEBUG [0m]: Set the keyboard layout to us and variant to  for keyboard "hl-virtual-keyboard-wtype"
[1;32mDEBUG [0m]: New virtual keyboard created at 55a79f694860
[1;32mDEBUG [0m]: Updating keyboard 55a79f694860's translation state from a provided keymap
[1;32mDEBUG [0m]: Updating keymap fd for keyboard hl-virtual-keyboard-wtype
[1;32mDEBUG [0m]: Updated keymap fd to 87, keymap V1 to: 89
[1;32mDEBUG [0m]: Keyboard at 55a79f694860 removed
[1;32mDEBUG [0m]: Destroyed keyboard 55a79f694860
[1;32mDEBUG [0m]: [CWLCompositorResource] New wl_surface with id 96 at 55a79f7789b0
[1;32mDEBUG [0m]: [CWLCompositorResource] New wl_surface with id 80 at 55a79f7789b0
[1;32mDEBUG [0m]: CWLSurface 55a79fc69ec0 called init()
[1;32mDEBUG [0m]: LayerSurface 55a79fb112e0 (namespace putkin-notifications layer 3) created on monitor HEADLESS-1
[1;32mDEBUG [0m]: [CLayerShellProtocol] New wlr_layer_surface 55a79fb112e0
[1;32mDEBUG [0m]: [CWLCompositorResource] New wl_region with id 96 at 55a79f660730
[1;32mDEBUG [0m]: [CLinuxDMABUFParamsResource] Creating a dmabuf, with id 78: size [Vector2D: x: 368, y: 40], fmt AR24, planes 1
[1;32mDEBUG [0m]: [CLinuxDMABUFParamsResource]  | plane 0: mod 72057594037927952 fd 77 stride 1536 offset 0
[1;32mDEBUG [0m]: LayerSurface 55a79fb112e0 mapped
[1;32mDEBUG [0m]: [CLinuxDMABUFParamsResource] Creating a dmabuf, with id 83: size [Vector2D: x: 368, y: 254], fmt AR24, planes 1
[1;32mDEBUG [0m]: [CLinuxDMABUFParamsResource]  | plane 0: mod 72057594037927952 fd 81 stride 1536 offset 0
[1;32mDEBUG [0m]: [CPrimarySelectionProtocol] CPrimarySelectionProtocol::updateSelection: cannot send selection to a client without a data_device
[1;32mDEBUG [0m]: [CLinuxDMABUFParamsResource] Creating a dmabuf, with id 90: size [Vector2D: x: 368, y: 254], fmt AR24, planes 1
[1;32mDEBUG [0m]: [CLinuxDMABUFParamsResource]  | plane 0: mod 72057594037927952 fd 77 stride 1536 offset 0
[1;32mDEBUG [0m]: cursorImage request: shape 1 -> default
[1;32mDEBUG [0m]: [CWLSeatProtocol] New seat resource bound at 55a79fbf5270
[1;32mDEBUG [0m]: [CVirtualKeyboardProtocol] New VKeyboard at id 5
[1;32mDEBUG [0m]: ApplyConfigToKeyboard for "hl-virtual-keyboard-wtype", hasconfig: 0
[1;32mDEBUG [0m]: Attempting to create a keymap for layout us with variant  (rules: , model: , options: )
[1;32mDEBUG [0m]: Updating keyboard 55a79f694860's translation state from a provided keymap
[1;32mDEBUG [0m]: xkb: LED index 0 (name Num Lock) got index 1
[1;32mDEBUG [0m]: xkb: LED index 1 (name Caps Lock) got index 0
[1;32mDEBUG [0m]: xkb: LED index 2 (name Scroll Lock) got index 2
[1;32mDEBUG [0m]: xkb: Mod index 0 (name Shift) got index 0
[1;32mDEBUG [0m]: xkb: Mod index 1 (name Lock) got index 1
[1;32mDEBUG [0m]: xkb: Mod index 2 (name Control) got index 2
[1;32mDEBUG [0m]: xkb: Mod index 3 (name Mod1) got index 3
[1;32mDEBUG [0m]: xkb: Mod index 4 (name Mod2) got index 4
[1;32mDEBUG [0m]: xkb: Mod index 5 (name Mod3) got index 5
[1;32mDEBUG [0m]: xkb: Mod index 6 (name Mod4) got index 6
[1;32mDEBUG [0m]: xkb: Mod index 7 (name Mod5) got index 7
[1;32mDEBUG [0m]: Updating keymap fd for keyboard hl-virtual-keyboard-wtype
[1;32mDEBUG [0m]: Updated keymap fd to 91, keymap V1 to: 93
[1;32mDEBUG [0m]: Set the keyboard layout to us and variant to  for keyboard "hl-virtual-keyboard-wtype"
[1;32mDEBUG [0m]: New virtual keyboard created at 55a79f694860
[1;32mDEBUG [0m]: Updating keyboard 55a79f694860's translation state from a provided keymap
[1;32mDEBUG [0m]: Updating keymap fd for keyboard hl-virtual-keyboard-wtype
[1;32mDEBUG [0m]: Updated keymap fd to 91, keymap V1 to: 93
[1;32mDEBUG [0m]: Set keyboard focus to surface 55a79f65d590, with [Window 55a79f65e6c0: title: "Putkin private input test"]
[1;32mDEBUG [0m]: [CPrimarySelectionProtocol] CPrimarySelectionProtocol::updateSelection: cannot send selection to a client without a data_device
[1;32mDEBUG [0m]: cursorImage request: shape 1 -> default
[1;32mDEBUG [0m]: Keyboard at 55a79f694860 removed
[1;32mDEBUG [0m]: Destroyed keyboard 55a79f694860
[1;32mDEBUG [0m]: [CPrimarySelectionProtocol] CPrimarySelectionProtocol::updateSelection: cannot send selection to a client without a data_device
[1;32mDEBUG [0m]: cursorImage request: shape 1 -> default
[1;32mDEBUG [0m]: Hyprctl: new connection from pid 178
[1;32mDEBUG [0m]: Hyprctl: dispatcher movecursor : 2100 100
[1;32mDEBUG [0m]: [CVirtualPointerProtocol] New VPointer at id 3
[1;32mDEBUG [0m]: Attached pointer unknown-device to global
[1;32mDEBUG [0m]: New virtual mouse created
[1;32mDEBUG [0m]: Set keyboard focus to surface 55a79f65d590, with [Window 55a79f65e6c0: title: "Putkin private input test"]
[1;32mDEBUG [0m]: [CPrimarySelectionProtocol] CPrimarySelectionProtocol::updateSelection: cannot send selection to a client without a data_device
[1;32mDEBUG [0m]: cursorImage request: shape 1 -> default
[1;31mERR [0m]: [/usr/src/debug/hyprland/Hyprland-0.56.2/src/protocols/core/Seat.cpp:227] sendButton release on a non-pressed button
[1;32mDEBUG [0m]: Pointer at 55a79f70fd90 removed
[1;32mDEBUG [0m]: [CWLSeatProtocol] New seat resource bound at 55a79fc44540
[1;32mDEBUG [0m]: [CVirtualKeyboardProtocol] New VKeyboard at id 5
[1;32mDEBUG [0m]: ApplyConfigToKeyboard for "hl-virtual-keyboard-wtype", hasconfig: 0
[1;32mDEBUG [0m]: Attempting to create a keymap for layout us with variant  (rules: , model: , options: )
[1;32mDEBUG [0m]: Updating keyboard 55a79f694860's translation state from a provided keymap
[1;32mDEBUG [0m]: xkb: LED index 0 (name Num Lock) got index 1
[1;32mDEBUG [0m]: xkb: LED index 1 (name Caps Lock) got index 0
[1;32mDEBUG [0m]: xkb: LED index 2 (name Scroll Lock) got index 2
[1;32mDEBUG [0m]: xkb: Mod index 0 (name Shift) got index 0
[1;32mDEBUG [0m]: xkb: Mod index 1 (name Lock) got index 1
[1;32mDEBUG [0m]: xkb: Mod index 2 (name Control) got index 2
[1;32mDEBUG [0m]: xkb: Mod index 3 (name Mod1) got index 3
[1;32mDEBUG [0m]: xkb: Mod index 4 (name Mod2) got index 4
[1;32mDEBUG [0m]: xkb: Mod index 5 (name Mod3) got index 5
[1;32mDEBUG [0m]: xkb: Mod index 6 (name Mod4) got index 6
[1;32mDEBUG [0m]: xkb: Mod index 7 (name Mod5) got index 7
[1;32mDEBUG [0m]: Updating keymap fd for keyboard hl-virtual-keyboard-wtype
[1;32mDEBUG [0m]: Updated keymap fd to 91, keymap V1 to: 93
[1;32mDEBUG [0m]: Set the keyboard layout to us and variant to  for keyboard "hl-virtual-keyboard-wtype"
[1;32mDEBUG [0m]: New virtual keyboard created at 55a79f694860
[1;32mDEBUG [0m]: Updating keyboard 55a79f694860's translation state from a provided keymap
[1;32mDEBUG [0m]: Updating keymap fd for keyboard hl-virtual-keyboard-wtype
[1;32mDEBUG [0m]: Updated keymap fd to 91, keymap V1 to: 93
[1;32mDEBUG [0m]: Keyboard at 55a79f694860 removed
[1;32mDEBUG [0m]: Destroyed keyboard 55a79f694860
[1;32mDEBUG [0m]: [CWLCompositorResource] New wl_region with id 96 at 55a79f108860
[1;32mDEBUG [0m]: LayerSurface 55a79fb112e0 destroyed
[1;32mDEBUG [0m]: Forcing an unmap of a LS that did a straight destroy!
[1;32mDEBUG [0m]: LayerSurface 55a79fb112e0 unmapped
[1;32mDEBUG [0m]: renderer: making a snapshot of layer 55a79f660240
[1;32mDEBUG [0m]: Framebuffer "layer snapshot" created, status 36053
[1;32mDEBUG [0m]: renderer: cleared a snapshot of layer 55a79f660240
[1;32mDEBUG [0m]: renderer: rendered a snapshot of layer 55a79f660240
[1;32mDEBUG [0m]: renderer: made a snapshot of layer 55a79f660240
[1;32mDEBUG [0m]: CWLSurface 55a79fc69ec0 called destroy()
[1;32mDEBUG [0m]: Hyprctl: new connection from pid 187
[1;32mDEBUG [0m]: Cleanup: removed 1 fadeouts
[1;32mDEBUG [0m]: Set keyboard focus to surface 55a79f64b4d0
[1;32mDEBUG [0m]: [CPrimarySelectionProtocol] CPrimarySelectionProtocol::updateSelection: cannot send selection to a client without a data_device
[1;32mDEBUG [0m]: cursorImage request: shape 1 -> default
[1;32mDEBUG [0m]: [CWLSeatProtocol] New seat resource bound at 55a79fa561e0
[1;32mDEBUG [0m]: [CVirtualKeyboardProtocol] New VKeyboard at id 5
[1;32mDEBUG [0m]: ApplyConfigToKeyboard for "hl-virtual-keyboard-wtype", hasconfig: 0
[1;32mDEBUG [0m]: Attempting to create a keymap for layout us with variant  (rules: , model: , options: )
[1;32mDEBUG [0m]: Updating keyboard 55a79f694860's translation state from a provided keymap
[1;32mDEBUG [0m]: xkb: LED index 0 (name Num Lock) got index 1
[1;32mDEBUG [0m]: xkb: LED index 1 (name Caps Lock) got index 0
[1;32mDEBUG [0m]: xkb: LED index 2 (name Scroll Lock) got index 2
[1;32mDEBUG [0m]: xkb: Mod index 0 (name Shift) got index 0
[1;32mDEBUG [0m]: xkb: Mod index 1 (name Lock) got index 1
[1;32mDEBUG [0m]: xkb: Mod index 2 (name Control) got index 2
[1;32mDEBUG [0m]: xkb: Mod index 3 (name Mod1) got index 3
[1;32mDEBUG [0m]: xkb: Mod index 4 (name Mod2) got index 4
[1;32mDEBUG [0m]: xkb: Mod index 5 (name Mod3) got index 5
[1;32mDEBUG [0m]: xkb: Mod index 6 (name Mod4) got index 6
[1;32mDEBUG [0m]: xkb: Mod index 7 (name Mod5) got index 7
[1;32mDEBUG [0m]: Updating keymap fd for keyboard hl-virtual-keyboard-wtype
[1;32mDEBUG [0m]: Updated keymap fd to 87, keymap V1 to: 89
[1;32mDEBUG [0m]: Set the keyboard layout to us and variant to  for keyboard "hl-virtual-keyboard-wtype"
[1;32mDEBUG [0m]: New virtual keyboard created at 55a79f694860
[1;32mDEBUG [0m]: Updating keyboard 55a79f694860's translation state from a provided keymap
[1;32mDEBUG [0m]: Updating keymap fd for keyboard hl-virtual-keyboard-wtype
[1;32mDEBUG [0m]: Updated keymap fd to 87, keymap V1 to: 89
[1;32mDEBUG [0m]: Hyprctl: new connection from pid 34
[1;32mDEBUG [0m]: Refusing a keyboard focus to a window because of an exclusive ls
[1;32mDEBUG [0m]: Hyprctl: dispatcher focusworkspaceoncurrentmonitor : 3
[1;32mDEBUG [0m]: Hyprctl: new connection from pid 34
[1;32mDEBUG [0m]: Keyboard at 55a79f694860 removed
[1;32mDEBUG [0m]: Destroyed keyboard 55a79f694860
[1;32mDEBUG [0m]: Hyprctl: new connection from pid 191
[1;32mDEBUG [0m]: Set keyboard focus to surface 55a79f64b4d0
[1;32mDEBUG [0m]: [CPrimarySelectionProtocol] CPrimarySelectionProtocol::updateSelection: cannot send selection to a client without a data_device
[1;32mDEBUG [0m]: cursorImage request: shape 1 -> default
[1;32mDEBUG [0m]: [CWLSeatProtocol] New seat resource bound at 55a79fa561e0
[1;32mDEBUG [0m]: [CVirtualKeyboardProtocol] New VKeyboard at id 5
[1;32mDEBUG [0m]: ApplyConfigToKeyboard for "hl-virtual-keyboard-wtype", hasconfig: 0
[1;32mDEBUG [0m]: Attempting to create a keymap for layout us with variant  (rules: , model: , options: )
[1;32mDEBUG [0m]: Updating keyboard 55a79f694860's translation state from a provided keymap
[1;32mDEBUG [0m]: xkb: LED index 0 (name Num Lock) got index 1
[1;32mDEBUG [0m]: xkb: LED index 1 (name Caps Lock) got index 0
[1;32mDEBUG [0m]: xkb: LED index 2 (name Scroll Lock) got index 2
[1;32mDEBUG [0m]: xkb: Mod index 0 (name Shift) got index 0
[1;32mDEBUG [0m]: xkb: Mod index 1 (name Lock) got index 1
[1;32mDEBUG [0m]: xkb: Mod index 2 (name Control) got index 2
[1;32mDEBUG [0m]: xkb: Mod index 3 (name Mod1) got index 3
[1;32mDEBUG [0m]: xkb: Mod index 4 (name Mod2) got index 4
[1;32mDEBUG [0m]: xkb: Mod index 5 (name Mod3) got index 5
[1;32mDEBUG [0m]: xkb: Mod index 6 (name Mod4) got index 6
[1;32mDEBUG [0m]: xkb: Mod index 7 (name Mod5) got index 7
[1;32mDEBUG [0m]: Updating keymap fd for keyboard hl-virtual-keyboard-wtype
[1;32mDEBUG [0m]: Updated keymap fd to 87, keymap V1 to: 89
[1;32mDEBUG [0m]: Set the keyboard layout to us and variant to  for keyboard "hl-virtual-keyboard-wtype"
[1;32mDEBUG [0m]: New virtual keyboard created at 55a79f694860
[1;32mDEBUG [0m]: Updating keyboard 55a79f694860's translation state from a provided keymap
[1;32mDEBUG [0m]: Updating keymap fd for keyboard hl-virtual-keyboard-wtype
[1;32mDEBUG [0m]: Updated keymap fd to 87, keymap V1 to: 89
[1;32mDEBUG [0m]: Keyboard at 55a79f694860 removed
[1;32mDEBUG [0m]: Destroyed keyboard 55a79f694860
[1;32mDEBUG [0m]: [CWLSeatProtocol] New seat resource bound at 55a79fc66080
[1;32mDEBUG [0m]: [CVirtualKeyboardProtocol] New VKeyboard at id 5
[1;32mDEBUG [0m]: ApplyConfigToKeyboard for "hl-virtual-keyboard-wtype", hasconfig: 0
[1;32mDEBUG [0m]: Attempting to create a keymap for layout us with variant  (rules: , model: , options: )
[1;32mDEBUG [0m]: Updating keyboard 55a79f694860's translation state from a provided keymap
[1;32mDEBUG [0m]: xkb: LED index 0 (name Num Lock) got index 1
[1;32mDEBUG [0m]: xkb: LED index 1 (name Caps Lock) got index 0
[1;32mDEBUG [0m]: xkb: LED index 2 (name Scroll Lock) got index 2
[1;32mDEBUG [0m]: xkb: Mod index 0 (name Shift) got index 0
[1;32mDEBUG [0m]: xkb: Mod index 1 (name Lock) got index 1
[1;32mDEBUG [0m]: xkb: Mod index 2 (name Control) got index 2
[1;32mDEBUG [0m]: xkb: Mod index 3 (name Mod1) got index 3
[1;32mDEBUG [0m]: xkb: Mod index 4 (name Mod2) got index 4
[1;32mDEBUG [0m]: xkb: Mod index 5 (name Mod3) got index 5
[1;32mDEBUG [0m]: xkb: Mod index 6 (name Mod4) got index 6
[1;32mDEBUG [0m]: xkb: Mod index 7 (name Mod5) got index 7
[1;32mDEBUG [0m]: Updating keymap fd for keyboard hl-virtual-keyboard-wtype
[1;32mDEBUG [0m]: Updated keymap fd to 87, keymap V1 to: 89
[1;32mDEBUG [0m]: Set the keyboard layout to us and variant to  for keyboard "hl-virtual-keyboard-wtype"
[1;32mDEBUG [0m]: New virtual keyboard created at 55a79f694860
[1;32mDEBUG [0m]: Updating keyboard 55a79f694860's translation state from a provided keymap
[1;32mDEBUG [0m]: Updating keymap fd for keyboard hl-virtual-keyboard-wtype
[1;32mDEBUG [0m]: Updated keymap fd to 87, keymap V1 to: 89
[1;32mDEBUG [0m]: Keyboard at 55a79f694860 removed
[1;32mDEBUG [0m]: Destroyed keyboard 55a79f694860
[1;32mDEBUG [0m]: [CWLSeatProtocol] New seat resource bound at 55a79fe09a00
[1;32mDEBUG [0m]: [CVirtualKeyboardProtocol] New VKeyboard at id 5
[1;32mDEBUG [0m]: ApplyConfigToKeyboard for "hl-virtual-keyboard-wtype", hasconfig: 0
[1;32mDEBUG [0m]: Attempting to create a keymap for layout us with variant  (rules: , model: , options: )
[1;32mDEBUG [0m]: Updating keyboard 55a79f694860's translation state from a provided keymap
[1;32mDEBUG [0m]: xkb: LED index 0 (name Num Lock) got index 1
[1;32mDEBUG [0m]: xkb: LED index 1 (name Caps Lock) got index 0
[1;32mDEBUG [0m]: xkb: LED index 2 (name Scroll Lock) got index 2
[1;32mDEBUG [0m]: xkb: Mod index 0 (name Shift) got index 0
[1;32mDEBUG [0m]: xkb: Mod index 1 (name Lock) got index 1
[1;32mDEBUG [0m]: xkb: Mod index 2 (name Control) got index 2
[1;32mDEBUG [0m]: xkb: Mod index 3 (name Mod1) got index 3
[1;32mDEBUG [0m]: xkb: Mod index 4 (name Mod2) got index 4
[1;32mDEBUG [0m]: xkb: Mod index 5 (name Mod3) got index 5
[1;32mDEBUG [0m]: xkb: Mod index 6 (name Mod4) got index 6
[1;32mDEBUG [0m]: xkb: Mod index 7 (name Mod5) got index 7
[1;32mDEBUG [0m]: Updating keymap fd for keyboard hl-virtual-keyboard-wtype
[1;32mDEBUG [0m]: Updated keymap fd to 87, keymap V1 to: 89
[1;32mDEBUG [0m]: Set the keyboard layout to us and variant to  for keyboard "hl-virtual-keyboard-wtype"
[1;32mDEBUG [0m]: New virtual keyboard created at 55a79f694860
[1;32mDEBUG [0m]: Updating keyboard 55a79f694860's translation state from a provided keymap
[1;32mDEBUG [0m]: Updating keymap fd for keyboard hl-virtual-keyboard-wtype
[1;32mDEBUG [0m]: Updated keymap fd to 87, keymap V1 to: 89
[1;32mDEBUG [0m]: Keyboard at 55a79f694860 removed
[1;32mDEBUG [0m]: Destroyed keyboard 55a79f694860
[1;32mDEBUG [0m]: [CWLSeatProtocol] New seat resource bound at 55a79fd07ff0
[1;32mDEBUG [0m]: [CVirtualKeyboardProtocol] New VKeyboard at id 5
[1;32mDEBUG [0m]: ApplyConfigToKeyboard for "hl-virtual-keyboard-wtype", hasconfig: 0
[1;32mDEBUG [0m]: Attempting to create a keymap for layout us with variant  (rules: , model: , options: )
[1;32mDEBUG [0m]: Updating keyboard 55a79f694860's translation state from a provided keymap
[1;32mDEBUG [0m]: xkb: LED index 0 (name Num Lock) got index 1
[1;32mDEBUG [0m]: xkb: LED index 1 (name Caps Lock) got index 0
[1;32mDEBUG [0m]: xkb: LED index 2 (name Scroll Lock) got index 2
[1;32mDEBUG [0m]: xkb: Mod index 0 (name Shift) got index 0
[1;32mDEBUG [0m]: xkb: Mod index 1 (name Lock) got index 1
[1;32mDEBUG [0m]: xkb: Mod index 2 (name Control) got index 2
[1;32mDEBUG [0m]: xkb: Mod index 3 (name Mod1) got index 3
[1;32mDEBUG [0m]: xkb: Mod index 4 (name Mod2) got index 4
[1;32mDEBUG [0m]: xkb: Mod index 5 (name Mod3) got index 5
[1;32mDEBUG [0m]: xkb: Mod index 6 (name Mod4) got index 6
[1;32mDEBUG [0m]: xkb: Mod index 7 (name Mod5) got index 7
[1;32mDEBUG [0m]: Updating keymap fd for keyboard hl-virtual-keyboard-wtype
[1;32mDEBUG [0m]: Updated keymap fd to 87, keymap V1 to: 89
[1;32mDEBUG [0m]: Set the keyboard layout to us and variant to  for keyboard "hl-virtual-keyboard-wtype"
[1;32mDEBUG [0m]: New virtual keyboard created at 55a79f694860
[1;32mDEBUG [0m]: Updating keyboard 55a79f694860's translation state from a provided keymap
[1;32mDEBUG [0m]: Updating keymap fd for keyboard hl-virtual-keyboard-wtype
[1;32mDEBUG [0m]: Updated keymap fd to 87, keymap V1 to: 89
[1;32mDEBUG [0m]: Keyboard at 55a79f694860 removed
[1;32mDEBUG [0m]: Destroyed keyboard 55a79f694860
[1;32mDEBUG [0m]: [CWLSeatProtocol] New seat resource bound at 55a79f7798c0
[1;32mDEBUG [0m]: [CVirtualKeyboardProtocol] New VKeyboard at id 5
[1;32mDEBUG [0m]: ApplyConfigToKeyboard for "hl-virtual-keyboard-wtype", hasconfig: 0
[1;32mDEBUG [0m]: Attempting to create a keymap for layout us with variant  (rules: , model: , options: )
[1;32mDEBUG [0m]: Updating keyboard 55a79f694860's translation state from a provided keymap
[1;32mDEBUG [0m]: xkb: LED index 0 (name Num Lock) got index 1
[1;32mDEBUG [0m]: xkb: LED index 1 (name Caps Lock) got index 0
[1;32mDEBUG [0m]: xkb: LED index 2 (name Scroll Lock) got index 2
[1;32mDEBUG [0m]: xkb: Mod index 0 (name Shift) got index 0
[1;32mDEBUG [0m]: xkb: Mod index 1 (name Lock) got index 1
[1;32mDEBUG [0m]: xkb: Mod index 2 (name Control) got index 2
[1;32mDEBUG [0m]: xkb: Mod index 3 (name Mod1) got index 3
[1;32mDEBUG [0m]: xkb: Mod index 4 (name Mod2) got index 4
[1;32mDEBUG [0m]: xkb: Mod index 5 (name Mod3) got index 5
[1;32mDEBUG [0m]: xkb: Mod index 6 (name Mod4) got index 6
[1;32mDEBUG [0m]: xkb: Mod index 7 (name Mod5) got index 7
[1;32mDEBUG [0m]: Updating keymap fd for keyboard hl-virtual-keyboard-wtype
[1;32mDEBUG [0m]: Updated keymap fd to 87, keymap V1 to: 89
[1;32mDEBUG [0m]: Set the keyboard layout to us and variant to  for keyboard "hl-virtual-keyboard-wtype"
[1;32mDEBUG [0m]: New virtual keyboard created at 55a79f694860
[1;32mDEBUG [0m]: Updating keyboard 55a79f694860's translation state from a provided keymap
[1;32mDEBUG [0m]: Updating keymap fd for keyboard hl-virtual-keyboard-wtype
[1;32mDEBUG [0m]: Updated keymap fd to 87, keymap V1 to: 89
[1;32mDEBUG [0m]: Keyboard at 55a79f694860 removed
[1;32mDEBUG [0m]: Destroyed keyboard 55a79f694860
[1;32mDEBUG [0m]: [CWLSeatProtocol] New seat resource bound at 55a79fbf6500
[1;32mDEBUG [0m]: [CVirtualKeyboardProtocol] New VKeyboard at id 5
[1;32mDEBUG [0m]: ApplyConfigToKeyboard for "hl-virtual-keyboard-wtype", hasconfig: 0
[1;32mDEBUG [0m]: Attempting to create a keymap for layout us with variant  (rules: , model: , options: )
[1;32mDEBUG [0m]: Updating keyboard 55a79f694860's translation state from a provided keymap
[1;32mDEBUG [0m]: xkb: LED index 0 (name Num Lock) got index 1
[1;32mDEBUG [0m]: xkb: LED index 1 (name Caps Lock) got index 0
[1;32mDEBUG [0m]: xkb: LED index 2 (name Scroll Lock) got index 2
[1;32mDEBUG [0m]: xkb: Mod index 0 (name Shift) got index 0
[1;32mDEBUG [0m]: xkb: Mod index 1 (name Lock) got index 1
[1;32mDEBUG [0m]: xkb: Mod index 2 (name Control) got index 2
[1;32mDEBUG [0m]: xkb: Mod index 3 (name Mod1) got index 3
[1;32mDEBUG [0m]: xkb: Mod index 4 (name Mod2) got index 4
[1;32mDEBUG [0m]: xkb: Mod index 5 (name Mod3) got index 5
[1;32mDEBUG [0m]: xkb: Mod index 6 (name Mod4) got index 6
[1;32mDEBUG [0m]: xkb: Mod index 7 (name Mod5) got index 7
[1;32mDEBUG [0m]: Updating keymap fd for keyboard hl-virtual-keyboard-wtype
[1;32mDEBUG [0m]: Updated keymap fd to 87, keymap V1 to: 89
[1;32mDEBUG [0m]: Set the keyboard layout to us and variant to  for keyboard "hl-virtual-keyboard-wtype"
[1;32mDEBUG [0m]: New virtual keyboard created at 55a79f694860
[1;32mDEBUG [0m]: Updating keyboard 55a79f694860's translation state from a provided keymap
[1;32mDEBUG [0m]: Updating keymap fd for keyboard hl-virtual-keyboard-wtype
[1;32mDEBUG [0m]: Updated keymap fd to 87, keymap V1 to: 89
[1;32mDEBUG [0m]: Keyboard at 55a79f694860 removed
[1;32mDEBUG [0m]: Destroyed keyboard 55a79f694860
[1;32mDEBUG [0m]: [CWLSeatProtocol] New seat resource bound at 55a79fdf6be0
[1;32mDEBUG [0m]: [CVirtualKeyboardProtocol] New VKeyboard at id 5
[1;32mDEBUG [0m]: ApplyConfigToKeyboard for "hl-virtual-keyboard-wtype", hasconfig: 0
[1;32mDEBUG [0m]: Attempting to create a keymap for layout us with variant  (rules: , model: , options: )
[1;32mDEBUG [0m]: Updating keyboard 55a79f694860's translation state from a provided keymap
[1;32mDEBUG [0m]: xkb: LED index 0 (name Num Lock) got index 1
[1;32mDEBUG [0m]: xkb: LED index 1 (name Caps Lock) got index 0
[1;32mDEBUG [0m]: xkb: LED index 2 (name Scroll Lock) got index 2
[1;32mDEBUG [0m]: xkb: Mod index 0 (name Shift) got index 0
[1;32mDEBUG [0m]: xkb: Mod index 1 (name Lock) got index 1
[1;32mDEBUG [0m]: xkb: Mod index 2 (name Control) got index 2
[1;32mDEBUG [0m]: xkb: Mod index 3 (name Mod1) got index 3
[1;32mDEBUG [0m]: xkb: Mod index 4 (name Mod2) got index 4
[1;32mDEBUG [0m]: xkb: Mod index 5 (name Mod3) got index 5
[1;32mDEBUG [0m]: xkb: Mod index 6 (name Mod4) got index 6
[1;32mDEBUG [0m]: xkb: Mod index 7 (name Mod5) got index 7
[1;32mDEBUG [0m]: Updating keymap fd for keyboard hl-virtual-keyboard-wtype
[1;32mDEBUG [0m]: Updated keymap fd to 87, keymap V1 to: 89
[1;32mDEBUG [0m]: Set the keyboard layout to us and variant to  for keyboard "hl-virtual-keyboard-wtype"
[1;32mDEBUG [0m]: New virtual keyboard created at 55a79f694860
[1;32mDEBUG [0m]: Updating keyboard 55a79f694860's translation state from a provided keymap
[1;32mDEBUG [0m]: Updating keymap fd for keyboard hl-virtual-keyboard-wtype
[1;32mDEBUG [0m]: Updated keymap fd to 87, keymap V1 to: 89
[1;32mDEBUG [0m]: Keyboard at 55a79f694860 removed
[1;32mDEBUG [0m]: Destroyed keyboard 55a79f694860
[1;32mDEBUG [0m]: [CWLSeatProtocol] New seat resource bound at 55a79fb5ef00
[1;32mDEBUG [0m]: [CVirtualKeyboardProtocol] New VKeyboard at id 5
[1;32mDEBUG [0m]: ApplyConfigToKeyboard for "hl-virtual-keyboard-wtype", hasconfig: 0
[1;32mDEBUG [0m]: Attempting to create a keymap for layout us with variant  (rules: , model: , options: )
[1;32mDEBUG [0m]: Updating keyboard 55a79f694860's translation state from a provided keymap
[1;32mDEBUG [0m]: xkb: LED index 0 (name Num Lock) got index 1
[1;32mDEBUG [0m]: xkb: LED index 1 (name Caps Lock) got index 0
[1;32mDEBUG [0m]: xkb: LED index 2 (name Scroll Lock) got index 2
[1;32mDEBUG [0m]: xkb: Mod index 0 (name Shift) got index 0
[1;32mDEBUG [0m]: xkb: Mod index 1 (name Lock) got index 1
[1;32mDEBUG [0m]: xkb: Mod index 2 (name Control) got index 2
[1;32mDEBUG [0m]: xkb: Mod index 3 (name Mod1) got index 3
[1;32mDEBUG [0m]: xkb: Mod index 4 (name Mod2) got index 4
[1;32mDEBUG [0m]: xkb: Mod index 5 (name Mod3) got index 5
[1;32mDEBUG [0m]: xkb: Mod index 6 (name Mod4) got index 6
[1;32mDEBUG [0m]: xkb: Mod index 7 (name Mod5) got index 7
[1;32mDEBUG [0m]: Updating keymap fd for keyboard hl-virtual-keyboard-wtype
[1;32mDEBUG [0m]: Updated keymap fd to 87, keymap V1 to: 89
[1;32mDEBUG [0m]: Set the keyboard layout to us and variant to  for keyboard "hl-virtual-keyboard-wtype"
[1;32mDEBUG [0m]: New virtual keyboard created at 55a79f694860
[1;32mDEBUG [0m]: Updating keyboard 55a79f694860's translation state from a provided keymap
[1;32mDEBUG [0m]: Updating keymap fd for keyboard hl-virtual-keyboard-wtype
[1;32mDEBUG [0m]: Updated keymap fd to 87, keymap V1 to: 89
[1;32mDEBUG [0m]: Keyboard at 55a79f694860 removed
[1;32mDEBUG [0m]: Destroyed keyboard 55a79f694860
[1;32mDEBUG [0m]: [CWLSeatProtocol] New seat resource bound at 55a79fe098f0
[1;32mDEBUG [0m]: [CVirtualKeyboardProtocol] New VKeyboard at id 5
[1;32mDEBUG [0m]: ApplyConfigToKeyboard for "hl-virtual-keyboard-wtype", hasconfig: 0
[1;32mDEBUG [0m]: Attempting to create a keymap for layout us with variant  (rules: , model: , options: )
[1;32mDEBUG [0m]: Updating keyboard 55a79f694860's translation state from a provided keymap
[1;32mDEBUG [0m]: xkb: LED index 0 (name Num Lock) got index 1
[1;32mDEBUG [0m]: xkb: LED index 1 (name Caps Lock) got index 0
[1;32mDEBUG [0m]: xkb: LED index 2 (name Scroll Lock) got index 2
[1;32mDEBUG [0m]: xkb: Mod index 0 (name Shift) got index 0
[1;32mDEBUG [0m]: xkb: Mod index 1 (name Lock) got index 1
[1;32mDEBUG [0m]: xkb: Mod index 2 (name Control) got index 2
[1;32mDEBUG [0m]: xkb: Mod index 3 (name Mod1) got index 3
[1;32mDEBUG [0m]: xkb: Mod index 4 (name Mod2) got index 4
[1;32mDEBUG [0m]: xkb: Mod index 5 (name Mod3) got index 5
[1;32mDEBUG [0m]: xkb: Mod index 6 (name Mod4) got index 6
[1;32mDEBUG [0m]: xkb: Mod index 7 (name Mod5) got index 7
[1;32mDEBUG [0m]: Updating keymap fd for keyboard hl-virtual-keyboard-wtype
[1;32mDEBUG [0m]: Updated keymap fd to 87, keymap V1 to: 89
[1;32mDEBUG [0m]: Set the keyboard layout to us and variant to  for keyboard "hl-virtual-keyboard-wtype"
[1;32mDEBUG [0m]: New virtual keyboard created at 55a79f694860
[1;32mDEBUG [0m]: Updating keyboard 55a79f694860's translation state from a provided keymap
[1;32mDEBUG [0m]: Updating keymap fd for keyboard hl-virtual-keyboard-wtype
[1;32mDEBUG [0m]: Updated keymap fd to 87, keymap V1 to: 89
[1;32mDEBUG [0m]: Keyboard at 55a79f694860 removed
[1;32mDEBUG [0m]: Destroyed keyboard 55a79f694860
[1;32mDEBUG [0m]: [CWLSeatProtocol] New seat resource bound at 55a79fd07ff0
[1;32mDEBUG [0m]: [CVirtualKeyboardProtocol] New VKeyboard at id 5
[1;32mDEBUG [0m]: ApplyConfigToKeyboard for "hl-virtual-keyboard-wtype", hasconfig: 0
[1;32mDEBUG [0m]: Attempting to create a keymap for layout us with variant  (rules: , model: , options: )
[1;32mDEBUG [0m]: Updating keyboard 55a79f694860's translation state from a provided keymap
[1;32mDEBUG [0m]: xkb: LED index 0 (name Num Lock) got index 1
[1;32mDEBUG [0m]: xkb: LED index 1 (name Caps Lock) got index 0
[1;32mDEBUG [0m]: xkb: LED index 2 (name Scroll Lock) got index 2
[1;32mDEBUG [0m]: xkb: Mod index 0 (name Shift) got index 0
[1;32mDEBUG [0m]: xkb: Mod index 1 (name Lock) got index 1
[1;32mDEBUG [0m]: xkb: Mod index 2 (name Control) got index 2
[1;32mDEBUG [0m]: xkb: Mod index 3 (name Mod1) got index 3
[1;32mDEBUG [0m]: xkb: Mod index 4 (name Mod2) got index 4
[1;32mDEBUG [0m]: xkb: Mod index 5 (name Mod3) got index 5
[1;32mDEBUG [0m]: xkb: Mod index 6 (name Mod4) got index 6
[1;32mDEBUG [0m]: xkb: Mod index 7 (name Mod5) got index 7
[1;32mDEBUG [0m]: Updating keymap fd for keyboard hl-virtual-keyboard-wtype
[1;32mDEBUG [0m]: Updated keymap fd to 87, keymap V1 to: 89
[1;32mDEBUG [0m]: Set the keyboard layout to us and variant to  for keyboard "hl-virtual-keyboard-wtype"
[1;32mDEBUG [0m]: New virtual keyboard created at 55a79f694860
[1;32mDEBUG [0m]: Updating keyboard 55a79f694860's translation state from a provided keymap
[1;32mDEBUG [0m]: Updating keymap fd for keyboard hl-virtual-keyboard-wtype
[1;32mDEBUG [0m]: Updated keymap fd to 87, keymap V1 to: 89
[1;32mDEBUG [0m]: Keyboard at 55a79f694860 removed
[1;32mDEBUG [0m]: Destroyed keyboard 55a79f694860
[1;32mDEBUG [0m]: [CWLSeatProtocol] New seat resource bound at 55a79f6f0fe0
[1;32mDEBUG [0m]: [CVirtualKeyboardProtocol] New VKeyboard at id 5
[1;32mDEBUG [0m]: ApplyConfigToKeyboard for "hl-virtual-keyboard-wtype", hasconfig: 0
[1;32mDEBUG [0m]: Attempting to create a keymap for layout us with variant  (rules: , model: , options: )
[1;32mDEBUG [0m]: Updating keyboard 55a79f694860's translation state from a provided keymap
[1;32mDEBUG [0m]: xkb: LED index 0 (name Num Lock) got index 1
[1;32mDEBUG [0m]: xkb: LED index 1 (name Caps Lock) got index 0
[1;32mDEBUG [0m]: xkb: LED index 2 (name Scroll Lock) got index 2
[1;32mDEBUG [0m]: xkb: Mod index 0 (name Shift) got index 0
[1;32mDEBUG [0m]: xkb: Mod index 1 (name Lock) got index 1
[1;32mDEBUG [0m]: xkb: Mod index 2 (name Control) got index 2
[1;32mDEBUG [0m]: xkb: Mod index 3 (name Mod1) got index 3
[1;32mDEBUG [0m]: xkb: Mod index 4 (name Mod2) got index 4
[1;32mDEBUG [0m]: xkb: Mod index 5 (name Mod3) got index 5
[1;32mDEBUG [0m]: xkb: Mod index 6 (name Mod4) got index 6
[1;32mDEBUG [0m]: xkb: Mod index 7 (name Mod5) got index 7
[1;32mDEBUG [0m]: Updating keymap fd for keyboard hl-virtual-keyboard-wtype
[1;32mDEBUG [0m]: Updated keymap fd to 87, keymap V1 to: 89
[1;32mDEBUG [0m]: Set the keyboard layout to us and variant to  for keyboard "hl-virtual-keyboard-wtype"
[1;32mDEBUG [0m]: New virtual keyboard created at 55a79f694860
[1;32mDEBUG [0m]: Updating keyboard 55a79f694860's translation state from a provided keymap
[1;32mDEBUG [0m]: Updating keymap fd for keyboard hl-virtual-keyboard-wtype
[1;32mDEBUG [0m]: Updated keymap fd to 87, keymap V1 to: 89
[1;32mDEBUG [0m]: [CWLCompositorResource] New wl_surface with id 86 at 55a79fc3e5d0
[1;32mDEBUG [0m]: [CWLCompositorResource] New wl_surface with id 85 at 55a79fc3e5d0
[1;32mDEBUG [0m]: [CPrimarySelectionProtocol] CPrimarySelectionProtocol::updateSelection: cannot send selection to a client without a data_device
[1;32mDEBUG [0m]: CWLSurface 55a79f5a7980 called init()
[1;32mDEBUG [0m]: LayerSurface 55a79fb112e0 (namespace putkin-panel layer 3) created on monitor HEADLESS-1
[1;32mDEBUG [0m]: [CLayerShellProtocol] New wlr_layer_surface 55a79fb112e0
[1;32mDEBUG [0m]: cursorImage request: shape 1 -> default
[1;32mDEBUG [0m]: Keyboard at 55a79f694860 removed
[1;32mDEBUG [0m]: Destroyed keyboard 55a79f694860
[1;32mDEBUG [0m]: [CWLCompositorResource] New wl_region with id 78 at 55a79fe010d0
[1;32mDEBUG [0m]: [CWLCompositorResource] New wl_region with id 96 at 55a79fe010d0
[1;32mDEBUG [0m]: [CLinuxDMABUFParamsResource] Creating a dmabuf, with id 94: size [Vector2D: x: 368, y: 64], fmt AR24, planes 1
[1;32mDEBUG [0m]: [CLinuxDMABUFParamsResource]  | plane 0: mod 72057594037927952 fd 77 stride 1536 offset 0
[1;32mDEBUG [0m]: LayerSurface 55a79fb112e0 mapped
[1;32mDEBUG [0m]: [CLinuxDMABUFParamsResource] Creating a dmabuf, with id 89: size [Vector2D: x: 368, y: 64], fmt AR24, planes 1
[1;32mDEBUG [0m]: [CLinuxDMABUFParamsResource]  | plane 0: mod 72057594037927952 fd 79 stride 1536 offset 0
[1;32mDEBUG [0m]: [CLinuxDMABUFParamsResource] Creating a dmabuf, with id 92: size [Vector2D: x: 368, y: 1040], fmt AR24, planes 1
[1;32mDEBUG [0m]: [CLinuxDMABUFParamsResource]  | plane 0: mod 72057594037927952 fd 83 stride 1536 offset 0
[1;32mDEBUG [0m]: [CWLSeatProtocol] New seat resource bound at 55a79fd08170
[1;32mDEBUG [0m]: [CVirtualKeyboardProtocol] New VKeyboard at id 5
[1;32mDEBUG [0m]: ApplyConfigToKeyboard for "hl-virtual-keyboard-wtype", hasconfig: 0
[1;32mDEBUG [0m]: Attempting to create a keymap for layout us with variant  (rules: , model: , options: )
[1;32mDEBUG [0m]: Updating keyboard 55a79f694860's translation state from a provided keymap
[1;32mDEBUG [0m]: xkb: LED index 0 (name Num Lock) got index 1
[1;32mDEBUG [0m]: xkb: LED index 1 (name Caps Lock) got index 0
[1;32mDEBUG [0m]: xkb: LED index 2 (name Scroll Lock) got index 2
[1;32mDEBUG [0m]: xkb: Mod index 0 (name Shift) got index 0
[1;32mDEBUG [0m]: xkb: Mod index 1 (name Lock) got index 1
[1;32mDEBUG [0m]: xkb: Mod index 2 (name Control) got index 2
[1;32mDEBUG [0m]: xkb: Mod index 3 (name Mod1) got index 3
[1;32mDEBUG [0m]: xkb: Mod index 4 (name Mod2) got index 4
[1;32mDEBUG [0m]: xkb: Mod index 5 (name Mod3) got index 5
[1;32mDEBUG [0m]: xkb: Mod index 6 (name Mod4) got index 6
[1;32mDEBUG [0m]: xkb: Mod index 7 (name Mod5) got index 7
[1;32mDEBUG [0m]: Updating keymap fd for keyboard hl-virtual-keyboard-wtype
[1;32mDEBUG [0m]: Updated keymap fd to 91, keymap V1 to: 93
[1;32mDEBUG [0m]: Set the keyboard layout to us and variant to  for keyboard "hl-virtual-keyboard-wtype"
[1;32mDEBUG [0m]: New virtual keyboard created at 55a79f694860
[1;32mDEBUG [0m]: Updating keyboard 55a79f694860's translation state from a provided keymap
[1;32mDEBUG [0m]: Updating keymap fd for keyboard hl-virtual-keyboard-wtype
[1;32mDEBUG [0m]: Updated keymap fd to 91, keymap V1 to: 93
[1;32mDEBUG [0m]: [CLinuxDMABUFParamsResource] Creating a dmabuf, with id 96: size [Vector2D: x: 368, y: 1040], fmt AR24, planes 1
[1;32mDEBUG [0m]: [CLinuxDMABUFParamsResource]  | plane 0: mod 72057594037927952 fd 89 stride 1536 offset 0
[1;32mDEBUG [0m]: Keyboard at 55a79f694860 removed
[1;32mDEBUG [0m]: Destroyed keyboard 55a79f694860
[1;32mDEBUG [0m]: [CWLSeatProtocol] New seat resource bound at 55a79f4e8c60
[1;32mDEBUG [0m]: [CVirtualKeyboardProtocol] New VKeyboard at id 5
[1;32mDEBUG [0m]: ApplyConfigToKeyboard for "hl-virtual-keyboard-wtype", hasconfig: 0
[1;32mDEBUG [0m]: Attempting to create a keymap for layout us with variant  (rules: , model: , options: )
[1;32mDEBUG [0m]: Updating keyboard 55a79f694860's translation state from a provided keymap
[1;32mDEBUG [0m]: xkb: LED index 0 (name Num Lock) got index 1
[1;32mDEBUG [0m]: xkb: LED index 1 (name Caps Lock) got index 0
[1;32mDEBUG [0m]: xkb: LED index 2 (name Scroll Lock) got index 2
[1;32mDEBUG [0m]: xkb: Mod index 0 (name Shift) got index 0
[1;32mDEBUG [0m]: xkb: Mod index 1 (name Lock) got index 1
[1;32mDEBUG [0m]: xkb: Mod index 2 (name Control) got index 2
[1;32mDEBUG [0m]: xkb: Mod index 3 (name Mod1) got index 3
[1;32mDEBUG [0m]: xkb: Mod index 4 (name Mod2) got index 4
[1;32mDEBUG [0m]: xkb: Mod index 5 (name Mod3) got index 5
[1;32mDEBUG [0m]: xkb: Mod index 6 (name Mod4) got index 6
[1;32mDEBUG [0m]: xkb: Mod index 7 (name Mod5) got index 7
[1;32mDEBUG [0m]: Updating keymap fd for keyboard hl-virtual-keyboard-wtype
[1;32mDEBUG [0m]: Updated keymap fd to 91, keymap V1 to: 93
[1;32mDEBUG [0m]: Set the keyboard layout to us and variant to  for keyboard "hl-virtual-keyboard-wtype"
[1;32mDEBUG [0m]: New virtual keyboard created at 55a79f694860
[1;32mDEBUG [0m]: Updating keyboard 55a79f694860's translation state from a provided keymap
[1;32mDEBUG [0m]: Updating keymap fd for keyboard hl-virtual-keyboard-wtype
[1;32mDEBUG [0m]: Updated keymap fd to 91, keymap V1 to: 93
[1;32mDEBUG [0m]: Keyboard at 55a79f694860 removed
[1;32mDEBUG [0m]: Destroyed keyboard 55a79f694860
[1;32mDEBUG [0m]: [CWLSeatProtocol] New seat resource bound at 55a79fe099b0
[1;32mDEBUG [0m]: [CVirtualKeyboardProtocol] New VKeyboard at id 5
[1;32mDEBUG [0m]: ApplyConfigToKeyboard for "hl-virtual-keyboard-wtype", hasconfig: 0
[1;32mDEBUG [0m]: Attempting to create a keymap for layout us with variant  (rules: , model: , options: )
[1;32mDEBUG [0m]: Updating keyboard 55a79f694860's translation state from a provided keymap
[1;32mDEBUG [0m]: xkb: LED index 0 (name Num Lock) got index 1
[1;32mDEBUG [0m]: xkb: LED index 1 (name Caps Lock) got index 0
[1;32mDEBUG [0m]: xkb: LED index 2 (name Scroll Lock) got index 2
[1;32mDEBUG [0m]: xkb: Mod index 0 (name Shift) got index 0
[1;32mDEBUG [0m]: xkb: Mod index 1 (name Lock) got index 1
[1;32mDEBUG [0m]: xkb: Mod index 2 (name Control) got index 2
[1;32mDEBUG [0m]: xkb: Mod index 3 (name Mod1) got index 3
[1;32mDEBUG [0m]: xkb: Mod index 4 (name Mod2) got index 4
[1;32mDEBUG [0m]: xkb: Mod index 5 (name Mod3) got index 5
[1;32mDEBUG [0m]: xkb: Mod index 6 (name Mod4) got index 6
[1;32mDEBUG [0m]: xkb: Mod index 7 (name Mod5) got index 7
[1;32mDEBUG [0m]: Updating keymap fd for keyboard hl-virtual-keyboard-wtype
[1;32mDEBUG [0m]: Updated keymap fd to 91, keymap V1 to: 93
[1;32mDEBUG [0m]: Set the keyboard layout to us and variant to  for keyboard "hl-virtual-keyboard-wtype"
[1;32mDEBUG [0m]: New virtual keyboard created at 55a79f694860
[1;32mDEBUG [0m]: Updating keyboard 55a79f694860's translation state from a provided keymap
[1;32mDEBUG [0m]: Updating keymap fd for keyboard hl-virtual-keyboard-wtype
[1;32mDEBUG [0m]: Updated keymap fd to 91, keymap V1 to: 93
[1;32mDEBUG [0m]: Keyboard at 55a79f694860 removed
[1;32mDEBUG [0m]: Destroyed keyboard 55a79f694860
[1;32mDEBUG [0m]: [CWLSeatProtocol] New seat resource bound at 55a79f714530
[1;32mDEBUG [0m]: [CVirtualKeyboardProtocol] New VKeyboard at id 5
[1;32mDEBUG [0m]: ApplyConfigToKeyboard for "hl-virtual-keyboard-wtype", hasconfig: 0
[1;32mDEBUG [0m]: Attempting to create a keymap for layout us with variant  (rules: , model: , options: )
[1;32mDEBUG [0m]: Updating keyboard 55a79f694860's translation state from a provided keymap
[1;32mDEBUG [0m]: xkb: LED index 0 (name Num Lock) got index 1
[1;32mDEBUG [0m]: xkb: LED index 1 (name Caps Lock) got index 0
[1;32mDEBUG [0m]: xkb: LED index 2 (name Scroll Lock) got index 2
[1;32mDEBUG [0m]: xkb: Mod index 0 (name Shift) got index 0
[1;32mDEBUG [0m]: xkb: Mod index 1 (name Lock) got index 1
[1;32mDEBUG [0m]: xkb: Mod index 2 (name Control) got index 2
[1;32mDEBUG [0m]: xkb: Mod index 3 (name Mod1) got index 3
[1;32mDEBUG [0m]: xkb: Mod index 4 (name Mod2) got index 4
[1;32mDEBUG [0m]: xkb: Mod index 5 (name Mod3) got index 5
[1;32mDEBUG [0m]: xkb: Mod index 6 (name Mod4) got index 6
[1;32mDEBUG [0m]: xkb: Mod index 7 (name Mod5) got index 7
[1;32mDEBUG [0m]: Updating keymap fd for keyboard hl-virtual-keyboard-wtype
[1;32mDEBUG [0m]: Updated keymap fd to 91, keymap V1 to: 93
[1;32mDEBUG [0m]: Set the keyboard layout to us and variant to  for keyboard "hl-virtual-keyboard-wtype"
[1;32mDEBUG [0m]: New virtual keyboard created at 55a79f694860
[1;32mDEBUG [0m]: Updating keyboard 55a79f694860's translation state from a provided keymap
[1;32mDEBUG [0m]: Updating keymap fd for keyboard hl-virtual-keyboard-wtype
[1;32mDEBUG [0m]: Updated keymap fd to 91, keymap V1 to: 93
[1;32mDEBUG [0m]: Keyboard at 55a79f694860 removed
[1;32mDEBUG [0m]: Destroyed keyboard 55a79f694860
[1;32mDEBUG [0m]: [CWLSeatProtocol] New seat resource bound at 55a79fdb4c40
[1;32mDEBUG [0m]: [CVirtualKeyboardProtocol] New VKeyboard at id 5
[1;32mDEBUG [0m]: ApplyConfigToKeyboard for "hl-virtual-keyboard-wtype", hasconfig: 0
[1;32mDEBUG [0m]: Attempting to create a keymap for layout us with variant  (rules: , model: , options: )
[1;32mDEBUG [0m]: Updating keyboard 55a79f694860's translation state from a provided keymap
[1;32mDEBUG [0m]: xkb: LED index 0 (name Num Lock) got index 1
[1;32mDEBUG [0m]: xkb: LED index 1 (name Caps Lock) got index 0
[1;32mDEBUG [0m]: xkb: LED index 2 (name Scroll Lock) got index 2
[1;32mDEBUG [0m]: xkb: Mod index 0 (name Shift) got index 0
[1;32mDEBUG [0m]: xkb: Mod index 1 (name Lock) got index 1
[1;32mDEBUG [0m]: xkb: Mod index 2 (name Control) got index 2
[1;32mDEBUG [0m]: xkb: Mod index 3 (name Mod1) got index 3
[1;32mDEBUG [0m]: xkb: Mod index 4 (name Mod2) got index 4
[1;32mDEBUG [0m]: xkb: Mod index 5 (name Mod3) got index 5
[1;32mDEBUG [0m]: xkb: Mod index 6 (name Mod4) got index 6
[1;32mDEBUG [0m]: xkb: Mod index 7 (name Mod5) got index 7
[1;32mDEBUG [0m]: Updating keymap fd for keyboard hl-virtual-keyboard-wtype
[1;32mDEBUG [0m]: Updated keymap fd to 91, keymap V1 to: 93
[1;32mDEBUG [0m]: Set the keyboard layout to us and variant to  for keyboard "hl-virtual-keyboard-wtype"
[1;32mDEBUG [0m]: New virtual keyboard created at 55a79f694860
[1;32mDEBUG [0m]: Updating keyboard 55a79f694860's translation state from a provided keymap
[1;32mDEBUG [0m]: Updating keymap fd for keyboard hl-virtual-keyboard-wtype
[1;32mDEBUG [0m]: Updated keymap fd to 91, keymap V1 to: 93
[1;32mDEBUG [0m]: Keyboard at 55a79f694860 removed
[1;32mDEBUG [0m]: Destroyed keyboard 55a79f694860
[1;32mDEBUG [0m]: [CWLSeatProtocol] New seat resource bound at 55a79f714e30
[1;32mDEBUG [0m]: [CVirtualKeyboardProtocol] New VKeyboard at id 5
[1;32mDEBUG [0m]: ApplyConfigToKeyboard for "hl-virtual-keyboard-wtype", hasconfig: 0
[1;32mDEBUG [0m]: Attempting to create a keymap for layout us with variant  (rules: , model: , options: )
[1;32mDEBUG [0m]: Updating keyboard 55a79f694860's translation state from a provided keymap
[1;32mDEBUG [0m]: xkb: LED index 0 (name Num Lock) got index 1
[1;32mDEBUG [0m]: xkb: LED index 1 (name Caps Lock) got index 0
[1;32mDEBUG [0m]: xkb: LED index 2 (name Scroll Lock) got index 2
[1;32mDEBUG [0m]: xkb: Mod index 0 (name Shift) got index 0
[1;32mDEBUG [0m]: xkb: Mod index 1 (name Lock) got index 1
[1;32mDEBUG [0m]: xkb: Mod index 2 (name Control) got index 2
[1;32mDEBUG [0m]: xkb: Mod index 3 (name Mod1) got index 3
[1;32mDEBUG [0m]: xkb: Mod index 4 (name Mod2) got index 4
[1;32mDEBUG [0m]: xkb: Mod index 5 (name Mod3) got index 5
[1;32mDEBUG [0m]: xkb: Mod index 6 (name Mod4) got index 6
[1;32mDEBUG [0m]: xkb: Mod index 7 (name Mod5) got index 7
[1;32mDEBUG [0m]: Updating keymap fd for keyboard hl-virtual-keyboard-wtype
[1;32mDEBUG [0m]: Updated keymap fd to 91, keymap V1 to: 93
[1;32mDEBUG [0m]: Set the keyboard layout to us and variant to  for keyboard "hl-virtual-keyboard-wtype"
[1;32mDEBUG [0m]: New virtual keyboard created at 55a79f694860
[1;32mDEBUG [0m]: Updating keyboard 55a79f694860's translation state from a provided keymap
[1;32mDEBUG [0m]: Updating keymap fd for keyboard hl-virtual-keyboard-wtype
[1;32mDEBUG [0m]: Updated keymap fd to 91, keymap V1 to: 93
[1;32mDEBUG [0m]: Keyboard at 55a79f694860 removed
[1;32mDEBUG [0m]: Destroyed keyboard 55a79f694860
[1;32mDEBUG [0m]: [CWLSeatProtocol] New seat resource bound at 55a79e4113d0
[1;32mDEBUG [0m]: [CVirtualKeyboardProtocol] New VKeyboard at id 5
[1;32mDEBUG [0m]: ApplyConfigToKeyboard for "hl-virtual-keyboard-wtype", hasconfig: 0
[1;32mDEBUG [0m]: Attempting to create a keymap for layout us with variant  (rules: , model: , options: )
[1;32mDEBUG [0m]: Updating keyboard 55a79f694860's translation state from a provided keymap
[1;32mDEBUG [0m]: xkb: LED index 0 (name Num Lock) got index 1
[1;32mDEBUG [0m]: xkb: LED index 1 (name Caps Lock) got index 0
[1;32mDEBUG [0m]: xkb: LED index 2 (name Scroll Lock) got index 2
[1;32mDEBUG [0m]: xkb: Mod index 0 (name Shift) got index 0
[1;32mDEBUG [0m]: xkb: Mod index 1 (name Lock) got index 1
[1;32mDEBUG [0m]: xkb: Mod index 2 (name Control) got index 2
[1;32mDEBUG [0m]: xkb: Mod index 3 (name Mod1) got index 3
[1;32mDEBUG [0m]: xkb: Mod index 4 (name Mod2) got index 4
[1;32mDEBUG [0m]: xkb: Mod index 5 (name Mod3) got index 5
[1;32mDEBUG [0m]: xkb: Mod index 6 (name Mod4) got index 6
[1;32mDEBUG [0m]: xkb: Mod index 7 (name Mod5) got index 7
[1;32mDEBUG [0m]: Updating keymap fd for keyboard hl-virtual-keyboard-wtype
[1;32mDEBUG [0m]: Updated keymap fd to 91, keymap V1 to: 93
[1;32mDEBUG [0m]: Set the keyboard layout to us and variant to  for keyboard "hl-virtual-keyboard-wtype"
[1;32mDEBUG [0m]: New virtual keyboard created at 55a79f694860
[1;32mDEBUG [0m]: Updating keyboard 55a79f694860's translation state from a provided keymap
[1;32mDEBUG [0m]: Updating keymap fd for keyboard hl-virtual-keyboard-wtype
[1;32mDEBUG [0m]: Updated keymap fd to 91, keymap V1 to: 93
[1;32mDEBUG [0m]: Keyboard at 55a79f694860 removed
[1;32mDEBUG [0m]: Destroyed keyboard 55a79f694860
[1;32mDEBUG [0m]: [CWLSeatProtocol] New seat resource bound at 55a79fc44380
[1;32mDEBUG [0m]: [CVirtualKeyboardProtocol] New VKeyboard at id 5
[1;32mDEBUG [0m]: ApplyConfigToKeyboard for "hl-virtual-keyboard-wtype", hasconfig: 0
[1;32mDEBUG [0m]: Attempting to create a keymap for layout us with variant  (rules: , model: , options: )
[1;32mDEBUG [0m]: Updating keyboard 55a79f694860's translation state from a provided keymap
[1;32mDEBUG [0m]: xkb: LED index 0 (name Num Lock) got index 1
[1;32mDEBUG [0m]: xkb: LED index 1 (name Caps Lock) got index 0
[1;32mDEBUG [0m]: xkb: LED index 2 (name Scroll Lock) got index 2
[1;32mDEBUG [0m]: xkb: Mod index 0 (name Shift) got index 0
[1;32mDEBUG [0m]: xkb: Mod index 1 (name Lock) got index 1
[1;32mDEBUG [0m]: xkb: Mod index 2 (name Control) got index 2
[1;32mDEBUG [0m]: xkb: Mod index 3 (name Mod1) got index 3
[1;32mDEBUG [0m]: xkb: Mod index 4 (name Mod2) got index 4
[1;32mDEBUG [0m]: xkb: Mod index 5 (name Mod3) got index 5
[1;32mDEBUG [0m]: xkb: Mod index 6 (name Mod4) got index 6
[1;32mDEBUG [0m]: xkb: Mod index 7 (name Mod5) got index 7
[1;32mDEBUG [0m]: Updating keymap fd for keyboard hl-virtual-keyboard-wtype
[1;32mDEBUG [0m]: Updated keymap fd to 91, keymap V1 to: 93
[1;32mDEBUG [0m]: Set the keyboard layout to us and variant to  for keyboard "hl-virtual-keyboard-wtype"
[1;32mDEBUG [0m]: New virtual keyboard created at 55a79f694860
[1;32mDEBUG [0m]: Updating keyboard 55a79f694860's translation state from a provided keymap
[1;32mDEBUG [0m]: Updating keymap fd for keyboard hl-virtual-keyboard-wtype
[1;32mDEBUG [0m]: Updated keymap fd to 91, keymap V1 to: 93
[1;32mDEBUG [0m]: Keyboard at 55a79f694860 removed
[1;32mDEBUG [0m]: Destroyed keyboard 55a79f694860
[1;32mDEBUG [0m]: [CWLSeatProtocol] New seat resource bound at 55a79f714e60
[1;32mDEBUG [0m]: [CVirtualKeyboardProtocol] New VKeyboard at id 5
[1;32mDEBUG [0m]: ApplyConfigToKeyboard for "hl-virtual-keyboard-wtype", hasconfig: 0
[1;32mDEBUG [0m]: Attempting to create a keymap for layout us with variant  (rules: , model: , options: )
[1;32mDEBUG [0m]: Updating keyboard 55a79f694860's translation state from a provided keymap
[1;32mDEBUG [0m]: xkb: LED index 0 (name Num Lock) got index 1
[1;32mDEBUG [0m]: xkb: LED index 1 (name Caps Lock) got index 0
[1;32mDEBUG [0m]: xkb: LED index 2 (name Scroll Lock) got index 2
[1;32mDEBUG [0m]: xkb: Mod index 0 (name Shift) got index 0
[1;32mDEBUG [0m]: xkb: Mod index 1 (name Lock) got index 1
[1;32mDEBUG [0m]: xkb: Mod index 2 (name Control) got index 2
[1;32mDEBUG [0m]: xkb: Mod index 3 (name Mod1) got index 3
[1;32mDEBUG [0m]: xkb: Mod index 4 (name Mod2) got index 4
[1;32mDEBUG [0m]: xkb: Mod index 5 (name Mod3) got index 5
[1;32mDEBUG [0m]: xkb: Mod index 6 (name Mod4) got index 6
[1;32mDEBUG [0m]: xkb: Mod index 7 (name Mod5) got index 7
[1;32mDEBUG [0m]: Updating keymap fd for keyboard hl-virtual-keyboard-wtype
[1;32mDEBUG [0m]: Updated keymap fd to 91, keymap V1 to: 93
[1;32mDEBUG [0m]: Set the keyboard layout to us and variant to  for keyboard "hl-virtual-keyboard-wtype"
[1;32mDEBUG [0m]: New virtual keyboard created at 55a79f694860
[1;32mDEBUG [0m]: Updating keyboard 55a79f694860's translation state from a provided keymap
[1;32mDEBUG [0m]: Updating keymap fd for keyboard hl-virtual-keyboard-wtype
[1;32mDEBUG [0m]: Updated keymap fd to 91, keymap V1 to: 93
[1;32mDEBUG [0m]: Keyboard at 55a79f694860 removed
[1;32mDEBUG [0m]: Destroyed keyboard 55a79f694860
[1;32mDEBUG [0m]: [CWLSeatProtocol] New seat resource bound at 55a79ff9ef40
[1;32mDEBUG [0m]: [CVirtualKeyboardProtocol] New VKeyboard at id 5
[1;32mDEBUG [0m]: ApplyConfigToKeyboard for "hl-virtual-keyboard-wtype", hasconfig: 0
[1;32mDEBUG [0m]: Attempting to create a keymap for layout us with variant  (rules: , model: , options: )
[1;32mDEBUG [0m]: Updating keyboard 55a79f694860's translation state from a provided keymap
[1;32mDEBUG [0m]: xkb: LED index 0 (name Num Lock) got index 1
[1;32mDEBUG [0m]: xkb: LED index 1 (name Caps Lock) got index 0
[1;32mDEBUG [0m]: xkb: LED index 2 (name Scroll Lock) got index 2
[1;32mDEBUG [0m]: xkb: Mod index 0 (name Shift) got index 0
[1;32mDEBUG [0m]: xkb: Mod index 1 (name Lock) got index 1
[1;32mDEBUG [0m]: xkb: Mod index 2 (name Control) got index 2
[1;32mDEBUG [0m]: xkb: Mod index 3 (name Mod1) got index 3
[1;32mDEBUG [0m]: xkb: Mod index 4 (name Mod2) got index 4
[1;32mDEBUG [0m]: xkb: Mod index 5 (name Mod3) got index 5
[1;32mDEBUG [0m]: xkb: Mod index 6 (name Mod4) got index 6
[1;32mDEBUG [0m]: xkb: Mod index 7 (name Mod5) got index 7
[1;32mDEBUG [0m]: Updating keymap fd for keyboard hl-virtual-keyboard-wtype
[1;32mDEBUG [0m]: Updated keymap fd to 91, keymap V1 to: 93
[1;32mDEBUG [0m]: Set the keyboard layout to us and variant to  for keyboard "hl-virtual-keyboard-wtype"
[1;32mDEBUG [0m]: New virtual keyboard created at 55a79f694860
[1;32mDEBUG [0m]: Updating keyboard 55a79f694860's translation state from a provided keymap
[1;32mDEBUG [0m]: Updating keymap fd for keyboard hl-virtual-keyboard-wtype
[1;32mDEBUG [0m]: Updated keymap fd to 91, keymap V1 to: 93
[1;32mDEBUG [0m]: Keyboard at 55a79f694860 removed
[1;32mDEBUG [0m]: Destroyed keyboard 55a79f694860
[1;32mDEBUG [0m]: [CWLSeatProtocol] New seat resource bound at 55a79fc444e0
[1;32mDEBUG [0m]: [CVirtualKeyboardProtocol] New VKeyboard at id 5
[1;32mDEBUG [0m]: ApplyConfigToKeyboard for "hl-virtual-keyboard-wtype", hasconfig: 0
[1;32mDEBUG [0m]: Attempting to create a keymap for layout us with variant  (rules: , model: , options: )
[1;32mDEBUG [0m]: Updating keyboard 55a79f694860's translation state from a provided keymap
[1;32mDEBUG [0m]: xkb: LED index 0 (name Num Lock) got index 1
[1;32mDEBUG [0m]: xkb: LED index 1 (name Caps Lock) got index 0
[1;32mDEBUG [0m]: xkb: LED index 2 (name Scroll Lock) got index 2
[1;32mDEBUG [0m]: xkb: Mod index 0 (name Shift) got index 0
[1;32mDEBUG [0m]: xkb: Mod index 1 (name Lock) got index 1
[1;32mDEBUG [0m]: xkb: Mod index 2 (name Control) got index 2
[1;32mDEBUG [0m]: xkb: Mod index 3 (name Mod1) got index 3
[1;32mDEBUG [0m]: xkb: Mod index 4 (name Mod2) got index 4
[1;32mDEBUG [0m]: xkb: Mod index 5 (name Mod3) got index 5
[1;32mDEBUG [0m]: xkb: Mod index 6 (name Mod4) got index 6
[1;32mDEBUG [0m]: xkb: Mod index 7 (name Mod5) got index 7
[1;32mDEBUG [0m]: Updating keymap fd for keyboard hl-virtual-keyboard-wtype
[1;32mDEBUG [0m]: Updated keymap fd to 91, keymap V1 to: 93
[1;32mDEBUG [0m]: Set the keyboard layout to us and variant to  for keyboard "hl-virtual-keyboard-wtype"
[1;32mDEBUG [0m]: New virtual keyboard created at 55a79f694860
[1;32mDEBUG [0m]: Updating keyboard 55a79f694860's translation state from a provided keymap
[1;32mDEBUG [0m]: Updating keymap fd for keyboard hl-virtual-keyboard-wtype
[1;32mDEBUG [0m]: Updated keymap fd to 91, keymap V1 to: 93
[1;32mDEBUG [0m]: Keyboard at 55a79f694860 removed
[1;32mDEBUG [0m]: Destroyed keyboard 55a79f694860
[1;32mDEBUG [0m]: [CWLSeatProtocol] New seat resource bound at 55a79fd47fd0
[1;32mDEBUG [0m]: [CVirtualKeyboardProtocol] New VKeyboard at id 5
[1;32mDEBUG [0m]: ApplyConfigToKeyboard for "hl-virtual-keyboard-wtype", hasconfig: 0
[1;32mDEBUG [0m]: Attempting to create a keymap for layout us with variant  (rules: , model: , options: )
[1;32mDEBUG [0m]: Updating keyboard 55a79f694860's translation state from a provided keymap
[1;32mDEBUG [0m]: xkb: LED index 0 (name Num Lock) got index 1
[1;32mDEBUG [0m]: xkb: LED index 1 (name Caps Lock) got index 0
[1;32mDEBUG [0m]: xkb: LED index 2 (name Scroll Lock) got index 2
[1;32mDEBUG [0m]: xkb: Mod index 0 (name Shift) got index 0
[1;32mDEBUG [0m]: xkb: Mod index 1 (name Lock) got index 1
[1;32mDEBUG [0m]: xkb: Mod index 2 (name Control) got index 2
[1;32mDEBUG [0m]: xkb: Mod index 3 (name Mod1) got index 3
[1;32mDEBUG [0m]: xkb: Mod index 4 (name Mod2) got index 4
[1;32mDEBUG [0m]: xkb: Mod index 5 (name Mod3) got index 5
[1;32mDEBUG [0m]: xkb: Mod index 6 (name Mod4) got index 6
[1;32mDEBUG [0m]: xkb: Mod index 7 (name Mod5) got index 7
[1;32mDEBUG [0m]: Updating keymap fd for keyboard hl-virtual-keyboard-wtype
[1;32mDEBUG [0m]: Updated keymap fd to 91, keymap V1 to: 93
[1;32mDEBUG [0m]: Set the keyboard layout to us and variant to  for keyboard "hl-virtual-keyboard-wtype"
[1;32mDEBUG [0m]: New virtual keyboard created at 55a79f694860
[1;32mDEBUG [0m]: Updating keyboard 55a79f694860's translation state from a provided keymap
[1;32mDEBUG [0m]: Updating keymap fd for keyboard hl-virtual-keyboard-wtype
[1;32mDEBUG [0m]: Updated keymap fd to 91, keymap V1 to: 93
[1;32mDEBUG [0m]: Keyboard at 55a79f694860 removed
[1;32mDEBUG [0m]: Destroyed keyboard 55a79f694860
[1;32mDEBUG [0m]: [CWLSeatProtocol] New seat resource bound at 55a79fbf6410
[1;32mDEBUG [0m]: [CVirtualKeyboardProtocol] New VKeyboard at id 5
[1;32mDEBUG [0m]: ApplyConfigToKeyboard for "hl-virtual-keyboard-wtype", hasconfig: 0
[1;32mDEBUG [0m]: Attempting to create a keymap for layout us with variant  (rules: , model: , options: )
[1;32mDEBUG [0m]: Updating keyboard 55a79f694860's translation state from a provided keymap
[1;32mDEBUG [0m]: xkb: LED index 0 (name Num Lock) got index 1
[1;32mDEBUG [0m]: xkb: LED index 1 (name Caps Lock) got index 0
[1;32mDEBUG [0m]: xkb: LED index 2 (name Scroll Lock) got index 2
[1;32mDEBUG [0m]: xkb: Mod index 0 (name Shift) got index 0
[1;32mDEBUG [0m]: xkb: Mod index 1 (name Lock) got index 1
[1;32mDEBUG [0m]: xkb: Mod index 2 (name Control) got index 2
[1;32mDEBUG [0m]: xkb: Mod index 3 (name Mod1) got index 3
[1;32mDEBUG [0m]: xkb: Mod index 4 (name Mod2) got index 4
[1;32mDEBUG [0m]: xkb: Mod index 5 (name Mod3) got index 5
[1;32mDEBUG [0m]: xkb: Mod index 6 (name Mod4) got index 6
[1;32mDEBUG [0m]: xkb: Mod index 7 (name Mod5) got index 7
[1;32mDEBUG [0m]: Updating keymap fd for keyboard hl-virtual-keyboard-wtype
[1;32mDEBUG [0m]: Updated keymap fd to 91, keymap V1 to: 93
[1;32mDEBUG [0m]: Set the keyboard layout to us and variant to  for keyboard "hl-virtual-keyboard-wtype"
[1;32mDEBUG [0m]: New virtual keyboard created at 55a79f694860
[1;32mDEBUG [0m]: Updating keyboard 55a79f694860's translation state from a provided keymap
[1;32mDEBUG [0m]: Updating keymap fd for keyboard hl-virtual-keyboard-wtype
[1;32mDEBUG [0m]: Updated keymap fd to 91, keymap V1 to: 93
[1;32mDEBUG [0m]: Keyboard at 55a79f694860 removed
[1;32mDEBUG [0m]: Destroyed keyboard 55a79f694860
[1;32mDEBUG [0m]: [CWLSeatProtocol] New seat resource bound at 55a79f7145e0
[1;32mDEBUG [0m]: [CVirtualKeyboardProtocol] New VKeyboard at id 5
[1;32mDEBUG [0m]: ApplyConfigToKeyboard for "hl-virtual-keyboard-wtype", hasconfig: 0
[1;32mDEBUG [0m]: Attempting to create a keymap for layout us with variant  (rules: , model: , options: )
[1;32mDEBUG [0m]: Updating keyboard 55a79f694860's translation state from a provided keymap
[1;32mDEBUG [0m]: xkb: LED index 0 (name Num Lock) got index 1
[1;32mDEBUG [0m]: xkb: LED index 1 (name Caps Lock) got index 0
[1;32mDEBUG [0m]: xkb: LED index 2 (name Scroll Lock) got index 2
[1;32mDEBUG [0m]: xkb: Mod index 0 (name Shift) got index 0
[1;32mDEBUG [0m]: xkb: Mod index 1 (name Lock) got index 1
[1;32mDEBUG [0m]: xkb: Mod index 2 (name Control) got index 2
[1;32mDEBUG [0m]: xkb: Mod index 3 (name Mod1) got index 3
[1;32mDEBUG [0m]: xkb: Mod index 4 (name Mod2) got index 4
[1;32mDEBUG [0m]: xkb: Mod index 5 (name Mod3) got index 5
[1;32mDEBUG [0m]: xkb: Mod index 6 (name Mod4) got index 6
[1;32mDEBUG [0m]: xkb: Mod index 7 (name Mod5) got index 7
[1;32mDEBUG [0m]: Updating keymap fd for keyboard hl-virtual-keyboard-wtype
[1;32mDEBUG [0m]: Updated keymap fd to 91, keymap V1 to: 93
[1;32mDEBUG [0m]: Set the keyboard layout to us and variant to  for keyboard "hl-virtual-keyboard-wtype"
[1;32mDEBUG [0m]: New virtual keyboard created at 55a79f694860
[1;32mDEBUG [0m]: Updating keyboard 55a79f694860's translation state from a provided keymap
[1;32mDEBUG [0m]: Updating keymap fd for keyboard hl-virtual-keyboard-wtype
[1;32mDEBUG [0m]: Updated keymap fd to 91, keymap V1 to: 93
[1;32mDEBUG [0m]: [CWLCompositorResource] New wl_region with id 47 at 55a79e411f30
[1;32mDEBUG [0m]: Keyboard at 55a79f694860 removed
[1;32mDEBUG [0m]: Destroyed keyboard 55a79f694860
[1;32mDEBUG [0m]: [CLinuxDMABUFParamsResource] Creating a dmabuf, with id 47: size [Vector2D: x: 368, y: 672], fmt AR24, planes 1
[1;32mDEBUG [0m]: [CLinuxDMABUFParamsResource]  | plane 0: mod 72057594037927952 fd 80 stride 1536 offset 0
[1;32mDEBUG [0m]: Hyprctl: new connection from pid 276
[1;32mDEBUG [0m]: Hyprctl: new connection from pid 277
[1;32mDEBUG [0m]: [CForeignToplevelList] Newly mapped window gets an identifier of 18000000
[1;32mDEBUG [0m]: [CScreencopyProtocol] Bound client successfully!
[1;32mDEBUG [0m]: [CXDGOutputProtocol] New xdg_output for HEADLESS-1: client 55a79fa501e0 (not xwayland)
[1;32mDEBUG [0m]: [CXDGOutputProtocol] New xdg_output for WAYLAND-1: client 55a79fa501e0 (not xwayland)
[1;32mDEBUG [0m]: [COutputImageCaptureSourceProtocol] New capture source for monitor: HEADLESS-1
[1;32mDEBUG [0m]: [CImageCopyCaptureProtocol] New image copy capture session for source (monitor): "HEADLESS-1"
[1;32mDEBUG [0m]: Framebuffer "Monitor HEADLESS-1 mirror FB" created, status 36053
[1;32mDEBUG [0m]: Framebuffer "" created, status 36053
[1;32mDEBUG [0m]: [Screenshare] Started screenshare session for (monitor): HEADLESS-1
[1;32mDEBUG [0m]: [Screenshare] Stopped screenshare session for (monitor): HEADLESS-1
[1;32mDEBUG [0m]: [CWLSeatProtocol] New seat resource bound at 55a79fff9980
[1;32mDEBUG [0m]: [CVirtualKeyboardProtocol] New VKeyboard at id 5
[1;32mDEBUG [0m]: ApplyConfigToKeyboard for "hl-virtual-keyboard-wtype", hasconfig: 0
[1;32mDEBUG [0m]: Attempting to create a keymap for layout us with variant  (rules: , model: , options: )
[1;32mDEBUG [0m]: Updating keyboard 55a79f694860's translation state from a provided keymap
[1;32mDEBUG [0m]: xkb: LED index 0 (name Num Lock) got index 1
[1;32mDEBUG [0m]: xkb: LED index 1 (name Caps Lock) got index 0
[1;32mDEBUG [0m]: xkb: LED index 2 (name Scroll Lock) got index 2
[1;32mDEBUG [0m]: xkb: Mod index 0 (name Shift) got index 0
[1;32mDEBUG [0m]: xkb: Mod index 1 (name Lock) got index 1
[1;32mDEBUG [0m]: xkb: Mod index 2 (name Control) got index 2
[1;32mDEBUG [0m]: xkb: Mod index 3 (name Mod1) got index 3
[1;32mDEBUG [0m]: xkb: Mod index 4 (name Mod2) got index 4
[1;32mDEBUG [0m]: xkb: Mod index 5 (name Mod3) got index 5
[1;32mDEBUG [0m]: xkb: Mod index 6 (name Mod4) got index 6
[1;32mDEBUG [0m]: xkb: Mod index 7 (name Mod5) got index 7
[1;32mDEBUG [0m]: Updating keymap fd for keyboard hl-virtual-keyboard-wtype
[1;32mDEBUG [0m]: Updated keymap fd to 90, keymap V1 to: 93
[1;32mDEBUG [0m]: Set the keyboard layout to us and variant to  for keyboard "hl-virtual-keyboard-wtype"
[1;32mDEBUG [0m]: New virtual keyboard created at 55a79f694860
[1;32mDEBUG [0m]: Updating keyboard 55a79f694860's translation state from a provided keymap
[1;32mDEBUG [0m]: Updating keymap fd for keyboard hl-virtual-keyboard-wtype
[1;32mDEBUG [0m]: Updated keymap fd to 90, keymap V1 to: 93
[1;32mDEBUG [0m]: [CLinuxDMABUFParamsResource] Creating a dmabuf, with id 94: size [Vector2D: x: 368, y: 672], fmt AR24, planes 1
[1;32mDEBUG [0m]: [CLinuxDMABUFParamsResource]  | plane 0: mod 72057594037927952 fd 87 stride 1536 offset 0
[1;32mDEBUG [0m]: Keyboard at 55a79f694860 removed
[1;32mDEBUG [0m]: Destroyed keyboard 55a79f694860
[1;32mDEBUG [0m]: [CWLSeatProtocol] New seat resource bound at 55a79f716010
[1;32mDEBUG [0m]: [CVirtualKeyboardProtocol] New VKeyboard at id 5
[1;32mDEBUG [0m]: ApplyConfigToKeyboard for "hl-virtual-keyboard-wtype", hasconfig: 0
[1;32mDEBUG [0m]: Attempting to create a keymap for layout us with variant  (rules: , model: , options: )
[1;32mDEBUG [0m]: Updating keyboard 55a79f694860's translation state from a provided keymap
[1;32mDEBUG [0m]: xkb: LED index 0 (name Num Lock) got index 1
[1;32mDEBUG [0m]: xkb: LED index 1 (name Caps Lock) got index 0
[1;32mDEBUG [0m]: xkb: LED index 2 (name Scroll Lock) got index 2
[1;32mDEBUG [0m]: xkb: Mod index 0 (name Shift) got index 0
[1;32mDEBUG [0m]: xkb: Mod index 1 (name Lock) got index 1
[1;32mDEBUG [0m]: xkb: Mod index 2 (name Control) got index 2
[1;32mDEBUG [0m]: xkb: Mod index 3 (name Mod1) got index 3
[1;32mDEBUG [0m]: xkb: Mod index 4 (name Mod2) got index 4
[1;32mDEBUG [0m]: xkb: Mod index 5 (name Mod3) got index 5
[1;32mDEBUG [0m]: xkb: Mod index 6 (name Mod4) got index 6
[1;32mDEBUG [0m]: xkb: Mod index 7 (name Mod5) got index 7
[1;32mDEBUG [0m]: Updating keymap fd for keyboard hl-virtual-keyboard-wtype
[1;32mDEBUG [0m]: Updated keymap fd to 90, keymap V1 to: 93
[1;32mDEBUG [0m]: Set the keyboard layout to us and variant to  for keyboard "hl-virtual-keyboard-wtype"
[1;32mDEBUG [0m]: New virtual keyboard created at 55a79f694860
[1;32mDEBUG [0m]: Updating keyboard 55a79f694860's translation state from a provided keymap
[1;32mDEBUG [0m]: Updating keymap fd for keyboard hl-virtual-keyboard-wtype
[1;32mDEBUG [0m]: Updated keymap fd to 90, keymap V1 to: 93
[1;32mDEBUG [0m]: Keyboard at 55a79f694860 removed
[1;32mDEBUG [0m]: Destroyed keyboard 55a79f694860
[1;32mDEBUG [0m]: [CWLSeatProtocol] New seat resource bound at 55a79f7798c0
[1;32mDEBUG [0m]: [CVirtualKeyboardProtocol] New VKeyboard at id 5
[1;32mDEBUG [0m]: ApplyConfigToKeyboard for "hl-virtual-keyboard-wtype", hasconfig: 0
[1;32mDEBUG [0m]: Attempting to create a keymap for layout us with variant  (rules: , model: , options: )
[1;32mDEBUG [0m]: Updating keyboard 55a79f694860's translation state from a provided keymap
[1;32mDEBUG [0m]: xkb: LED index 0 (name Num Lock) got index 1
[1;32mDEBUG [0m]: xkb: LED index 1 (name Caps Lock) got index 0
[1;32mDEBUG [0m]: xkb: LED index 2 (name Scroll Lock) got index 2
[1;32mDEBUG [0m]: xkb: Mod index 0 (name Shift) got index 0
[1;32mDEBUG [0m]: xkb: Mod index 1 (name Lock) got index 1
[1;32mDEBUG [0m]: xkb: Mod index 2 (name Control) got index 2
[1;32mDEBUG [0m]: xkb: Mod index 3 (name Mod1) got index 3
[1;32mDEBUG [0m]: xkb: Mod index 4 (name Mod2) got index 4
[1;32mDEBUG [0m]: xkb: Mod index 5 (name Mod3) got index 5
[1;32mDEBUG [0m]: xkb: Mod index 6 (name Mod4) got index 6
[1;32mDEBUG [0m]: xkb: Mod index 7 (name Mod5) got index 7
[1;32mDEBUG [0m]: Updating keymap fd for keyboard hl-virtual-keyboard-wtype
[1;32mDEBUG [0m]: Updated keymap fd to 90, keymap V1 to: 93
[1;32mDEBUG [0m]: Set the keyboard layout to us and variant to  for keyboard "hl-virtual-keyboard-wtype"
[1;32mDEBUG [0m]: New virtual keyboard created at 55a79f694860
[1;32mDEBUG [0m]: Updating keyboard 55a79f694860's translation state from a provided keymap
[1;32mDEBUG [0m]: Updating keymap fd for keyboard hl-virtual-keyboard-wtype
[1;32mDEBUG [0m]: Updated keymap fd to 90, keymap V1 to: 93
[1;32mDEBUG [0m]: Keyboard at 55a79f694860 removed
[1;32mDEBUG [0m]: Destroyed keyboard 55a79f694860
[1;32mDEBUG [0m]: [CWLSeatProtocol] New seat resource bound at 55a7a00213e0
[1;32mDEBUG [0m]: [CVirtualKeyboardProtocol] New VKeyboard at id 5
[1;32mDEBUG [0m]: ApplyConfigToKeyboard for "hl-virtual-keyboard-wtype", hasconfig: 0
[1;32mDEBUG [0m]: Attempting to create a keymap for layout us with variant  (rules: , model: , options: )
[1;32mDEBUG [0m]: Updating keyboard 55a79f694860's translation state from a provided keymap
[1;32mDEBUG [0m]: xkb: LED index 0 (name Num Lock) got index 1
[1;32mDEBUG [0m]: xkb: LED index 1 (name Caps Lock) got index 0
[1;32mDEBUG [0m]: xkb: LED index 2 (name Scroll Lock) got index 2
[1;32mDEBUG [0m]: xkb: Mod index 0 (name Shift) got index 0
[1;32mDEBUG [0m]: xkb: Mod index 1 (name Lock) got index 1
[1;32mDEBUG [0m]: xkb: Mod index 2 (name Control) got index 2
[1;32mDEBUG [0m]: xkb: Mod index 3 (name Mod1) got index 3
[1;32mDEBUG [0m]: xkb: Mod index 4 (name Mod2) got index 4
[1;32mDEBUG [0m]: xkb: Mod index 5 (name Mod3) got index 5
[1;32mDEBUG [0m]: xkb: Mod index 6 (name Mod4) got index 6
[1;32mDEBUG [0m]: xkb: Mod index 7 (name Mod5) got index 7
[1;32mDEBUG [0m]: Updating keymap fd for keyboard hl-virtual-keyboard-wtype
[1;32mDEBUG [0m]: Updated keymap fd to 90, keymap V1 to: 93
[1;32mDEBUG [0m]: Set the keyboard layout to us and variant to  for keyboard "hl-virtual-keyboard-wtype"
[1;32mDEBUG [0m]: New virtual keyboard created at 55a79f694860
[1;32mDEBUG [0m]: Updating keyboard 55a79f694860's translation state from a provided keymap
[1;32mDEBUG [0m]: Updating keymap fd for keyboard hl-virtual-keyboard-wtype
[1;32mDEBUG [0m]: Updated keymap fd to 90, keymap V1 to: 93
[1;32mDEBUG [0m]: Keyboard at 55a79f694860 removed
[1;32mDEBUG [0m]: Destroyed keyboard 55a79f694860
[1;32mDEBUG [0m]: Hyprctl: new connection from pid 291
[1;32mDEBUG [0m]: Hyprctl: new connection from pid 292
[1;32mDEBUG [0m]: [CForeignToplevelList] Newly mapped window gets an identifier of 18000000
[1;32mDEBUG [0m]: [CScreencopyProtocol] Bound client successfully!
[1;32mDEBUG [0m]: [CXDGOutputProtocol] New xdg_output for HEADLESS-1: client 55a79fa501e0 (not xwayland)
[1;32mDEBUG [0m]: [CXDGOutputProtocol] New xdg_output for WAYLAND-1: client 55a79fa501e0 (not xwayland)
[1;32mDEBUG [0m]: [COutputImageCaptureSourceProtocol] New capture source for monitor: HEADLESS-1
[1;32mDEBUG [0m]: [CImageCopyCaptureProtocol] New image copy capture session for source (monitor): "HEADLESS-1"
[1;32mDEBUG [0m]: Framebuffer "Monitor HEADLESS-1 mirror FB" created, status 36053
[1;32mDEBUG [0m]: Framebuffer "" created, status 36053
[1;32mDEBUG [0m]: [Screenshare] Started screenshare session for (monitor): HEADLESS-1
[1;32mDEBUG [0m]: [Screenshare] Stopped screenshare session for (monitor): HEADLESS-1
[1;32mDEBUG [0m]: [CWLSeatProtocol] New seat resource bound at 55a79f779040
[1;32mDEBUG [0m]: [CVirtualKeyboardProtocol] New VKeyboard at id 5
[1;32mDEBUG [0m]: ApplyConfigToKeyboard for "hl-virtual-keyboard-wtype", hasconfig: 0
[1;32mDEBUG [0m]: Attempting to create a keymap for layout us with variant  (rules: , model: , options: )
[1;32mDEBUG [0m]: Updating keyboard 55a79f694860's translation state from a provided keymap
[1;32mDEBUG [0m]: xkb: LED index 0 (name Num Lock) got index 1
[1;32mDEBUG [0m]: xkb: LED index 1 (name Caps Lock) got index 0
[1;32mDEBUG [0m]: xkb: LED index 2 (name Scroll Lock) got index 2
[1;32mDEBUG [0m]: xkb: Mod index 0 (name Shift) got index 0
[1;32mDEBUG [0m]: xkb: Mod index 1 (name Lock) got index 1
[1;32mDEBUG [0m]: xkb: Mod index 2 (name Control) got index 2
[1;32mDEBUG [0m]: xkb: Mod index 3 (name Mod1) got index 3
[1;32mDEBUG [0m]: xkb: Mod index 4 (name Mod2) got index 4
[1;32mDEBUG [0m]: xkb: Mod index 5 (name Mod3) got index 5
[1;32mDEBUG [0m]: xkb: Mod index 6 (name Mod4) got index 6
[1;32mDEBUG [0m]: xkb: Mod index 7 (name Mod5) got index 7
[1;32mDEBUG [0m]: Updating keymap fd for keyboard hl-virtual-keyboard-wtype
[1;32mDEBUG [0m]: Updated keymap fd to 90, keymap V1 to: 93
[1;32mDEBUG [0m]: Set the keyboard layout to us and variant to  for keyboard "hl-virtual-keyboard-wtype"
[1;32mDEBUG [0m]: New virtual keyboard created at 55a79f694860
[1;32mDEBUG [0m]: Updating keyboard 55a79f694860's translation state from a provided keymap
[1;32mDEBUG [0m]: Updating keymap fd for keyboard hl-virtual-keyboard-wtype
[1;32mDEBUG [0m]: Updated keymap fd to 90, keymap V1 to: 93
[1;32mDEBUG [0m]: Keyboard at 55a79f694860 removed
[1;32mDEBUG [0m]: Destroyed keyboard 55a79f694860
[1;32mDEBUG [0m]: [CWLSeatProtocol] New seat resource bound at 55a79f713d10
[1;32mDEBUG [0m]: [CVirtualKeyboardProtocol] New VKeyboard at id 5
[1;32mDEBUG [0m]: ApplyConfigToKeyboard for "hl-virtual-keyboard-wtype", hasconfig: 0
[1;32mDEBUG [0m]: Attempting to create a keymap for layout us with variant  (rules: , model: , options: )
[1;32mDEBUG [0m]: Updating keyboard 55a79f694860's translation state from a provided keymap
[1;32mDEBUG [0m]: xkb: LED index 0 (name Num Lock) got index 1
[1;32mDEBUG [0m]: xkb: LED index 1 (name Caps Lock) got index 0
[1;32mDEBUG [0m]: xkb: LED index 2 (name Scroll Lock) got index 2
[1;32mDEBUG [0m]: xkb: Mod index 0 (name Shift) got index 0
[1;32mDEBUG [0m]: xkb: Mod index 1 (name Lock) got index 1
[1;32mDEBUG [0m]: xkb: Mod index 2 (name Control) got index 2
[1;32mDEBUG [0m]: xkb: Mod index 3 (name Mod1) got index 3
[1;32mDEBUG [0m]: xkb: Mod index 4 (name Mod2) got index 4
[1;32mDEBUG [0m]: xkb: Mod index 5 (name Mod3) got index 5
[1;32mDEBUG [0m]: xkb: Mod index 6 (name Mod4) got index 6
[1;32mDEBUG [0m]: xkb: Mod index 7 (name Mod5) got index 7
[1;32mDEBUG [0m]: Updating keymap fd for keyboard hl-virtual-keyboard-wtype
[1;32mDEBUG [0m]: Updated keymap fd to 90, keymap V1 to: 93
[1;32mDEBUG [0m]: Set the keyboard layout to us and variant to  for keyboard "hl-virtual-keyboard-wtype"
[1;32mDEBUG [0m]: New virtual keyboard created at 55a79f694860
[1;32mDEBUG [0m]: Updating keyboard 55a79f694860's translation state from a provided keymap
[1;32mDEBUG [0m]: Updating keymap fd for keyboard hl-virtual-keyboard-wtype
[1;32mDEBUG [0m]: Updated keymap fd to 90, keymap V1 to: 93
[1;32mDEBUG [0m]: Keyboard at 55a79f694860 removed
[1;32mDEBUG [0m]: Destroyed keyboard 55a79f694860
[1;32mDEBUG [0m]: [CWLSeatProtocol] New seat resource bound at 55a79fd48080
[1;32mDEBUG [0m]: [CVirtualKeyboardProtocol] New VKeyboard at id 5
[1;32mDEBUG [0m]: ApplyConfigToKeyboard for "hl-virtual-keyboard-wtype", hasconfig: 0
[1;32mDEBUG [0m]: Attempting to create a keymap for layout us with variant  (rules: , model: , options: )
[1;32mDEBUG [0m]: Updating keyboard 55a79f694860's translation state from a provided keymap
[1;32mDEBUG [0m]: xkb: LED index 0 (name Num Lock) got index 1
[1;32mDEBUG [0m]: xkb: LED index 1 (name Caps Lock) got index 0
[1;32mDEBUG [0m]: xkb: LED index 2 (name Scroll Lock) got index 2
[1;32mDEBUG [0m]: xkb: Mod index 0 (name Shift) got index 0
[1;32mDEBUG [0m]: xkb: Mod index 1 (name Lock) got index 1
[1;32mDEBUG [0m]: xkb: Mod index 2 (name Control) got index 2
[1;32mDEBUG [0m]: xkb: Mod index 3 (name Mod1) got index 3
[1;32mDEBUG [0m]: xkb: Mod index 4 (name Mod2) got index 4
[1;32mDEBUG [0m]: xkb: Mod index 5 (name Mod3) got index 5
[1;32mDEBUG [0m]: xkb: Mod index 6 (name Mod4) got index 6
[1;32mDEBUG [0m]: xkb: Mod index 7 (name Mod5) got index 7
[1;32mDEBUG [0m]: Updating keymap fd for keyboard hl-virtual-keyboard-wtype
[1;32mDEBUG [0m]: Updated keymap fd to 91, keymap V1 to: 93
[1;32mDEBUG [0m]: Set the keyboard layout to us and variant to  for keyboard "hl-virtual-keyboard-wtype"
[1;32mDEBUG [0m]: New virtual keyboard created at 55a79f694860
[1;32mDEBUG [0m]: Updating keyboard 55a79f694860's translation state from a provided keymap
[1;32mDEBUG [0m]: Updating keymap fd for keyboard hl-virtual-keyboard-wtype
[1;32mDEBUG [0m]: Updated keymap fd to 91, keymap V1 to: 93
[1;32mDEBUG [0m]: Keyboard at 55a79f694860 removed
[1;32mDEBUG [0m]: Destroyed keyboard 55a79f694860
[1;32mDEBUG [0m]: [CWLSeatProtocol] New seat resource bound at 55a79f8cf1f0
[1;32mDEBUG [0m]: [CVirtualKeyboardProtocol] New VKeyboard at id 5
[1;32mDEBUG [0m]: ApplyConfigToKeyboard for "hl-virtual-keyboard-wtype", hasconfig: 0
[1;32mDEBUG [0m]: Attempting to create a keymap for layout us with variant  (rules: , model: , options: )
[1;32mDEBUG [0m]: Updating keyboard 55a79f694860's translation state from a provided keymap
[1;32mDEBUG [0m]: xkb: LED index 0 (name Num Lock) got index 1
[1;32mDEBUG [0m]: xkb: LED index 1 (name Caps Lock) got index 0
[1;32mDEBUG [0m]: xkb: LED index 2 (name Scroll Lock) got index 2
[1;32mDEBUG [0m]: xkb: Mod index 0 (name Shift) got index 0
[1;32mDEBUG [0m]: xkb: Mod index 1 (name Lock) got index 1
[1;32mDEBUG [0m]: xkb: Mod index 2 (name Control) got index 2
[1;32mDEBUG [0m]: xkb: Mod index 3 (name Mod1) got index 3
[1;32mDEBUG [0m]: xkb: Mod index 4 (name Mod2) got index 4
[1;32mDEBUG [0m]: xkb: Mod index 5 (name Mod3) got index 5
[1;32mDEBUG [0m]: xkb: Mod index 6 (name Mod4) got index 6
[1;32mDEBUG [0m]: xkb: Mod index 7 (name Mod5) got index 7
[1;32mDEBUG [0m]: Updating keymap fd for keyboard hl-virtual-keyboard-wtype
[1;32mDEBUG [0m]: Updated keymap fd to 91, keymap V1 to: 93
[1;32mDEBUG [0m]: Set the keyboard layout to us and variant to  for keyboard "hl-virtual-keyboard-wtype"
[1;32mDEBUG [0m]: New virtual keyboard created at 55a79f694860
[1;32mDEBUG [0m]: Updating keyboard 55a79f694860's translation state from a provided keymap
[1;32mDEBUG [0m]: Updating keymap fd for keyboard hl-virtual-keyboard-wtype
[1;32mDEBUG [0m]: Updated keymap fd to 91, keymap V1 to: 93
[1;32mDEBUG [0m]: [CWLCompositorResource] New wl_region with id 92 at 55a79f4e8cb0
[1;32mDEBUG [0m]: [CLinuxDMABUFParamsResource] Creating a dmabuf, with id 84: size [Vector2D: x: 368, y: 705], fmt AR24, planes 1
[1;32mDEBUG [0m]: [CLinuxDMABUFParamsResource]  | plane 0: mod 72057594037927952 fd 79 stride 1536 offset 0
[1;32mDEBUG [0m]: [CLinuxDMABUFParamsResource] Creating a dmabuf, with id 78: size [Vector2D: x: 368, y: 705], fmt AR24, planes 1
[1;32mDEBUG [0m]: [CLinuxDMABUFParamsResource]  | plane 0: mod 72057594037927952 fd 82 stride 1536 offset 0
[1;32mDEBUG [0m]: Keyboard at 55a79f694860 removed
[1;32mDEBUG [0m]: Destroyed keyboard 55a79f694860
[1;32mDEBUG [0m]: [CWLSeatProtocol] New seat resource bound at 55a79f778d80
[1;32mDEBUG [0m]: [CVirtualKeyboardProtocol] New VKeyboard at id 5
[1;32mDEBUG [0m]: ApplyConfigToKeyboard for "hl-virtual-keyboard-wtype", hasconfig: 0
[1;32mDEBUG [0m]: Attempting to create a keymap for layout us with variant  (rules: , model: , options: )
[1;32mDEBUG [0m]: Updating keyboard 55a79f694860's translation state from a provided keymap
[1;32mDEBUG [0m]: xkb: LED index 0 (name Num Lock) got index 1
[1;32mDEBUG [0m]: xkb: LED index 1 (name Caps Lock) got index 0
[1;32mDEBUG [0m]: xkb: LED index 2 (name Scroll Lock) got index 2
[1;32mDEBUG [0m]: xkb: Mod index 0 (name Shift) got index 0
[1;32mDEBUG [0m]: xkb: Mod index 1 (name Lock) got index 1
[1;32mDEBUG [0m]: xkb: Mod index 2 (name Control) got index 2
[1;32mDEBUG [0m]: xkb: Mod index 3 (name Mod1) got index 3
[1;32mDEBUG [0m]: xkb: Mod index 4 (name Mod2) got index 4
[1;32mDEBUG [0m]: xkb: Mod index 5 (name Mod3) got index 5
[1;32mDEBUG [0m]: xkb: Mod index 6 (name Mod4) got index 6
[1;32mDEBUG [0m]: xkb: Mod index 7 (name Mod5) got index 7
[1;32mDEBUG [0m]: Updating keymap fd for keyboard hl-virtual-keyboard-wtype
[1;32mDEBUG [0m]: Updated keymap fd to 93, keymap V1 to: 95
[1;32mDEBUG [0m]: Set the keyboard layout to us and variant to  for keyboard "hl-virtual-keyboard-wtype"
[1;32mDEBUG [0m]: New virtual keyboard created at 55a79f694860
[1;32mDEBUG [0m]: Updating keyboard 55a79f694860's translation state from a provided keymap
[1;32mDEBUG [0m]: Updating keymap fd for keyboard hl-virtual-keyboard-wtype
[1;32mDEBUG [0m]: Updated keymap fd to 93, keymap V1 to: 95
[1;32mDEBUG [0m]: Keyboard at 55a79f694860 removed
[1;32mDEBUG [0m]: Destroyed keyboard 55a79f694860
[1;32mDEBUG [0m]: [CWLSeatProtocol] New seat resource bound at 55a79f7fa820
[1;32mDEBUG [0m]: [CVirtualKeyboardProtocol] New VKeyboard at id 5
[1;32mDEBUG [0m]: ApplyConfigToKeyboard for "hl-virtual-keyboard-wtype", hasconfig: 0
[1;32mDEBUG [0m]: Attempting to create a keymap for layout us with variant  (rules: , model: , options: )
[1;32mDEBUG [0m]: Updating keyboard 55a79f694860's translation state from a provided keymap
[1;32mDEBUG [0m]: xkb: LED index 0 (name Num Lock) got index 1
[1;32mDEBUG [0m]: xkb: LED index 1 (name Caps Lock) got index 0
[1;32mDEBUG [0m]: xkb: LED index 2 (name Scroll Lock) got index 2
[1;32mDEBUG [0m]: xkb: Mod index 0 (name Shift) got index 0
[1;32mDEBUG [0m]: xkb: Mod index 1 (name Lock) got index 1
[1;32mDEBUG [0m]: xkb: Mod index 2 (name Control) got index 2
[1;32mDEBUG [0m]: xkb: Mod index 3 (name Mod1) got index 3
[1;32mDEBUG [0m]: xkb: Mod index 4 (name Mod2) got index 4
[1;32mDEBUG [0m]: xkb: Mod index 5 (name Mod3) got index 5
[1;32mDEBUG [0m]: xkb: Mod index 6 (name Mod4) got index 6
[1;32mDEBUG [0m]: xkb: Mod index 7 (name Mod5) got index 7
[1;32mDEBUG [0m]: Updating keymap fd for keyboard hl-virtual-keyboard-wtype
[1;32mDEBUG [0m]: Updated keymap fd to 91, keymap V1 to: 93
[1;32mDEBUG [0m]: Set the keyboard layout to us and variant to  for keyboard "hl-virtual-keyboard-wtype"
[1;32mDEBUG [0m]: New virtual keyboard created at 55a79f694860
[1;32mDEBUG [0m]: Updating keyboard 55a79f694860's translation state from a provided keymap
[1;32mDEBUG [0m]: Updating keymap fd for keyboard hl-virtual-keyboard-wtype
[1;32mDEBUG [0m]: Updated keymap fd to 91, keymap V1 to: 93
[1;32mDEBUG [0m]: Keyboard at 55a79f694860 removed
[1;32mDEBUG [0m]: Destroyed keyboard 55a79f694860
[1;32mDEBUG [0m]: [CWLCompositorResource] New wl_region with id 47 at 55a79fc683b0
[1;32mDEBUG [0m]: [CWLCompositorResource] New wl_region with id 90 at 55a79fc676d0
[1;32mDEBUG [0m]: [CWLCompositorResource] New wl_region with id 47 at 55a79fc676d0
[1;32mDEBUG [0m]: [CLinuxDMABUFParamsResource] Creating a dmabuf, with id 47: size [Vector2D: x: 368, y: 1072], fmt AR24, planes 1
[1;32mDEBUG [0m]: [CLinuxDMABUFParamsResource]  | plane 0: mod 72057594037927952 fd 77 stride 1536 offset 0
[1;32mDEBUG [0m]: [CLinuxDMABUFParamsResource] Creating a dmabuf, with id 92: size [Vector2D: x: 368, y: 1072], fmt AR24, planes 1
[1;32mDEBUG [0m]: [CLinuxDMABUFParamsResource]  | plane 0: mod 72057594037927952 fd 80 stride 1536 offset 0
[1;32mDEBUG [0m]: [CWLSeatProtocol] New seat resource bound at 55a79fe133f0
[1;32mDEBUG [0m]: [CVirtualKeyboardProtocol] New VKeyboard at id 5
[1;32mDEBUG [0m]: ApplyConfigToKeyboard for "hl-virtual-keyboard-wtype", hasconfig: 0
[1;32mDEBUG [0m]: Attempting to create a keymap for layout us with variant  (rules: , model: , options: )
[1;32mDEBUG [0m]: Updating keyboard 55a79f694860's translation state from a provided keymap
[1;32mDEBUG [0m]: xkb: LED index 0 (name Num Lock) got index 1
[1;32mDEBUG [0m]: xkb: LED index 1 (name Caps Lock) got index 0
[1;32mDEBUG [0m]: xkb: LED index 2 (name Scroll Lock) got index 2
[1;32mDEBUG [0m]: xkb: Mod index 0 (name Shift) got index 0
[1;32mDEBUG [0m]: xkb: Mod index 1 (name Lock) got index 1
[1;32mDEBUG [0m]: xkb: Mod index 2 (name Control) got index 2
[1;32mDEBUG [0m]: xkb: Mod index 3 (name Mod1) got index 3
[1;32mDEBUG [0m]: xkb: Mod index 4 (name Mod2) got index 4
[1;32mDEBUG [0m]: xkb: Mod index 5 (name Mod3) got index 5
[1;32mDEBUG [0m]: xkb: Mod index 6 (name Mod4) got index 6
[1;32mDEBUG [0m]: xkb: Mod index 7 (name Mod5) got index 7
[1;32mDEBUG [0m]: Updating keymap fd for keyboard hl-virtual-keyboard-wtype
[1;32mDEBUG [0m]: Updated keymap fd to 91, keymap V1 to: 93
[1;32mDEBUG [0m]: Set the keyboard layout to us and variant to  for keyboard "hl-virtual-keyboard-wtype"
[1;32mDEBUG [0m]: New virtual keyboard created at 55a79f694860
[1;32mDEBUG [0m]: Updating keyboard 55a79f694860's translation state from a provided keymap
[1;32mDEBUG [0m]: Updating keymap fd for keyboard hl-virtual-keyboard-wtype
[1;32mDEBUG [0m]: Updated keymap fd to 91, keymap V1 to: 93
[1;32mDEBUG [0m]: [CLinuxDMABUFParamsResource] Creating a dmabuf, with id 90: size [Vector2D: x: 368, y: 1040], fmt AR24, planes 1
[1;32mDEBUG [0m]: [CLinuxDMABUFParamsResource]  | plane 0: mod 72057594037927952 fd 89 stride 1536 offset 0
[1;32mDEBUG [0m]: Keyboard at 55a79f694860 removed
[1;32mDEBUG [0m]: Destroyed keyboard 55a79f694860
[1;32mDEBUG [0m]: [CWLSeatProtocol] New seat resource bound at 55a79fb5f060
[1;32mDEBUG [0m]: [CVirtualKeyboardProtocol] New VKeyboard at id 5
[1;32mDEBUG [0m]: ApplyConfigToKeyboard for "hl-virtual-keyboard-wtype", hasconfig: 0
[1;32mDEBUG [0m]: Attempting to create a keymap for layout us with variant  (rules: , model: , options: )
[1;32mDEBUG [0m]: Updating keyboard 55a79f694860's translation state from a provided keymap
[1;32mDEBUG [0m]: xkb: LED index 0 (name Num Lock) got index 1
[1;32mDEBUG [0m]: xkb: LED index 1 (name Caps Lock) got index 0
[1;32mDEBUG [0m]: xkb: LED index 2 (name Scroll Lock) got index 2
[1;32mDEBUG [0m]: xkb: Mod index 0 (name Shift) got index 0
[1;32mDEBUG [0m]: xkb: Mod index 1 (name Lock) got index 1
[1;32mDEBUG [0m]: xkb: Mod index 2 (name Control) got index 2
[1;32mDEBUG [0m]: xkb: Mod index 3 (name Mod1) got index 3
[1;32mDEBUG [0m]: xkb: Mod index 4 (name Mod2) got index 4
[1;32mDEBUG [0m]: xkb: Mod index 5 (name Mod3) got index 5
[1;32mDEBUG [0m]: xkb: Mod index 6 (name Mod4) got index 6
[1;32mDEBUG [0m]: xkb: Mod index 7 (name Mod5) got index 7
[1;32mDEBUG [0m]: Updating keymap fd for keyboard hl-virtual-keyboard-wtype
[1;32mDEBUG [0m]: Updated keymap fd to 91, keymap V1 to: 93
[1;32mDEBUG [0m]: Set the keyboard layout to us and variant to  for keyboard "hl-virtual-keyboard-wtype"
[1;32mDEBUG [0m]: New virtual keyboard created at 55a79f694860
[1;32mDEBUG [0m]: Updating keyboard 55a79f694860's translation state from a provided keymap
[1;32mDEBUG [0m]: Updating keymap fd for keyboard hl-virtual-keyboard-wtype
[1;32mDEBUG [0m]: Updated keymap fd to 91, keymap V1 to: 93
[1;32mDEBUG [0m]: [CLinuxDMABUFParamsResource] Creating a dmabuf, with id 84: size [Vector2D: x: 368, y: 1040], fmt AR24, planes 1
[1;32mDEBUG [0m]: [CLinuxDMABUFParamsResource]  | plane 0: mod 72057594037927952 fd 87 stride 1536 offset 0
[1;32mDEBUG [0m]: Keyboard at 55a79f694860 removed
[1;32mDEBUG [0m]: Destroyed keyboard 55a79f694860
[1;32mDEBUG [0m]: [CWLSeatProtocol] New seat resource bound at 55a79f901f90
[1;32mDEBUG [0m]: [CVirtualKeyboardProtocol] New VKeyboard at id 5
[1;32mDEBUG [0m]: ApplyConfigToKeyboard for "hl-virtual-keyboard-wtype", hasconfig: 0
[1;32mDEBUG [0m]: Attempting to create a keymap for layout us with variant  (rules: , model: , options: )
[1;32mDEBUG [0m]: Updating keyboard 55a79f694860's translation state from a provided keymap
[1;32mDEBUG [0m]: xkb: LED index 0 (name Num Lock) got index 1
[1;32mDEBUG [0m]: xkb: LED index 1 (name Caps Lock) got index 0
[1;32mDEBUG [0m]: xkb: LED index 2 (name Scroll Lock) got index 2
[1;32mDEBUG [0m]: xkb: Mod index 0 (name Shift) got index 0
[1;32mDEBUG [0m]: xkb: Mod index 1 (name Lock) got index 1
[1;32mDEBUG [0m]: xkb: Mod index 2 (name Control) got index 2
[1;32mDEBUG [0m]: xkb: Mod index 3 (name Mod1) got index 3
[1;32mDEBUG [0m]: xkb: Mod index 4 (name Mod2) got index 4
[1;32mDEBUG [0m]: xkb: Mod index 5 (name Mod3) got index 5
[1;32mDEBUG [0m]: xkb: Mod index 6 (name Mod4) got index 6
[1;32mDEBUG [0m]: xkb: Mod index 7 (name Mod5) got index 7
[1;32mDEBUG [0m]: Updating keymap fd for keyboard hl-virtual-keyboard-wtype
[1;32mDEBUG [0m]: Updated keymap fd to 91, keymap V1 to: 93
[1;32mDEBUG [0m]: Set the keyboard layout to us and variant to  for keyboard "hl-virtual-keyboard-wtype"
[1;32mDEBUG [0m]: New virtual keyboard created at 55a79f694860
[1;32mDEBUG [0m]: Updating keyboard 55a79f694860's translation state from a provided keymap
[1;32mDEBUG [0m]: Updating keymap fd for keyboard hl-virtual-keyboard-wtype
[1;32mDEBUG [0m]: Updated keymap fd to 91, keymap V1 to: 93
[1;32mDEBUG [0m]: [CWLCompositorResource] New wl_region with id 78 at 55a79ff9d780
[1;32mDEBUG [0m]: [CWLCompositorResource] New wl_region with id 47 at 55a79ff9d780
[1;32mDEBUG [0m]: [CLinuxDMABUFParamsResource] Creating a dmabuf, with id 95: size [Vector2D: x: 368, y: 1066], fmt AR24, planes 1
[1;32mDEBUG [0m]: [CLinuxDMABUFParamsResource]  | plane 0: mod 72057594037927952 fd 82 stride 1536 offset 0
[1;32mDEBUG [0m]: [CLinuxDMABUFParamsResource] Creating a dmabuf, with id 96: size [Vector2D: x: 368, y: 1066], fmt AR24, planes 1
[1;32mDEBUG [0m]: [CLinuxDMABUFParamsResource]  | plane 0: mod 72057594037927952 fd 80 stride 1536 offset 0
[1;32mDEBUG [0m]: Keyboard at 55a79f694860 removed
[1;32mDEBUG [0m]: Destroyed keyboard 55a79f694860
[1;32mDEBUG [0m]: [CLinuxDMABUFParamsResource] Creating a dmabuf, with id 99: size [Vector2D: x: 368, y: 1040], fmt AR24, planes 1
[1;32mDEBUG [0m]: [CLinuxDMABUFParamsResource]  | plane 0: mod 72057594037927952 fd 77 stride 1536 offset 0
[1;32mDEBUG [0m]: [CWLSeatProtocol] New seat resource bound at 55a79fb72ae0
[1;32mDEBUG [0m]: [CVirtualKeyboardProtocol] New VKeyboard at id 5
[1;32mDEBUG [0m]: ApplyConfigToKeyboard for "hl-virtual-keyboard-wtype", hasconfig: 0
[1;32mDEBUG [0m]: Attempting to create a keymap for layout us with variant  (rules: , model: , options: )
[1;32mDEBUG [0m]: Updating keyboard 55a79f694860's translation state from a provided keymap
[1;32mDEBUG [0m]: xkb: LED index 0 (name Num Lock) got index 1
[1;32mDEBUG [0m]: xkb: LED index 1 (name Caps Lock) got index 0
[1;32mDEBUG [0m]: xkb: LED index 2 (name Scroll Lock) got index 2
[1;32mDEBUG [0m]: xkb: Mod index 0 (name Shift) got index 0
[1;32mDEBUG [0m]: xkb: Mod index 1 (name Lock) got index 1
[1;32mDEBUG [0m]: xkb: Mod index 2 (name Control) got index 2
[1;32mDEBUG [0m]: xkb: Mod index 3 (name Mod1) got index 3
[1;32mDEBUG [0m]: xkb: Mod index 4 (name Mod2) got index 4
[1;32mDEBUG [0m]: xkb: Mod index 5 (name Mod3) got index 5
[1;32mDEBUG [0m]: xkb: Mod index 6 (name Mod4) got index 6
[1;32mDEBUG [0m]: xkb: Mod index 7 (name Mod5) got index 7
[1;32mDEBUG [0m]: Updating keymap fd for keyboard hl-virtual-keyboard-wtype
[1;32mDEBUG [0m]: Updated keymap fd to 89, keymap V1 to: 91
[1;32mDEBUG [0m]: Set the keyboard layout to us and variant to  for keyboard "hl-virtual-keyboard-wtype"
[1;32mDEBUG [0m]: New virtual keyboard created at 55a79f694860
[1;32mDEBUG [0m]: Updating keyboard 55a79f694860's translation state from a provided keymap
[1;32mDEBUG [0m]: Updating keymap fd for keyboard hl-virtual-keyboard-wtype
[1;32mDEBUG [0m]: Updated keymap fd to 89, keymap V1 to: 91
[1;32mDEBUG [0m]: [CLinuxDMABUFParamsResource] Creating a dmabuf, with id 90: size [Vector2D: x: 368, y: 1040], fmt AR24, planes 1
[1;32mDEBUG [0m]: [CLinuxDMABUFParamsResource]  | plane 0: mod 72057594037927952 fd 83 stride 1536 offset 0
[1;32mDEBUG [0m]: Keyboard at 55a79f694860 removed
[1;32mDEBUG [0m]: Destroyed keyboard 55a79f694860
[1;32mDEBUG [0m]: [CWLSeatProtocol] New seat resource bound at 55a79f674830
[1;32mDEBUG [0m]: [CVirtualKeyboardProtocol] New VKeyboard at id 5
[1;32mDEBUG [0m]: ApplyConfigToKeyboard for "hl-virtual-keyboard-wtype", hasconfig: 0
[1;32mDEBUG [0m]: Attempting to create a keymap for layout us with variant  (rules: , model: , options: )
[1;32mDEBUG [0m]: Updating keyboard 55a79f694860's translation state from a provided keymap
[1;32mDEBUG [0m]: xkb: LED index 0 (name Num Lock) got index 1
[1;32mDEBUG [0m]: xkb: LED index 1 (name Caps Lock) got index 0
[1;32mDEBUG [0m]: xkb: LED index 2 (name Scroll Lock) got index 2
[1;32mDEBUG [0m]: xkb: Mod index 0 (name Shift) got index 0
[1;32mDEBUG [0m]: xkb: Mod index 1 (name Lock) got index 1
[1;32mDEBUG [0m]: xkb: Mod index 2 (name Control) got index 2
[1;32mDEBUG [0m]: xkb: Mod index 3 (name Mod1) got index 3
[1;32mDEBUG [0m]: xkb: Mod index 4 (name Mod2) got index 4
[1;32mDEBUG [0m]: xkb: Mod index 5 (name Mod3) got index 5
[1;32mDEBUG [0m]: xkb: Mod index 6 (name Mod4) got index 6
[1;32mDEBUG [0m]: xkb: Mod index 7 (name Mod5) got index 7
[1;32mDEBUG [0m]: Updating keymap fd for keyboard hl-virtual-keyboard-wtype
[1;32mDEBUG [0m]: Updated keymap fd to 90, keymap V1 to: 93
[1;32mDEBUG [0m]: Set the keyboard layout to us and variant to  for keyboard "hl-virtual-keyboard-wtype"
[1;32mDEBUG [0m]: New virtual keyboard created at 55a79f694860
[1;32mDEBUG [0m]: Updating keyboard 55a79f694860's translation state from a provided keymap
[1;32mDEBUG [0m]: Updating keymap fd for keyboard hl-virtual-keyboard-wtype
[1;32mDEBUG [0m]: Updated keymap fd to 90, keymap V1 to: 93
[1;32mDEBUG [0m]: Keyboard at 55a79f694860 removed
[1;32mDEBUG [0m]: Destroyed keyboard 55a79f694860
[1;32mDEBUG [0m]: [CWLSeatProtocol] New seat resource bound at 55a79f7fa810
[1;32mDEBUG [0m]: [CVirtualKeyboardProtocol] New VKeyboard at id 5
[1;32mDEBUG [0m]: ApplyConfigToKeyboard for "hl-virtual-keyboard-wtype", hasconfig: 0
[1;32mDEBUG [0m]: Attempting to create a keymap for layout us with variant  (rules: , model: , options: )
[1;32mDEBUG [0m]: Updating keyboard 55a79f694860's translation state from a provided keymap
[1;32mDEBUG [0m]: xkb: LED index 0 (name Num Lock) got index 1
[1;32mDEBUG [0m]: xkb: LED index 1 (name Caps Lock) got index 0
[1;32mDEBUG [0m]: xkb: LED index 2 (name Scroll Lock) got index 2
[1;32mDEBUG [0m]: xkb: Mod index 0 (name Shift) got index 0
[1;32mDEBUG [0m]: xkb: Mod index 1 (name Lock) got index 1
[1;32mDEBUG [0m]: xkb: Mod index 2 (name Control) got index 2
[1;32mDEBUG [0m]: xkb: Mod index 3 (name Mod1) got index 3
[1;32mDEBUG [0m]: xkb: Mod index 4 (name Mod2) got index 4
[1;32mDEBUG [0m]: xkb: Mod index 5 (name Mod3) got index 5
[1;32mDEBUG [0m]: xkb: Mod index 6 (name Mod4) got index 6
[1;32mDEBUG [0m]: xkb: Mod index 7 (name Mod5) got index 7
[1;32mDEBUG [0m]: Updating keymap fd for keyboard hl-virtual-keyboard-wtype
[1;32mDEBUG [0m]: Updated keymap fd to 91, keymap V1 to: 93
[1;32mDEBUG [0m]: Set the keyboard layout to us and variant to  for keyboard "hl-virtual-keyboard-wtype"
[1;32mDEBUG [0m]: New virtual keyboard created at 55a79f694860
[1;32mDEBUG [0m]: Updating keyboard 55a79f694860's translation state from a provided keymap
[1;32mDEBUG [0m]: Updating keymap fd for keyboard hl-virtual-keyboard-wtype
[1;32mDEBUG [0m]: Updated keymap fd to 91, keymap V1 to: 93
[1;32mDEBUG [0m]: Keyboard at 55a79f694860 removed
[1;32mDEBUG [0m]: Destroyed keyboard 55a79f694860
[1;32mDEBUG [0m]: [CWLSeatProtocol] New seat resource bound at 55a79fc830a0
[1;32mDEBUG [0m]: [CVirtualKeyboardProtocol] New VKeyboard at id 5
[1;32mDEBUG [0m]: ApplyConfigToKeyboard for "hl-virtual-keyboard-wtype", hasconfig: 0
[1;32mDEBUG [0m]: Attempting to create a keymap for layout us with variant  (rules: , model: , options: )
[1;32mDEBUG [0m]: Updating keyboard 55a79f694860's translation state from a provided keymap
[1;32mDEBUG [0m]: xkb: LED index 0 (name Num Lock) got index 1
[1;32mDEBUG [0m]: xkb: LED index 1 (name Caps Lock) got index 0
[1;32mDEBUG [0m]: xkb: LED index 2 (name Scroll Lock) got index 2
[1;32mDEBUG [0m]: xkb: Mod index 0 (name Shift) got index 0
[1;32mDEBUG [0m]: xkb: Mod index 1 (name Lock) got index 1
[1;32mDEBUG [0m]: xkb: Mod index 2 (name Control) got index 2
[1;32mDEBUG [0m]: xkb: Mod index 3 (name Mod1) got index 3
[1;32mDEBUG [0m]: xkb: Mod index 4 (name Mod2) got index 4
[1;32mDEBUG [0m]: xkb: Mod index 5 (name Mod3) got index 5
[1;32mDEBUG [0m]: xkb: Mod index 6 (name Mod4) got index 6
[1;32mDEBUG [0m]: xkb: Mod index 7 (name Mod5) got index 7
[1;32mDEBUG [0m]: Updating keymap fd for keyboard hl-virtual-keyboard-wtype
[1;32mDEBUG [0m]: Updated keymap fd to 91, keymap V1 to: 93
[1;32mDEBUG [0m]: Set the keyboard layout to us and variant to  for keyboard "hl-virtual-keyboard-wtype"
[1;32mDEBUG [0m]: New virtual keyboard created at 55a79f694860
[1;32mDEBUG [0m]: Updating keyboard 55a79f694860's translation state from a provided keymap
[1;32mDEBUG [0m]: Updating keymap fd for keyboard hl-virtual-keyboard-wtype
[1;32mDEBUG [0m]: Updated keymap fd to 91, keymap V1 to: 93
[1;32mDEBUG [0m]: [CWLCompositorResource] New wl_region with id 94 at 55a79fc832c0
[1;32mDEBUG [0m]: [CWLCompositorResource] New wl_region with id 94 at 55a79f713190
[1;32mDEBUG [0m]: [CLinuxDMABUFParamsResource] Creating a dmabuf, with id 95: size [Vector2D: x: 368, y: 1066], fmt AR24, planes 1
[1;32mDEBUG [0m]: [CLinuxDMABUFParamsResource]  | plane 0: mod 72057594037927952 fd 81 stride 1536 offset 0
[1;32mDEBUG [0m]: [CLinuxDMABUFParamsResource] Creating a dmabuf, with id 78: size [Vector2D: x: 368, y: 1066], fmt AR24, planes 1
[1;32mDEBUG [0m]: [CLinuxDMABUFParamsResource]  | plane 0: mod 72057594037927952 fd 87 stride 1536 offset 0
[1;32mDEBUG [0m]: Keyboard at 55a79f694860 removed
[1;32mDEBUG [0m]: Destroyed keyboard 55a79f694860
[1;32mDEBUG [0m]: [CLinuxDMABUFParamsResource] Creating a dmabuf, with id 91: size [Vector2D: x: 368, y: 1040], fmt AR24, planes 1
[1;32mDEBUG [0m]: [CLinuxDMABUFParamsResource]  | plane 0: mod 72057594037927952 fd 79 stride 1536 offset 0
[1;32mDEBUG [0m]: [CWLSeatProtocol] New seat resource bound at 55a79f963e20
[1;32mDEBUG [0m]: [CVirtualKeyboardProtocol] New VKeyboard at id 5
[1;32mDEBUG [0m]: ApplyConfigToKeyboard for "hl-virtual-keyboard-wtype", hasconfig: 0
[1;32mDEBUG [0m]: Attempting to create a keymap for layout us with variant  (rules: , model: , options: )
[1;32mDEBUG [0m]: Updating keyboard 55a79f694860's translation state from a provided keymap
[1;32mDEBUG [0m]: xkb: LED index 0 (name Num Lock) got index 1
[1;32mDEBUG [0m]: xkb: LED index 1 (name Caps Lock) got index 0
[1;32mDEBUG [0m]: xkb: LED index 2 (name Scroll Lock) got index 2
[1;32mDEBUG [0m]: xkb: Mod index 0 (name Shift) got index 0
[1;32mDEBUG [0m]: xkb: Mod index 1 (name Lock) got index 1
[1;32mDEBUG [0m]: xkb: Mod index 2 (name Control) got index 2
[1;32mDEBUG [0m]: xkb: Mod index 3 (name Mod1) got index 3
[1;32mDEBUG [0m]: xkb: Mod index 4 (name Mod2) got index 4
[1;32mDEBUG [0m]: xkb: Mod index 5 (name Mod3) got index 5
[1;32mDEBUG [0m]: xkb: Mod index 6 (name Mod4) got index 6
[1;32mDEBUG [0m]: xkb: Mod index 7 (name Mod5) got index 7
[1;32mDEBUG [0m]: Updating keymap fd for keyboard hl-virtual-keyboard-wtype
[1;32mDEBUG [0m]: Updated keymap fd to 89, keymap V1 to: 91
[1;32mDEBUG [0m]: Set the keyboard layout to us and variant to  for keyboard "hl-virtual-keyboard-wtype"
[1;32mDEBUG [0m]: New virtual keyboard created at 55a79f694860
[1;32mDEBUG [0m]: Updating keyboard 55a79f694860's translation state from a provided keymap
[1;32mDEBUG [0m]: Updating keymap fd for keyboard hl-virtual-keyboard-wtype
[1;32mDEBUG [0m]: Updated keymap fd to 89, keymap V1 to: 91
[1;32mDEBUG [0m]: [CLinuxDMABUFParamsResource] Creating a dmabuf, with id 99: size [Vector2D: x: 368, y: 1040], fmt AR24, planes 1
[1;32mDEBUG [0m]: [CLinuxDMABUFParamsResource]  | plane 0: mod 72057594037927952 fd 83 stride 1536 offset 0
[1;32mDEBUG [0m]: Keyboard at 55a79f694860 removed
[1;32mDEBUG [0m]: Destroyed keyboard 55a79f694860
[1;32mDEBUG [0m]: [CWLSeatProtocol] New seat resource bound at 55a79fe09840
[1;32mDEBUG [0m]: [CVirtualKeyboardProtocol] New VKeyboard at id 5
[1;32mDEBUG [0m]: ApplyConfigToKeyboard for "hl-virtual-keyboard-wtype", hasconfig: 0
[1;32mDEBUG [0m]: Attempting to create a keymap for layout us with variant  (rules: , model: , options: )
[1;32mDEBUG [0m]: Updating keyboard 55a79f694860's translation state from a provided keymap
[1;32mDEBUG [0m]: xkb: LED index 0 (name Num Lock) got index 1
[1;32mDEBUG [0m]: xkb: LED index 1 (name Caps Lock) got index 0
[1;32mDEBUG [0m]: xkb: LED index 2 (name Scroll Lock) got index 2
[1;32mDEBUG [0m]: xkb: Mod index 0 (name Shift) got index 0
[1;32mDEBUG [0m]: xkb: Mod index 1 (name Lock) got index 1
[1;32mDEBUG [0m]: xkb: Mod index 2 (name Control) got index 2
[1;32mDEBUG [0m]: xkb: Mod index 3 (name Mod1) got index 3
[1;32mDEBUG [0m]: xkb: Mod index 4 (name Mod2) got index 4
[1;32mDEBUG [0m]: xkb: Mod index 5 (name Mod3) got index 5
[1;32mDEBUG [0m]: xkb: Mod index 6 (name Mod4) got index 6
[1;32mDEBUG [0m]: xkb: Mod index 7 (name Mod5) got index 7
[1;32mDEBUG [0m]: Updating keymap fd for keyboard hl-virtual-keyboard-wtype
[1;32mDEBUG [0m]: Updated keymap fd to 90, keymap V1 to: 93
[1;32mDEBUG [0m]: Set the keyboard layout to us and variant to  for keyboard "hl-virtual-keyboard-wtype"
[1;32mDEBUG [0m]: New virtual keyboard created at 55a79f694860
[1;32mDEBUG [0m]: Updating keyboard 55a79f694860's translation state from a provided keymap
[1;32mDEBUG [0m]: Updating keymap fd for keyboard hl-virtual-keyboard-wtype
[1;32mDEBUG [0m]: Updated keymap fd to 90, keymap V1 to: 93
[1;32mDEBUG [0m]: Keyboard at 55a79f694860 removed
[1;32mDEBUG [0m]: Destroyed keyboard 55a79f694860
[1;32mDEBUG [0m]: [CWLSeatProtocol] New seat resource bound at 55a79e411270
[1;32mDEBUG [0m]: [CVirtualKeyboardProtocol] New VKeyboard at id 5
[1;32mDEBUG [0m]: ApplyConfigToKeyboard for "hl-virtual-keyboard-wtype", hasconfig: 0
[1;32mDEBUG [0m]: Attempting to create a keymap for layout us with variant  (rules: , model: , options: )
[1;32mDEBUG [0m]: Updating keyboard 55a79f694860's translation state from a provided keymap
[1;32mDEBUG [0m]: xkb: LED index 0 (name Num Lock) got index 1
[1;32mDEBUG [0m]: xkb: LED index 1 (name Caps Lock) got index 0
[1;32mDEBUG [0m]: xkb: LED index 2 (name Scroll Lock) got index 2
[1;32mDEBUG [0m]: xkb: Mod index 0 (name Shift) got index 0
[1;32mDEBUG [0m]: xkb: Mod index 1 (name Lock) got index 1
[1;32mDEBUG [0m]: xkb: Mod index 2 (name Control) got index 2
[1;32mDEBUG [0m]: xkb: Mod index 3 (name Mod1) got index 3
[1;32mDEBUG [0m]: xkb: Mod index 4 (name Mod2) got index 4
[1;32mDEBUG [0m]: xkb: Mod index 5 (name Mod3) got index 5
[1;32mDEBUG [0m]: xkb: Mod index 6 (name Mod4) got index 6
[1;32mDEBUG [0m]: xkb: Mod index 7 (name Mod5) got index 7
[1;32mDEBUG [0m]: Updating keymap fd for keyboard hl-virtual-keyboard-wtype
[1;32mDEBUG [0m]: Updated keymap fd to 91, keymap V1 to: 93
[1;32mDEBUG [0m]: Set the keyboard layout to us and variant to  for keyboard "hl-virtual-keyboard-wtype"
[1;32mDEBUG [0m]: New virtual keyboard created at 55a79f694860
[1;32mDEBUG [0m]: Updating keyboard 55a79f694860's translation state from a provided keymap
[1;32mDEBUG [0m]: Updating keymap fd for keyboard hl-virtual-keyboard-wtype
[1;32mDEBUG [0m]: Updated keymap fd to 91, keymap V1 to: 93
[1;32mDEBUG [0m]: Keyboard at 55a79f694860 removed
[1;32mDEBUG [0m]: Destroyed keyboard 55a79f694860
[1;32mDEBUG [0m]: [CWLSeatProtocol] New seat resource bound at 55a79f9c6d60
[1;32mDEBUG [0m]: [CVirtualKeyboardProtocol] New VKeyboard at id 5
[1;32mDEBUG [0m]: ApplyConfigToKeyboard for "hl-virtual-keyboard-wtype", hasconfig: 0
[1;32mDEBUG [0m]: Attempting to create a keymap for layout us with variant  (rules: , model: , options: )
[1;32mDEBUG [0m]: Updating keyboard 55a79f694860's translation state from a provided keymap
[1;32mDEBUG [0m]: xkb: LED index 0 (name Num Lock) got index 1
[1;32mDEBUG [0m]: xkb: LED index 1 (name Caps Lock) got index 0
[1;32mDEBUG [0m]: xkb: LED index 2 (name Scroll Lock) got index 2
[1;32mDEBUG [0m]: xkb: Mod index 0 (name Shift) got index 0
[1;32mDEBUG [0m]: xkb: Mod index 1 (name Lock) got index 1
[1;32mDEBUG [0m]: xkb: Mod index 2 (name Control) got index 2
[1;32mDEBUG [0m]: xkb: Mod index 3 (name Mod1) got index 3
[1;32mDEBUG [0m]: xkb: Mod index 4 (name Mod2) got index 4
[1;32mDEBUG [0m]: xkb: Mod index 5 (name Mod3) got index 5
[1;32mDEBUG [0m]: xkb: Mod index 6 (name Mod4) got index 6
[1;32mDEBUG [0m]: xkb: Mod index 7 (name Mod5) got index 7
[1;32mDEBUG [0m]: Updating keymap fd for keyboard hl-virtual-keyboard-wtype
[1;32mDEBUG [0m]: Updated keymap fd to 91, keymap V1 to: 93
[1;32mDEBUG [0m]: Set the keyboard layout to us and variant to  for keyboard "hl-virtual-keyboard-wtype"
[1;32mDEBUG [0m]: New virtual keyboard created at 55a79f694860
[1;32mDEBUG [0m]: Updating keyboard 55a79f694860's translation state from a provided keymap
[1;32mDEBUG [0m]: Updating keymap fd for keyboard hl-virtual-keyboard-wtype
[1;32mDEBUG [0m]: Updated keymap fd to 91, keymap V1 to: 93
[1;32mDEBUG [0m]: Keyboard at 55a79f694860 removed
[1;32mDEBUG [0m]: Destroyed keyboard 55a79f694860
[1;32mDEBUG [0m]: [CWLSeatProtocol] New seat resource bound at 55a79f901e30
[1;32mDEBUG [0m]: [CVirtualKeyboardProtocol] New VKeyboard at id 5
[1;32mDEBUG [0m]: ApplyConfigToKeyboard for "hl-virtual-keyboard-wtype", hasconfig: 0
[1;32mDEBUG [0m]: Attempting to create a keymap for layout us with variant  (rules: , model: , options: )
[1;32mDEBUG [0m]: Updating keyboard 55a79f694860's translation state from a provided keymap
[1;32mDEBUG [0m]: xkb: LED index 0 (name Num Lock) got index 1
[1;32mDEBUG [0m]: xkb: LED index 1 (name Caps Lock) got index 0
[1;32mDEBUG [0m]: xkb: LED index 2 (name Scroll Lock) got index 2
[1;32mDEBUG [0m]: xkb: Mod index 0 (name Shift) got index 0
[1;32mDEBUG [0m]: xkb: Mod index 1 (name Lock) got index 1
[1;32mDEBUG [0m]: xkb: Mod index 2 (name Control) got index 2
[1;32mDEBUG [0m]: xkb: Mod index 3 (name Mod1) got index 3
[1;32mDEBUG [0m]: xkb: Mod index 4 (name Mod2) got index 4
[1;32mDEBUG [0m]: xkb: Mod index 5 (name Mod3) got index 5
[1;32mDEBUG [0m]: xkb: Mod index 6 (name Mod4) got index 6
[1;32mDEBUG [0m]: xkb: Mod index 7 (name Mod5) got index 7
[1;32mDEBUG [0m]: Updating keymap fd for keyboard hl-virtual-keyboard-wtype
[1;32mDEBUG [0m]: Updated keymap fd to 91, keymap V1 to: 93
[1;32mDEBUG [0m]: Set the keyboard layout to us and variant to  for keyboard "hl-virtual-keyboard-wtype"
[1;32mDEBUG [0m]: New virtual keyboard created at 55a79f694860
[1;32mDEBUG [0m]: Updating keyboard 55a79f694860's translation state from a provided keymap
[1;32mDEBUG [0m]: Updating keymap fd for keyboard hl-virtual-keyboard-wtype
[1;32mDEBUG [0m]: Updated keymap fd to 91, keymap V1 to: 93
[1;32mDEBUG [0m]: Keyboard at 55a79f694860 removed
[1;32mDEBUG [0m]: Destroyed keyboard 55a79f694860
[1;32mDEBUG [0m]: [CWLSeatProtocol] New seat resource bound at 55a79fdf74c0
[1;32mDEBUG [0m]: [CVirtualKeyboardProtocol] New VKeyboard at id 5
[1;32mDEBUG [0m]: ApplyConfigToKeyboard for "hl-virtual-keyboard-wtype", hasconfig: 0
[1;32mDEBUG [0m]: Attempting to create a keymap for layout us with variant  (rules: , model: , options: )
[1;32mDEBUG [0m]: Updating keyboard 55a79f694860's translation state from a provided keymap
[1;32mDEBUG [0m]: xkb: LED index 0 (name Num Lock) got index 1
[1;32mDEBUG [0m]: xkb: LED index 1 (name Caps Lock) got index 0
[1;32mDEBUG [0m]: xkb: LED index 2 (name Scroll Lock) got index 2
[1;32mDEBUG [0m]: xkb: Mod index 0 (name Shift) got index 0
[1;32mDEBUG [0m]: xkb: Mod index 1 (name Lock) got index 1
[1;32mDEBUG [0m]: xkb: Mod index 2 (name Control) got index 2
[1;32mDEBUG [0m]: xkb: Mod index 3 (name Mod1) got index 3
[1;32mDEBUG [0m]: xkb: Mod index 4 (name Mod2) got index 4
[1;32mDEBUG [0m]: xkb: Mod index 5 (name Mod3) got index 5
[1;32mDEBUG [0m]: xkb: Mod index 6 (name Mod4) got index 6
[1;32mDEBUG [0m]: xkb: Mod index 7 (name Mod5) got index 7
[1;32mDEBUG [0m]: Updating keymap fd for keyboard hl-virtual-keyboard-wtype
[1;32mDEBUG [0m]: Updated keymap fd to 91, keymap V1 to: 93
[1;32mDEBUG [0m]: Set the keyboard layout to us and variant to  for keyboard "hl-virtual-keyboard-wtype"
[1;32mDEBUG [0m]: New virtual keyboard created at 55a79f694860
[1;32mDEBUG [0m]: Updating keyboard 55a79f694860's translation state from a provided keymap
[1;32mDEBUG [0m]: Updating keymap fd for keyboard hl-virtual-keyboard-wtype
[1;32mDEBUG [0m]: Updated keymap fd to 91, keymap V1 to: 93
[1;32mDEBUG [0m]: [CWLCompositorResource] New wl_region with id 96 at 55a79f713cb0
[1;32mDEBUG [0m]: [CLinuxDMABUFParamsResource] Creating a dmabuf, with id 78: size [Vector2D: x: 368, y: 1072], fmt AR24, planes 1
[1;32mDEBUG [0m]: [CLinuxDMABUFParamsResource]  | plane 0: mod 72057594037927952 fd 82 stride 1536 offset 0
[1;32mDEBUG [0m]: Keyboard at 55a79f694860 removed
[1;32mDEBUG [0m]: Destroyed keyboard 55a79f694860
[1;32mDEBUG [0m]: [CWLSeatProtocol] New seat resource bound at 55a79fd20ca0
[1;32mDEBUG [0m]: [CVirtualKeyboardProtocol] New VKeyboard at id 5
[1;32mDEBUG [0m]: ApplyConfigToKeyboard for "hl-virtual-keyboard-wtype", hasconfig: 0
[1;32mDEBUG [0m]: Attempting to create a keymap for layout us with variant  (rules: , model: , options: )
[1;32mDEBUG [0m]: Updating keyboard 55a79f694860's translation state from a provided keymap
[1;32mDEBUG [0m]: xkb: LED index 0 (name Num Lock) got index 1
[1;32mDEBUG [0m]: xkb: LED index 1 (name Caps Lock) got index 0
[1;32mDEBUG [0m]: xkb: LED index 2 (name Scroll Lock) got index 2
[1;32mDEBUG [0m]: xkb: Mod index 0 (name Shift) got index 0
[1;32mDEBUG [0m]: xkb: Mod index 1 (name Lock) got index 1
[1;32mDEBUG [0m]: xkb: Mod index 2 (name Control) got index 2
[1;32mDEBUG [0m]: xkb: Mod index 3 (name Mod1) got index 3
[1;32mDEBUG [0m]: xkb: Mod index 4 (name Mod2) got index 4
[1;32mDEBUG [0m]: xkb: Mod index 5 (name Mod3) got index 5
[1;32mDEBUG [0m]: xkb: Mod index 6 (name Mod4) got index 6
[1;32mDEBUG [0m]: xkb: Mod index 7 (name Mod5) got index 7
[1;32mDEBUG [0m]: Updating keymap fd for keyboard hl-virtual-keyboard-wtype
[1;32mDEBUG [0m]: Updated keymap fd to 91, keymap V1 to: 93
[1;32mDEBUG [0m]: Set the keyboard layout to us and variant to  for keyboard "hl-virtual-keyboard-wtype"
[1;32mDEBUG [0m]: New virtual keyboard created at 55a79f694860
[1;32mDEBUG [0m]: Updating keyboard 55a79f694860's translation state from a provided keymap
[1;32mDEBUG [0m]: Updating keymap fd for keyboard hl-virtual-keyboard-wtype
[1;32mDEBUG [0m]: Updated keymap fd to 91, keymap V1 to: 93
[1;32mDEBUG [0m]: [CLinuxDMABUFParamsResource] Creating a dmabuf, with id 90: size [Vector2D: x: 368, y: 1072], fmt AR24, planes 1
[1;32mDEBUG [0m]: [CLinuxDMABUFParamsResource]  | plane 0: mod 72057594037927952 fd 87 stride 1536 offset 0
[1;32mDEBUG [0m]: Keyboard at 55a79f694860 removed
[1;32mDEBUG [0m]: Destroyed keyboard 55a79f694860
[1;32mDEBUG [0m]: [CWLSeatProtocol] New seat resource bound at 55a79f779010
[1;32mDEBUG [0m]: [CVirtualKeyboardProtocol] New VKeyboard at id 5
[1;32mDEBUG [0m]: ApplyConfigToKeyboard for "hl-virtual-keyboard-wtype", hasconfig: 0
[1;32mDEBUG [0m]: Attempting to create a keymap for layout us with variant  (rules: , model: , options: )
[1;32mDEBUG [0m]: Updating keyboard 55a79f694860's translation state from a provided keymap
[1;32mDEBUG [0m]: xkb: LED index 0 (name Num Lock) got index 1
[1;32mDEBUG [0m]: xkb: LED index 1 (name Caps Lock) got index 0
[1;32mDEBUG [0m]: xkb: LED index 2 (name Scroll Lock) got index 2
[1;32mDEBUG [0m]: xkb: Mod index 0 (name Shift) got index 0
[1;32mDEBUG [0m]: xkb: Mod index 1 (name Lock) got index 1
[1;32mDEBUG [0m]: xkb: Mod index 2 (name Control) got index 2
[1;32mDEBUG [0m]: xkb: Mod index 3 (name Mod1) got index 3
[1;32mDEBUG [0m]: xkb: Mod index 4 (name Mod2) got index 4
[1;32mDEBUG [0m]: xkb: Mod index 5 (name Mod3) got index 5
[1;32mDEBUG [0m]: xkb: Mod index 6 (name Mod4) got index 6
[1;32mDEBUG [0m]: xkb: Mod index 7 (name Mod5) got index 7
[1;32mDEBUG [0m]: Updating keymap fd for keyboard hl-virtual-keyboard-wtype
[1;32mDEBUG [0m]: Updated keymap fd to 91, keymap V1 to: 93
[1;32mDEBUG [0m]: Set the keyboard layout to us and variant to  for keyboard "hl-virtual-keyboard-wtype"
[1;32mDEBUG [0m]: New virtual keyboard created at 55a79f694860
[1;32mDEBUG [0m]: Updating keyboard 55a79f694860's translation state from a provided keymap
[1;32mDEBUG [0m]: Updating keymap fd for keyboard hl-virtual-keyboard-wtype
[1;32mDEBUG [0m]: Updated keymap fd to 91, keymap V1 to: 93
[1;32mDEBUG [0m]: Keyboard at 55a79f694860 removed
[1;32mDEBUG [0m]: Destroyed keyboard 55a79f694860
[1;32mDEBUG [0m]: [CWLSeatProtocol] New seat resource bound at 55a79fdb4d20
[1;32mDEBUG [0m]: [CVirtualKeyboardProtocol] New VKeyboard at id 5
[1;32mDEBUG [0m]: ApplyConfigToKeyboard for "hl-virtual-keyboard-wtype", hasconfig: 0
[1;32mDEBUG [0m]: Attempting to create a keymap for layout us with variant  (rules: , model: , options: )
[1;32mDEBUG [0m]: Updating keyboard 55a79f694860's translation state from a provided keymap
[1;32mDEBUG [0m]: xkb: LED index 0 (name Num Lock) got index 1
[1;32mDEBUG [0m]: xkb: LED index 1 (name Caps Lock) got index 0
[1;32mDEBUG [0m]: xkb: LED index 2 (name Scroll Lock) got index 2
[1;32mDEBUG [0m]: xkb: Mod index 0 (name Shift) got index 0
[1;32mDEBUG [0m]: xkb: Mod index 1 (name Lock) got index 1
[1;32mDEBUG [0m]: xkb: Mod index 2 (name Control) got index 2
[1;32mDEBUG [0m]: xkb: Mod index 3 (name Mod1) got index 3
[1;32mDEBUG [0m]: xkb: Mod index 4 (name Mod2) got index 4
[1;32mDEBUG [0m]: xkb: Mod index 5 (name Mod3) got index 5
[1;32mDEBUG [0m]: xkb: Mod index 6 (name Mod4) got index 6
[1;32mDEBUG [0m]: xkb: Mod index 7 (name Mod5) got index 7
[1;32mDEBUG [0m]: Updating keymap fd for keyboard hl-virtual-keyboard-wtype
[1;32mDEBUG [0m]: Updated keymap fd to 91, keymap V1 to: 93
[1;32mDEBUG [0m]: Set the keyboard layout to us and variant to  for keyboard "hl-virtual-keyboard-wtype"
[1;32mDEBUG [0m]: New virtual keyboard created at 55a79f694860
[1;32mDEBUG [0m]: Updating keyboard 55a79f694860's translation state from a provided keymap
[1;32mDEBUG [0m]: Updating keymap fd for keyboard hl-virtual-keyboard-wtype
[1;32mDEBUG [0m]: Updated keymap fd to 91, keymap V1 to: 93
[1;32mDEBUG [0m]: Keyboard at 55a79f694860 removed
[1;32mDEBUG [0m]: Destroyed keyboard 55a79f694860
[1;32mDEBUG [0m]: [CWLSeatProtocol] New seat resource bound at 55a79ff9e800
[1;32mDEBUG [0m]: [CVirtualKeyboardProtocol] New VKeyboard at id 5
[1;32mDEBUG [0m]: ApplyConfigToKeyboard for "hl-virtual-keyboard-wtype", hasconfig: 0
[1;32mDEBUG [0m]: Attempting to create a keymap for layout us with variant  (rules: , model: , options: )
[1;32mDEBUG [0m]: Updating keyboard 55a79f694860's translation state from a provided keymap
[1;32mDEBUG [0m]: xkb: LED index 0 (name Num Lock) got index 1
[1;32mDEBUG [0m]: xkb: LED index 1 (name Caps Lock) got index 0
[1;32mDEBUG [0m]: xkb: LED index 2 (name Scroll Lock) got index 2
[1;32mDEBUG [0m]: xkb: Mod index 0 (name Shift) got index 0
[1;32mDEBUG [0m]: xkb: Mod index 1 (name Lock) got index 1
[1;32mDEBUG [0m]: xkb: Mod index 2 (name Control) got index 2
[1;32mDEBUG [0m]: xkb: Mod index 3 (name Mod1) got index 3
[1;32mDEBUG [0m]: xkb: Mod index 4 (name Mod2) got index 4
[1;32mDEBUG [0m]: xkb: Mod index 5 (name Mod3) got index 5
[1;32mDEBUG [0m]: xkb: Mod index 6 (name Mod4) got index 6
[1;32mDEBUG [0m]: xkb: Mod index 7 (name Mod5) got index 7
[1;32mDEBUG [0m]: Updating keymap fd for keyboard hl-virtual-keyboard-wtype
[1;32mDEBUG [0m]: Updated keymap fd to 91, keymap V1 to: 93
[1;32mDEBUG [0m]: Set the keyboard layout to us and variant to  for keyboard "hl-virtual-keyboard-wtype"
[1;32mDEBUG [0m]: New virtual keyboard created at 55a79f694860
[1;32mDEBUG [0m]: Updating keyboard 55a79f694860's translation state from a provided keymap
[1;32mDEBUG [0m]: Updating keymap fd for keyboard hl-virtual-keyboard-wtype
[1;32mDEBUG [0m]: Updated keymap fd to 91, keymap V1 to: 93
[1;32mDEBUG [0m]: Keyboard at 55a79f694860 removed
[1;32mDEBUG [0m]: Destroyed keyboard 55a79f694860
[1;32mDEBUG [0m]: [CWLSeatProtocol] New seat resource bound at 55a79f8cf1f0
[1;32mDEBUG [0m]: [CVirtualKeyboardProtocol] New VKeyboard at id 5
[1;32mDEBUG [0m]: ApplyConfigToKeyboard for "hl-virtual-keyboard-wtype", hasconfig: 0
[1;32mDEBUG [0m]: Attempting to create a keymap for layout us with variant  (rules: , model: , options: )
[1;32mDEBUG [0m]: Updating keyboard 55a79f694860's translation state from a provided keymap
[1;32mDEBUG [0m]: xkb: LED index 0 (name Num Lock) got index 1
[1;32mDEBUG [0m]: xkb: LED index 1 (name Caps Lock) got index 0
[1;32mDEBUG [0m]: xkb: LED index 2 (name Scroll Lock) got index 2
[1;32mDEBUG [0m]: xkb: Mod index 0 (name Shift) got index 0
[1;32mDEBUG [0m]: xkb: Mod index 1 (name Lock) got index 1
[1;32mDEBUG [0m]: xkb: Mod index 2 (name Control) got index 2
[1;32mDEBUG [0m]: xkb: Mod index 3 (name Mod1) got index 3
[1;32mDEBUG [0m]: xkb: Mod index 4 (name Mod2) got index 4
[1;32mDEBUG [0m]: xkb: Mod index 5 (name Mod3) got index 5
[1;32mDEBUG [0m]: xkb: Mod index 6 (name Mod4) got index 6
[1;32mDEBUG [0m]: xkb: Mod index 7 (name Mod5) got index 7
[1;32mDEBUG [0m]: Updating keymap fd for keyboard hl-virtual-keyboard-wtype
[1;32mDEBUG [0m]: Updated keymap fd to 91, keymap V1 to: 93
[1;32mDEBUG [0m]: Set the keyboard layout to us and variant to  for keyboard "hl-virtual-keyboard-wtype"
[1;32mDEBUG [0m]: New virtual keyboard created at 55a79f694860
[1;32mDEBUG [0m]: Updating keyboard 55a79f694860's translation state from a provided keymap
[1;32mDEBUG [0m]: Updating keymap fd for keyboard hl-virtual-keyboard-wtype
[1;32mDEBUG [0m]: Updated keymap fd to 91, keymap V1 to: 93
[1;32mDEBUG [0m]: Keyboard at 55a79f694860 removed
[1;32mDEBUG [0m]: Destroyed keyboard 55a79f694860
[1;32mDEBUG [0m]: [CWLSeatProtocol] New seat resource bound at 55a79fc3eda0
[1;32mDEBUG [0m]: [CVirtualKeyboardProtocol] New VKeyboard at id 5
[1;32mDEBUG [0m]: ApplyConfigToKeyboard for "hl-virtual-keyboard-wtype", hasconfig: 0
[1;32mDEBUG [0m]: Attempting to create a keymap for layout us with variant  (rules: , model: , options: )
[1;32mDEBUG [0m]: Updating keyboard 55a79f694860's translation state from a provided keymap
[1;32mDEBUG [0m]: xkb: LED index 0 (name Num Lock) got index 1
[1;32mDEBUG [0m]: xkb: LED index 1 (name Caps Lock) got index 0
[1;32mDEBUG [0m]: xkb: LED index 2 (name Scroll Lock) got index 2
[1;32mDEBUG [0m]: xkb: Mod index 0 (name Shift) got index 0
[1;32mDEBUG [0m]: xkb: Mod index 1 (name Lock) got index 1
[1;32mDEBUG [0m]: xkb: Mod index 2 (name Control) got index 2
[1;32mDEBUG [0m]: xkb: Mod index 3 (name Mod1) got index 3
[1;32mDEBUG [0m]: xkb: Mod index 4 (name Mod2) got index 4
[1;32mDEBUG [0m]: xkb: Mod index 5 (name Mod3) got index 5
[1;32mDEBUG [0m]: xkb: Mod index 6 (name Mod4) got index 6
[1;32mDEBUG [0m]: xkb: Mod index 7 (name Mod5) got index 7
[1;32mDEBUG [0m]: Updating keymap fd for keyboard hl-virtual-keyboard-wtype
[1;32mDEBUG [0m]: Updated keymap fd to 91, keymap V1 to: 93
[1;32mDEBUG [0m]: Set the keyboard layout to us and variant to  for keyboard "hl-virtual-keyboard-wtype"
[1;32mDEBUG [0m]: New virtual keyboard created at 55a79f694860
[1;32mDEBUG [0m]: Updating keyboard 55a79f694860's translation state from a provided keymap
[1;32mDEBUG [0m]: Updating keymap fd for keyboard hl-virtual-keyboard-wtype
[1;32mDEBUG [0m]: Updated keymap fd to 91, keymap V1 to: 93
[1;32mDEBUG [0m]: Keyboard at 55a79f694860 removed
[1;32mDEBUG [0m]: Destroyed keyboard 55a79f694860
[1;32mDEBUG [0m]: [CWLSeatProtocol] New seat resource bound at 55a79fd40d00
[1;32mDEBUG [0m]: [CVirtualKeyboardProtocol] New VKeyboard at id 5
[1;32mDEBUG [0m]: ApplyConfigToKeyboard for "hl-virtual-keyboard-wtype", hasconfig: 0
[1;32mDEBUG [0m]: Attempting to create a keymap for layout us with variant  (rules: , model: , options: )
[1;32mDEBUG [0m]: Updating keyboard 55a79f694860's translation state from a provided keymap
[1;32mDEBUG [0m]: xkb: LED index 0 (name Num Lock) got index 1
[1;32mDEBUG [0m]: xkb: LED index 1 (name Caps Lock) got index 0
[1;32mDEBUG [0m]: xkb: LED index 2 (name Scroll Lock) got index 2
[1;32mDEBUG [0m]: xkb: Mod index 0 (name Shift) got index 0
[1;32mDEBUG [0m]: xkb: Mod index 1 (name Lock) got index 1
[1;32mDEBUG [0m]: xkb: Mod index 2 (name Control) got index 2
[1;32mDEBUG [0m]: xkb: Mod index 3 (name Mod1) got index 3
[1;32mDEBUG [0m]: xkb: Mod index 4 (name Mod2) got index 4
[1;32mDEBUG [0m]: xkb: Mod index 5 (name Mod3) got index 5
[1;32mDEBUG [0m]: xkb: Mod index 6 (name Mod4) got index 6
[1;32mDEBUG [0m]: xkb: Mod index 7 (name Mod5) got index 7
[1;32mDEBUG [0m]: Updating keymap fd for keyboard hl-virtual-keyboard-wtype
[1;32mDEBUG [0m]: Updated keymap fd to 91, keymap V1 to: 93
[1;32mDEBUG [0m]: Set the keyboard layout to us and variant to  for keyboard "hl-virtual-keyboard-wtype"
[1;32mDEBUG [0m]: New virtual keyboard created at 55a79f694860
[1;32mDEBUG [0m]: Updating keyboard 55a79f694860's translation state from a provided keymap
[1;32mDEBUG [0m]: Updating keymap fd for keyboard hl-virtual-keyboard-wtype
[1;32mDEBUG [0m]: Updated keymap fd to 91, keymap V1 to: 93
[1;32mDEBUG [0m]: [CWLCompositorResource] New wl_region with id 99 at 55a79f714570
[1;32mDEBUG [0m]: [CLinuxDMABUFParamsResource] Creating a dmabuf, with id 99: size [Vector2D: x: 368, y: 1058], fmt AR24, planes 1
[1;32mDEBUG [0m]: [CLinuxDMABUFParamsResource]  | plane 0: mod 72057594037927952 fd 81 stride 1536 offset 0
[1;32mDEBUG [0m]: Keyboard at 55a79f694860 removed
[1;32mDEBUG [0m]: Destroyed keyboard 55a79f694860
[1;32mDEBUG [0m]: [CWLSeatProtocol] New seat resource bound at 55a79fc3ec50
[1;32mDEBUG [0m]: [CVirtualKeyboardProtocol] New VKeyboard at id 5
[1;32mDEBUG [0m]: ApplyConfigToKeyboard for "hl-virtual-keyboard-wtype", hasconfig: 0
[1;32mDEBUG [0m]: Attempting to create a keymap for layout us with variant  (rules: , model: , options: )
[1;32mDEBUG [0m]: Updating keyboard 55a79f694860's translation state from a provided keymap
[1;32mDEBUG [0m]: xkb: LED index 0 (name Num Lock) got index 1
[1;32mDEBUG [0m]: xkb: LED index 1 (name Caps Lock) got index 0
[1;32mDEBUG [0m]: xkb: LED index 2 (name Scroll Lock) got index 2
[1;32mDEBUG [0m]: xkb: Mod index 0 (name Shift) got index 0
[1;32mDEBUG [0m]: xkb: Mod index 1 (name Lock) got index 1
[1;32mDEBUG [0m]: xkb: Mod index 2 (name Control) got index 2
[1;32mDEBUG [0m]: xkb: Mod index 3 (name Mod1) got index 3
[1;32mDEBUG [0m]: xkb: Mod index 4 (name Mod2) got index 4
[1;32mDEBUG [0m]: xkb: Mod index 5 (name Mod3) got index 5
[1;32mDEBUG [0m]: xkb: Mod index 6 (name Mod4) got index 6
[1;32mDEBUG [0m]: xkb: Mod index 7 (name Mod5) got index 7
[1;32mDEBUG [0m]: Updating keymap fd for keyboard hl-virtual-keyboard-wtype
[1;32mDEBUG [0m]: Updated keymap fd to 91, keymap V1 to: 93
[1;32mDEBUG [0m]: Set the keyboard layout to us and variant to  for keyboard "hl-virtual-keyboard-wtype"
[1;32mDEBUG [0m]: New virtual keyboard created at 55a79f694860
[1;32mDEBUG [0m]: Updating keyboard 55a79f694860's translation state from a provided keymap
[1;32mDEBUG [0m]: Updating keymap fd for keyboard hl-virtual-keyboard-wtype
[1;32mDEBUG [0m]: Updated keymap fd to 91, keymap V1 to: 93
[1;32mDEBUG [0m]: [CLinuxDMABUFParamsResource] Creating a dmabuf, with id 96: size [Vector2D: x: 368, y: 1058], fmt AR24, planes 1
[1;32mDEBUG [0m]: [CLinuxDMABUFParamsResource]  | plane 0: mod 72057594037927952 fd 80 stride 1536 offset 0
[1;32mDEBUG [0m]: Keyboard at 55a79f694860 removed
[1;32mDEBUG [0m]: Destroyed keyboard 55a79f694860
[1;32mDEBUG [0m]: [CWLSeatProtocol] New seat resource bound at 55a79fdb4ce0
[1;32mDEBUG [0m]: [CVirtualKeyboardProtocol] New VKeyboard at id 5
[1;32mDEBUG [0m]: ApplyConfigToKeyboard for "hl-virtual-keyboard-wtype", hasconfig: 0
[1;32mDEBUG [0m]: Attempting to create a keymap for layout us with variant  (rules: , model: , options: )
[1;32mDEBUG [0m]: Updating keyboard 55a79f694860's translation state from a provided keymap
[1;32mDEBUG [0m]: xkb: LED index 0 (name Num Lock) got index 1
[1;32mDEBUG [0m]: xkb: LED index 1 (name Caps Lock) got index 0
[1;32mDEBUG [0m]: xkb: LED index 2 (name Scroll Lock) got index 2
[1;32mDEBUG [0m]: xkb: Mod index 0 (name Shift) got index 0
[1;32mDEBUG [0m]: xkb: Mod index 1 (name Lock) got index 1
[1;32mDEBUG [0m]: xkb: Mod index 2 (name Control) got index 2
[1;32mDEBUG [0m]: xkb: Mod index 3 (name Mod1) got index 3
[1;32mDEBUG [0m]: xkb: Mod index 4 (name Mod2) got index 4
[1;32mDEBUG [0m]: xkb: Mod index 5 (name Mod3) got index 5
[1;32mDEBUG [0m]: xkb: Mod index 6 (name Mod4) got index 6
[1;32mDEBUG [0m]: xkb: Mod index 7 (name Mod5) got index 7
[1;32mDEBUG [0m]: Updating keymap fd for keyboard hl-virtual-keyboard-wtype
[1;32mDEBUG [0m]: Updated keymap fd to 91, keymap V1 to: 93
[1;32mDEBUG [0m]: Set the keyboard layout to us and variant to  for keyboard "hl-virtual-keyboard-wtype"
[1;32mDEBUG [0m]: New virtual keyboard created at 55a79f694860
[1;32mDEBUG [0m]: Updating keyboard 55a79f694860's translation state from a provided keymap
[1;32mDEBUG [0m]: Updating keymap fd for keyboard hl-virtual-keyboard-wtype
[1;32mDEBUG [0m]: Updated keymap fd to 91, keymap V1 to: 93
[1;32mDEBUG [0m]: [CWLCompositorResource] New wl_region with id 90 at 55a79fda10d0
[1;32mDEBUG [0m]: [CLinuxDMABUFParamsResource] Creating a dmabuf, with id 90: size [Vector2D: x: 368, y: 1072], fmt AR24, planes 1
[1;32mDEBUG [0m]: [CLinuxDMABUFParamsResource]  | plane 0: mod 72057594037927952 fd 83 stride 1536 offset 0
[1;32mDEBUG [0m]: Keyboard at 55a79f694860 removed
[1;32mDEBUG [0m]: Destroyed keyboard 55a79f694860
[1;32mDEBUG [0m]: [CWLSeatProtocol] New seat resource bound at 55a79f8cf290
[1;32mDEBUG [0m]: [CVirtualKeyboardProtocol] New VKeyboard at id 5
[1;32mDEBUG [0m]: ApplyConfigToKeyboard for "hl-virtual-keyboard-wtype", hasconfig: 0
[1;32mDEBUG [0m]: Attempting to create a keymap for layout us with variant  (rules: , model: , options: )
[1;32mDEBUG [0m]: Updating keyboard 55a79f694860's translation state from a provided keymap
[1;32mDEBUG [0m]: xkb: LED index 0 (name Num Lock) got index 1
[1;32mDEBUG [0m]: xkb: LED index 1 (name Caps Lock) got index 0
[1;32mDEBUG [0m]: xkb: LED index 2 (name Scroll Lock) got index 2
[1;32mDEBUG [0m]: xkb: Mod index 0 (name Shift) got index 0
[1;32mDEBUG [0m]: xkb: Mod index 1 (name Lock) got index 1
[1;32mDEBUG [0m]: xkb: Mod index 2 (name Control) got index 2
[1;32mDEBUG [0m]: xkb: Mod index 3 (name Mod1) got index 3
[1;32mDEBUG [0m]: xkb: Mod index 4 (name Mod2) got index 4
[1;32mDEBUG [0m]: xkb: Mod index 5 (name Mod3) got index 5
[1;32mDEBUG [0m]: xkb: Mod index 6 (name Mod4) got index 6
[1;32mDEBUG [0m]: xkb: Mod index 7 (name Mod5) got index 7
[1;32mDEBUG [0m]: Updating keymap fd for keyboard hl-virtual-keyboard-wtype
[1;32mDEBUG [0m]: Updated keymap fd to 91, keymap V1 to: 93
[1;32mDEBUG [0m]: Set the keyboard layout to us and variant to  for keyboard "hl-virtual-keyboard-wtype"
[1;32mDEBUG [0m]: New virtual keyboard created at 55a79f694860
[1;32mDEBUG [0m]: Updating keyboard 55a79f694860's translation state from a provided keymap
[1;32mDEBUG [0m]: Updating keymap fd for keyboard hl-virtual-keyboard-wtype
[1;32mDEBUG [0m]: Updated keymap fd to 91, keymap V1 to: 93
[1;32mDEBUG [0m]: [CLinuxDMABUFParamsResource] Creating a dmabuf, with id 95: size [Vector2D: x: 368, y: 1072], fmt AR24, planes 1
[1;32mDEBUG [0m]: [CLinuxDMABUFParamsResource]  | plane 0: mod 72057594037927952 fd 87 stride 1536 offset 0
[1;32mDEBUG [0m]: Keyboard at 55a79f694860 removed
[1;32mDEBUG [0m]: Destroyed keyboard 55a79f694860
[1;32mDEBUG [0m]: [CWLSeatProtocol] New seat resource bound at 55a79fc3eed0
[1;32mDEBUG [0m]: [CVirtualKeyboardProtocol] New VKeyboard at id 5
[1;32mDEBUG [0m]: ApplyConfigToKeyboard for "hl-virtual-keyboard-wtype", hasconfig: 0
[1;32mDEBUG [0m]: Attempting to create a keymap for layout us with variant  (rules: , model: , options: )
[1;32mDEBUG [0m]: Updating keyboard 55a79f694860's translation state from a provided keymap
[1;32mDEBUG [0m]: xkb: LED index 0 (name Num Lock) got index 1
[1;32mDEBUG [0m]: xkb: LED index 1 (name Caps Lock) got index 0
[1;32mDEBUG [0m]: xkb: LED index 2 (name Scroll Lock) got index 2
[1;32mDEBUG [0m]: xkb: Mod index 0 (name Shift) got index 0
[1;32mDEBUG [0m]: xkb: Mod index 1 (name Lock) got index 1
[1;32mDEBUG [0m]: xkb: Mod index 2 (name Control) got index 2
[1;32mDEBUG [0m]: xkb: Mod index 3 (name Mod1) got index 3
[1;32mDEBUG [0m]: xkb: Mod index 4 (name Mod2) got index 4
[1;32mDEBUG [0m]: xkb: Mod index 5 (name Mod3) got index 5
[1;32mDEBUG [0m]: xkb: Mod index 6 (name Mod4) got index 6
[1;32mDEBUG [0m]: xkb: Mod index 7 (name Mod5) got index 7
[1;32mDEBUG [0m]: Updating keymap fd for keyboard hl-virtual-keyboard-wtype
[1;32mDEBUG [0m]: Updated keymap fd to 91, keymap V1 to: 93
[1;32mDEBUG [0m]: Set the keyboard layout to us and variant to  for keyboard "hl-virtual-keyboard-wtype"
[1;32mDEBUG [0m]: New virtual keyboard created at 55a79f694860
[1;32mDEBUG [0m]: Updating keyboard 55a79f694860's translation state from a provided keymap
[1;32mDEBUG [0m]: Updating keymap fd for keyboard hl-virtual-keyboard-wtype
[1;32mDEBUG [0m]: Updated keymap fd to 91, keymap V1 to: 93
[1;32mDEBUG [0m]: Keyboard at 55a79f694860 removed
[1;32mDEBUG [0m]: Destroyed keyboard 55a79f694860
[1;32mDEBUG [0m]: [CWLSeatProtocol] New seat resource bound at 55a79f6f0660
[1;32mDEBUG [0m]: [CVirtualKeyboardProtocol] New VKeyboard at id 5
[1;32mDEBUG [0m]: ApplyConfigToKeyboard for "hl-virtual-keyboard-wtype", hasconfig: 0
[1;32mDEBUG [0m]: Attempting to create a keymap for layout us with variant  (rules: , model: , options: )
[1;32mDEBUG [0m]: Updating keyboard 55a79f694860's translation state from a provided keymap
[1;32mDEBUG [0m]: xkb: LED index 0 (name Num Lock) got index 1
[1;32mDEBUG [0m]: xkb: LED index 1 (name Caps Lock) got index 0
[1;32mDEBUG [0m]: xkb: LED index 2 (name Scroll Lock) got index 2
[1;32mDEBUG [0m]: xkb: Mod index 0 (name Shift) got index 0
[1;32mDEBUG [0m]: xkb: Mod index 1 (name Lock) got index 1
[1;32mDEBUG [0m]: xkb: Mod index 2 (name Control) got index 2
[1;32mDEBUG [0m]: xkb: Mod index 3 (name Mod1) got index 3
[1;32mDEBUG [0m]: xkb: Mod index 4 (name Mod2) got index 4
[1;32mDEBUG [0m]: xkb: Mod index 5 (name Mod3) got index 5
[1;32mDEBUG [0m]: xkb: Mod index 6 (name Mod4) got index 6
[1;32mDEBUG [0m]: xkb: Mod index 7 (name Mod5) got index 7
[1;32mDEBUG [0m]: Updating keymap fd for keyboard hl-virtual-keyboard-wtype
[1;32mDEBUG [0m]: Updated keymap fd to 91, keymap V1 to: 93
[1;32mDEBUG [0m]: Set the keyboard layout to us and variant to  for keyboard "hl-virtual-keyboard-wtype"
[1;32mDEBUG [0m]: New virtual keyboard created at 55a79f694860
[1;32mDEBUG [0m]: Updating keyboard 55a79f694860's translation state from a provided keymap
[1;32mDEBUG [0m]: Updating keymap fd for keyboard hl-virtual-keyboard-wtype
[1;32mDEBUG [0m]: Updated keymap fd to 91, keymap V1 to: 93
[1;32mDEBUG [0m]: Keyboard at 55a79f694860 removed
[1;32mDEBUG [0m]: Destroyed keyboard 55a79f694860
[1;32mDEBUG [0m]: [CWLSeatProtocol] New seat resource bound at 55a79fb75560
[1;32mDEBUG [0m]: [CVirtualKeyboardProtocol] New VKeyboard at id 5
[1;32mDEBUG [0m]: ApplyConfigToKeyboard for "hl-virtual-keyboard-wtype", hasconfig: 0
[1;32mDEBUG [0m]: Attempting to create a keymap for layout us with variant  (rules: , model: , options: )
[1;32mDEBUG [0m]: Updating keyboard 55a79f694860's translation state from a provided keymap
[1;32mDEBUG [0m]: xkb: LED index 0 (name Num Lock) got index 1
[1;32mDEBUG [0m]: xkb: LED index 1 (name Caps Lock) got index 0
[1;32mDEBUG [0m]: xkb: LED index 2 (name Scroll Lock) got index 2
[1;32mDEBUG [0m]: xkb: Mod index 0 (name Shift) got index 0
[1;32mDEBUG [0m]: xkb: Mod index 1 (name Lock) got index 1
[1;32mDEBUG [0m]: xkb: Mod index 2 (name Control) got index 2
[1;32mDEBUG [0m]: xkb: Mod index 3 (name Mod1) got index 3
[1;32mDEBUG [0m]: xkb: Mod index 4 (name Mod2) got index 4
[1;32mDEBUG [0m]: xkb: Mod index 5 (name Mod3) got index 5
[1;32mDEBUG [0m]: xkb: Mod index 6 (name Mod4) got index 6
[1;32mDEBUG [0m]: xkb: Mod index 7 (name Mod5) got index 7
[1;32mDEBUG [0m]: Updating keymap fd for keyboard hl-virtual-keyboard-wtype
[1;32mDEBUG [0m]: Updated keymap fd to 91, keymap V1 to: 93
[1;32mDEBUG [0m]: Set the keyboard layout to us and variant to  for keyboard "hl-virtual-keyboard-wtype"
[1;32mDEBUG [0m]: New virtual keyboard created at 55a79f694860
[1;32mDEBUG [0m]: Updating keyboard 55a79f694860's translation state from a provided keymap
[1;32mDEBUG [0m]: Updating keymap fd for keyboard hl-virtual-keyboard-wtype
[1;32mDEBUG [0m]: Updated keymap fd to 91, keymap V1 to: 93
[1;32mDEBUG [0m]: [CWLCompositorResource] New wl_region with id 91 at 55a79fc83050
[1;32mDEBUG [0m]: [CLinuxDMABUFParamsResource] Creating a dmabuf, with id 78: size [Vector2D: x: 368, y: 1058], fmt AR24, planes 1
[1;32mDEBUG [0m]: [CLinuxDMABUFParamsResource]  | plane 0: mod 72057594037927952 fd 82 stride 1536 offset 0
[1;32mDEBUG [0m]: Keyboard at 55a79f694860 removed
[1;32mDEBUG [0m]: Destroyed keyboard 55a79f694860
[1;32mDEBUG [0m]: [CWLSeatProtocol] New seat resource bound at 55a79fc69310
[1;32mDEBUG [0m]: [CVirtualKeyboardProtocol] New VKeyboard at id 5
[1;32mDEBUG [0m]: ApplyConfigToKeyboard for "hl-virtual-keyboard-wtype", hasconfig: 0
[1;32mDEBUG [0m]: Attempting to create a keymap for layout us with variant  (rules: , model: , options: )
[1;32mDEBUG [0m]: Updating keyboard 55a79f694860's translation state from a provided keymap
[1;32mDEBUG [0m]: xkb: LED index 0 (name Num Lock) got index 1
[1;32mDEBUG [0m]: xkb: LED index 1 (name Caps Lock) got index 0
[1;32mDEBUG [0m]: xkb: LED index 2 (name Scroll Lock) got index 2
[1;32mDEBUG [0m]: xkb: Mod index 0 (name Shift) got index 0
[1;32mDEBUG [0m]: xkb: Mod index 1 (name Lock) got index 1
[1;32mDEBUG [0m]: xkb: Mod index 2 (name Control) got index 2
[1;32mDEBUG [0m]: xkb: Mod index 3 (name Mod1) got index 3
[1;32mDEBUG [0m]: xkb: Mod index 4 (name Mod2) got index 4
[1;32mDEBUG [0m]: xkb: Mod index 5 (name Mod3) got index 5
[1;32mDEBUG [0m]: xkb: Mod index 6 (name Mod4) got index 6
[1;32mDEBUG [0m]: xkb: Mod index 7 (name Mod5) got index 7
[1;32mDEBUG [0m]: Updating keymap fd for keyboard hl-virtual-keyboard-wtype
[1;32mDEBUG [0m]: Updated keymap fd to 91, keymap V1 to: 93
[1;32mDEBUG [0m]: Set the keyboard layout to us and variant to  for keyboard "hl-virtual-keyboard-wtype"
[1;32mDEBUG [0m]: New virtual keyboard created at 55a79f694860
[1;32mDEBUG [0m]: Updating keyboard 55a79f694860's translation state from a provided keymap
[1;32mDEBUG [0m]: Updating keymap fd for keyboard hl-virtual-keyboard-wtype
[1;32mDEBUG [0m]: Updated keymap fd to 91, keymap V1 to: 93
[1;32mDEBUG [0m]: [CLinuxDMABUFParamsResource] Creating a dmabuf, with id 99: size [Vector2D: x: 368, y: 1058], fmt AR24, planes 1
[1;32mDEBUG [0m]: [CLinuxDMABUFParamsResource]  | plane 0: mod 72057594037927952 fd 80 stride 1536 offset 0
[1;32mDEBUG [0m]: Keyboard at 55a79f694860 removed
[1;32mDEBUG [0m]: Destroyed keyboard 55a79f694860
[1;32mDEBUG [0m]: [CWLSeatProtocol] New seat resource bound at 55a79fe099a0
[1;32mDEBUG [0m]: [CVirtualKeyboardProtocol] New VKeyboard at id 5
[1;32mDEBUG [0m]: ApplyConfigToKeyboard for "hl-virtual-keyboard-wtype", hasconfig: 0
[1;32mDEBUG [0m]: Attempting to create a keymap for layout us with variant  (rules: , model: , options: )
[1;32mDEBUG [0m]: Updating keyboard 55a79f694860's translation state from a provided keymap
[1;32mDEBUG [0m]: xkb: LED index 0 (name Num Lock) got index 1
[1;32mDEBUG [0m]: xkb: LED index 1 (name Caps Lock) got index 0
[1;32mDEBUG [0m]: xkb: LED index 2 (name Scroll Lock) got index 2
[1;32mDEBUG [0m]: xkb: Mod index 0 (name Shift) got index 0
[1;32mDEBUG [0m]: xkb: Mod index 1 (name Lock) got index 1
[1;32mDEBUG [0m]: xkb: Mod index 2 (name Control) got index 2
[1;32mDEBUG [0m]: xkb: Mod index 3 (name Mod1) got index 3
[1;32mDEBUG [0m]: xkb: Mod index 4 (name Mod2) got index 4
[1;32mDEBUG [0m]: xkb: Mod index 5 (name Mod3) got index 5
[1;32mDEBUG [0m]: xkb: Mod index 6 (name Mod4) got index 6
[1;32mDEBUG [0m]: xkb: Mod index 7 (name Mod5) got index 7
[1;32mDEBUG [0m]: Updating keymap fd for keyboard hl-virtual-keyboard-wtype
[1;32mDEBUG [0m]: Updated keymap fd to 91, keymap V1 to: 93
[1;32mDEBUG [0m]: Set the keyboard layout to us and variant to  for keyboard "hl-virtual-keyboard-wtype"
[1;32mDEBUG [0m]: New virtual keyboard created at 55a79f694860
[1;32mDEBUG [0m]: Updating keyboard 55a79f694860's translation state from a provided keymap
[1;32mDEBUG [0m]: Updating keymap fd for keyboard hl-virtual-keyboard-wtype
[1;32mDEBUG [0m]: Updated keymap fd to 91, keymap V1 to: 93
[1;32mDEBUG [0m]: Keyboard at 55a79f694860 removed
[1;32mDEBUG [0m]: Destroyed keyboard 55a79f694860
[1;32mDEBUG [0m]: [CWLSeatProtocol] New seat resource bound at 55a79fc82e90
[1;32mDEBUG [0m]: [CVirtualKeyboardProtocol] New VKeyboard at id 5
[1;32mDEBUG [0m]: ApplyConfigToKeyboard for "hl-virtual-keyboard-wtype", hasconfig: 0
[1;32mDEBUG [0m]: Attempting to create a keymap for layout us with variant  (rules: , model: , options: )
[1;32mDEBUG [0m]: Updating keyboard 55a79f694860's translation state from a provided keymap
[1;32mDEBUG [0m]: xkb: LED index 0 (name Num Lock) got index 1
[1;32mDEBUG [0m]: xkb: LED index 1 (name Caps Lock) got index 0
[1;32mDEBUG [0m]: xkb: LED index 2 (name Scroll Lock) got index 2
[1;32mDEBUG [0m]: xkb: Mod index 0 (name Shift) got index 0
[1;32mDEBUG [0m]: xkb: Mod index 1 (name Lock) got index 1
[1;32mDEBUG [0m]: xkb: Mod index 2 (name Control) got index 2
[1;32mDEBUG [0m]: xkb: Mod index 3 (name Mod1) got index 3
[1;32mDEBUG [0m]: xkb: Mod index 4 (name Mod2) got index 4
[1;32mDEBUG [0m]: xkb: Mod index 5 (name Mod3) got index 5
[1;32mDEBUG [0m]: xkb: Mod index 6 (name Mod4) got index 6
[1;32mDEBUG [0m]: xkb: Mod index 7 (name Mod5) got index 7
[1;32mDEBUG [0m]: Updating keymap fd for keyboard hl-virtual-keyboard-wtype
[1;32mDEBUG [0m]: Updated keymap fd to 91, keymap V1 to: 93
[1;32mDEBUG [0m]: Set the keyboard layout to us and variant to  for keyboard "hl-virtual-keyboard-wtype"
[1;32mDEBUG [0m]: New virtual keyboard created at 55a79f694860
[1;32mDEBUG [0m]: Updating keyboard 55a79f694860's translation state from a provided keymap
[1;32mDEBUG [0m]: Updating keymap fd for keyboard hl-virtual-keyboard-wtype
[1;32mDEBUG [0m]: Updated keymap fd to 91, keymap V1 to: 93
[1;32mDEBUG [0m]: Keyboard at 55a79f694860 removed
[1;32mDEBUG [0m]: Destroyed keyboard 55a79f694860
[1;32mDEBUG [0m]: [CWLSeatProtocol] New seat resource bound at 55a79fbf36d0
[1;32mDEBUG [0m]: [CVirtualKeyboardProtocol] New VKeyboard at id 5
[1;32mDEBUG [0m]: ApplyConfigToKeyboard for "hl-virtual-keyboard-wtype", hasconfig: 0
[1;32mDEBUG [0m]: Attempting to create a keymap for layout us with variant  (rules: , model: , options: )
[1;32mDEBUG [0m]: Updating keyboard 55a79f694860's translation state from a provided keymap
[1;32mDEBUG [0m]: xkb: LED index 0 (name Num Lock) got index 1
[1;32mDEBUG [0m]: xkb: LED index 1 (name Caps Lock) got index 0
[1;32mDEBUG [0m]: xkb: LED index 2 (name Scroll Lock) got index 2
[1;32mDEBUG [0m]: xkb: Mod index 0 (name Shift) got index 0
[1;32mDEBUG [0m]: xkb: Mod index 1 (name Lock) got index 1
[1;32mDEBUG [0m]: xkb: Mod index 2 (name Control) got index 2
[1;32mDEBUG [0m]: xkb: Mod index 3 (name Mod1) got index 3
[1;32mDEBUG [0m]: xkb: Mod index 4 (name Mod2) got index 4
[1;32mDEBUG [0m]: xkb: Mod index 5 (name Mod3) got index 5
[1;32mDEBUG [0m]: xkb: Mod index 6 (name Mod4) got index 6
[1;32mDEBUG [0m]: xkb: Mod index 7 (name Mod5) got index 7
[1;32mDEBUG [0m]: Updating keymap fd for keyboard hl-virtual-keyboard-wtype
[1;32mDEBUG [0m]: Updated keymap fd to 91, keymap V1 to: 93
[1;32mDEBUG [0m]: Set the keyboard layout to us and variant to  for keyboard "hl-virtual-keyboard-wtype"
[1;32mDEBUG [0m]: New virtual keyboard created at 55a79f694860
[1;32mDEBUG [0m]: Updating keyboard 55a79f694860's translation state from a provided keymap
[1;32mDEBUG [0m]: Updating keymap fd for keyboard hl-virtual-keyboard-wtype
[1;32mDEBUG [0m]: Updated keymap fd to 91, keymap V1 to: 93
[1;32mDEBUG [0m]: Keyboard at 55a79f694860 removed
[1;32mDEBUG [0m]: Destroyed keyboard 55a79f694860
[1;32mDEBUG [0m]: [CWLSeatProtocol] New seat resource bound at 55a79f9c9780
[1;32mDEBUG [0m]: [CVirtualKeyboardProtocol] New VKeyboard at id 5
[1;32mDEBUG [0m]: ApplyConfigToKeyboard for "hl-virtual-keyboard-wtype", hasconfig: 0
[1;32mDEBUG [0m]: Attempting to create a keymap for layout us with variant  (rules: , model: , options: )
[1;32mDEBUG [0m]: Updating keyboard 55a79f694860's translation state from a provided keymap
[1;32mDEBUG [0m]: xkb: LED index 0 (name Num Lock) got index 1
[1;32mDEBUG [0m]: xkb: LED index 1 (name Caps Lock) got index 0
[1;32mDEBUG [0m]: xkb: LED index 2 (name Scroll Lock) got index 2
[1;32mDEBUG [0m]: xkb: Mod index 0 (name Shift) got index 0
[1;32mDEBUG [0m]: xkb: Mod index 1 (name Lock) got index 1
[1;32mDEBUG [0m]: xkb: Mod index 2 (name Control) got index 2
[1;32mDEBUG [0m]: xkb: Mod index 3 (name Mod1) got index 3
[1;32mDEBUG [0m]: xkb: Mod index 4 (name Mod2) got index 4
[1;32mDEBUG [0m]: xkb: Mod index 5 (name Mod3) got index 5
[1;32mDEBUG [0m]: xkb: Mod index 6 (name Mod4) got index 6
[1;32mDEBUG [0m]: xkb: Mod index 7 (name Mod5) got index 7
[1;32mDEBUG [0m]: Updating keymap fd for keyboard hl-virtual-keyboard-wtype
[1;32mDEBUG [0m]: Updated keymap fd to 91, keymap V1 to: 93
[1;32mDEBUG [0m]: Set the keyboard layout to us and variant to  for keyboard "hl-virtual-keyboard-wtype"
[1;32mDEBUG [0m]: New virtual keyboard created at 55a79f694860
[1;32mDEBUG [0m]: Updating keyboard 55a79f694860's translation state from a provided keymap
[1;32mDEBUG [0m]: Updating keymap fd for keyboard hl-virtual-keyboard-wtype
[1;32mDEBUG [0m]: Updated keymap fd to 91, keymap V1 to: 93
[1;32mDEBUG [0m]: Keyboard at 55a79f694860 removed
[1;32mDEBUG [0m]: Destroyed keyboard 55a79f694860
[1;32mDEBUG [0m]: [CWLSeatProtocol] New seat resource bound at 55a79f616b40
[1;32mDEBUG [0m]: [CVirtualKeyboardProtocol] New VKeyboard at id 5
[1;32mDEBUG [0m]: ApplyConfigToKeyboard for "hl-virtual-keyboard-wtype", hasconfig: 0
[1;32mDEBUG [0m]: Attempting to create a keymap for layout us with variant  (rules: , model: , options: )
[1;32mDEBUG [0m]: Updating keyboard 55a79f694860's translation state from a provided keymap
[1;32mDEBUG [0m]: xkb: LED index 0 (name Num Lock) got index 1
[1;32mDEBUG [0m]: xkb: LED index 1 (name Caps Lock) got index 0
[1;32mDEBUG [0m]: xkb: LED index 2 (name Scroll Lock) got index 2
[1;32mDEBUG [0m]: xkb: Mod index 0 (name Shift) got index 0
[1;32mDEBUG [0m]: xkb: Mod index 1 (name Lock) got index 1
[1;32mDEBUG [0m]: xkb: Mod index 2 (name Control) got index 2
[1;32mDEBUG [0m]: xkb: Mod index 3 (name Mod1) got index 3
[1;32mDEBUG [0m]: xkb: Mod index 4 (name Mod2) got index 4
[1;32mDEBUG [0m]: xkb: Mod index 5 (name Mod3) got index 5
[1;32mDEBUG [0m]: xkb: Mod index 6 (name Mod4) got index 6
[1;32mDEBUG [0m]: xkb: Mod index 7 (name Mod5) got index 7
[1;32mDEBUG [0m]: Updating keymap fd for keyboard hl-virtual-keyboard-wtype
[1;32mDEBUG [0m]: Updated keymap fd to 91, keymap V1 to: 93
[1;32mDEBUG [0m]: Set the keyboard layout to us and variant to  for keyboard "hl-virtual-keyboard-wtype"
[1;32mDEBUG [0m]: New virtual keyboard created at 55a79f694860
[1;32mDEBUG [0m]: Updating keyboard 55a79f694860's translation state from a provided keymap
[1;32mDEBUG [0m]: Updating keymap fd for keyboard hl-virtual-keyboard-wtype
[1;32mDEBUG [0m]: Updated keymap fd to 91, keymap V1 to: 93
[1;32mDEBUG [0m]: Keyboard at 55a79f694860 removed
[1;32mDEBUG [0m]: Destroyed keyboard 55a79f694860
[1;32mDEBUG [0m]: [CWLSeatProtocol] New seat resource bound at 55a79f713c60
[1;32mDEBUG [0m]: [CVirtualKeyboardProtocol] New VKeyboard at id 5
[1;32mDEBUG [0m]: ApplyConfigToKeyboard for "hl-virtual-keyboard-wtype", hasconfig: 0
[1;32mDEBUG [0m]: Attempting to create a keymap for layout us with variant  (rules: , model: , options: )
[1;32mDEBUG [0m]: Updating keyboard 55a79f694860's translation state from a provided keymap
[1;32mDEBUG [0m]: xkb: LED index 0 (name Num Lock) got index 1
[1;32mDEBUG [0m]: xkb: LED index 1 (name Caps Lock) got index 0
[1;32mDEBUG [0m]: xkb: LED index 2 (name Scroll Lock) got index 2
[1;32mDEBUG [0m]: xkb: Mod index 0 (name Shift) got index 0
[1;32mDEBUG [0m]: xkb: Mod index 1 (name Lock) got index 1
[1;32mDEBUG [0m]: xkb: Mod index 2 (name Control) got index 2
[1;32mDEBUG [0m]: xkb: Mod index 3 (name Mod1) got index 3
[1;32mDEBUG [0m]: xkb: Mod index 4 (name Mod2) got index 4
[1;32mDEBUG [0m]: xkb: Mod index 5 (name Mod3) got index 5
[1;32mDEBUG [0m]: xkb: Mod index 6 (name Mod4) got index 6
[1;32mDEBUG [0m]: xkb: Mod index 7 (name Mod5) got index 7
[1;32mDEBUG [0m]: Updating keymap fd for keyboard hl-virtual-keyboard-wtype
[1;32mDEBUG [0m]: Updated keymap fd to 91, keymap V1 to: 93
[1;32mDEBUG [0m]: Set the keyboard layout to us and variant to  for keyboard "hl-virtual-keyboard-wtype"
[1;32mDEBUG [0m]: New virtual keyboard created at 55a79f694860
[1;32mDEBUG [0m]: Updating keyboard 55a79f694860's translation state from a provided keymap
[1;32mDEBUG [0m]: Updating keymap fd for keyboard hl-virtual-keyboard-wtype
[1;32mDEBUG [0m]: Updated keymap fd to 91, keymap V1 to: 93
[1;32mDEBUG [0m]: Keyboard at 55a79f694860 removed
[1;32mDEBUG [0m]: Destroyed keyboard 55a79f694860
[1;32mDEBUG [0m]: [CWLSeatProtocol] New seat resource bound at 55a79fd47fd0
[1;32mDEBUG [0m]: [CVirtualKeyboardProtocol] New VKeyboard at id 5
[1;32mDEBUG [0m]: ApplyConfigToKeyboard for "hl-virtual-keyboard-wtype", hasconfig: 0
[1;32mDEBUG [0m]: Attempting to create a keymap for layout us with variant  (rules: , model: , options: )
[1;32mDEBUG [0m]: Updating keyboard 55a79f694860's translation state from a provided keymap
[1;32mDEBUG [0m]: xkb: LED index 0 (name Num Lock) got index 1
[1;32mDEBUG [0m]: xkb: LED index 1 (name Caps Lock) got index 0
[1;32mDEBUG [0m]: xkb: LED index 2 (name Scroll Lock) got index 2
[1;32mDEBUG [0m]: xkb: Mod index 0 (name Shift) got index 0
[1;32mDEBUG [0m]: xkb: Mod index 1 (name Lock) got index 1
[1;32mDEBUG [0m]: xkb: Mod index 2 (name Control) got index 2
[1;32mDEBUG [0m]: xkb: Mod index 3 (name Mod1) got index 3
[1;32mDEBUG [0m]: xkb: Mod index 4 (name Mod2) got index 4
[1;32mDEBUG [0m]: xkb: Mod index 5 (name Mod3) got index 5
[1;32mDEBUG [0m]: xkb: Mod index 6 (name Mod4) got index 6
[1;32mDEBUG [0m]: xkb: Mod index 7 (name Mod5) got index 7
[1;32mDEBUG [0m]: Updating keymap fd for keyboard hl-virtual-keyboard-wtype
[1;32mDEBUG [0m]: Updated keymap fd to 91, keymap V1 to: 93
[1;32mDEBUG [0m]: Set the keyboard layout to us and variant to  for keyboard "hl-virtual-keyboard-wtype"
[1;32mDEBUG [0m]: New virtual keyboard created at 55a79f694860
[1;32mDEBUG [0m]: Updating keyboard 55a79f694860's translation state from a provided keymap
[1;32mDEBUG [0m]: Updating keymap fd for keyboard hl-virtual-keyboard-wtype
[1;32mDEBUG [0m]: Updated keymap fd to 91, keymap V1 to: 93
[1;32mDEBUG [0m]: Keyboard at 55a79f694860 removed
[1;32mDEBUG [0m]: Destroyed keyboard 55a79f694860
[1;32mDEBUG [0m]: [CWLSeatProtocol] New seat resource bound at 55a79f7116d0
[1;32mDEBUG [0m]: [CVirtualKeyboardProtocol] New VKeyboard at id 5
[1;32mDEBUG [0m]: ApplyConfigToKeyboard for "hl-virtual-keyboard-wtype", hasconfig: 0
[1;32mDEBUG [0m]: Attempting to create a keymap for layout us with variant  (rules: , model: , options: )
[1;32mDEBUG [0m]: Updating keyboard 55a79f694860's translation state from a provided keymap
[1;32mDEBUG [0m]: xkb: LED index 0 (name Num Lock) got index 1
[1;32mDEBUG [0m]: xkb: LED index 1 (name Caps Lock) got index 0
[1;32mDEBUG [0m]: xkb: LED index 2 (name Scroll Lock) got index 2
[1;32mDEBUG [0m]: xkb: Mod index 0 (name Shift) got index 0
[1;32mDEBUG [0m]: xkb: Mod index 1 (name Lock) got index 1
[1;32mDEBUG [0m]: xkb: Mod index 2 (name Control) got index 2
[1;32mDEBUG [0m]: xkb: Mod index 3 (name Mod1) got index 3
[1;32mDEBUG [0m]: xkb: Mod index 4 (name Mod2) got index 4
[1;32mDEBUG [0m]: xkb: Mod index 5 (name Mod3) got index 5
[1;32mDEBUG [0m]: xkb: Mod index 6 (name Mod4) got index 6
[1;32mDEBUG [0m]: xkb: Mod index 7 (name Mod5) got index 7
[1;32mDEBUG [0m]: Updating keymap fd for keyboard hl-virtual-keyboard-wtype
[1;32mDEBUG [0m]: Updated keymap fd to 91, keymap V1 to: 93
[1;32mDEBUG [0m]: Set the keyboard layout to us and variant to  for keyboard "hl-virtual-keyboard-wtype"
[1;32mDEBUG [0m]: New virtual keyboard created at 55a79f694860
[1;32mDEBUG [0m]: Updating keyboard 55a79f694860's translation state from a provided keymap
[1;32mDEBUG [0m]: Updating keymap fd for keyboard hl-virtual-keyboard-wtype
[1;32mDEBUG [0m]: Updated keymap fd to 91, keymap V1 to: 93
[1;32mDEBUG [0m]: Keyboard at 55a79f694860 removed
[1;32mDEBUG [0m]: Destroyed keyboard 55a79f694860
[1;32mDEBUG [0m]: [CWLSeatProtocol] New seat resource bound at 55a79fa53610
[1;32mDEBUG [0m]: [CVirtualKeyboardProtocol] New VKeyboard at id 5
[1;32mDEBUG [0m]: ApplyConfigToKeyboard for "hl-virtual-keyboard-wtype", hasconfig: 0
[1;32mDEBUG [0m]: Attempting to create a keymap for layout us with variant  (rules: , model: , options: )
[1;32mDEBUG [0m]: Updating keyboard 55a79f694860's translation state from a provided keymap
[1;32mDEBUG [0m]: xkb: LED index 0 (name Num Lock) got index 1
[1;32mDEBUG [0m]: xkb: LED index 1 (name Caps Lock) got index 0
[1;32mDEBUG [0m]: xkb: LED index 2 (name Scroll Lock) got index 2
[1;32mDEBUG [0m]: xkb: Mod index 0 (name Shift) got index 0
[1;32mDEBUG [0m]: xkb: Mod index 1 (name Lock) got index 1
[1;32mDEBUG [0m]: xkb: Mod index 2 (name Control) got index 2
[1;32mDEBUG [0m]: xkb: Mod index 3 (name Mod1) got index 3
[1;32mDEBUG [0m]: xkb: Mod index 4 (name Mod2) got index 4
[1;32mDEBUG [0m]: xkb: Mod index 5 (name Mod3) got index 5
[1;32mDEBUG [0m]: xkb: Mod index 6 (name Mod4) got index 6
[1;32mDEBUG [0m]: xkb: Mod index 7 (name Mod5) got index 7
[1;32mDEBUG [0m]: Updating keymap fd for keyboard hl-virtual-keyboard-wtype
[1;32mDEBUG [0m]: Updated keymap fd to 91, keymap V1 to: 93
[1;32mDEBUG [0m]: Set the keyboard layout to us and variant to  for keyboard "hl-virtual-keyboard-wtype"
[1;32mDEBUG [0m]: New virtual keyboard created at 55a79f694860
[1;32mDEBUG [0m]: Updating keyboard 55a79f694860's translation state from a provided keymap
[1;32mDEBUG [0m]: Updating keymap fd for keyboard hl-virtual-keyboard-wtype
[1;32mDEBUG [0m]: Updated keymap fd to 91, keymap V1 to: 93
[1;32mDEBUG [0m]: Keyboard at 55a79f694860 removed
[1;32mDEBUG [0m]: Destroyed keyboard 55a79f694860
[1;32mDEBUG [0m]: [CWLSeatProtocol] New seat resource bound at 55a79fb76620
[1;32mDEBUG [0m]: [CVirtualKeyboardProtocol] New VKeyboard at id 5
[1;32mDEBUG [0m]: ApplyConfigToKeyboard for "hl-virtual-keyboard-wtype", hasconfig: 0
[1;32mDEBUG [0m]: Attempting to create a keymap for layout us with variant  (rules: , model: , options: )
[1;32mDEBUG [0m]: Updating keyboard 55a79f694860's translation state from a provided keymap
[1;32mDEBUG [0m]: xkb: LED index 0 (name Num Lock) got index 1
[1;32mDEBUG [0m]: xkb: LED index 1 (name Caps Lock) got index 0
[1;32mDEBUG [0m]: xkb: LED index 2 (name Scroll Lock) got index 2
[1;32mDEBUG [0m]: xkb: Mod index 0 (name Shift) got index 0
[1;32mDEBUG [0m]: xkb: Mod index 1 (name Lock) got index 1
[1;32mDEBUG [0m]: xkb: Mod index 2 (name Control) got index 2
[1;32mDEBUG [0m]: xkb: Mod index 3 (name Mod1) got index 3
[1;32mDEBUG [0m]: xkb: Mod index 4 (name Mod2) got index 4
[1;32mDEBUG [0m]: xkb: Mod index 5 (name Mod3) got index 5
[1;32mDEBUG [0m]: xkb: Mod index 6 (name Mod4) got index 6
[1;32mDEBUG [0m]: xkb: Mod index 7 (name Mod5) got index 7
[1;32mDEBUG [0m]: Updating keymap fd for keyboard hl-virtual-keyboard-wtype
[1;32mDEBUG [0m]: Updated keymap fd to 91, keymap V1 to: 93
[1;32mDEBUG [0m]: Set the keyboard layout to us and variant to  for keyboard "hl-virtual-keyboard-wtype"
[1;32mDEBUG [0m]: New virtual keyboard created at 55a79f694860
[1;32mDEBUG [0m]: Updating keyboard 55a79f694860's translation state from a provided keymap
[1;32mDEBUG [0m]: Updating keymap fd for keyboard hl-virtual-keyboard-wtype
[1;32mDEBUG [0m]: Updated keymap fd to 91, keymap V1 to: 93
[1;32mDEBUG [0m]: Keyboard at 55a79f694860 removed
[1;32mDEBUG [0m]: Destroyed keyboard 55a79f694860
[1;32mDEBUG [0m]: [CWLSeatProtocol] New seat resource bound at 55a79fbf79d0
[1;32mDEBUG [0m]: [CVirtualKeyboardProtocol] New VKeyboard at id 5
[1;32mDEBUG [0m]: ApplyConfigToKeyboard for "hl-virtual-keyboard-wtype", hasconfig: 0
[1;32mDEBUG [0m]: Attempting to create a keymap for layout us with variant  (rules: , model: , options: )
[1;32mDEBUG [0m]: Updating keyboard 55a79f694860's translation state from a provided keymap
[1;32mDEBUG [0m]: xkb: LED index 0 (name Num Lock) got index 1
[1;32mDEBUG [0m]: xkb: LED index 1 (name Caps Lock) got index 0
[1;32mDEBUG [0m]: xkb: LED index 2 (name Scroll Lock) got index 2
[1;32mDEBUG [0m]: xkb: Mod index 0 (name Shift) got index 0
[1;32mDEBUG [0m]: xkb: Mod index 1 (name Lock) got index 1
[1;32mDEBUG [0m]: xkb: Mod index 2 (name Control) got index 2
[1;32mDEBUG [0m]: xkb: Mod index 3 (name Mod1) got index 3
[1;32mDEBUG [0m]: xkb: Mod index 4 (name Mod2) got index 4
[1;32mDEBUG [0m]: xkb: Mod index 5 (name Mod3) got index 5
[1;32mDEBUG [0m]: xkb: Mod index 6 (name Mod4) got index 6
[1;32mDEBUG [0m]: xkb: Mod index 7 (name Mod5) got index 7
[1;32mDEBUG [0m]: Updating keymap fd for keyboard hl-virtual-keyboard-wtype
[1;32mDEBUG [0m]: Updated keymap fd to 91, keymap V1 to: 93
[1;32mDEBUG [0m]: Set the keyboard layout to us and variant to  for keyboard "hl-virtual-keyboard-wtype"
[1;32mDEBUG [0m]: New virtual keyboard created at 55a79f694860
[1;32mDEBUG [0m]: Updating keyboard 55a79f694860's translation state from a provided keymap
[1;32mDEBUG [0m]: Updating keymap fd for keyboard hl-virtual-keyboard-wtype
[1;32mDEBUG [0m]: Updated keymap fd to 91, keymap V1 to: 93
[1;32mDEBUG [0m]: Keyboard at 55a79f694860 removed
[1;32mDEBUG [0m]: Destroyed keyboard 55a79f694860
[1;32mDEBUG [0m]: [CWLSeatProtocol] New seat resource bound at 55a79fd06ee0
[1;32mDEBUG [0m]: [CVirtualKeyboardProtocol] New VKeyboard at id 5
[1;32mDEBUG [0m]: ApplyConfigToKeyboard for "hl-virtual-keyboard-wtype", hasconfig: 0
[1;32mDEBUG [0m]: Attempting to create a keymap for layout us with variant  (rules: , model: , options: )
[1;32mDEBUG [0m]: Updating keyboard 55a79f694860's translation state from a provided keymap
[1;32mDEBUG [0m]: xkb: LED index 0 (name Num Lock) got index 1
[1;32mDEBUG [0m]: xkb: LED index 1 (name Caps Lock) got index 0
[1;32mDEBUG [0m]: xkb: LED index 2 (name Scroll Lock) got index 2
[1;32mDEBUG [0m]: xkb: Mod index 0 (name Shift) got index 0
[1;32mDEBUG [0m]: xkb: Mod index 1 (name Lock) got index 1
[1;32mDEBUG [0m]: xkb: Mod index 2 (name Control) got index 2
[1;32mDEBUG [0m]: xkb: Mod index 3 (name Mod1) got index 3
[1;32mDEBUG [0m]: xkb: Mod index 4 (name Mod2) got index 4
[1;32mDEBUG [0m]: xkb: Mod index 5 (name Mod3) got index 5
[1;32mDEBUG [0m]: xkb: Mod index 6 (name Mod4) got index 6
[1;32mDEBUG [0m]: xkb: Mod index 7 (name Mod5) got index 7
[1;32mDEBUG [0m]: Updating keymap fd for keyboard hl-virtual-keyboard-wtype
[1;32mDEBUG [0m]: Updated keymap fd to 91, keymap V1 to: 93
[1;32mDEBUG [0m]: Set the keyboard layout to us and variant to  for keyboard "hl-virtual-keyboard-wtype"
[1;32mDEBUG [0m]: New virtual keyboard created at 55a79f694860
[1;32mDEBUG [0m]: Updating keyboard 55a79f694860's translation state from a provided keymap
[1;32mDEBUG [0m]: Updating keymap fd for keyboard hl-virtual-keyboard-wtype
[1;32mDEBUG [0m]: Updated keymap fd to 91, keymap V1 to: 93
[1;32mDEBUG [0m]: Keyboard at 55a79f694860 removed
[1;32mDEBUG [0m]: Destroyed keyboard 55a79f694860
[1;32mDEBUG [0m]: [CWLSeatProtocol] New seat resource bound at 55a79fff9850
[1;32mDEBUG [0m]: [CVirtualKeyboardProtocol] New VKeyboard at id 5
[1;32mDEBUG [0m]: ApplyConfigToKeyboard for "hl-virtual-keyboard-wtype", hasconfig: 0
[1;32mDEBUG [0m]: Attempting to create a keymap for layout us with variant  (rules: , model: , options: )
[1;32mDEBUG [0m]: Updating keyboard 55a79f694860's translation state from a provided keymap
[1;32mDEBUG [0m]: xkb: LED index 0 (name Num Lock) got index 1
[1;32mDEBUG [0m]: xkb: LED index 1 (name Caps Lock) got index 0
[1;32mDEBUG [0m]: xkb: LED index 2 (name Scroll Lock) got index 2
[1;32mDEBUG [0m]: xkb: Mod index 0 (name Shift) got index 0
[1;32mDEBUG [0m]: xkb: Mod index 1 (name Lock) got index 1
[1;32mDEBUG [0m]: xkb: Mod index 2 (name Control) got index 2
[1;32mDEBUG [0m]: xkb: Mod index 3 (name Mod1) got index 3
[1;32mDEBUG [0m]: xkb: Mod index 4 (name Mod2) got index 4
[1;32mDEBUG [0m]: xkb: Mod index 5 (name Mod3) got index 5
[1;32mDEBUG [0m]: xkb: Mod index 6 (name Mod4) got index 6
[1;32mDEBUG [0m]: xkb: Mod index 7 (name Mod5) got index 7
[1;32mDEBUG [0m]: Updating keymap fd for keyboard hl-virtual-keyboard-wtype
[1;32mDEBUG [0m]: Updated keymap fd to 91, keymap V1 to: 93
[1;32mDEBUG [0m]: Set the keyboard layout to us and variant to  for keyboard "hl-virtual-keyboard-wtype"
[1;32mDEBUG [0m]: New virtual keyboard created at 55a79f694860
[1;32mDEBUG [0m]: Updating keyboard 55a79f694860's translation state from a provided keymap
[1;32mDEBUG [0m]: Updating keymap fd for keyboard hl-virtual-keyboard-wtype
[1;32mDEBUG [0m]: Updated keymap fd to 91, keymap V1 to: 93
[1;32mDEBUG [0m]: [CWLCompositorResource] New wl_region with id 95 at 55a79fd21b60
[1;32mDEBUG [0m]: Keyboard at 55a79f694860 removed
[1;32mDEBUG [0m]: Destroyed keyboard 55a79f694860
[1;32mDEBUG [0m]: [CLinuxDMABUFParamsResource] Creating a dmabuf, with id 92: size [Vector2D: x: 1140, y: 681], fmt AR24, planes 1
[1;32mDEBUG [0m]: [CLinuxDMABUFParamsResource]  | plane 0: mod 72057594037927952 fd 77 stride 4608 offset 0
[1;32mDEBUG [0m]: [CWLSeatProtocol] New seat resource bound at 55a79fc82e90
[1;32mDEBUG [0m]: [CVirtualKeyboardProtocol] New VKeyboard at id 5
[1;32mDEBUG [0m]: ApplyConfigToKeyboard for "hl-virtual-keyboard-wtype", hasconfig: 0
[1;32mDEBUG [0m]: Attempting to create a keymap for layout us with variant  (rules: , model: , options: )
[1;32mDEBUG [0m]: Updating keyboard 55a79f694860's translation state from a provided keymap
[1;32mDEBUG [0m]: xkb: LED index 0 (name Num Lock) got index 1
[1;32mDEBUG [0m]: xkb: LED index 1 (name Caps Lock) got index 0
[1;32mDEBUG [0m]: xkb: LED index 2 (name Scroll Lock) got index 2
[1;32mDEBUG [0m]: xkb: Mod index 0 (name Shift) got index 0
[1;32mDEBUG [0m]: xkb: Mod index 1 (name Lock) got index 1
[1;32mDEBUG [0m]: xkb: Mod index 2 (name Control) got index 2
[1;32mDEBUG [0m]: xkb: Mod index 3 (name Mod1) got index 3
[1;32mDEBUG [0m]: xkb: Mod index 4 (name Mod2) got index 4
[1;32mDEBUG [0m]: xkb: Mod index 5 (name Mod3) got index 5
[1;32mDEBUG [0m]: xkb: Mod index 6 (name Mod4) got index 6
[1;32mDEBUG [0m]: xkb: Mod index 7 (name Mod5) got index 7
[1;32mDEBUG [0m]: Updating keymap fd for keyboard hl-virtual-keyboard-wtype
[1;32mDEBUG [0m]: Updated keymap fd to 88, keymap V1 to: 91
[1;32mDEBUG [0m]: Set the keyboard layout to us and variant to  for keyboard "hl-virtual-keyboard-wtype"
[1;32mDEBUG [0m]: New virtual keyboard created at 55a79f694860
[1;32mDEBUG [0m]: Updating keyboard 55a79f694860's translation state from a provided keymap
[1;32mDEBUG [0m]: Updating keymap fd for keyboard hl-virtual-keyboard-wtype
[1;32mDEBUG [0m]: Updated keymap fd to 88, keymap V1 to: 91
[1;32mDEBUG [0m]: [CLinuxDMABUFParamsResource] Creating a dmabuf, with id 95: size [Vector2D: x: 1140, y: 681], fmt AR24, planes 1
[1;32mDEBUG [0m]: [CLinuxDMABUFParamsResource]  | plane 0: mod 72057594037927952 fd 83 stride 4608 offset 0
[1;32mDEBUG [0m]: [CWLCompositorResource] New wl_region with id 91 at 55a79f778e40
[1;32mDEBUG [0m]: [CLinuxDMABUFParamsResource] Creating a dmabuf, with id 99: size [Vector2D: x: 1140, y: 633], fmt AR24, planes 1
[1;32mDEBUG [0m]: [CLinuxDMABUFParamsResource]  | plane 0: mod 72057594037927952 fd 81 stride 4608 offset 0
[1;32mDEBUG [0m]: Keyboard at 55a79f694860 removed
[1;32mDEBUG [0m]: Destroyed keyboard 55a79f694860
[1;32mDEBUG [0m]: Hyprctl: new connection from pid 455
[1;32mDEBUG [0m]: Hyprctl: new connection from pid 456
[1;32mDEBUG [0m]: [CForeignToplevelList] Newly mapped window gets an identifier of 18000000
[1;32mDEBUG [0m]: [CScreencopyProtocol] Bound client successfully!
[1;32mDEBUG [0m]: [CXDGOutputProtocol] New xdg_output for HEADLESS-1: client 55a79fffe9a0 (not xwayland)
[1;32mDEBUG [0m]: [CXDGOutputProtocol] New xdg_output for WAYLAND-1: client 55a79fffe9a0 (not xwayland)
[1;32mDEBUG [0m]: [COutputImageCaptureSourceProtocol] New capture source for monitor: HEADLESS-1
[1;32mDEBUG [0m]: [CImageCopyCaptureProtocol] New image copy capture session for source (monitor): "HEADLESS-1"
[1;32mDEBUG [0m]: Framebuffer "Monitor HEADLESS-1 mirror FB" created, status 36053
[1;32mDEBUG [0m]: Framebuffer "" created, status 36053
[1;32mDEBUG [0m]: [Screenshare] Started screenshare session for (monitor): HEADLESS-1
[1;32mDEBUG [0m]: [Screenshare] Stopped screenshare session for (monitor): HEADLESS-1
[1;32mDEBUG [0m]: [CWLSeatProtocol] New seat resource bound at 55a79f9c60c0
[1;32mDEBUG [0m]: [CVirtualKeyboardProtocol] New VKeyboard at id 5
[1;32mDEBUG [0m]: ApplyConfigToKeyboard for "hl-virtual-keyboard-wtype", hasconfig: 0
[1;32mDEBUG [0m]: Attempting to create a keymap for layout us with variant  (rules: , model: , options: )
[1;32mDEBUG [0m]: Updating keyboard 55a79f694860's translation state from a provided keymap
[1;32mDEBUG [0m]: xkb: LED index 0 (name Num Lock) got index 1
[1;32mDEBUG [0m]: xkb: LED index 1 (name Caps Lock) got index 0
[1;32mDEBUG [0m]: xkb: LED index 2 (name Scroll Lock) got index 2
[1;32mDEBUG [0m]: xkb: Mod index 0 (name Shift) got index 0
[1;32mDEBUG [0m]: xkb: Mod index 1 (name Lock) got index 1
[1;32mDEBUG [0m]: xkb: Mod index 2 (name Control) got index 2
[1;32mDEBUG [0m]: xkb: Mod index 3 (name Mod1) got index 3
[1;32mDEBUG [0m]: xkb: Mod index 4 (name Mod2) got index 4
[1;32mDEBUG [0m]: xkb: Mod index 5 (name Mod3) got index 5
[1;32mDEBUG [0m]: xkb: Mod index 6 (name Mod4) got index 6
[1;32mDEBUG [0m]: xkb: Mod index 7 (name Mod5) got index 7
[1;32mDEBUG [0m]: Updating keymap fd for keyboard hl-virtual-keyboard-wtype
[1;32mDEBUG [0m]: Updated keymap fd to 90, keymap V1 to: 93
[1;32mDEBUG [0m]: Set the keyboard layout to us and variant to  for keyboard "hl-virtual-keyboard-wtype"
[1;32mDEBUG [0m]: New virtual keyboard created at 55a79f694860
[1;32mDEBUG [0m]: Updating keyboard 55a79f694860's translation state from a provided keymap
[1;32mDEBUG [0m]: Updating keymap fd for keyboard hl-virtual-keyboard-wtype
[1;32mDEBUG [0m]: Updated keymap fd to 90, keymap V1 to: 93
[1;32mDEBUG [0m]: [CWLCompositorResource] New wl_region with id 95 at 55a79fb720f0
[1;32mDEBUG [0m]: [CLinuxDMABUFParamsResource] Creating a dmabuf, with id 78: size [Vector2D: x: 1140, y: 633], fmt AR24, planes 1
[1;32mDEBUG [0m]: [CLinuxDMABUFParamsResource]  | plane 0: mod 72057594037927952 fd 88 stride 4608 offset 0
[1;32mDEBUG [0m]: [CLinuxDMABUFParamsResource] Creating a dmabuf, with id 91: size [Vector2D: x: 1140, y: 681], fmt AR24, planes 1
[1;32mDEBUG [0m]: [CLinuxDMABUFParamsResource]  | plane 0: mod 72057594037927952 fd 80 stride 4608 offset 0
[1;32mDEBUG [0m]: Keyboard at 55a79f694860 removed
[1;32mDEBUG [0m]: Destroyed keyboard 55a79f694860
[1;32mDEBUG [0m]: [CWLSeatProtocol] New seat resource bound at 55a79fe099a0
[1;32mDEBUG [0m]: [CVirtualKeyboardProtocol] New VKeyboard at id 5
[1;32mDEBUG [0m]: ApplyConfigToKeyboard for "hl-virtual-keyboard-wtype", hasconfig: 0
[1;32mDEBUG [0m]: Attempting to create a keymap for layout us with variant  (rules: , model: , options: )
[1;32mDEBUG [0m]: Updating keyboard 55a79f694860's translation state from a provided keymap
[1;32mDEBUG [0m]: xkb: LED index 0 (name Num Lock) got index 1
[1;32mDEBUG [0m]: xkb: LED index 1 (name Caps Lock) got index 0
[1;32mDEBUG [0m]: xkb: LED index 2 (name Scroll Lock) got index 2
[1;32mDEBUG [0m]: xkb: Mod index 0 (name Shift) got index 0
[1;32mDEBUG [0m]: xkb: Mod index 1 (name Lock) got index 1
[1;32mDEBUG [0m]: xkb: Mod index 2 (name Control) got index 2
[1;32mDEBUG [0m]: xkb: Mod index 3 (name Mod1) got index 3
[1;32mDEBUG [0m]: xkb: Mod index 4 (name Mod2) got index 4
[1;32mDEBUG [0m]: xkb: Mod index 5 (name Mod3) got index 5
[1;32mDEBUG [0m]: xkb: Mod index 6 (name Mod4) got index 6
[1;32mDEBUG [0m]: xkb: Mod index 7 (name Mod5) got index 7
[1;32mDEBUG [0m]: Updating keymap fd for keyboard hl-virtual-keyboard-wtype
[1;32mDEBUG [0m]: Updated keymap fd to 90, keymap V1 to: 93
[1;32mDEBUG [0m]: Set the keyboard layout to us and variant to  for keyboard "hl-virtual-keyboard-wtype"
[1;32mDEBUG [0m]: New virtual keyboard created at 55a79f694860
[1;32mDEBUG [0m]: Updating keyboard 55a79f694860's translation state from a provided keymap
[1;32mDEBUG [0m]: Updating keymap fd for keyboard hl-virtual-keyboard-wtype
[1;32mDEBUG [0m]: Updated keymap fd to 90, keymap V1 to: 93
[1;32mDEBUG [0m]: [CWLCompositorResource] New wl_region with id 60 at 55a79fd07db0
[1;32mDEBUG [0m]: [CLinuxDMABUFParamsResource] Creating a dmabuf, with id 94: size [Vector2D: x: 1140, y: 681], fmt AR24, planes 1
[1;32mDEBUG [0m]: [CLinuxDMABUFParamsResource]  | plane 0: mod 72057594037927952 fd 83 stride 4608 offset 0
[1;32mDEBUG [0m]: Set keyboard focus to surface 55a79f64b4d0
[1;32mDEBUG [0m]: [CPrimarySelectionProtocol] CPrimarySelectionProtocol::updateSelection: cannot send selection to a client without a data_device
[1;32mDEBUG [0m]: cursorImage request: shape 1 -> default
[1;32mDEBUG [0m]: [CWLCompositorResource] New wl_surface with id 90 at 55a79f9024b0
[1;32mDEBUG [0m]: [CWLCompositorResource] New wl_surface with id 47 at 55a79f9024b0
[1;32mDEBUG [0m]: CWLSurface 55a79f673e50 called init()
[1;32mDEBUG [0m]: LayerSurface 55a79f6165b0 (namespace putkin-notifications layer 3) created on monitor HEADLESS-1
[1;32mDEBUG [0m]: [CLayerShellProtocol] New wlr_layer_surface 55a79f6165b0
[1;32mDEBUG [0m]: Keyboard at 55a79f694860 removed
[1;32mDEBUG [0m]: Destroyed keyboard 55a79f694860
[1;32mDEBUG [0m]: [CWLCompositorResource] New wl_region with id 96 at 55a79f1a4940
[1;32mDEBUG [0m]: [CLinuxDMABUFParamsResource] Creating a dmabuf, with id 90: size [Vector2D: x: 368, y: 40], fmt AR24, planes 1
[1;32mDEBUG [0m]: [CLinuxDMABUFParamsResource]  | plane 0: mod 72057594037927952 fd 77 stride 1536 offset 0
[1;32mDEBUG [0m]: LayerSurface 55a79f6165b0 mapped
[1;32mDEBUG [0m]: [CLinuxDMABUFParamsResource] Creating a dmabuf, with id 103: size [Vector2D: x: 368, y: 254], fmt AR24, planes 1
[1;32mDEBUG [0m]: [CLinuxDMABUFParamsResource]  | plane 0: mod 72057594037927952 fd 82 stride 1536 offset 0
[1;32mDEBUG [0m]: LayerSurface 55a79fb112e0 destroyed
[1;32mDEBUG [0m]: Forcing an unmap of a LS that did a straight destroy!
[1;32mDEBUG [0m]: LayerSurface 55a79fb112e0 unmapped
[1;32mDEBUG [0m]: renderer: making a snapshot of layer 55a79f61e950
[1;32mDEBUG [0m]: Framebuffer "layer snapshot" created, status 36053
[1;32mDEBUG [0m]: renderer: cleared a snapshot of layer 55a79f61e950
[1;32mDEBUG [0m]: renderer: rendered a snapshot of layer 55a79f61e950
[1;32mDEBUG [0m]: renderer: made a snapshot of layer 55a79f61e950
[1;32mDEBUG [0m]: CWLSurface 55a79f5a7980 called destroy()
[1;32mDEBUG [0m]: Cleanup: removed 1 fadeouts
[1;32mDEBUG [0m]: [CWLCompositorResource] New wl_region with id 91 at 55a79f66eae0
[1;32mDEBUG [0m]: [CLinuxDMABUFParamsResource] Creating a dmabuf, with id 98: size [Vector2D: x: 368, y: 254], fmt AR24, planes 1
[1;32mDEBUG [0m]: [CLinuxDMABUFParamsResource]  | plane 0: mod 72057594037927952 fd 77 stride 1536 offset 0
[1;32mDEBUG [0m]: LayerSurface 55a79f6165b0 destroyed
[1;32mDEBUG [0m]: Forcing an unmap of a LS that did a straight destroy!
[1;32mDEBUG [0m]: LayerSurface 55a79f6165b0 unmapped
[1;32mDEBUG [0m]: renderer: making a snapshot of layer 55a79ff9d330
[1;32mDEBUG [0m]: Framebuffer "layer snapshot" created, status 36053
[1;32mDEBUG [0m]: renderer: cleared a snapshot of layer 55a79ff9d330
[1;32mDEBUG [0m]: renderer: rendered a snapshot of layer 55a79ff9d330
[1;32mDEBUG [0m]: renderer: made a snapshot of layer 55a79ff9d330
[1;32mDEBUG [0m]: CWLSurface 55a79f673e50 called destroy()
[1;32mDEBUG [0m]: Cleanup: removed 1 fadeouts
[1;32mDEBUG [0m]: [CWLCompositorResource] New wl_surface with id 99 at 55a79f8cc750
[1;32mDEBUG [0m]: [CWLCompositorResource] New wl_surface with id 78 at 55a7a00211b0
[1;32mDEBUG [0m]: [CPrimarySelectionProtocol] CPrimarySelectionProtocol::updateSelection: cannot send selection to a client without a data_device
[1;32mDEBUG [0m]: CWLSurface 55a79f98f470 called init()
[1;32mDEBUG [0m]: LayerSurface 55a79f6165b0 (namespace putkin-panel layer 3) created on monitor HEADLESS-1
[1;32mDEBUG [0m]: [CLayerShellProtocol] New wlr_layer_surface 55a79f6165b0
[1;32mDEBUG [0m]: cursorImage request: shape 1 -> default
[1;32mDEBUG [0m]: [CWLCompositorResource] New wl_region with id 99 at 55a79f691cb0
[1;32mDEBUG [0m]: [CWLCompositorResource] New wl_region with id 85 at 55a79f691cb0
[1;32mDEBUG [0m]: [CLinuxDMABUFParamsResource] Creating a dmabuf, with id 94: size [Vector2D: x: 368, y: 64], fmt AR24, planes 1
[1;32mDEBUG [0m]: [CLinuxDMABUFParamsResource]  | plane 0: mod 72057594037927952 fd 77 stride 1536 offset 0
[1;32mDEBUG [0m]: LayerSurface 55a79f6165b0 mapped
[1;32mDEBUG [0m]: [CLinuxDMABUFParamsResource] Creating a dmabuf, with id 91: size [Vector2D: x: 368, y: 64], fmt AR24, planes 1
[1;32mDEBUG [0m]: [CLinuxDMABUFParamsResource]  | plane 0: mod 72057594037927952 fd 79 stride 1536 offset 0
[1;32mDEBUG [0m]: [CLinuxDMABUFParamsResource] Creating a dmabuf, with id 83: size [Vector2D: x: 368, y: 1072], fmt AR24, planes 1
[1;32mDEBUG [0m]: [CLinuxDMABUFParamsResource]  | plane 0: mod 72057594037927952 fd 83 stride 1536 offset 0
[1;32mDEBUG [0m]: [CWLSeatProtocol] New seat resource bound at 55a79fd9ed10
[1;32mDEBUG [0m]: [CVirtualKeyboardProtocol] New VKeyboard at id 5
[1;32mDEBUG [0m]: ApplyConfigToKeyboard for "hl-virtual-keyboard-wtype", hasconfig: 0
[1;32mDEBUG [0m]: Attempting to create a keymap for layout us with variant  (rules: , model: , options: )
[1;32mDEBUG [0m]: Updating keyboard 55a79f694860's translation state from a provided keymap
[1;32mDEBUG [0m]: xkb: LED index 0 (name Num Lock) got index 1
[1;32mDEBUG [0m]: xkb: LED index 1 (name Caps Lock) got index 0
[1;32mDEBUG [0m]: xkb: LED index 2 (name Scroll Lock) got index 2
[1;32mDEBUG [0m]: xkb: Mod index 0 (name Shift) got index 0
[1;32mDEBUG [0m]: xkb: Mod index 1 (name Lock) got index 1
[1;32mDEBUG [0m]: xkb: Mod index 2 (name Control) got index 2
[1;32mDEBUG [0m]: xkb: Mod index 3 (name Mod1) got index 3
[1;32mDEBUG [0m]: xkb: Mod index 4 (name Mod2) got index 4
[1;32mDEBUG [0m]: xkb: Mod index 5 (name Mod3) got index 5
[1;32mDEBUG [0m]: xkb: Mod index 6 (name Mod4) got index 6
[1;32mDEBUG [0m]: xkb: Mod index 7 (name Mod5) got index 7
[1;32mDEBUG [0m]: Updating keymap fd for keyboard hl-virtual-keyboard-wtype
[1;32mDEBUG [0m]: Updated keymap fd to 91, keymap V1 to: 93
[1;32mDEBUG [0m]: Set the keyboard layout to us and variant to  for keyboard "hl-virtual-keyboard-wtype"
[1;32mDEBUG [0m]: New virtual keyboard created at 55a79f694860
[1;32mDEBUG [0m]: Updating keyboard 55a79f694860's translation state from a provided keymap
[1;32mDEBUG [0m]: Updating keymap fd for keyboard hl-virtual-keyboard-wtype
[1;32mDEBUG [0m]: Updated keymap fd to 91, keymap V1 to: 93
[1;32mDEBUG [0m]: [CLinuxDMABUFParamsResource] Creating a dmabuf, with id 85: size [Vector2D: x: 368, y: 1072], fmt AR24, planes 1
[1;32mDEBUG [0m]: [CLinuxDMABUFParamsResource]  | plane 0: mod 72057594037927952 fd 89 stride 1536 offset 0
[1;32mDEBUG [0m]: Keyboard at 55a79f694860 removed
[1;32mDEBUG [0m]: Destroyed keyboard 55a79f694860
[1;32mDEBUG [0m]: [CWLSeatProtocol] New seat resource bound at 55a79f8cbda0
[1;32mDEBUG [0m]: [CVirtualKeyboardProtocol] New VKeyboard at id 5
[1;32mDEBUG [0m]: ApplyConfigToKeyboard for "hl-virtual-keyboard-wtype", hasconfig: 0
[1;32mDEBUG [0m]: Attempting to create a keymap for layout us with variant  (rules: , model: , options: )
[1;32mDEBUG [0m]: Updating keyboard 55a79f694860's translation state from a provided keymap
[1;32mDEBUG [0m]: xkb: LED index 0 (name Num Lock) got index 1
[1;32mDEBUG [0m]: xkb: LED index 1 (name Caps Lock) got index 0
[1;32mDEBUG [0m]: xkb: LED index 2 (name Scroll Lock) got index 2
[1;32mDEBUG [0m]: xkb: Mod index 0 (name Shift) got index 0
[1;32mDEBUG [0m]: xkb: Mod index 1 (name Lock) got index 1
[1;32mDEBUG [0m]: xkb: Mod index 2 (name Control) got index 2
[1;32mDEBUG [0m]: xkb: Mod index 3 (name Mod1) got index 3
[1;32mDEBUG [0m]: xkb: Mod index 4 (name Mod2) got index 4
[1;32mDEBUG [0m]: xkb: Mod index 5 (name Mod3) got index 5
[1;32mDEBUG [0m]: xkb: Mod index 6 (name Mod4) got index 6
[1;32mDEBUG [0m]: xkb: Mod index 7 (name Mod5) got index 7
[1;32mDEBUG [0m]: Updating keymap fd for keyboard hl-virtual-keyboard-wtype
[1;32mDEBUG [0m]: Updated keymap fd to 91, keymap V1 to: 93
[1;32mDEBUG [0m]: Set the keyboard layout to us and variant to  for keyboard "hl-virtual-keyboard-wtype"
[1;32mDEBUG [0m]: New virtual keyboard created at 55a79f694860
[1;32mDEBUG [0m]: Updating keyboard 55a79f694860's translation state from a provided keymap
[1;32mDEBUG [0m]: Updating keymap fd for keyboard hl-virtual-keyboard-wtype
[1;32mDEBUG [0m]: Updated keymap fd to 91, keymap V1 to: 93
[1;32mDEBUG [0m]: Keyboard at 55a79f694860 removed
[1;32mDEBUG [0m]: Destroyed keyboard 55a79f694860
[1;32mDEBUG [0m]: [CWLSeatProtocol] New seat resource bound at 55a79f4e8d10
[1;32mDEBUG [0m]: [CVirtualKeyboardProtocol] New VKeyboard at id 5
[1;32mDEBUG [0m]: ApplyConfigToKeyboard for "hl-virtual-keyboard-wtype", hasconfig: 0
[1;32mDEBUG [0m]: Attempting to create a keymap for layout us with variant  (rules: , model: , options: )
[1;32mDEBUG [0m]: Updating keyboard 55a79f694860's translation state from a provided keymap
[1;32mDEBUG [0m]: xkb: LED index 0 (name Num Lock) got index 1
[1;32mDEBUG [0m]: xkb: LED index 1 (name Caps Lock) got index 0
[1;32mDEBUG [0m]: xkb: LED index 2 (name Scroll Lock) got index 2
[1;32mDEBUG [0m]: xkb: Mod index 0 (name Shift) got index 0
[1;32mDEBUG [0m]: xkb: Mod index 1 (name Lock) got index 1
[1;32mDEBUG [0m]: xkb: Mod index 2 (name Control) got index 2
[1;32mDEBUG [0m]: xkb: Mod index 3 (name Mod1) got index 3
[1;32mDEBUG [0m]: xkb: Mod index 4 (name Mod2) got index 4
[1;32mDEBUG [0m]: xkb: Mod index 5 (name Mod3) got index 5
[1;32mDEBUG [0m]: xkb: Mod index 6 (name Mod4) got index 6
[1;32mDEBUG [0m]: xkb: Mod index 7 (name Mod5) got index 7
[1;32mDEBUG [0m]: Updating keymap fd for keyboard hl-virtual-keyboard-wtype
[1;32mDEBUG [0m]: Updated keymap fd to 91, keymap V1 to: 93
[1;32mDEBUG [0m]: Set the keyboard layout to us and variant to  for keyboard "hl-virtual-keyboard-wtype"
[1;32mDEBUG [0m]: New virtual keyboard created at 55a79f694860
[1;32mDEBUG [0m]: Updating keyboard 55a79f694860's translation state from a provided keymap
[1;32mDEBUG [0m]: Updating keymap fd for keyboard hl-virtual-keyboard-wtype
[1;32mDEBUG [0m]: Updated keymap fd to 91, keymap V1 to: 93
[1;32mDEBUG [0m]: Keyboard at 55a79f694860 removed
[1;32mDEBUG [0m]: Destroyed keyboard 55a79f694860
[1;32mDEBUG [0m]: [CWLSeatProtocol] New seat resource bound at 55a79fc33570
[1;32mDEBUG [0m]: [CVirtualKeyboardProtocol] New VKeyboard at id 5
[1;32mDEBUG [0m]: ApplyConfigToKeyboard for "hl-virtual-keyboard-wtype", hasconfig: 0
[1;32mDEBUG [0m]: Attempting to create a keymap for layout us with variant  (rules: , model: , options: )
[1;32mDEBUG [0m]: Updating keyboard 55a79f694860's translation state from a provided keymap
[1;32mDEBUG [0m]: xkb: LED index 0 (name Num Lock) got index 1
[1;32mDEBUG [0m]: xkb: LED index 1 (name Caps Lock) got index 0
[1;32mDEBUG [0m]: xkb: LED index 2 (name Scroll Lock) got index 2
[1;32mDEBUG [0m]: xkb: Mod index 0 (name Shift) got index 0
[1;32mDEBUG [0m]: xkb: Mod index 1 (name Lock) got index 1
[1;32mDEBUG [0m]: xkb: Mod index 2 (name Control) got index 2
[1;32mDEBUG [0m]: xkb: Mod index 3 (name Mod1) got index 3
[1;32mDEBUG [0m]: xkb: Mod index 4 (name Mod2) got index 4
[1;32mDEBUG [0m]: xkb: Mod index 5 (name Mod3) got index 5
[1;32mDEBUG [0m]: xkb: Mod index 6 (name Mod4) got index 6
[1;32mDEBUG [0m]: xkb: Mod index 7 (name Mod5) got index 7
[1;32mDEBUG [0m]: Updating keymap fd for keyboard hl-virtual-keyboard-wtype
[1;32mDEBUG [0m]: Updated keymap fd to 91, keymap V1 to: 93
[1;32mDEBUG [0m]: Set the keyboard layout to us and variant to  for keyboard "hl-virtual-keyboard-wtype"
[1;32mDEBUG [0m]: New virtual keyboard created at 55a79f694860
[1;32mDEBUG [0m]: Updating keyboard 55a79f694860's translation state from a provided keymap
[1;32mDEBUG [0m]: Updating keymap fd for keyboard hl-virtual-keyboard-wtype
[1;32mDEBUG [0m]: Updated keymap fd to 91, keymap V1 to: 93
[1;32mDEBUG [0m]: Keyboard at 55a79f694860 removed
[1;32mDEBUG [0m]: Destroyed keyboard 55a79f694860
[1;32mDEBUG [0m]: [CWLSeatProtocol] New seat resource bound at 55a79fe133e0
[1;32mDEBUG [0m]: [CVirtualKeyboardProtocol] New VKeyboard at id 5
[1;32mDEBUG [0m]: ApplyConfigToKeyboard for "hl-virtual-keyboard-wtype", hasconfig: 0
[1;32mDEBUG [0m]: Attempting to create a keymap for layout us with variant  (rules: , model: , options: )
[1;32mDEBUG [0m]: Updating keyboard 55a79f694860's translation state from a provided keymap
[1;32mDEBUG [0m]: xkb: LED index 0 (name Num Lock) got index 1
[1;32mDEBUG [0m]: xkb: LED index 1 (name Caps Lock) got index 0
[1;32mDEBUG [0m]: xkb: LED index 2 (name Scroll Lock) got index 2
[1;32mDEBUG [0m]: xkb: Mod index 0 (name Shift) got index 0
[1;32mDEBUG [0m]: xkb: Mod index 1 (name Lock) got index 1
[1;32mDEBUG [0m]: xkb: Mod index 2 (name Control) got index 2
[1;32mDEBUG [0m]: xkb: Mod index 3 (name Mod1) got index 3
[1;32mDEBUG [0m]: xkb: Mod index 4 (name Mod2) got index 4
[1;32mDEBUG [0m]: xkb: Mod index 5 (name Mod3) got index 5
[1;32mDEBUG [0m]: xkb: Mod index 6 (name Mod4) got index 6
[1;32mDEBUG [0m]: xkb: Mod index 7 (name Mod5) got index 7
[1;32mDEBUG [0m]: Updating keymap fd for keyboard hl-virtual-keyboard-wtype
[1;32mDEBUG [0m]: Updated keymap fd to 91, keymap V1 to: 93
[1;32mDEBUG [0m]: Set the keyboard layout to us and variant to  for keyboard "hl-virtual-keyboard-wtype"
[1;32mDEBUG [0m]: New virtual keyboard created at 55a79f694860
[1;32mDEBUG [0m]: Updating keyboard 55a79f694860's translation state from a provided keymap
[1;32mDEBUG [0m]: Updating keymap fd for keyboard hl-virtual-keyboard-wtype
[1;32mDEBUG [0m]: Updated keymap fd to 91, keymap V1 to: 93
[1;32mDEBUG [0m]: Keyboard at 55a79f694860 removed
[1;32mDEBUG [0m]: Destroyed keyboard 55a79f694860
[1;32mDEBUG [0m]: [CWLSeatProtocol] New seat resource bound at 55a79f4e8d10
[1;32mDEBUG [0m]: [CVirtualKeyboardProtocol] New VKeyboard at id 5
[1;32mDEBUG [0m]: ApplyConfigToKeyboard for "hl-virtual-keyboard-wtype", hasconfig: 0
[1;32mDEBUG [0m]: Attempting to create a keymap for layout us with variant  (rules: , model: , options: )
[1;32mDEBUG [0m]: Updating keyboard 55a79f694860's translation state from a provided keymap
[1;32mDEBUG [0m]: xkb: LED index 0 (name Num Lock) got index 1
[1;32mDEBUG [0m]: xkb: LED index 1 (name Caps Lock) got index 0
[1;32mDEBUG [0m]: xkb: LED index 2 (name Scroll Lock) got index 2
[1;32mDEBUG [0m]: xkb: Mod index 0 (name Shift) got index 0
[1;32mDEBUG [0m]: xkb: Mod index 1 (name Lock) got index 1
[1;32mDEBUG [0m]: xkb: Mod index 2 (name Control) got index 2
[1;32mDEBUG [0m]: xkb: Mod index 3 (name Mod1) got index 3
[1;32mDEBUG [0m]: xkb: Mod index 4 (name Mod2) got index 4
[1;32mDEBUG [0m]: xkb: Mod index 5 (name Mod3) got index 5
[1;32mDEBUG [0m]: xkb: Mod index 6 (name Mod4) got index 6
[1;32mDEBUG [0m]: xkb: Mod index 7 (name Mod5) got index 7
[1;32mDEBUG [0m]: Updating keymap fd for keyboard hl-virtual-keyboard-wtype
[1;32mDEBUG [0m]: Updated keymap fd to 91, keymap V1 to: 93
[1;32mDEBUG [0m]: Set the keyboard layout to us and variant to  for keyboard "hl-virtual-keyboard-wtype"
[1;32mDEBUG [0m]: New virtual keyboard created at 55a79f694860
[1;32mDEBUG [0m]: Updating keyboard 55a79f694860's translation state from a provided keymap
[1;32mDEBUG [0m]: Updating keymap fd for keyboard hl-virtual-keyboard-wtype
[1;32mDEBUG [0m]: Updated keymap fd to 91, keymap V1 to: 93
[1;32mDEBUG [0m]: Keyboard at 55a79f694860 removed
[1;32mDEBUG [0m]: Destroyed keyboard 55a79f694860
[1;32mDEBUG [0m]: [CWLSeatProtocol] New seat resource bound at 55a79fd48080
[1;32mDEBUG [0m]: [CVirtualKeyboardProtocol] New VKeyboard at id 5
[1;32mDEBUG [0m]: ApplyConfigToKeyboard for "hl-virtual-keyboard-wtype", hasconfig: 0
[1;32mDEBUG [0m]: Attempting to create a keymap for layout us with variant  (rules: , model: , options: )
[1;32mDEBUG [0m]: Updating keyboard 55a79f694860's translation state from a provided keymap
[1;32mDEBUG [0m]: xkb: LED index 0 (name Num Lock) got index 1
[1;32mDEBUG [0m]: xkb: LED index 1 (name Caps Lock) got index 0
[1;32mDEBUG [0m]: xkb: LED index 2 (name Scroll Lock) got index 2
[1;32mDEBUG [0m]: xkb: Mod index 0 (name Shift) got index 0
[1;32mDEBUG [0m]: xkb: Mod index 1 (name Lock) got index 1
[1;32mDEBUG [0m]: xkb: Mod index 2 (name Control) got index 2
[1;32mDEBUG [0m]: xkb: Mod index 3 (name Mod1) got index 3
[1;32mDEBUG [0m]: xkb: Mod index 4 (name Mod2) got index 4
[1;32mDEBUG [0m]: xkb: Mod index 5 (name Mod3) got index 5
[1;32mDEBUG [0m]: xkb: Mod index 6 (name Mod4) got index 6
[1;32mDEBUG [0m]: xkb: Mod index 7 (name Mod5) got index 7
[1;32mDEBUG [0m]: Updating keymap fd for keyboard hl-virtual-keyboard-wtype
[1;32mDEBUG [0m]: Updated keymap fd to 91, keymap V1 to: 93
[1;32mDEBUG [0m]: Set the keyboard layout to us and variant to  for keyboard "hl-virtual-keyboard-wtype"
[1;32mDEBUG [0m]: New virtual keyboard created at 55a79f694860
[1;32mDEBUG [0m]: Updating keyboard 55a79f694860's translation state from a provided keymap
[1;32mDEBUG [0m]: Updating keymap fd for keyboard hl-virtual-keyboard-wtype
[1;32mDEBUG [0m]: Updated keymap fd to 91, keymap V1 to: 93
[1;32mDEBUG [0m]: Keyboard at 55a79f694860 removed
[1;32mDEBUG [0m]: Destroyed keyboard 55a79f694860
[1;32mDEBUG [0m]: [CWLSeatProtocol] New seat resource bound at 55a79f7160f0
[1;32mDEBUG [0m]: [CVirtualKeyboardProtocol] New VKeyboard at id 5
[1;32mDEBUG [0m]: ApplyConfigToKeyboard for "hl-virtual-keyboard-wtype", hasconfig: 0
[1;32mDEBUG [0m]: Attempting to create a keymap for layout us with variant  (rules: , model: , options: )
[1;32mDEBUG [0m]: Updating keyboard 55a79f694860's translation state from a provided keymap
[1;32mDEBUG [0m]: xkb: LED index 0 (name Num Lock) got index 1
[1;32mDEBUG [0m]: xkb: LED index 1 (name Caps Lock) got index 0
[1;32mDEBUG [0m]: xkb: LED index 2 (name Scroll Lock) got index 2
[1;32mDEBUG [0m]: xkb: Mod index 0 (name Shift) got index 0
[1;32mDEBUG [0m]: xkb: Mod index 1 (name Lock) got index 1
[1;32mDEBUG [0m]: xkb: Mod index 2 (name Control) got index 2
[1;32mDEBUG [0m]: xkb: Mod index 3 (name Mod1) got index 3
[1;32mDEBUG [0m]: xkb: Mod index 4 (name Mod2) got index 4
[1;32mDEBUG [0m]: xkb: Mod index 5 (name Mod3) got index 5
[1;32mDEBUG [0m]: xkb: Mod index 6 (name Mod4) got index 6
[1;32mDEBUG [0m]: xkb: Mod index 7 (name Mod5) got index 7
[1;32mDEBUG [0m]: Updating keymap fd for keyboard hl-virtual-keyboard-wtype
[1;32mDEBUG [0m]: Updated keymap fd to 91, keymap V1 to: 93
[1;32mDEBUG [0m]: Set the keyboard layout to us and variant to  for keyboard "hl-virtual-keyboard-wtype"
[1;32mDEBUG [0m]: New virtual keyboard created at 55a79f694860
[1;32mDEBUG [0m]: Updating keyboard 55a79f694860's translation state from a provided keymap
[1;32mDEBUG [0m]: Updating keymap fd for keyboard hl-virtual-keyboard-wtype
[1;32mDEBUG [0m]: Updated keymap fd to 91, keymap V1 to: 93
[1;32mDEBUG [0m]: Keyboard at 55a79f694860 removed
[1;32mDEBUG [0m]: Destroyed keyboard 55a79f694860
[1;32mDEBUG [0m]: [CWLSeatProtocol] New seat resource bound at 55a79fc3f0c0
[1;32mDEBUG [0m]: [CVirtualKeyboardProtocol] New VKeyboard at id 5
[1;32mDEBUG [0m]: ApplyConfigToKeyboard for "hl-virtual-keyboard-wtype", hasconfig: 0
[1;32mDEBUG [0m]: Attempting to create a keymap for layout us with variant  (rules: , model: , options: )
[1;32mDEBUG [0m]: Updating keyboard 55a79f694860's translation state from a provided keymap
[1;32mDEBUG [0m]: xkb: LED index 0 (name Num Lock) got index 1
[1;32mDEBUG [0m]: xkb: LED index 1 (name Caps Lock) got index 0
[1;32mDEBUG [0m]: xkb: LED index 2 (name Scroll Lock) got index 2
[1;32mDEBUG [0m]: xkb: Mod index 0 (name Shift) got index 0
[1;32mDEBUG [0m]: xkb: Mod index 1 (name Lock) got index 1
[1;32mDEBUG [0m]: xkb: Mod index 2 (name Control) got index 2
[1;32mDEBUG [0m]: xkb: Mod index 3 (name Mod1) got index 3
[1;32mDEBUG [0m]: xkb: Mod index 4 (name Mod2) got index 4
[1;32mDEBUG [0m]: xkb: Mod index 5 (name Mod3) got index 5
[1;32mDEBUG [0m]: xkb: Mod index 6 (name Mod4) got index 6
[1;32mDEBUG [0m]: xkb: Mod index 7 (name Mod5) got index 7
[1;32mDEBUG [0m]: Updating keymap fd for keyboard hl-virtual-keyboard-wtype
[1;32mDEBUG [0m]: Updated keymap fd to 91, keymap V1 to: 93
[1;32mDEBUG [0m]: Set the keyboard layout to us and variant to  for keyboard "hl-virtual-keyboard-wtype"
[1;32mDEBUG [0m]: New virtual keyboard created at 55a79f694860
[1;32mDEBUG [0m]: Updating keyboard 55a79f694860's translation state from a provided keymap
[1;32mDEBUG [0m]: Updating keymap fd for keyboard hl-virtual-keyboard-wtype
[1;32mDEBUG [0m]: Updated keymap fd to 91, keymap V1 to: 93
[1;32mDEBUG [0m]: Keyboard at 55a79f694860 removed
[1;32mDEBUG [0m]: Destroyed keyboard 55a79f694860
[1;32mDEBUG [0m]: [CWLSeatProtocol] New seat resource bound at 55a79fdd9ed0
[1;32mDEBUG [0m]: [CVirtualKeyboardProtocol] New VKeyboard at id 5
[1;32mDEBUG [0m]: ApplyConfigToKeyboard for "hl-virtual-keyboard-wtype", hasconfig: 0
[1;32mDEBUG [0m]: Attempting to create a keymap for layout us with variant  (rules: , model: , options: )
[1;32mDEBUG [0m]: Updating keyboard 55a79f694860's translation state from a provided keymap
[1;32mDEBUG [0m]: xkb: LED index 0 (name Num Lock) got index 1
[1;32mDEBUG [0m]: xkb: LED index 1 (name Caps Lock) got index 0
[1;32mDEBUG [0m]: xkb: LED index 2 (name Scroll Lock) got index 2
[1;32mDEBUG [0m]: xkb: Mod index 0 (name Shift) got index 0
[1;32mDEBUG [0m]: xkb: Mod index 1 (name Lock) got index 1
[1;32mDEBUG [0m]: xkb: Mod index 2 (name Control) got index 2
[1;32mDEBUG [0m]: xkb: Mod index 3 (name Mod1) got index 3
[1;32mDEBUG [0m]: xkb: Mod index 4 (name Mod2) got index 4
[1;32mDEBUG [0m]: xkb: Mod index 5 (name Mod3) got index 5
[1;32mDEBUG [0m]: xkb: Mod index 6 (name Mod4) got index 6
[1;32mDEBUG [0m]: xkb: Mod index 7 (name Mod5) got index 7
[1;32mDEBUG [0m]: Updating keymap fd for keyboard hl-virtual-keyboard-wtype
[1;32mDEBUG [0m]: Updated keymap fd to 91, keymap V1 to: 93
[1;32mDEBUG [0m]: Set the keyboard layout to us and variant to  for keyboard "hl-virtual-keyboard-wtype"
[1;32mDEBUG [0m]: New virtual keyboard created at 55a79f694860
[1;32mDEBUG [0m]: Updating keyboard 55a79f694860's translation state from a provided keymap
[1;32mDEBUG [0m]: Updating keymap fd for keyboard hl-virtual-keyboard-wtype
[1;32mDEBUG [0m]: Updated keymap fd to 91, keymap V1 to: 93
[1;32mDEBUG [0m]: Keyboard at 55a79f694860 removed
[1;32mDEBUG [0m]: Destroyed keyboard 55a79f694860
[1;32mDEBUG [0m]: [CWLSeatProtocol] New seat resource bound at 55a79fe098f0
[1;32mDEBUG [0m]: [CVirtualKeyboardProtocol] New VKeyboard at id 5
[1;32mDEBUG [0m]: ApplyConfigToKeyboard for "hl-virtual-keyboard-wtype", hasconfig: 0
[1;32mDEBUG [0m]: Attempting to create a keymap for layout us with variant  (rules: , model: , options: )
[1;32mDEBUG [0m]: Updating keyboard 55a79f694860's translation state from a provided keymap
[1;32mDEBUG [0m]: xkb: LED index 0 (name Num Lock) got index 1
[1;32mDEBUG [0m]: xkb: LED index 1 (name Caps Lock) got index 0
[1;32mDEBUG [0m]: xkb: LED index 2 (name Scroll Lock) got index 2
[1;32mDEBUG [0m]: xkb: Mod index 0 (name Shift) got index 0
[1;32mDEBUG [0m]: xkb: Mod index 1 (name Lock) got index 1
[1;32mDEBUG [0m]: xkb: Mod index 2 (name Control) got index 2
[1;32mDEBUG [0m]: xkb: Mod index 3 (name Mod1) got index 3
[1;32mDEBUG [0m]: xkb: Mod index 4 (name Mod2) got index 4
[1;32mDEBUG [0m]: xkb: Mod index 5 (name Mod3) got index 5
[1;32mDEBUG [0m]: xkb: Mod index 6 (name Mod4) got index 6
[1;32mDEBUG [0m]: xkb: Mod index 7 (name Mod5) got index 7
[1;32mDEBUG [0m]: Updating keymap fd for keyboard hl-virtual-keyboard-wtype
[1;32mDEBUG [0m]: Updated keymap fd to 91, keymap V1 to: 93
[1;32mDEBUG [0m]: Set the keyboard layout to us and variant to  for keyboard "hl-virtual-keyboard-wtype"
[1;32mDEBUG [0m]: New virtual keyboard created at 55a79f694860
[1;32mDEBUG [0m]: Updating keyboard 55a79f694860's translation state from a provided keymap
[1;32mDEBUG [0m]: Updating keymap fd for keyboard hl-virtual-keyboard-wtype
[1;32mDEBUG [0m]: Updated keymap fd to 91, keymap V1 to: 93
[1;32mDEBUG [0m]: Keyboard at 55a79f694860 removed
[1;32mDEBUG [0m]: Destroyed keyboard 55a79f694860
[1;32mDEBUG [0m]: [CWLSeatProtocol] New seat resource bound at 55a79f675220
[1;32mDEBUG [0m]: [CVirtualKeyboardProtocol] New VKeyboard at id 5
[1;32mDEBUG [0m]: ApplyConfigToKeyboard for "hl-virtual-keyboard-wtype", hasconfig: 0
[1;32mDEBUG [0m]: Attempting to create a keymap for layout us with variant  (rules: , model: , options: )
[1;32mDEBUG [0m]: Updating keyboard 55a79f694860's translation state from a provided keymap
[1;32mDEBUG [0m]: xkb: LED index 0 (name Num Lock) got index 1
[1;32mDEBUG [0m]: xkb: LED index 1 (name Caps Lock) got index 0
[1;32mDEBUG [0m]: xkb: LED index 2 (name Scroll Lock) got index 2
[1;32mDEBUG [0m]: xkb: Mod index 0 (name Shift) got index 0
[1;32mDEBUG [0m]: xkb: Mod index 1 (name Lock) got index 1
[1;32mDEBUG [0m]: xkb: Mod index 2 (name Control) got index 2
[1;32mDEBUG [0m]: xkb: Mod index 3 (name Mod1) got index 3
[1;32mDEBUG [0m]: xkb: Mod index 4 (name Mod2) got index 4
[1;32mDEBUG [0m]: xkb: Mod index 5 (name Mod3) got index 5
[1;32mDEBUG [0m]: xkb: Mod index 6 (name Mod4) got index 6
[1;32mDEBUG [0m]: xkb: Mod index 7 (name Mod5) got index 7
[1;32mDEBUG [0m]: Updating keymap fd for keyboard hl-virtual-keyboard-wtype
[1;32mDEBUG [0m]: Updated keymap fd to 91, keymap V1 to: 93
[1;32mDEBUG [0m]: Set the keyboard layout to us and variant to  for keyboard "hl-virtual-keyboard-wtype"
[1;32mDEBUG [0m]: New virtual keyboard created at 55a79f694860
[1;32mDEBUG [0m]: Updating keyboard 55a79f694860's translation state from a provided keymap
[1;32mDEBUG [0m]: Updating keymap fd for keyboard hl-virtual-keyboard-wtype
[1;32mDEBUG [0m]: Updated keymap fd to 91, keymap V1 to: 93
[1;32mDEBUG [0m]: Keyboard at 55a79f694860 removed
[1;32mDEBUG [0m]: Destroyed keyboard 55a79f694860
[1;32mDEBUG [0m]: [CWLSeatProtocol] New seat resource bound at 55a79fc83bb0
[1;32mDEBUG [0m]: [CVirtualKeyboardProtocol] New VKeyboard at id 5
[1;32mDEBUG [0m]: ApplyConfigToKeyboard for "hl-virtual-keyboard-wtype", hasconfig: 0
[1;32mDEBUG [0m]: Attempting to create a keymap for layout us with variant  (rules: , model: , options: )
[1;32mDEBUG [0m]: Updating keyboard 55a79f694860's translation state from a provided keymap
[1;32mDEBUG [0m]: xkb: LED index 0 (name Num Lock) got index 1
[1;32mDEBUG [0m]: xkb: LED index 1 (name Caps Lock) got index 0
[1;32mDEBUG [0m]: xkb: LED index 2 (name Scroll Lock) got index 2
[1;32mDEBUG [0m]: xkb: Mod index 0 (name Shift) got index 0
[1;32mDEBUG [0m]: xkb: Mod index 1 (name Lock) got index 1
[1;32mDEBUG [0m]: xkb: Mod index 2 (name Control) got index 2
[1;32mDEBUG [0m]: xkb: Mod index 3 (name Mod1) got index 3
[1;32mDEBUG [0m]: xkb: Mod index 4 (name Mod2) got index 4
[1;32mDEBUG [0m]: xkb: Mod index 5 (name Mod3) got index 5
[1;32mDEBUG [0m]: xkb: Mod index 6 (name Mod4) got index 6
[1;32mDEBUG [0m]: xkb: Mod index 7 (name Mod5) got index 7
[1;32mDEBUG [0m]: Updating keymap fd for keyboard hl-virtual-keyboard-wtype
[1;32mDEBUG [0m]: Updated keymap fd to 91, keymap V1 to: 93
[1;32mDEBUG [0m]: Set the keyboard layout to us and variant to  for keyboard "hl-virtual-keyboard-wtype"
[1;32mDEBUG [0m]: New virtual keyboard created at 55a79f694860
[1;32mDEBUG [0m]: Updating keyboard 55a79f694860's translation state from a provided keymap
[1;32mDEBUG [0m]: Updating keymap fd for keyboard hl-virtual-keyboard-wtype
[1;32mDEBUG [0m]: Updated keymap fd to 91, keymap V1 to: 93
[1;32mDEBUG [0m]: Keyboard at 55a79f694860 removed
[1;32mDEBUG [0m]: Destroyed keyboard 55a79f694860
[1;32mDEBUG [0m]: [CWLSeatProtocol] New seat resource bound at 55a79fd405f0
[1;32mDEBUG [0m]: [CVirtualKeyboardProtocol] New VKeyboard at id 5
[1;32mDEBUG [0m]: ApplyConfigToKeyboard for "hl-virtual-keyboard-wtype", hasconfig: 0
[1;32mDEBUG [0m]: Attempting to create a keymap for layout us with variant  (rules: , model: , options: )
[1;32mDEBUG [0m]: Updating keyboard 55a79f694860's translation state from a provided keymap
[1;32mDEBUG [0m]: xkb: LED index 0 (name Num Lock) got index 1
[1;32mDEBUG [0m]: xkb: LED index 1 (name Caps Lock) got index 0
[1;32mDEBUG [0m]: xkb: LED index 2 (name Scroll Lock) got index 2
[1;32mDEBUG [0m]: xkb: Mod index 0 (name Shift) got index 0
[1;32mDEBUG [0m]: xkb: Mod index 1 (name Lock) got index 1
[1;32mDEBUG [0m]: xkb: Mod index 2 (name Control) got index 2
[1;32mDEBUG [0m]: xkb: Mod index 3 (name Mod1) got index 3
[1;32mDEBUG [0m]: xkb: Mod index 4 (name Mod2) got index 4
[1;32mDEBUG [0m]: xkb: Mod index 5 (name Mod3) got index 5
[1;32mDEBUG [0m]: xkb: Mod index 6 (name Mod4) got index 6
[1;32mDEBUG [0m]: xkb: Mod index 7 (name Mod5) got index 7
[1;32mDEBUG [0m]: Updating keymap fd for keyboard hl-virtual-keyboard-wtype
[1;32mDEBUG [0m]: Updated keymap fd to 91, keymap V1 to: 93
[1;32mDEBUG [0m]: Set the keyboard layout to us and variant to  for keyboard "hl-virtual-keyboard-wtype"
[1;32mDEBUG [0m]: New virtual keyboard created at 55a79f694860
[1;32mDEBUG [0m]: Updating keyboard 55a79f694860's translation state from a provided keymap
[1;32mDEBUG [0m]: Updating keymap fd for keyboard hl-virtual-keyboard-wtype
[1;32mDEBUG [0m]: Updated keymap fd to 91, keymap V1 to: 93
[1;32mDEBUG [0m]: Keyboard at 55a79f694860 removed
[1;32mDEBUG [0m]: Destroyed keyboard 55a79f694860
[1;32mDEBUG [0m]: [CWLSeatProtocol] New seat resource bound at 55a79fbf67f0
[1;32mDEBUG [0m]: [CVirtualKeyboardProtocol] New VKeyboard at id 5
[1;32mDEBUG [0m]: ApplyConfigToKeyboard for "hl-virtual-keyboard-wtype", hasconfig: 0
[1;32mDEBUG [0m]: Attempting to create a keymap for layout us with variant  (rules: , model: , options: )
[1;32mDEBUG [0m]: Updating keyboard 55a79f694860's translation state from a provided keymap
[1;32mDEBUG [0m]: xkb: LED index 0 (name Num Lock) got index 1
[1;32mDEBUG [0m]: xkb: LED index 1 (name Caps Lock) got index 0
[1;32mDEBUG [0m]: xkb: LED index 2 (name Scroll Lock) got index 2
[1;32mDEBUG [0m]: xkb: Mod index 0 (name Shift) got index 0
[1;32mDEBUG [0m]: xkb: Mod index 1 (name Lock) got index 1
[1;32mDEBUG [0m]: xkb: Mod index 2 (name Control) got index 2
[1;32mDEBUG [0m]: xkb: Mod index 3 (name Mod1) got index 3
[1;32mDEBUG [0m]: xkb: Mod index 4 (name Mod2) got index 4
[1;32mDEBUG [0m]: xkb: Mod index 5 (name Mod3) got index 5
[1;32mDEBUG [0m]: xkb: Mod index 6 (name Mod4) got index 6
[1;32mDEBUG [0m]: xkb: Mod index 7 (name Mod5) got index 7
[1;32mDEBUG [0m]: Updating keymap fd for keyboard hl-virtual-keyboard-wtype
[1;32mDEBUG [0m]: Updated keymap fd to 91, keymap V1 to: 93
[1;32mDEBUG [0m]: Set the keyboard layout to us and variant to  for keyboard "hl-virtual-keyboard-wtype"
[1;32mDEBUG [0m]: New virtual keyboard created at 55a79f694860
[1;32mDEBUG [0m]: Updating keyboard 55a79f694860's translation state from a provided keymap
[1;32mDEBUG [0m]: Updating keymap fd for keyboard hl-virtual-keyboard-wtype
[1;32mDEBUG [0m]: Updated keymap fd to 91, keymap V1 to: 93
[1;32mDEBUG [0m]: Keyboard at 55a79f694860 removed
[1;32mDEBUG [0m]: Destroyed keyboard 55a79f694860
[1;32mDEBUG [0m]: [CWLSeatProtocol] New seat resource bound at 55a79e411320
[1;32mDEBUG [0m]: [CVirtualKeyboardProtocol] New VKeyboard at id 5
[1;32mDEBUG [0m]: ApplyConfigToKeyboard for "hl-virtual-keyboard-wtype", hasconfig: 0
[1;32mDEBUG [0m]: Attempting to create a keymap for layout us with variant  (rules: , model: , options: )
[1;32mDEBUG [0m]: Updating keyboard 55a79f694860's translation state from a provided keymap
[1;32mDEBUG [0m]: xkb: LED index 0 (name Num Lock) got index 1
[1;32mDEBUG [0m]: xkb: LED index 1 (name Caps Lock) got index 0
[1;32mDEBUG [0m]: xkb: LED index 2 (name Scroll Lock) got index 2
[1;32mDEBUG [0m]: xkb: Mod index 0 (name Shift) got index 0
[1;32mDEBUG [0m]: xkb: Mod index 1 (name Lock) got index 1
[1;32mDEBUG [0m]: xkb: Mod index 2 (name Control) got index 2
[1;32mDEBUG [0m]: xkb: Mod index 3 (name Mod1) got index 3
[1;32mDEBUG [0m]: xkb: Mod index 4 (name Mod2) got index 4
[1;32mDEBUG [0m]: xkb: Mod index 5 (name Mod3) got index 5
[1;32mDEBUG [0m]: xkb: Mod index 6 (name Mod4) got index 6
[1;32mDEBUG [0m]: xkb: Mod index 7 (name Mod5) got index 7
[1;32mDEBUG [0m]: Updating keymap fd for keyboard hl-virtual-keyboard-wtype
[1;32mDEBUG [0m]: Updated keymap fd to 91, keymap V1 to: 93
[1;32mDEBUG [0m]: Set the keyboard layout to us and variant to  for keyboard "hl-virtual-keyboard-wtype"
[1;32mDEBUG [0m]: New virtual keyboard created at 55a79f694860
[1;32mDEBUG [0m]: Updating keyboard 55a79f694860's translation state from a provided keymap
[1;32mDEBUG [0m]: Updating keymap fd for keyboard hl-virtual-keyboard-wtype
[1;32mDEBUG [0m]: Updated keymap fd to 91, keymap V1 to: 93
[1;32mDEBUG [0m]: Keyboard at 55a79f694860 removed
[1;32mDEBUG [0m]: Destroyed keyboard 55a79f694860
[1;32mDEBUG [0m]: [CWLSeatProtocol] New seat resource bound at 55a79f67b320
[1;32mDEBUG [0m]: [CVirtualKeyboardProtocol] New VKeyboard at id 5
[1;32mDEBUG [0m]: ApplyConfigToKeyboard for "hl-virtual-keyboard-wtype", hasconfig: 0
[1;32mDEBUG [0m]: Attempting to create a keymap for layout us with variant  (rules: , model: , options: )
[1;32mDEBUG [0m]: Updating keyboard 55a79f694860's translation state from a provided keymap
[1;32mDEBUG [0m]: xkb: LED index 0 (name Num Lock) got index 1
[1;32mDEBUG [0m]: xkb: LED index 1 (name Caps Lock) got index 0
[1;32mDEBUG [0m]: xkb: LED index 2 (name Scroll Lock) got index 2
[1;32mDEBUG [0m]: xkb: Mod index 0 (name Shift) got index 0
[1;32mDEBUG [0m]: xkb: Mod index 1 (name Lock) got index 1
[1;32mDEBUG [0m]: xkb: Mod index 2 (name Control) got index 2
[1;32mDEBUG [0m]: xkb: Mod index 3 (name Mod1) got index 3
[1;32mDEBUG [0m]: xkb: Mod index 4 (name Mod2) got index 4
[1;32mDEBUG [0m]: xkb: Mod index 5 (name Mod3) got index 5
[1;32mDEBUG [0m]: xkb: Mod index 6 (name Mod4) got index 6
[1;32mDEBUG [0m]: xkb: Mod index 7 (name Mod5) got index 7
[1;32mDEBUG [0m]: Updating keymap fd for keyboard hl-virtual-keyboard-wtype
[1;32mDEBUG [0m]: Updated keymap fd to 91, keymap V1 to: 93
[1;32mDEBUG [0m]: Set the keyboard layout to us and variant to  for keyboard "hl-virtual-keyboard-wtype"
[1;32mDEBUG [0m]: New virtual keyboard created at 55a79f694860
[1;32mDEBUG [0m]: Updating keyboard 55a79f694860's translation state from a provided keymap
[1;32mDEBUG [0m]: Updating keymap fd for keyboard hl-virtual-keyboard-wtype
[1;32mDEBUG [0m]: Updated keymap fd to 91, keymap V1 to: 93
[1;32mDEBUG [0m]: Keyboard at 55a79f694860 removed
[1;32mDEBUG [0m]: Destroyed keyboard 55a79f694860
[1;32mDEBUG [0m]: [CWLSeatProtocol] New seat resource bound at 55a79fe098f0
[1;32mDEBUG [0m]: [CVirtualKeyboardProtocol] New VKeyboard at id 5
[1;32mDEBUG [0m]: ApplyConfigToKeyboard for "hl-virtual-keyboard-wtype", hasconfig: 0
[1;32mDEBUG [0m]: Attempting to create a keymap for layout us with variant  (rules: , model: , options: )
[1;32mDEBUG [0m]: Updating keyboard 55a79f694860's translation state from a provided keymap
[1;32mDEBUG [0m]: xkb: LED index 0 (name Num Lock) got index 1
[1;32mDEBUG [0m]: xkb: LED index 1 (name Caps Lock) got index 0
[1;32mDEBUG [0m]: xkb: LED index 2 (name Scroll Lock) got index 2
[1;32mDEBUG [0m]: xkb: Mod index 0 (name Shift) got index 0
[1;32mDEBUG [0m]: xkb: Mod index 1 (name Lock) got index 1
[1;32mDEBUG [0m]: xkb: Mod index 2 (name Control) got index 2
[1;32mDEBUG [0m]: xkb: Mod index 3 (name Mod1) got index 3
[1;32mDEBUG [0m]: xkb: Mod index 4 (name Mod2) got index 4
[1;32mDEBUG [0m]: xkb: Mod index 5 (name Mod3) got index 5
[1;32mDEBUG [0m]: xkb: Mod index 6 (name Mod4) got index 6
[1;32mDEBUG [0m]: xkb: Mod index 7 (name Mod5) got index 7
[1;32mDEBUG [0m]: Updating keymap fd for keyboard hl-virtual-keyboard-wtype
[1;32mDEBUG [0m]: Updated keymap fd to 91, keymap V1 to: 93
[1;32mDEBUG [0m]: Set the keyboard layout to us and variant to  for keyboard "hl-virtual-keyboard-wtype"
[1;32mDEBUG [0m]: New virtual keyboard created at 55a79f694860
[1;32mDEBUG [0m]: Updating keyboard 55a79f694860's translation state from a provided keymap
[1;32mDEBUG [0m]: Updating keymap fd for keyboard hl-virtual-keyboard-wtype
[1;32mDEBUG [0m]: Updated keymap fd to 91, keymap V1 to: 93
[1;32mDEBUG [0m]: Keyboard at 55a79f694860 removed
[1;32mDEBUG [0m]: Destroyed keyboard 55a79f694860
[1;32mDEBUG [0m]: [CWLSeatProtocol] New seat resource bound at 55a79f67d170
[1;32mDEBUG [0m]: [CVirtualKeyboardProtocol] New VKeyboard at id 5
[1;32mDEBUG [0m]: ApplyConfigToKeyboard for "hl-virtual-keyboard-wtype", hasconfig: 0
[1;32mDEBUG [0m]: Attempting to create a keymap for layout us with variant  (rules: , model: , options: )
[1;32mDEBUG [0m]: Updating keyboard 55a79f694860's translation state from a provided keymap
[1;32mDEBUG [0m]: xkb: LED index 0 (name Num Lock) got index 1
[1;32mDEBUG [0m]: xkb: LED index 1 (name Caps Lock) got index 0
[1;32mDEBUG [0m]: xkb: LED index 2 (name Scroll Lock) got index 2
[1;32mDEBUG [0m]: xkb: Mod index 0 (name Shift) got index 0
[1;32mDEBUG [0m]: xkb: Mod index 1 (name Lock) got index 1
[1;32mDEBUG [0m]: xkb: Mod index 2 (name Control) got index 2
[1;32mDEBUG [0m]: xkb: Mod index 3 (name Mod1) got index 3
[1;32mDEBUG [0m]: xkb: Mod index 4 (name Mod2) got index 4
[1;32mDEBUG [0m]: xkb: Mod index 5 (name Mod3) got index 5
[1;32mDEBUG [0m]: xkb: Mod index 6 (name Mod4) got index 6
[1;32mDEBUG [0m]: xkb: Mod index 7 (name Mod5) got index 7
[1;32mDEBUG [0m]: Updating keymap fd for keyboard hl-virtual-keyboard-wtype
[1;32mDEBUG [0m]: Updated keymap fd to 91, keymap V1 to: 93
[1;32mDEBUG [0m]: Set the keyboard layout to us and variant to  for keyboard "hl-virtual-keyboard-wtype"
[1;32mDEBUG [0m]: New virtual keyboard created at 55a79f694860
[1;32mDEBUG [0m]: Updating keyboard 55a79f694860's translation state from a provided keymap
[1;32mDEBUG [0m]: Updating keymap fd for keyboard hl-virtual-keyboard-wtype
[1;32mDEBUG [0m]: Updated keymap fd to 91, keymap V1 to: 93
[1;32mDEBUG [0m]: Keyboard at 55a79f694860 removed
[1;32mDEBUG [0m]: Destroyed keyboard 55a79f694860
[1;32mDEBUG [0m]: [CWLSeatProtocol] New seat resource bound at 55a79f75d750
[1;32mDEBUG [0m]: [CVirtualKeyboardProtocol] New VKeyboard at id 5
[1;32mDEBUG [0m]: ApplyConfigToKeyboard for "hl-virtual-keyboard-wtype", hasconfig: 0
[1;32mDEBUG [0m]: Attempting to create a keymap for layout us with variant  (rules: , model: , options: )
[1;32mDEBUG [0m]: Updating keyboard 55a79f694860's translation state from a provided keymap
[1;32mDEBUG [0m]: xkb: LED index 0 (name Num Lock) got index 1
[1;32mDEBUG [0m]: xkb: LED index 1 (name Caps Lock) got index 0
[1;32mDEBUG [0m]: xkb: LED index 2 (name Scroll Lock) got index 2
[1;32mDEBUG [0m]: xkb: Mod index 0 (name Shift) got index 0
[1;32mDEBUG [0m]: xkb: Mod index 1 (name Lock) got index 1
[1;32mDEBUG [0m]: xkb: Mod index 2 (name Control) got index 2
[1;32mDEBUG [0m]: xkb: Mod index 3 (name Mod1) got index 3
[1;32mDEBUG [0m]: xkb: Mod index 4 (name Mod2) got index 4
[1;32mDEBUG [0m]: xkb: Mod index 5 (name Mod3) got index 5
[1;32mDEBUG [0m]: xkb: Mod index 6 (name Mod4) got index 6
[1;32mDEBUG [0m]: xkb: Mod index 7 (name Mod5) got index 7
[1;32mDEBUG [0m]: Updating keymap fd for keyboard hl-virtual-keyboard-wtype
[1;32mDEBUG [0m]: Updated keymap fd to 91, keymap V1 to: 93
[1;32mDEBUG [0m]: Set the keyboard layout to us and variant to  for keyboard "hl-virtual-keyboard-wtype"
[1;32mDEBUG [0m]: New virtual keyboard created at 55a79f694860
[1;32mDEBUG [0m]: Updating keyboard 55a79f694860's translation state from a provided keymap
[1;32mDEBUG [0m]: Updating keymap fd for keyboard hl-virtual-keyboard-wtype
[1;32mDEBUG [0m]: Updated keymap fd to 91, keymap V1 to: 93
[1;32mDEBUG [0m]: Keyboard at 55a79f694860 removed
[1;32mDEBUG [0m]: Destroyed keyboard 55a79f694860
[1;32mDEBUG [0m]: [CWLSeatProtocol] New seat resource bound at 55a79fc35280
[1;32mDEBUG [0m]: [CVirtualKeyboardProtocol] New VKeyboard at id 5
[1;32mDEBUG [0m]: ApplyConfigToKeyboard for "hl-virtual-keyboard-wtype", hasconfig: 0
[1;32mDEBUG [0m]: Attempting to create a keymap for layout us with variant  (rules: , model: , options: )
[1;32mDEBUG [0m]: Updating keyboard 55a79f694860's translation state from a provided keymap
[1;32mDEBUG [0m]: xkb: LED index 0 (name Num Lock) got index 1
[1;32mDEBUG [0m]: xkb: LED index 1 (name Caps Lock) got index 0
[1;32mDEBUG [0m]: xkb: LED index 2 (name Scroll Lock) got index 2
[1;32mDEBUG [0m]: xkb: Mod index 0 (name Shift) got index 0
[1;32mDEBUG [0m]: xkb: Mod index 1 (name Lock) got index 1
[1;32mDEBUG [0m]: xkb: Mod index 2 (name Control) got index 2
[1;32mDEBUG [0m]: xkb: Mod index 3 (name Mod1) got index 3
[1;32mDEBUG [0m]: xkb: Mod index 4 (name Mod2) got index 4
[1;32mDEBUG [0m]: xkb: Mod index 5 (name Mod3) got index 5
[1;32mDEBUG [0m]: xkb: Mod index 6 (name Mod4) got index 6
[1;32mDEBUG [0m]: xkb: Mod index 7 (name Mod5) got index 7
[1;32mDEBUG [0m]: Updating keymap fd for keyboard hl-virtual-keyboard-wtype
[1;32mDEBUG [0m]: Updated keymap fd to 91, keymap V1 to: 93
[1;32mDEBUG [0m]: Set the keyboard layout to us and variant to  for keyboard "hl-virtual-keyboard-wtype"
[1;32mDEBUG [0m]: New virtual keyboard created at 55a79f694860
[1;32mDEBUG [0m]: Updating keyboard 55a79f694860's translation state from a provided keymap
[1;32mDEBUG [0m]: Updating keymap fd for keyboard hl-virtual-keyboard-wtype
[1;32mDEBUG [0m]: Updated keymap fd to 91, keymap V1 to: 93
[1;32mDEBUG [0m]: Keyboard at 55a79f694860 removed
[1;32mDEBUG [0m]: Destroyed keyboard 55a79f694860
[1;32mDEBUG [0m]: [CWLSeatProtocol] New seat resource bound at 55a79f67d170
[1;32mDEBUG [0m]: [CVirtualKeyboardProtocol] New VKeyboard at id 5
[1;32mDEBUG [0m]: ApplyConfigToKeyboard for "hl-virtual-keyboard-wtype", hasconfig: 0
[1;32mDEBUG [0m]: Attempting to create a keymap for layout us with variant  (rules: , model: , options: )
[1;32mDEBUG [0m]: Updating keyboard 55a79f694860's translation state from a provided keymap
[1;32mDEBUG [0m]: xkb: LED index 0 (name Num Lock) got index 1
[1;32mDEBUG [0m]: xkb: LED index 1 (name Caps Lock) got index 0
[1;32mDEBUG [0m]: xkb: LED index 2 (name Scroll Lock) got index 2
[1;32mDEBUG [0m]: xkb: Mod index 0 (name Shift) got index 0
[1;32mDEBUG [0m]: xkb: Mod index 1 (name Lock) got index 1
[1;32mDEBUG [0m]: xkb: Mod index 2 (name Control) got index 2
[1;32mDEBUG [0m]: xkb: Mod index 3 (name Mod1) got index 3
[1;32mDEBUG [0m]: xkb: Mod index 4 (name Mod2) got index 4
[1;32mDEBUG [0m]: xkb: Mod index 5 (name Mod3) got index 5
[1;32mDEBUG [0m]: xkb: Mod index 6 (name Mod4) got index 6
[1;32mDEBUG [0m]: xkb: Mod index 7 (name Mod5) got index 7
[1;32mDEBUG [0m]: Updating keymap fd for keyboard hl-virtual-keyboard-wtype
[1;32mDEBUG [0m]: Updated keymap fd to 91, keymap V1 to: 93
[1;32mDEBUG [0m]: Set the keyboard layout to us and variant to  for keyboard "hl-virtual-keyboard-wtype"
[1;32mDEBUG [0m]: New virtual keyboard created at 55a79f694860
[1;32mDEBUG [0m]: Updating keyboard 55a79f694860's translation state from a provided keymap
[1;32mDEBUG [0m]: Updating keymap fd for keyboard hl-virtual-keyboard-wtype
[1;32mDEBUG [0m]: Updated keymap fd to 91, keymap V1 to: 93
[1;32mDEBUG [0m]: Keyboard at 55a79f694860 removed
[1;32mDEBUG [0m]: Destroyed keyboard 55a79f694860
[1;32mDEBUG [0m]: [CWLSeatProtocol] New seat resource bound at 55a79e6820f0
[1;32mDEBUG [0m]: [CVirtualKeyboardProtocol] New VKeyboard at id 5
[1;32mDEBUG [0m]: ApplyConfigToKeyboard for "hl-virtual-keyboard-wtype", hasconfig: 0
[1;32mDEBUG [0m]: Attempting to create a keymap for layout us with variant  (rules: , model: , options: )
[1;32mDEBUG [0m]: Updating keyboard 55a79f694860's translation state from a provided keymap
[1;32mDEBUG [0m]: xkb: LED index 0 (name Num Lock) got index 1
[1;32mDEBUG [0m]: xkb: LED index 1 (name Caps Lock) got index 0
[1;32mDEBUG [0m]: xkb: LED index 2 (name Scroll Lock) got index 2
[1;32mDEBUG [0m]: xkb: Mod index 0 (name Shift) got index 0
[1;32mDEBUG [0m]: xkb: Mod index 1 (name Lock) got index 1
[1;32mDEBUG [0m]: xkb: Mod index 2 (name Control) got index 2
[1;32mDEBUG [0m]: xkb: Mod index 3 (name Mod1) got index 3
[1;32mDEBUG [0m]: xkb: Mod index 4 (name Mod2) got index 4
[1;32mDEBUG [0m]: xkb: Mod index 5 (name Mod3) got index 5
[1;32mDEBUG [0m]: xkb: Mod index 6 (name Mod4) got index 6
[1;32mDEBUG [0m]: xkb: Mod index 7 (name Mod5) got index 7
[1;32mDEBUG [0m]: Updating keymap fd for keyboard hl-virtual-keyboard-wtype
[1;32mDEBUG [0m]: Updated keymap fd to 91, keymap V1 to: 93
[1;32mDEBUG [0m]: Set the keyboard layout to us and variant to  for keyboard "hl-virtual-keyboard-wtype"
[1;32mDEBUG [0m]: New virtual keyboard created at 55a79f694860
[1;32mDEBUG [0m]: Updating keyboard 55a79f694860's translation state from a provided keymap
[1;32mDEBUG [0m]: Updating keymap fd for keyboard hl-virtual-keyboard-wtype
[1;32mDEBUG [0m]: Updated keymap fd to 91, keymap V1 to: 93
[1;32mDEBUG [0m]: Keyboard at 55a79f694860 removed
[1;32mDEBUG [0m]: Destroyed keyboard 55a79f694860
[1;32mDEBUG [0m]: [CWLSeatProtocol] New seat resource bound at 55a79f67b1c0
[1;32mDEBUG [0m]: [CVirtualKeyboardProtocol] New VKeyboard at id 5
[1;32mDEBUG [0m]: ApplyConfigToKeyboard for "hl-virtual-keyboard-wtype", hasconfig: 0
[1;32mDEBUG [0m]: Attempting to create a keymap for layout us with variant  (rules: , model: , options: )
[1;32mDEBUG [0m]: Updating keyboard 55a79f694860's translation state from a provided keymap
[1;32mDEBUG [0m]: xkb: LED index 0 (name Num Lock) got index 1
[1;32mDEBUG [0m]: xkb: LED index 1 (name Caps Lock) got index 0
[1;32mDEBUG [0m]: xkb: LED index 2 (name Scroll Lock) got index 2
[1;32mDEBUG [0m]: xkb: Mod index 0 (name Shift) got index 0
[1;32mDEBUG [0m]: xkb: Mod index 1 (name Lock) got index 1
[1;32mDEBUG [0m]: xkb: Mod index 2 (name Control) got index 2
[1;32mDEBUG [0m]: xkb: Mod index 3 (name Mod1) got index 3
[1;32mDEBUG [0m]: xkb: Mod index 4 (name Mod2) got index 4
[1;32mDEBUG [0m]: xkb: Mod index 5 (name Mod3) got index 5
[1;32mDEBUG [0m]: xkb: Mod index 6 (name Mod4) got index 6
[1;32mDEBUG [0m]: xkb: Mod index 7 (name Mod5) got index 7
[1;32mDEBUG [0m]: Updating keymap fd for keyboard hl-virtual-keyboard-wtype
[1;32mDEBUG [0m]: Updated keymap fd to 91, keymap V1 to: 93
[1;32mDEBUG [0m]: Set the keyboard layout to us and variant to  for keyboard "hl-virtual-keyboard-wtype"
[1;32mDEBUG [0m]: New virtual keyboard created at 55a79f694860
[1;32mDEBUG [0m]: Updating keyboard 55a79f694860's translation state from a provided keymap
[1;32mDEBUG [0m]: Updating keymap fd for keyboard hl-virtual-keyboard-wtype
[1;32mDEBUG [0m]: Updated keymap fd to 91, keymap V1 to: 93
[1;32mDEBUG [0m]: Keyboard at 55a79f694860 removed
[1;32mDEBUG [0m]: Destroyed keyboard 55a79f694860
[1;32mDEBUG [0m]: [CWLSeatProtocol] New seat resource bound at 55a79ff9ccf0
[1;32mDEBUG [0m]: [CVirtualKeyboardProtocol] New VKeyboard at id 5
[1;32mDEBUG [0m]: ApplyConfigToKeyboard for "hl-virtual-keyboard-wtype", hasconfig: 0
[1;32mDEBUG [0m]: Attempting to create a keymap for layout us with variant  (rules: , model: , options: )
[1;32mDEBUG [0m]: Updating keyboard 55a79f694860's translation state from a provided keymap
[1;32mDEBUG [0m]: xkb: LED index 0 (name Num Lock) got index 1
[1;32mDEBUG [0m]: xkb: LED index 1 (name Caps Lock) got index 0
[1;32mDEBUG [0m]: xkb: LED index 2 (name Scroll Lock) got index 2
[1;32mDEBUG [0m]: xkb: Mod index 0 (name Shift) got index 0
[1;32mDEBUG [0m]: xkb: Mod index 1 (name Lock) got index 1
[1;32mDEBUG [0m]: xkb: Mod index 2 (name Control) got index 2
[1;32mDEBUG [0m]: xkb: Mod index 3 (name Mod1) got index 3
[1;32mDEBUG [0m]: xkb: Mod index 4 (name Mod2) got index 4
[1;32mDEBUG [0m]: xkb: Mod index 5 (name Mod3) got index 5
[1;32mDEBUG [0m]: xkb: Mod index 6 (name Mod4) got index 6
[1;32mDEBUG [0m]: xkb: Mod index 7 (name Mod5) got index 7
[1;32mDEBUG [0m]: Updating keymap fd for keyboard hl-virtual-keyboard-wtype
[1;32mDEBUG [0m]: Updated keymap fd to 91, keymap V1 to: 93
[1;32mDEBUG [0m]: Set the keyboard layout to us and variant to  for keyboard "hl-virtual-keyboard-wtype"
[1;32mDEBUG [0m]: New virtual keyboard created at 55a79f694860
[1;32mDEBUG [0m]: Updating keyboard 55a79f694860's translation state from a provided keymap
[1;32mDEBUG [0m]: Updating keymap fd for keyboard hl-virtual-keyboard-wtype
[1;32mDEBUG [0m]: Updated keymap fd to 91, keymap V1 to: 93
[1;32mDEBUG [0m]: Keyboard at 55a79f694860 removed
[1;32mDEBUG [0m]: Destroyed keyboard 55a79f694860
[1;32mDEBUG [0m]: [CWLSeatProtocol] New seat resource bound at 55a79fc347f0
[1;32mDEBUG [0m]: [CVirtualKeyboardProtocol] New VKeyboard at id 5
[1;32mDEBUG [0m]: ApplyConfigToKeyboard for "hl-virtual-keyboard-wtype", hasconfig: 0
[1;32mDEBUG [0m]: Attempting to create a keymap for layout us with variant  (rules: , model: , options: )
[1;32mDEBUG [0m]: Updating keyboard 55a79f694860's translation state from a provided keymap
[1;32mDEBUG [0m]: xkb: LED index 0 (name Num Lock) got index 1
[1;32mDEBUG [0m]: xkb: LED index 1 (name Caps Lock) got index 0
[1;32mDEBUG [0m]: xkb: LED index 2 (name Scroll Lock) got index 2
[1;32mDEBUG [0m]: xkb: Mod index 0 (name Shift) got index 0
[1;32mDEBUG [0m]: xkb: Mod index 1 (name Lock) got index 1
[1;32mDEBUG [0m]: xkb: Mod index 2 (name Control) got index 2
[1;32mDEBUG [0m]: xkb: Mod index 3 (name Mod1) got index 3
[1;32mDEBUG [0m]: xkb: Mod index 4 (name Mod2) got index 4
[1;32mDEBUG [0m]: xkb: Mod index 5 (name Mod3) got index 5
[1;32mDEBUG [0m]: xkb: Mod index 6 (name Mod4) got index 6
[1;32mDEBUG [0m]: xkb: Mod index 7 (name Mod5) got index 7
[1;32mDEBUG [0m]: Updating keymap fd for keyboard hl-virtual-keyboard-wtype
[1;32mDEBUG [0m]: Updated keymap fd to 91, keymap V1 to: 93
[1;32mDEBUG [0m]: Set the keyboard layout to us and variant to  for keyboard "hl-virtual-keyboard-wtype"
[1;32mDEBUG [0m]: New virtual keyboard created at 55a79f694860
[1;32mDEBUG [0m]: Updating keyboard 55a79f694860's translation state from a provided keymap
[1;32mDEBUG [0m]: Updating keymap fd for keyboard hl-virtual-keyboard-wtype
[1;32mDEBUG [0m]: Updated keymap fd to 91, keymap V1 to: 93
[1;32mDEBUG [0m]: Keyboard at 55a79f694860 removed
[1;32mDEBUG [0m]: Destroyed keyboard 55a79f694860
[1;32mDEBUG [0m]: [CWLSeatProtocol] New seat resource bound at 55a79fda9c50
[1;32mDEBUG [0m]: [CVirtualKeyboardProtocol] New VKeyboard at id 5
[1;32mDEBUG [0m]: ApplyConfigToKeyboard for "hl-virtual-keyboard-wtype", hasconfig: 0
[1;32mDEBUG [0m]: Attempting to create a keymap for layout us with variant  (rules: , model: , options: )
[1;32mDEBUG [0m]: Updating keyboard 55a79f694860's translation state from a provided keymap
[1;32mDEBUG [0m]: xkb: LED index 0 (name Num Lock) got index 1
[1;32mDEBUG [0m]: xkb: LED index 1 (name Caps Lock) got index 0
[1;32mDEBUG [0m]: xkb: LED index 2 (name Scroll Lock) got index 2
[1;32mDEBUG [0m]: xkb: Mod index 0 (name Shift) got index 0
[1;32mDEBUG [0m]: xkb: Mod index 1 (name Lock) got index 1
[1;32mDEBUG [0m]: xkb: Mod index 2 (name Control) got index 2
[1;32mDEBUG [0m]: xkb: Mod index 3 (name Mod1) got index 3
[1;32mDEBUG [0m]: xkb: Mod index 4 (name Mod2) got index 4
[1;32mDEBUG [0m]: xkb: Mod index 5 (name Mod3) got index 5
[1;32mDEBUG [0m]: xkb: Mod index 6 (name Mod4) got index 6
[1;32mDEBUG [0m]: xkb: Mod index 7 (name Mod5) got index 7
[1;32mDEBUG [0m]: Updating keymap fd for keyboard hl-virtual-keyboard-wtype
[1;32mDEBUG [0m]: Updated keymap fd to 91, keymap V1 to: 93
[1;32mDEBUG [0m]: Set the keyboard layout to us and variant to  for keyboard "hl-virtual-keyboard-wtype"
[1;32mDEBUG [0m]: New virtual keyboard created at 55a79f694860
[1;32mDEBUG [0m]: Updating keyboard 55a79f694860's translation state from a provided keymap
[1;32mDEBUG [0m]: Updating keymap fd for keyboard hl-virtual-keyboard-wtype
[1;32mDEBUG [0m]: Updated keymap fd to 91, keymap V1 to: 93
[1;32mDEBUG [0m]: Keyboard at 55a79f694860 removed
[1;32mDEBUG [0m]: Destroyed keyboard 55a79f694860
[1;32mDEBUG [0m]: [CWLSeatProtocol] New seat resource bound at 55a79ff9c3e0
[1;32mDEBUG [0m]: [CVirtualKeyboardProtocol] New VKeyboard at id 5
[1;32mDEBUG [0m]: ApplyConfigToKeyboard for "hl-virtual-keyboard-wtype", hasconfig: 0
[1;32mDEBUG [0m]: Attempting to create a keymap for layout us with variant  (rules: , model: , options: )
[1;32mDEBUG [0m]: Updating keyboard 55a79f694860's translation state from a provided keymap
[1;32mDEBUG [0m]: xkb: LED index 0 (name Num Lock) got index 1
[1;32mDEBUG [0m]: xkb: LED index 1 (name Caps Lock) got index 0
[1;32mDEBUG [0m]: xkb: LED index 2 (name Scroll Lock) got index 2
[1;32mDEBUG [0m]: xkb: Mod index 0 (name Shift) got index 0
[1;32mDEBUG [0m]: xkb: Mod index 1 (name Lock) got index 1
[1;32mDEBUG [0m]: xkb: Mod index 2 (name Control) got index 2
[1;32mDEBUG [0m]: xkb: Mod index 3 (name Mod1) got index 3
[1;32mDEBUG [0m]: xkb: Mod index 4 (name Mod2) got index 4
[1;32mDEBUG [0m]: xkb: Mod index 5 (name Mod3) got index 5
[1;32mDEBUG [0m]: xkb: Mod index 6 (name Mod4) got index 6
[1;32mDEBUG [0m]: xkb: Mod index 7 (name Mod5) got index 7
[1;32mDEBUG [0m]: Updating keymap fd for keyboard hl-virtual-keyboard-wtype
[1;32mDEBUG [0m]: Updated keymap fd to 91, keymap V1 to: 93
[1;32mDEBUG [0m]: Set the keyboard layout to us and variant to  for keyboard "hl-virtual-keyboard-wtype"
[1;32mDEBUG [0m]: New virtual keyboard created at 55a79f694860
[1;32mDEBUG [0m]: Updating keyboard 55a79f694860's translation state from a provided keymap
[1;32mDEBUG [0m]: Updating keymap fd for keyboard hl-virtual-keyboard-wtype
[1;32mDEBUG [0m]: Updated keymap fd to 91, keymap V1 to: 93
[1;32mDEBUG [0m]: Keyboard at 55a79f694860 removed
[1;32mDEBUG [0m]: Destroyed keyboard 55a79f694860
[1;32mDEBUG [0m]: [CWLSeatProtocol] New seat resource bound at 55a79fbf3500
[1;32mDEBUG [0m]: [CVirtualKeyboardProtocol] New VKeyboard at id 5
[1;32mDEBUG [0m]: ApplyConfigToKeyboard for "hl-virtual-keyboard-wtype", hasconfig: 0
[1;32mDEBUG [0m]: Attempting to create a keymap for layout us with variant  (rules: , model: , options: )
[1;32mDEBUG [0m]: Updating keyboard 55a79f694860's translation state from a provided keymap
[1;32mDEBUG [0m]: xkb: LED index 0 (name Num Lock) got index 1
[1;32mDEBUG [0m]: xkb: LED index 1 (name Caps Lock) got index 0
[1;32mDEBUG [0m]: xkb: LED index 2 (name Scroll Lock) got index 2
[1;32mDEBUG [0m]: xkb: Mod index 0 (name Shift) got index 0
[1;32mDEBUG [0m]: xkb: Mod index 1 (name Lock) got index 1
[1;32mDEBUG [0m]: xkb: Mod index 2 (name Control) got index 2
[1;32mDEBUG [0m]: xkb: Mod index 3 (name Mod1) got index 3
[1;32mDEBUG [0m]: xkb: Mod index 4 (name Mod2) got index 4
[1;32mDEBUG [0m]: xkb: Mod index 5 (name Mod3) got index 5
[1;32mDEBUG [0m]: xkb: Mod index 6 (name Mod4) got index 6
[1;32mDEBUG [0m]: xkb: Mod index 7 (name Mod5) got index 7
[1;32mDEBUG [0m]: Updating keymap fd for keyboard hl-virtual-keyboard-wtype
[1;32mDEBUG [0m]: Updated keymap fd to 91, keymap V1 to: 93
[1;32mDEBUG [0m]: Set the keyboard layout to us and variant to  for keyboard "hl-virtual-keyboard-wtype"
[1;32mDEBUG [0m]: New virtual keyboard created at 55a79f694860
[1;32mDEBUG [0m]: Updating keyboard 55a79f694860's translation state from a provided keymap
[1;32mDEBUG [0m]: Updating keymap fd for keyboard hl-virtual-keyboard-wtype
[1;32mDEBUG [0m]: Updated keymap fd to 91, keymap V1 to: 93
[1;32mDEBUG [0m]: Keyboard at 55a79f694860 removed
[1;32mDEBUG [0m]: Destroyed keyboard 55a79f694860
[1;32mDEBUG [0m]: [CWLSeatProtocol] New seat resource bound at 55a79f75d3e0
[1;32mDEBUG [0m]: [CVirtualKeyboardProtocol] New VKeyboard at id 5
[1;32mDEBUG [0m]: ApplyConfigToKeyboard for "hl-virtual-keyboard-wtype", hasconfig: 0
[1;32mDEBUG [0m]: Attempting to create a keymap for layout us with variant  (rules: , model: , options: )
[1;32mDEBUG [0m]: Updating keyboard 55a79f694860's translation state from a provided keymap
[1;32mDEBUG [0m]: xkb: LED index 0 (name Num Lock) got index 1
[1;32mDEBUG [0m]: xkb: LED index 1 (name Caps Lock) got index 0
[1;32mDEBUG [0m]: xkb: LED index 2 (name Scroll Lock) got index 2
[1;32mDEBUG [0m]: xkb: Mod index 0 (name Shift) got index 0
[1;32mDEBUG [0m]: xkb: Mod index 1 (name Lock) got index 1
[1;32mDEBUG [0m]: xkb: Mod index 2 (name Control) got index 2
[1;32mDEBUG [0m]: xkb: Mod index 3 (name Mod1) got index 3
[1;32mDEBUG [0m]: xkb: Mod index 4 (name Mod2) got index 4
[1;32mDEBUG [0m]: xkb: Mod index 5 (name Mod3) got index 5
[1;32mDEBUG [0m]: xkb: Mod index 6 (name Mod4) got index 6
[1;32mDEBUG [0m]: xkb: Mod index 7 (name Mod5) got index 7
[1;32mDEBUG [0m]: Updating keymap fd for keyboard hl-virtual-keyboard-wtype
[1;32mDEBUG [0m]: Updated keymap fd to 91, keymap V1 to: 93
[1;32mDEBUG [0m]: Set the keyboard layout to us and variant to  for keyboard "hl-virtual-keyboard-wtype"
[1;32mDEBUG [0m]: New virtual keyboard created at 55a79f694860
[1;32mDEBUG [0m]: Updating keyboard 55a79f694860's translation state from a provided keymap
[1;32mDEBUG [0m]: Updating keymap fd for keyboard hl-virtual-keyboard-wtype
[1;32mDEBUG [0m]: Updated keymap fd to 91, keymap V1 to: 93
[1;32mDEBUG [0m]: Keyboard at 55a79f694860 removed
[1;32mDEBUG [0m]: Destroyed keyboard 55a79f694860
[1;32mDEBUG [0m]: [CWLSeatProtocol] New seat resource bound at 55a79fbf68a0
[1;32mDEBUG [0m]: [CVirtualKeyboardProtocol] New VKeyboard at id 5
[1;32mDEBUG [0m]: ApplyConfigToKeyboard for "hl-virtual-keyboard-wtype", hasconfig: 0
[1;32mDEBUG [0m]: Attempting to create a keymap for layout us with variant  (rules: , model: , options: )
[1;32mDEBUG [0m]: Updating keyboard 55a79f694860's translation state from a provided keymap
[1;32mDEBUG [0m]: xkb: LED index 0 (name Num Lock) got index 1
[1;32mDEBUG [0m]: xkb: LED index 1 (name Caps Lock) got index 0
[1;32mDEBUG [0m]: xkb: LED index 2 (name Scroll Lock) got index 2
[1;32mDEBUG [0m]: xkb: Mod index 0 (name Shift) got index 0
[1;32mDEBUG [0m]: xkb: Mod index 1 (name Lock) got index 1
[1;32mDEBUG [0m]: xkb: Mod index 2 (name Control) got index 2
[1;32mDEBUG [0m]: xkb: Mod index 3 (name Mod1) got index 3
[1;32mDEBUG [0m]: xkb: Mod index 4 (name Mod2) got index 4
[1;32mDEBUG [0m]: xkb: Mod index 5 (name Mod3) got index 5
[1;32mDEBUG [0m]: xkb: Mod index 6 (name Mod4) got index 6
[1;32mDEBUG [0m]: xkb: Mod index 7 (name Mod5) got index 7
[1;32mDEBUG [0m]: Updating keymap fd for keyboard hl-virtual-keyboard-wtype
[1;32mDEBUG [0m]: Updated keymap fd to 91, keymap V1 to: 93
[1;32mDEBUG [0m]: Set the keyboard layout to us and variant to  for keyboard "hl-virtual-keyboard-wtype"
[1;32mDEBUG [0m]: New virtual keyboard created at 55a79f694860
[1;32mDEBUG [0m]: Updating keyboard 55a79f694860's translation state from a provided keymap
[1;32mDEBUG [0m]: Updating keymap fd for keyboard hl-virtual-keyboard-wtype
[1;32mDEBUG [0m]: Updated keymap fd to 91, keymap V1 to: 93
[1;32mDEBUG [0m]: Keyboard at 55a79f694860 removed
[1;32mDEBUG [0m]: Destroyed keyboard 55a79f694860
[1;32mDEBUG [0m]: [CWLSeatProtocol] New seat resource bound at 55a79fb71f50
[1;32mDEBUG [0m]: [CVirtualKeyboardProtocol] New VKeyboard at id 5
[1;32mDEBUG [0m]: ApplyConfigToKeyboard for "hl-virtual-keyboard-wtype", hasconfig: 0
[1;32mDEBUG [0m]: Attempting to create a keymap for layout us with variant  (rules: , model: , options: )
[1;32mDEBUG [0m]: Updating keyboard 55a79f694860's translation state from a provided keymap
[1;32mDEBUG [0m]: xkb: LED index 0 (name Num Lock) got index 1
[1;32mDEBUG [0m]: xkb: LED index 1 (name Caps Lock) got index 0
[1;32mDEBUG [0m]: xkb: LED index 2 (name Scroll Lock) got index 2
[1;32mDEBUG [0m]: xkb: Mod index 0 (name Shift) got index 0
[1;32mDEBUG [0m]: xkb: Mod index 1 (name Lock) got index 1
[1;32mDEBUG [0m]: xkb: Mod index 2 (name Control) got index 2
[1;32mDEBUG [0m]: xkb: Mod index 3 (name Mod1) got index 3
[1;32mDEBUG [0m]: xkb: Mod index 4 (name Mod2) got index 4
[1;32mDEBUG [0m]: xkb: Mod index 5 (name Mod3) got index 5
[1;32mDEBUG [0m]: xkb: Mod index 6 (name Mod4) got index 6
[1;32mDEBUG [0m]: xkb: Mod index 7 (name Mod5) got index 7
[1;32mDEBUG [0m]: Updating keymap fd for keyboard hl-virtual-keyboard-wtype
[1;32mDEBUG [0m]: Updated keymap fd to 91, keymap V1 to: 93
[1;32mDEBUG [0m]: Set the keyboard layout to us and variant to  for keyboard "hl-virtual-keyboard-wtype"
[1;32mDEBUG [0m]: New virtual keyboard created at 55a79f694860
[1;32mDEBUG [0m]: Updating keyboard 55a79f694860's translation state from a provided keymap
[1;32mDEBUG [0m]: Updating keymap fd for keyboard hl-virtual-keyboard-wtype
[1;32mDEBUG [0m]: Updated keymap fd to 91, keymap V1 to: 93
[1;32mDEBUG [0m]: Keyboard at 55a79f694860 removed
[1;32mDEBUG [0m]: Destroyed keyboard 55a79f694860
[1;32mDEBUG [0m]: [CWLSeatProtocol] New seat resource bound at 55a79f716070
[1;32mDEBUG [0m]: [CVirtualKeyboardProtocol] New VKeyboard at id 5
[1;32mDEBUG [0m]: ApplyConfigToKeyboard for "hl-virtual-keyboard-wtype", hasconfig: 0
[1;32mDEBUG [0m]: Attempting to create a keymap for layout us with variant  (rules: , model: , options: )
[1;32mDEBUG [0m]: Updating keyboard 55a79f694860's translation state from a provided keymap
[1;32mDEBUG [0m]: xkb: LED index 0 (name Num Lock) got index 1
[1;32mDEBUG [0m]: xkb: LED index 1 (name Caps Lock) got index 0
[1;32mDEBUG [0m]: xkb: LED index 2 (name Scroll Lock) got index 2
[1;32mDEBUG [0m]: xkb: Mod index 0 (name Shift) got index 0
[1;32mDEBUG [0m]: xkb: Mod index 1 (name Lock) got index 1
[1;32mDEBUG [0m]: xkb: Mod index 2 (name Control) got index 2
[1;32mDEBUG [0m]: xkb: Mod index 3 (name Mod1) got index 3
[1;32mDEBUG [0m]: xkb: Mod index 4 (name Mod2) got index 4
[1;32mDEBUG [0m]: xkb: Mod index 5 (name Mod3) got index 5
[1;32mDEBUG [0m]: xkb: Mod index 6 (name Mod4) got index 6
[1;32mDEBUG [0m]: xkb: Mod index 7 (name Mod5) got index 7
[1;32mDEBUG [0m]: Updating keymap fd for keyboard hl-virtual-keyboard-wtype
[1;32mDEBUG [0m]: Updated keymap fd to 91, keymap V1 to: 93
[1;32mDEBUG [0m]: Set the keyboard layout to us and variant to  for keyboard "hl-virtual-keyboard-wtype"
[1;32mDEBUG [0m]: New virtual keyboard created at 55a79f694860
[1;32mDEBUG [0m]: Updating keyboard 55a79f694860's translation state from a provided keymap
[1;32mDEBUG [0m]: Updating keymap fd for keyboard hl-virtual-keyboard-wtype
[1;32mDEBUG [0m]: Updated keymap fd to 91, keymap V1 to: 93
[1;32mDEBUG [0m]: Keyboard at 55a79f694860 removed
[1;32mDEBUG [0m]: Destroyed keyboard 55a79f694860
[1;32mDEBUG [0m]: [CWLSeatProtocol] New seat resource bound at 55a79f8cd850
[1;32mDEBUG [0m]: [CVirtualKeyboardProtocol] New VKeyboard at id 5
[1;32mDEBUG [0m]: ApplyConfigToKeyboard for "hl-virtual-keyboard-wtype", hasconfig: 0
[1;32mDEBUG [0m]: Attempting to create a keymap for layout us with variant  (rules: , model: , options: )
[1;32mDEBUG [0m]: Updating keyboard 55a79f694860's translation state from a provided keymap
[1;32mDEBUG [0m]: xkb: LED index 0 (name Num Lock) got index 1
[1;32mDEBUG [0m]: xkb: LED index 1 (name Caps Lock) got index 0
[1;32mDEBUG [0m]: xkb: LED index 2 (name Scroll Lock) got index 2
[1;32mDEBUG [0m]: xkb: Mod index 0 (name Shift) got index 0
[1;32mDEBUG [0m]: xkb: Mod index 1 (name Lock) got index 1
[1;32mDEBUG [0m]: xkb: Mod index 2 (name Control) got index 2
[1;32mDEBUG [0m]: xkb: Mod index 3 (name Mod1) got index 3
[1;32mDEBUG [0m]: xkb: Mod index 4 (name Mod2) got index 4
[1;32mDEBUG [0m]: xkb: Mod index 5 (name Mod3) got index 5
[1;32mDEBUG [0m]: xkb: Mod index 6 (name Mod4) got index 6
[1;32mDEBUG [0m]: xkb: Mod index 7 (name Mod5) got index 7
[1;32mDEBUG [0m]: Updating keymap fd for keyboard hl-virtual-keyboard-wtype
[1;32mDEBUG [0m]: Updated keymap fd to 91, keymap V1 to: 93
[1;32mDEBUG [0m]: Set the keyboard layout to us and variant to  for keyboard "hl-virtual-keyboard-wtype"
[1;32mDEBUG [0m]: New virtual keyboard created at 55a79f694860
[1;32mDEBUG [0m]: Updating keyboard 55a79f694860's translation state from a provided keymap
[1;32mDEBUG [0m]: Updating keymap fd for keyboard hl-virtual-keyboard-wtype
[1;32mDEBUG [0m]: Updated keymap fd to 91, keymap V1 to: 93
[1;32mDEBUG [0m]: Keyboard at 55a79f694860 removed
[1;32mDEBUG [0m]: Destroyed keyboard 55a79f694860
[1;32mDEBUG [0m]: [CWLSeatProtocol] New seat resource bound at 55a79f8cd610
[1;32mDEBUG [0m]: [CVirtualKeyboardProtocol] New VKeyboard at id 5
[1;32mDEBUG [0m]: ApplyConfigToKeyboard for "hl-virtual-keyboard-wtype", hasconfig: 0
[1;32mDEBUG [0m]: Attempting to create a keymap for layout us with variant  (rules: , model: , options: )
[1;32mDEBUG [0m]: Updating keyboard 55a79f694860's translation state from a provided keymap
[1;32mDEBUG [0m]: xkb: LED index 0 (name Num Lock) got index 1
[1;32mDEBUG [0m]: xkb: LED index 1 (name Caps Lock) got index 0
[1;32mDEBUG [0m]: xkb: LED index 2 (name Scroll Lock) got index 2
[1;32mDEBUG [0m]: xkb: Mod index 0 (name Shift) got index 0
[1;32mDEBUG [0m]: xkb: Mod index 1 (name Lock) got index 1
[1;32mDEBUG [0m]: xkb: Mod index 2 (name Control) got index 2
[1;32mDEBUG [0m]: xkb: Mod index 3 (name Mod1) got index 3
[1;32mDEBUG [0m]: xkb: Mod index 4 (name Mod2) got index 4
[1;32mDEBUG [0m]: xkb: Mod index 5 (name Mod3) got index 5
[1;32mDEBUG [0m]: xkb: Mod index 6 (name Mod4) got index 6
[1;32mDEBUG [0m]: xkb: Mod index 7 (name Mod5) got index 7
[1;32mDEBUG [0m]: Updating keymap fd for keyboard hl-virtual-keyboard-wtype
[1;32mDEBUG [0m]: Updated keymap fd to 91, keymap V1 to: 93
[1;32mDEBUG [0m]: Set the keyboard layout to us and variant to  for keyboard "hl-virtual-keyboard-wtype"
[1;32mDEBUG [0m]: New virtual keyboard created at 55a79f694860
[1;32mDEBUG [0m]: Updating keyboard 55a79f694860's translation state from a provided keymap
[1;32mDEBUG [0m]: Updating keymap fd for keyboard hl-virtual-keyboard-wtype
[1;32mDEBUG [0m]: Updated keymap fd to 91, keymap V1 to: 93
[1;32mDEBUG [0m]: Keyboard at 55a79f694860 removed
[1;32mDEBUG [0m]: Destroyed keyboard 55a79f694860
[1;32mDEBUG [0m]: [CWLSeatProtocol] New seat resource bound at 55a79fd9edd0
[1;32mDEBUG [0m]: [CVirtualKeyboardProtocol] New VKeyboard at id 5
[1;32mDEBUG [0m]: ApplyConfigToKeyboard for "hl-virtual-keyboard-wtype", hasconfig: 0
[1;32mDEBUG [0m]: Attempting to create a keymap for layout us with variant  (rules: , model: , options: )
[1;32mDEBUG [0m]: Updating keyboard 55a79f694860's translation state from a provided keymap
[1;32mDEBUG [0m]: xkb: LED index 0 (name Num Lock) got index 1
[1;32mDEBUG [0m]: xkb: LED index 1 (name Caps Lock) got index 0
[1;32mDEBUG [0m]: xkb: LED index 2 (name Scroll Lock) got index 2
[1;32mDEBUG [0m]: xkb: Mod index 0 (name Shift) got index 0
[1;32mDEBUG [0m]: xkb: Mod index 1 (name Lock) got index 1
[1;32mDEBUG [0m]: xkb: Mod index 2 (name Control) got index 2
[1;32mDEBUG [0m]: xkb: Mod index 3 (name Mod1) got index 3
[1;32mDEBUG [0m]: xkb: Mod index 4 (name Mod2) got index 4
[1;32mDEBUG [0m]: xkb: Mod index 5 (name Mod3) got index 5
[1;32mDEBUG [0m]: xkb: Mod index 6 (name Mod4) got index 6
[1;32mDEBUG [0m]: xkb: Mod index 7 (name Mod5) got index 7
[1;32mDEBUG [0m]: Updating keymap fd for keyboard hl-virtual-keyboard-wtype
[1;32mDEBUG [0m]: Updated keymap fd to 91, keymap V1 to: 93
[1;32mDEBUG [0m]: Set the keyboard layout to us and variant to  for keyboard "hl-virtual-keyboard-wtype"
[1;32mDEBUG [0m]: New virtual keyboard created at 55a79f694860
[1;32mDEBUG [0m]: Updating keyboard 55a79f694860's translation state from a provided keymap
[1;32mDEBUG [0m]: Updating keymap fd for keyboard hl-virtual-keyboard-wtype
[1;32mDEBUG [0m]: Updated keymap fd to 91, keymap V1 to: 93
[1;32mDEBUG [0m]: Keyboard at 55a79f694860 removed
[1;32mDEBUG [0m]: Destroyed keyboard 55a79f694860
[1;32mDEBUG [0m]: [CWLSeatProtocol] New seat resource bound at 55a79f675140
[1;32mDEBUG [0m]: [CVirtualKeyboardProtocol] New VKeyboard at id 5
[1;32mDEBUG [0m]: ApplyConfigToKeyboard for "hl-virtual-keyboard-wtype", hasconfig: 0
[1;32mDEBUG [0m]: Attempting to create a keymap for layout us with variant  (rules: , model: , options: )
[1;32mDEBUG [0m]: Updating keyboard 55a79f694860's translation state from a provided keymap
[1;32mDEBUG [0m]: xkb: LED index 0 (name Num Lock) got index 1
[1;32mDEBUG [0m]: xkb: LED index 1 (name Caps Lock) got index 0
[1;32mDEBUG [0m]: xkb: LED index 2 (name Scroll Lock) got index 2
[1;32mDEBUG [0m]: xkb: Mod index 0 (name Shift) got index 0
[1;32mDEBUG [0m]: xkb: Mod index 1 (name Lock) got index 1
[1;32mDEBUG [0m]: xkb: Mod index 2 (name Control) got index 2
[1;32mDEBUG [0m]: xkb: Mod index 3 (name Mod1) got index 3
[1;32mDEBUG [0m]: xkb: Mod index 4 (name Mod2) got index 4
[1;32mDEBUG [0m]: xkb: Mod index 5 (name Mod3) got index 5
[1;32mDEBUG [0m]: xkb: Mod index 6 (name Mod4) got index 6
[1;32mDEBUG [0m]: xkb: Mod index 7 (name Mod5) got index 7
[1;32mDEBUG [0m]: Updating keymap fd for keyboard hl-virtual-keyboard-wtype
[1;32mDEBUG [0m]: Updated keymap fd to 91, keymap V1 to: 93
[1;32mDEBUG [0m]: Set the keyboard layout to us and variant to  for keyboard "hl-virtual-keyboard-wtype"
[1;32mDEBUG [0m]: New virtual keyboard created at 55a79f694860
[1;32mDEBUG [0m]: Updating keyboard 55a79f694860's translation state from a provided keymap
[1;32mDEBUG [0m]: Updating keymap fd for keyboard hl-virtual-keyboard-wtype
[1;32mDEBUG [0m]: Updated keymap fd to 91, keymap V1 to: 93
[1;32mDEBUG [0m]: Keyboard at 55a79f694860 removed
[1;32mDEBUG [0m]: Destroyed keyboard 55a79f694860
[1;32mDEBUG [0m]: [CWLSeatProtocol] New seat resource bound at 55a79fd21c50
[1;32mDEBUG [0m]: [CVirtualKeyboardProtocol] New VKeyboard at id 5
[1;32mDEBUG [0m]: ApplyConfigToKeyboard for "hl-virtual-keyboard-wtype", hasconfig: 0
[1;32mDEBUG [0m]: Attempting to create a keymap for layout us with variant  (rules: , model: , options: )
[1;32mDEBUG [0m]: Updating keyboard 55a79f694860's translation state from a provided keymap
[1;32mDEBUG [0m]: xkb: LED index 0 (name Num Lock) got index 1
[1;32mDEBUG [0m]: xkb: LED index 1 (name Caps Lock) got index 0
[1;32mDEBUG [0m]: xkb: LED index 2 (name Scroll Lock) got index 2
[1;32mDEBUG [0m]: xkb: Mod index 0 (name Shift) got index 0
[1;32mDEBUG [0m]: xkb: Mod index 1 (name Lock) got index 1
[1;32mDEBUG [0m]: xkb: Mod index 2 (name Control) got index 2
[1;32mDEBUG [0m]: xkb: Mod index 3 (name Mod1) got index 3
[1;32mDEBUG [0m]: xkb: Mod index 4 (name Mod2) got index 4
[1;32mDEBUG [0m]: xkb: Mod index 5 (name Mod3) got index 5
[1;32mDEBUG [0m]: xkb: Mod index 6 (name Mod4) got index 6
[1;32mDEBUG [0m]: xkb: Mod index 7 (name Mod5) got index 7
[1;32mDEBUG [0m]: Updating keymap fd for keyboard hl-virtual-keyboard-wtype
[1;32mDEBUG [0m]: Updated keymap fd to 91, keymap V1 to: 93
[1;32mDEBUG [0m]: Set the keyboard layout to us and variant to  for keyboard "hl-virtual-keyboard-wtype"
[1;32mDEBUG [0m]: New virtual keyboard created at 55a79f694860
[1;32mDEBUG [0m]: Updating keyboard 55a79f694860's translation state from a provided keymap
[1;32mDEBUG [0m]: Updating keymap fd for keyboard hl-virtual-keyboard-wtype
[1;32mDEBUG [0m]: Updated keymap fd to 91, keymap V1 to: 93
[1;32mDEBUG [0m]: Keyboard at 55a79f694860 removed
[1;32mDEBUG [0m]: Destroyed keyboard 55a79f694860
[1;32mDEBUG [0m]: [CWLSeatProtocol] New seat resource bound at 55a79f702480
[1;32mDEBUG [0m]: [CVirtualKeyboardProtocol] New VKeyboard at id 5
[1;32mDEBUG [0m]: ApplyConfigToKeyboard for "hl-virtual-keyboard-wtype", hasconfig: 0
[1;32mDEBUG [0m]: Attempting to create a keymap for layout us with variant  (rules: , model: , options: )
[1;32mDEBUG [0m]: Updating keyboard 55a79f694860's translation state from a provided keymap
[1;32mDEBUG [0m]: xkb: LED index 0 (name Num Lock) got index 1
[1;32mDEBUG [0m]: xkb: LED index 1 (name Caps Lock) got index 0
[1;32mDEBUG [0m]: xkb: LED index 2 (name Scroll Lock) got index 2
[1;32mDEBUG [0m]: xkb: Mod index 0 (name Shift) got index 0
[1;32mDEBUG [0m]: xkb: Mod index 1 (name Lock) got index 1
[1;32mDEBUG [0m]: xkb: Mod index 2 (name Control) got index 2
[1;32mDEBUG [0m]: xkb: Mod index 3 (name Mod1) got index 3
[1;32mDEBUG [0m]: xkb: Mod index 4 (name Mod2) got index 4
[1;32mDEBUG [0m]: xkb: Mod index 5 (name Mod3) got index 5
[1;32mDEBUG [0m]: xkb: Mod index 6 (name Mod4) got index 6
[1;32mDEBUG [0m]: xkb: Mod index 7 (name Mod5) got index 7
[1;32mDEBUG [0m]: Updating keymap fd for keyboard hl-virtual-keyboard-wtype
[1;32mDEBUG [0m]: Updated keymap fd to 91, keymap V1 to: 93
[1;32mDEBUG [0m]: Set the keyboard layout to us and variant to  for keyboard "hl-virtual-keyboard-wtype"
[1;32mDEBUG [0m]: New virtual keyboard created at 55a79f694860
[1;32mDEBUG [0m]: Updating keyboard 55a79f694860's translation state from a provided keymap
[1;32mDEBUG [0m]: Updating keymap fd for keyboard hl-virtual-keyboard-wtype
[1;32mDEBUG [0m]: Updated keymap fd to 91, keymap V1 to: 93
[1;32mDEBUG [0m]: Keyboard at 55a79f694860 removed
[1;32mDEBUG [0m]: Destroyed keyboard 55a79f694860
[1;32mDEBUG [0m]: Hyprctl: new connection from pid 611
[1;32mDEBUG [0m]: Hyprctl: new connection from pid 612
[1;32mDEBUG [0m]: [CForeignToplevelList] Newly mapped window gets an identifier of 18000000
[1;32mDEBUG [0m]: [CScreencopyProtocol] Bound client successfully!
[1;32mDEBUG [0m]: [CXDGOutputProtocol] New xdg_output for HEADLESS-1: client 55a79fffe9a0 (not xwayland)
[1;32mDEBUG [0m]: [CXDGOutputProtocol] New xdg_output for WAYLAND-1: client 55a79fffe9a0 (not xwayland)
[1;32mDEBUG [0m]: [COutputImageCaptureSourceProtocol] New capture source for monitor: HEADLESS-1
[1;32mDEBUG [0m]: [CImageCopyCaptureProtocol] New image copy capture session for source (monitor): "HEADLESS-1"
[1;32mDEBUG [0m]: Framebuffer "Monitor HEADLESS-1 mirror FB" created, status 36053
[1;32mDEBUG [0m]: Framebuffer "" created, status 36053
[1;32mDEBUG [0m]: [Screenshare] Started screenshare session for (monitor): HEADLESS-1
[1;32mDEBUG [0m]: [Screenshare] Stopped screenshare session for (monitor): HEADLESS-1
[1;32mDEBUG [0m]: [CWLSeatProtocol] New seat resource bound at 55a79fc35150
[1;32mDEBUG [0m]: [CVirtualKeyboardProtocol] New VKeyboard at id 5
[1;32mDEBUG [0m]: ApplyConfigToKeyboard for "hl-virtual-keyboard-wtype", hasconfig: 0
[1;32mDEBUG [0m]: Attempting to create a keymap for layout us with variant  (rules: , model: , options: )
[1;32mDEBUG [0m]: Updating keyboard 55a79f694860's translation state from a provided keymap
[1;32mDEBUG [0m]: xkb: LED index 0 (name Num Lock) got index 1
[1;32mDEBUG [0m]: xkb: LED index 1 (name Caps Lock) got index 0
[1;32mDEBUG [0m]: xkb: LED index 2 (name Scroll Lock) got index 2
[1;32mDEBUG [0m]: xkb: Mod index 0 (name Shift) got index 0
[1;32mDEBUG [0m]: xkb: Mod index 1 (name Lock) got index 1
[1;32mDEBUG [0m]: xkb: Mod index 2 (name Control) got index 2
[1;32mDEBUG [0m]: xkb: Mod index 3 (name Mod1) got index 3
[1;32mDEBUG [0m]: xkb: Mod index 4 (name Mod2) got index 4
[1;32mDEBUG [0m]: xkb: Mod index 5 (name Mod3) got index 5
[1;32mDEBUG [0m]: xkb: Mod index 6 (name Mod4) got index 6
[1;32mDEBUG [0m]: xkb: Mod index 7 (name Mod5) got index 7
[1;32mDEBUG [0m]: Updating keymap fd for keyboard hl-virtual-keyboard-wtype
[1;32mDEBUG [0m]: Updated keymap fd to 90, keymap V1 to: 93
[1;32mDEBUG [0m]: Set the keyboard layout to us and variant to  for keyboard "hl-virtual-keyboard-wtype"
[1;32mDEBUG [0m]: New virtual keyboard created at 55a79f694860
[1;32mDEBUG [0m]: Updating keyboard 55a79f694860's translation state from a provided keymap
[1;32mDEBUG [0m]: Updating keymap fd for keyboard hl-virtual-keyboard-wtype
[1;32mDEBUG [0m]: Updated keymap fd to 90, keymap V1 to: 93
[1;32mDEBUG [0m]: [CWLCompositorResource] New wl_region with id 94 at 55a79f75daa0
[1;32mDEBUG [0m]: [CWLCompositorResource] New wl_region with id 97 at 55a79fce8f30
[1;32mDEBUG [0m]: [CWLCompositorResource] New wl_region with id 94 at 55a79fce8f30
[1;32mDEBUG [0m]: [CLinuxDMABUFParamsResource] Creating a dmabuf, with id 94: size [Vector2D: x: 368, y: 130], fmt AR24, planes 1
[1;32mDEBUG [0m]: [CLinuxDMABUFParamsResource]  | plane 0: mod 72057594037927952 fd 81 stride 1536 offset 0
[1;32mDEBUG [0m]: Keyboard at 55a79f694860 removed
[1;32mDEBUG [0m]: Destroyed keyboard 55a79f694860
[1;32mDEBUG [0m]: [CLinuxDMABUFParamsResource] Creating a dmabuf, with id 85: size [Vector2D: x: 368, y: 130], fmt AR24, planes 1
[1;32mDEBUG [0m]: [CLinuxDMABUFParamsResource]  | plane 0: mod 72057594037927952 fd 79 stride 1536 offset 0
[1;32mDEBUG [0m]: [CWLSeatProtocol] New seat resource bound at 55a79f4e8c60
[1;32mDEBUG [0m]: [CVirtualKeyboardProtocol] New VKeyboard at id 5
[1;32mDEBUG [0m]: ApplyConfigToKeyboard for "hl-virtual-keyboard-wtype", hasconfig: 0
[1;32mDEBUG [0m]: Attempting to create a keymap for layout us with variant  (rules: , model: , options: )
[1;32mDEBUG [0m]: Updating keyboard 55a79f694860's translation state from a provided keymap
[1;32mDEBUG [0m]: xkb: LED index 0 (name Num Lock) got index 1
[1;32mDEBUG [0m]: xkb: LED index 1 (name Caps Lock) got index 0
[1;32mDEBUG [0m]: xkb: LED index 2 (name Scroll Lock) got index 2
[1;32mDEBUG [0m]: xkb: Mod index 0 (name Shift) got index 0
[1;32mDEBUG [0m]: xkb: Mod index 1 (name Lock) got index 1
[1;32mDEBUG [0m]: xkb: Mod index 2 (name Control) got index 2
[1;32mDEBUG [0m]: xkb: Mod index 3 (name Mod1) got index 3
[1;32mDEBUG [0m]: xkb: Mod index 4 (name Mod2) got index 4
[1;32mDEBUG [0m]: xkb: Mod index 5 (name Mod3) got index 5
[1;32mDEBUG [0m]: xkb: Mod index 6 (name Mod4) got index 6
[1;32mDEBUG [0m]: xkb: Mod index 7 (name Mod5) got index 7
[1;32mDEBUG [0m]: Updating keymap fd for keyboard hl-virtual-keyboard-wtype
[1;32mDEBUG [0m]: Updated keymap fd to 89, keymap V1 to: 91
[1;32mDEBUG [0m]: Set the keyboard layout to us and variant to  for keyboard "hl-virtual-keyboard-wtype"
[1;32mDEBUG [0m]: New virtual keyboard created at 55a79f694860
[1;32mDEBUG [0m]: Updating keyboard 55a79f694860's translation state from a provided keymap
[1;32mDEBUG [0m]: Updating keymap fd for keyboard hl-virtual-keyboard-wtype
[1;32mDEBUG [0m]: Updated keymap fd to 89, keymap V1 to: 91
[1;32mDEBUG [0m]: [CLinuxDMABUFParamsResource] Creating a dmabuf, with id 91: size [Vector2D: x: 368, y: 310], fmt AR24, planes 1
[1;32mDEBUG [0m]: [CLinuxDMABUFParamsResource]  | plane 0: mod 72057594037927952 fd 82 stride 1536 offset 0
[1;32mDEBUG [0m]: Keyboard at 55a79f694860 removed
[1;32mDEBUG [0m]: Destroyed keyboard 55a79f694860
[1;32mDEBUG [0m]: [CWLSeatProtocol] New seat resource bound at 55a79f700c90
[1;32mDEBUG [0m]: [CVirtualKeyboardProtocol] New VKeyboard at id 5
[1;32mDEBUG [0m]: ApplyConfigToKeyboard for "hl-virtual-keyboard-wtype", hasconfig: 0
[1;32mDEBUG [0m]: Attempting to create a keymap for layout us with variant  (rules: , model: , options: )
[1;32mDEBUG [0m]: Updating keyboard 55a79f694860's translation state from a provided keymap
[1;32mDEBUG [0m]: xkb: LED index 0 (name Num Lock) got index 1
[1;32mDEBUG [0m]: xkb: LED index 1 (name Caps Lock) got index 0
[1;32mDEBUG [0m]: xkb: LED index 2 (name Scroll Lock) got index 2
[1;32mDEBUG [0m]: xkb: Mod index 0 (name Shift) got index 0
[1;32mDEBUG [0m]: xkb: Mod index 1 (name Lock) got index 1
[1;32mDEBUG [0m]: xkb: Mod index 2 (name Control) got index 2
[1;32mDEBUG [0m]: xkb: Mod index 3 (name Mod1) got index 3
[1;32mDEBUG [0m]: xkb: Mod index 4 (name Mod2) got index 4
[1;32mDEBUG [0m]: xkb: Mod index 5 (name Mod3) got index 5
[1;32mDEBUG [0m]: xkb: Mod index 6 (name Mod4) got index 6
[1;32mDEBUG [0m]: xkb: Mod index 7 (name Mod5) got index 7
[1;32mDEBUG [0m]: Updating keymap fd for keyboard hl-virtual-keyboard-wtype
[1;32mDEBUG [0m]: Updated keymap fd to 90, keymap V1 to: 93
[1;32mDEBUG [0m]: Set the keyboard layout to us and variant to  for keyboard "hl-virtual-keyboard-wtype"
[1;32mDEBUG [0m]: New virtual keyboard created at 55a79f694860
[1;32mDEBUG [0m]: Updating keyboard 55a79f694860's translation state from a provided keymap
[1;32mDEBUG [0m]: Updating keymap fd for keyboard hl-virtual-keyboard-wtype
[1;32mDEBUG [0m]: Updated keymap fd to 90, keymap V1 to: 93
[1;32mDEBUG [0m]: [CWLCompositorResource] New wl_region with id 99 at 55a79fc41a20
[1;32mDEBUG [0m]: [CWLCompositorResource] New wl_region with id 94 at 55a79fc41a20
[1;32mDEBUG [0m]: [CLinuxDMABUFParamsResource] Creating a dmabuf, with id 101: size [Vector2D: x: 368, y: 310], fmt AR24, planes 1
[1;32mDEBUG [0m]: [CLinuxDMABUFParamsResource]  | plane 0: mod 72057594037927952 fd 81 stride 1536 offset 0
[1;32mDEBUG [0m]: [CLinuxDMABUFParamsResource] Creating a dmabuf, with id 83: size [Vector2D: x: 368, y: 178], fmt AR24, planes 1
[1;32mDEBUG [0m]: [CLinuxDMABUFParamsResource]  | plane 0: mod 72057594037927952 fd 83 stride 1536 offset 0
[1;32mDEBUG [0m]: Keyboard at 55a79f694860 removed
[1;32mDEBUG [0m]: Destroyed keyboard 55a79f694860
[1;32mDEBUG [0m]: Hyprctl: new connection from pid 625
[1;32mDEBUG [0m]: Hyprctl: new connection from pid 626
[1;32mDEBUG [0m]: [CForeignToplevelList] Newly mapped window gets an identifier of 18000000
[1;32mDEBUG [0m]: [CScreencopyProtocol] Bound client successfully!
[1;32mDEBUG [0m]: [CXDGOutputProtocol] New xdg_output for HEADLESS-1: client 55a79fffe9a0 (not xwayland)
[1;32mDEBUG [0m]: [CXDGOutputProtocol] New xdg_output for WAYLAND-1: client 55a79fffe9a0 (not xwayland)
[1;32mDEBUG [0m]: [COutputImageCaptureSourceProtocol] New capture source for monitor: HEADLESS-1
[1;32mDEBUG [0m]: [CImageCopyCaptureProtocol] New image copy capture session for source (monitor): "HEADLESS-1"
[1;32mDEBUG [0m]: Framebuffer "Monitor HEADLESS-1 mirror FB" created, status 36053
[1;32mDEBUG [0m]: Framebuffer "" created, status 36053
[1;32mDEBUG [0m]: [Screenshare] Started screenshare session for (monitor): HEADLESS-1
[1;32mDEBUG [0m]: [Screenshare] Stopped screenshare session for (monitor): HEADLESS-1
[1;32mDEBUG [0m]: [CWLSeatProtocol] New seat resource bound at 55a79fd9ec60
[1;32mDEBUG [0m]: [CVirtualKeyboardProtocol] New VKeyboard at id 5
[1;32mDEBUG [0m]: ApplyConfigToKeyboard for "hl-virtual-keyboard-wtype", hasconfig: 0
[1;32mDEBUG [0m]: Attempting to create a keymap for layout us with variant  (rules: , model: , options: )
[1;32mDEBUG [0m]: Updating keyboard 55a79f694860's translation state from a provided keymap
[1;32mDEBUG [0m]: xkb: LED index 0 (name Num Lock) got index 1
[1;32mDEBUG [0m]: xkb: LED index 1 (name Caps Lock) got index 0
[1;32mDEBUG [0m]: xkb: LED index 2 (name Scroll Lock) got index 2
[1;32mDEBUG [0m]: xkb: Mod index 0 (name Shift) got index 0
[1;32mDEBUG [0m]: xkb: Mod index 1 (name Lock) got index 1
[1;32mDEBUG [0m]: xkb: Mod index 2 (name Control) got index 2
[1;32mDEBUG [0m]: xkb: Mod index 3 (name Mod1) got index 3
[1;32mDEBUG [0m]: xkb: Mod index 4 (name Mod2) got index 4
[1;32mDEBUG [0m]: xkb: Mod index 5 (name Mod3) got index 5
[1;32mDEBUG [0m]: xkb: Mod index 6 (name Mod4) got index 6
[1;32mDEBUG [0m]: xkb: Mod index 7 (name Mod5) got index 7
[1;32mDEBUG [0m]: Updating keymap fd for keyboard hl-virtual-keyboard-wtype
[1;32mDEBUG [0m]: Updated keymap fd to 90, keymap V1 to: 93
[1;32mDEBUG [0m]: Set the keyboard layout to us and variant to  for keyboard "hl-virtual-keyboard-wtype"
[1;32mDEBUG [0m]: New virtual keyboard created at 55a79f694860
[1;32mDEBUG [0m]: Updating keyboard 55a79f694860's translation state from a provided keymap
[1;32mDEBUG [0m]: Updating keymap fd for keyboard hl-virtual-keyboard-wtype
[1;32mDEBUG [0m]: Updated keymap fd to 90, keymap V1 to: 93
[1;32mDEBUG [0m]: [CWLCompositorResource] New wl_region with id 98 at 55a79f8cbed0
[1;32mDEBUG [0m]: [CLinuxDMABUFParamsResource] Creating a dmabuf, with id 84: size [Vector2D: x: 368, y: 178], fmt AR24, planes 1
[1;32mDEBUG [0m]: [CLinuxDMABUFParamsResource]  | plane 0: mod 72057594037927952 fd 88 stride 1536 offset 0
[1;32mDEBUG [0m]: Keyboard at 55a79f694860 removed
[1;32mDEBUG [0m]: Destroyed keyboard 55a79f694860
[1;32mDEBUG [0m]: [CLinuxDMABUFParamsResource] Creating a dmabuf, with id 97: size [Vector2D: x: 368, y: 130], fmt AR24, planes 1
[1;32mDEBUG [0m]: [CLinuxDMABUFParamsResource]  | plane 0: mod 72057594037927952 fd 77 stride 1536 offset 0
[1;32mDEBUG [0m]: [CLinuxDMABUFParamsResource] Creating a dmabuf, with id 85: size [Vector2D: x: 368, y: 130], fmt AR24, planes 1
[1;32mDEBUG [0m]: [CLinuxDMABUFParamsResource]  | plane 0: mod 72057594037927952 fd 79 stride 1536 offset 0
[1;32mDEBUG [0m]: LayerSurface 55a79f6165b0 destroyed
[1;32mDEBUG [0m]: Forcing an unmap of a LS that did a straight destroy!
[1;32mDEBUG [0m]: LayerSurface 55a79f6165b0 unmapped
[1;32mDEBUG [0m]: renderer: making a snapshot of layer 55a79f7fb530
[1;32mDEBUG [0m]: Framebuffer "layer snapshot" created, status 36053
[1;32mDEBUG [0m]: renderer: cleared a snapshot of layer 55a79f7fb530
[1;32mDEBUG [0m]: renderer: rendered a snapshot of layer 55a79f7fb530
[1;32mDEBUG [0m]: renderer: made a snapshot of layer 55a79f7fb530
[1;32mDEBUG [0m]: CWLSurface 55a79f98f470 called destroy()
[1;32mDEBUG [0m]: Cleanup: removed 1 fadeouts
[1;32mDEBUG [0m]: [Window 55a79f65e6c0: title: "Putkin private input test", class: org.quickshell] unmapped
[1;32mDEBUG [0m]: Removing last node (dwindle)
[1;33mWARN [0m]: ITarget: assignToSpace with a null space?
[1;32mDEBUG [0m]: Unmapped was not focused, ignoring a refocus.
[1;32mDEBUG [0m]: Destroying workspace ID 2
[1;32mDEBUG [0m]: [Window 55a79f65e6c0: title: "Putkin private input test", class: org.quickshell] destroyed, queueing.
[1;32mDEBUG [0m]: CWLSurface 55a79f515070 called destroy()
[1;32mDEBUG [0m]: Hyprctl: new connection from pid 637
[1;32mDEBUG [0m]: Hyprctl: keyword debug:disable_scale_checks : true
[1;32mDEBUG [0m]: Hyprctl: new connection from pid 642
[1;32mDEBUG [0m]: Hyprctl: keyword monitor : HEADLESS-1,1920x1080@60,2000x0,1
[1;32mDEBUG [0m]: ApplyConfigToKeyboard for "wl_keyboard", hasconfig: 0
[1;32mDEBUG [0m]: Not applying config to keyboard, it did not change.
[1;33mWARN [0m]: No rule found for WAYLAND-1, trying to use the first.
[1;32mDEBUG [0m]: Hyprctl: new connection from pid 643
[1;32mDEBUG [0m]: Hyprctl: new connection from pid 644
[1;32mDEBUG [0m]: Hyprctl: dispatcher focusmonitor : HEADLESS-1
[1;32mDEBUG [0m]: [CWLCompositorResource] New wl_surface with id 97 at 55a79fc830d0
[1;32mDEBUG [0m]: [CWLCompositorResource] New wl_surface with id 85 at 55a79fc830d0
[1;32mDEBUG [0m]: [CPrimarySelectionProtocol] CPrimarySelectionProtocol::updateSelection: cannot send selection to a client without a data_device
[1;32mDEBUG [0m]: CWLSurface 55a79fd40460 called init()
[1;32mDEBUG [0m]: LayerSurface 55a79f6165b0 (namespace putkin-panel layer 3) created on monitor HEADLESS-1
[1;32mDEBUG [0m]: [CLayerShellProtocol] New wlr_layer_surface 55a79f6165b0
[1;32mDEBUG [0m]: cursorImage request: shape 1 -> default
[1;32mDEBUG [0m]: [CWLCompositorResource] New wl_region with id 97 at 55a79fff99d0
[1;32mDEBUG [0m]: [CWLCompositorResource] New wl_region with id 83 at 55a79fff99d0
[1;32mDEBUG [0m]: [CLinuxDMABUFParamsResource] Creating a dmabuf, with id 94: size [Vector2D: x: 368, y: 64], fmt AR24, planes 1
[1;32mDEBUG [0m]: [CLinuxDMABUFParamsResource]  | plane 0: mod 72057594037927952 fd 77 stride 1536 offset 0
[1;32mDEBUG [0m]: LayerSurface 55a79f6165b0 mapped
[1;32mDEBUG [0m]: [CLinuxDMABUFParamsResource] Creating a dmabuf, with id 98: size [Vector2D: x: 368, y: 64], fmt AR24, planes 1
[1;32mDEBUG [0m]: [CLinuxDMABUFParamsResource]  | plane 0: mod 72057594037927952 fd 80 stride 1536 offset 0
[1;32mDEBUG [0m]: [CLinuxDMABUFParamsResource] Creating a dmabuf, with id 101: size [Vector2D: x: 368, y: 1058], fmt AR24, planes 1
[1;32mDEBUG [0m]: [CLinuxDMABUFParamsResource]  | plane 0: mod 72057594037927952 fd 83 stride 1536 offset 0
[1;32mDEBUG [0m]: [CWLSeatProtocol] New seat resource bound at 55a79f8cd610
[1;32mDEBUG [0m]: [CVirtualKeyboardProtocol] New VKeyboard at id 5
[1;32mDEBUG [0m]: ApplyConfigToKeyboard for "hl-virtual-keyboard-wtype", hasconfig: 0
[1;32mDEBUG [0m]: Attempting to create a keymap for layout us with variant  (rules: , model: , options: )
[1;32mDEBUG [0m]: Updating keyboard 55a79f694860's translation state from a provided keymap
[1;32mDEBUG [0m]: xkb: LED index 0 (name Num Lock) got index 1
[1;32mDEBUG [0m]: xkb: LED index 1 (name Caps Lock) got index 0
[1;32mDEBUG [0m]: xkb: LED index 2 (name Scroll Lock) got index 2
[1;32mDEBUG [0m]: xkb: Mod index 0 (name Shift) got index 0
[1;32mDEBUG [0m]: xkb: Mod index 1 (name Lock) got index 1
[1;32mDEBUG [0m]: xkb: Mod index 2 (name Control) got index 2
[1;32mDEBUG [0m]: xkb: Mod index 3 (name Mod1) got index 3
[1;32mDEBUG [0m]: xkb: Mod index 4 (name Mod2) got index 4
[1;32mDEBUG [0m]: xkb: Mod index 5 (name Mod3) got index 5
[1;32mDEBUG [0m]: xkb: Mod index 6 (name Mod4) got index 6
[1;32mDEBUG [0m]: xkb: Mod index 7 (name Mod5) got index 7
[1;32mDEBUG [0m]: Updating keymap fd for keyboard hl-virtual-keyboard-wtype
[1;32mDEBUG [0m]: Updated keymap fd to 91, keymap V1 to: 93
[1;32mDEBUG [0m]: Set the keyboard layout to us and variant to  for keyboard "hl-virtual-keyboard-wtype"
[1;32mDEBUG [0m]: New virtual keyboard created at 55a79f694860
[1;32mDEBUG [0m]: Updating keyboard 55a79f694860's translation state from a provided keymap
[1;32mDEBUG [0m]: Updating keymap fd for keyboard hl-virtual-keyboard-wtype
[1;32mDEBUG [0m]: Updated keymap fd to 91, keymap V1 to: 93
[1;32mDEBUG [0m]: [CLinuxDMABUFParamsResource] Creating a dmabuf, with id 83: size [Vector2D: x: 368, y: 1058], fmt AR24, planes 1
[1;32mDEBUG [0m]: [CLinuxDMABUFParamsResource]  | plane 0: mod 72057594037927952 fd 89 stride 1536 offset 0
[1;32mDEBUG [0m]: Keyboard at 55a79f694860 removed
[1;32mDEBUG [0m]: Destroyed keyboard 55a79f694860
[1;32mDEBUG [0m]: [CWLSeatProtocol] New seat resource bound at 55a79f639350
[1;32mDEBUG [0m]: [CVirtualKeyboardProtocol] New VKeyboard at id 5
[1;32mDEBUG [0m]: ApplyConfigToKeyboard for "hl-virtual-keyboard-wtype", hasconfig: 0
[1;32mDEBUG [0m]: Attempting to create a keymap for layout us with variant  (rules: , model: , options: )
[1;32mDEBUG [0m]: Updating keyboard 55a79f694860's translation state from a provided keymap
[1;32mDEBUG [0m]: xkb: LED index 0 (name Num Lock) got index 1
[1;32mDEBUG [0m]: xkb: LED index 1 (name Caps Lock) got index 0
[1;32mDEBUG [0m]: xkb: LED index 2 (name Scroll Lock) got index 2
[1;32mDEBUG [0m]: xkb: Mod index 0 (name Shift) got index 0
[1;32mDEBUG [0m]: xkb: Mod index 1 (name Lock) got index 1
[1;32mDEBUG [0m]: xkb: Mod index 2 (name Control) got index 2
[1;32mDEBUG [0m]: xkb: Mod index 3 (name Mod1) got index 3
[1;32mDEBUG [0m]: xkb: Mod index 4 (name Mod2) got index 4
[1;32mDEBUG [0m]: xkb: Mod index 5 (name Mod3) got index 5
[1;32mDEBUG [0m]: xkb: Mod index 6 (name Mod4) got index 6
[1;32mDEBUG [0m]: xkb: Mod index 7 (name Mod5) got index 7
[1;32mDEBUG [0m]: Updating keymap fd for keyboard hl-virtual-keyboard-wtype
[1;32mDEBUG [0m]: Updated keymap fd to 91, keymap V1 to: 93
[1;32mDEBUG [0m]: Set the keyboard layout to us and variant to  for keyboard "hl-virtual-keyboard-wtype"
[1;32mDEBUG [0m]: New virtual keyboard created at 55a79f694860
[1;32mDEBUG [0m]: Updating keyboard 55a79f694860's translation state from a provided keymap
[1;32mDEBUG [0m]: Updating keymap fd for keyboard hl-virtual-keyboard-wtype
[1;32mDEBUG [0m]: Updated keymap fd to 91, keymap V1 to: 93
[1;32mDEBUG [0m]: Keyboard at 55a79f694860 removed
[1;32mDEBUG [0m]: Destroyed keyboard 55a79f694860
[1;32mDEBUG [0m]: [CWLSeatProtocol] New seat resource bound at 55a79f644dc0
[1;32mDEBUG [0m]: [CVirtualKeyboardProtocol] New VKeyboard at id 5
[1;32mDEBUG [0m]: ApplyConfigToKeyboard for "hl-virtual-keyboard-wtype", hasconfig: 0
[1;32mDEBUG [0m]: Attempting to create a keymap for layout us with variant  (rules: , model: , options: )
[1;32mDEBUG [0m]: Updating keyboard 55a79f694860's translation state from a provided keymap
[1;32mDEBUG [0m]: xkb: LED index 0 (name Num Lock) got index 1
[1;32mDEBUG [0m]: xkb: LED index 1 (name Caps Lock) got index 0
[1;32mDEBUG [0m]: xkb: LED index 2 (name Scroll Lock) got index 2
[1;32mDEBUG [0m]: xkb: Mod index 0 (name Shift) got index 0
[1;32mDEBUG [0m]: xkb: Mod index 1 (name Lock) got index 1
[1;32mDEBUG [0m]: xkb: Mod index 2 (name Control) got index 2
[1;32mDEBUG [0m]: xkb: Mod index 3 (name Mod1) got index 3
[1;32mDEBUG [0m]: xkb: Mod index 4 (name Mod2) got index 4
[1;32mDEBUG [0m]: xkb: Mod index 5 (name Mod3) got index 5
[1;32mDEBUG [0m]: xkb: Mod index 6 (name Mod4) got index 6
[1;32mDEBUG [0m]: xkb: Mod index 7 (name Mod5) got index 7
[1;32mDEBUG [0m]: Updating keymap fd for keyboard hl-virtual-keyboard-wtype
[1;32mDEBUG [0m]: Updated keymap fd to 91, keymap V1 to: 93
[1;32mDEBUG [0m]: Set the keyboard layout to us and variant to  for keyboard "hl-virtual-keyboard-wtype"
[1;32mDEBUG [0m]: New virtual keyboard created at 55a79f694860
[1;32mDEBUG [0m]: Updating keyboard 55a79f694860's translation state from a provided keymap
[1;32mDEBUG [0m]: Updating keymap fd for keyboard hl-virtual-keyboard-wtype
[1;32mDEBUG [0m]: Updated keymap fd to 91, keymap V1 to: 93
[1;32mDEBUG [0m]: Keyboard at 55a79f694860 removed
[1;32mDEBUG [0m]: Destroyed keyboard 55a79f694860
[1;32mDEBUG [0m]: [CWLSeatProtocol] New seat resource bound at 55a79fddb190
[1;32mDEBUG [0m]: [CVirtualKeyboardProtocol] New VKeyboard at id 5
[1;32mDEBUG [0m]: ApplyConfigToKeyboard for "hl-virtual-keyboard-wtype", hasconfig: 0
[1;32mDEBUG [0m]: Attempting to create a keymap for layout us with variant  (rules: , model: , options: )
[1;32mDEBUG [0m]: Updating keyboard 55a79f694860's translation state from a provided keymap
[1;32mDEBUG [0m]: xkb: LED index 0 (name Num Lock) got index 1
[1;32mDEBUG [0m]: xkb: LED index 1 (name Caps Lock) got index 0
[1;32mDEBUG [0m]: xkb: LED index 2 (name Scroll Lock) got index 2
[1;32mDEBUG [0m]: xkb: Mod index 0 (name Shift) got index 0
[1;32mDEBUG [0m]: xkb: Mod index 1 (name Lock) got index 1
[1;32mDEBUG [0m]: xkb: Mod index 2 (name Control) got index 2
[1;32mDEBUG [0m]: xkb: Mod index 3 (name Mod1) got index 3
[1;32mDEBUG [0m]: xkb: Mod index 4 (name Mod2) got index 4
[1;32mDEBUG [0m]: xkb: Mod index 5 (name Mod3) got index 5
[1;32mDEBUG [0m]: xkb: Mod index 6 (name Mod4) got index 6
[1;32mDEBUG [0m]: xkb: Mod index 7 (name Mod5) got index 7
[1;32mDEBUG [0m]: Updating keymap fd for keyboard hl-virtual-keyboard-wtype
[1;32mDEBUG [0m]: Updated keymap fd to 91, keymap V1 to: 93
[1;32mDEBUG [0m]: Set the keyboard layout to us and variant to  for keyboard "hl-virtual-keyboard-wtype"
[1;32mDEBUG [0m]: New virtual keyboard created at 55a79f694860
[1;32mDEBUG [0m]: Updating keyboard 55a79f694860's translation state from a provided keymap
[1;32mDEBUG [0m]: Updating keymap fd for keyboard hl-virtual-keyboard-wtype
[1;32mDEBUG [0m]: Updated keymap fd to 91, keymap V1 to: 93
[1;32mDEBUG [0m]: Keyboard at 55a79f694860 removed
[1;32mDEBUG [0m]: Destroyed keyboard 55a79f694860
[1;32mDEBUG [0m]: [CWLSeatProtocol] New seat resource bound at 55a79f632500
[1;32mDEBUG [0m]: [CVirtualKeyboardProtocol] New VKeyboard at id 5
[1;32mDEBUG [0m]: ApplyConfigToKeyboard for "hl-virtual-keyboard-wtype", hasconfig: 0
[1;32mDEBUG [0m]: Attempting to create a keymap for layout us with variant  (rules: , model: , options: )
[1;32mDEBUG [0m]: Updating keyboard 55a79f694860's translation state from a provided keymap
[1;32mDEBUG [0m]: xkb: LED index 0 (name Num Lock) got index 1
[1;32mDEBUG [0m]: xkb: LED index 1 (name Caps Lock) got index 0
[1;32mDEBUG [0m]: xkb: LED index 2 (name Scroll Lock) got index 2
[1;32mDEBUG [0m]: xkb: Mod index 0 (name Shift) got index 0
[1;32mDEBUG [0m]: xkb: Mod index 1 (name Lock) got index 1
[1;32mDEBUG [0m]: xkb: Mod index 2 (name Control) got index 2
[1;32mDEBUG [0m]: xkb: Mod index 3 (name Mod1) got index 3
[1;32mDEBUG [0m]: xkb: Mod index 4 (name Mod2) got index 4
[1;32mDEBUG [0m]: xkb: Mod index 5 (name Mod3) got index 5
[1;32mDEBUG [0m]: xkb: Mod index 6 (name Mod4) got index 6
[1;32mDEBUG [0m]: xkb: Mod index 7 (name Mod5) got index 7
[1;32mDEBUG [0m]: Updating keymap fd for keyboard hl-virtual-keyboard-wtype
[1;32mDEBUG [0m]: Updated keymap fd to 91, keymap V1 to: 93
[1;32mDEBUG [0m]: Set the keyboard layout to us and variant to  for keyboard "hl-virtual-keyboard-wtype"
[1;32mDEBUG [0m]: New virtual keyboard created at 55a79f694860
[1;32mDEBUG [0m]: Updating keyboard 55a79f694860's translation state from a provided keymap
[1;32mDEBUG [0m]: Updating keymap fd for keyboard hl-virtual-keyboard-wtype
[1;32mDEBUG [0m]: Updated keymap fd to 91, keymap V1 to: 93
[1;32mDEBUG [0m]: Keyboard at 55a79f694860 removed
[1;32mDEBUG [0m]: Destroyed keyboard 55a79f694860
[1;32mDEBUG [0m]: [CWLSeatProtocol] New seat resource bound at 55a79f6323e0
[1;32mDEBUG [0m]: [CVirtualKeyboardProtocol] New VKeyboard at id 5
[1;32mDEBUG [0m]: ApplyConfigToKeyboard for "hl-virtual-keyboard-wtype", hasconfig: 0
[1;32mDEBUG [0m]: Attempting to create a keymap for layout us with variant  (rules: , model: , options: )
[1;32mDEBUG [0m]: Updating keyboard 55a79f694860's translation state from a provided keymap
[1;32mDEBUG [0m]: xkb: LED index 0 (name Num Lock) got index 1
[1;32mDEBUG [0m]: xkb: LED index 1 (name Caps Lock) got index 0
[1;32mDEBUG [0m]: xkb: LED index 2 (name Scroll Lock) got index 2
[1;32mDEBUG [0m]: xkb: Mod index 0 (name Shift) got index 0
[1;32mDEBUG [0m]: xkb: Mod index 1 (name Lock) got index 1
[1;32mDEBUG [0m]: xkb: Mod index 2 (name Control) got index 2
[1;32mDEBUG [0m]: xkb: Mod index 3 (name Mod1) got index 3
[1;32mDEBUG [0m]: xkb: Mod index 4 (name Mod2) got index 4
[1;32mDEBUG [0m]: xkb: Mod index 5 (name Mod3) got index 5
[1;32mDEBUG [0m]: xkb: Mod index 6 (name Mod4) got index 6
[1;32mDEBUG [0m]: xkb: Mod index 7 (name Mod5) got index 7
[1;32mDEBUG [0m]: Updating keymap fd for keyboard hl-virtual-keyboard-wtype
[1;32mDEBUG [0m]: Updated keymap fd to 91, keymap V1 to: 93
[1;32mDEBUG [0m]: Set the keyboard layout to us and variant to  for keyboard "hl-virtual-keyboard-wtype"
[1;32mDEBUG [0m]: New virtual keyboard created at 55a79f694860
[1;32mDEBUG [0m]: Updating keyboard 55a79f694860's translation state from a provided keymap
[1;32mDEBUG [0m]: Updating keymap fd for keyboard hl-virtual-keyboard-wtype
[1;32mDEBUG [0m]: Updated keymap fd to 91, keymap V1 to: 93
[1;32mDEBUG [0m]: Keyboard at 55a79f694860 removed
[1;32mDEBUG [0m]: Destroyed keyboard 55a79f694860
[1;32mDEBUG [0m]: [CWLSeatProtocol] New seat resource bound at 55a79f4ca910
[1;32mDEBUG [0m]: [CVirtualKeyboardProtocol] New VKeyboard at id 5
[1;32mDEBUG [0m]: ApplyConfigToKeyboard for "hl-virtual-keyboard-wtype", hasconfig: 0
[1;32mDEBUG [0m]: Attempting to create a keymap for layout us with variant  (rules: , model: , options: )
[1;32mDEBUG [0m]: Updating keyboard 55a79f694860's translation state from a provided keymap
[1;32mDEBUG [0m]: xkb: LED index 0 (name Num Lock) got index 1
[1;32mDEBUG [0m]: xkb: LED index 1 (name Caps Lock) got index 0
[1;32mDEBUG [0m]: xkb: LED index 2 (name Scroll Lock) got index 2
[1;32mDEBUG [0m]: xkb: Mod index 0 (name Shift) got index 0
[1;32mDEBUG [0m]: xkb: Mod index 1 (name Lock) got index 1
[1;32mDEBUG [0m]: xkb: Mod index 2 (name Control) got index 2
[1;32mDEBUG [0m]: xkb: Mod index 3 (name Mod1) got index 3
[1;32mDEBUG [0m]: xkb: Mod index 4 (name Mod2) got index 4
[1;32mDEBUG [0m]: xkb: Mod index 5 (name Mod3) got index 5
[1;32mDEBUG [0m]: xkb: Mod index 6 (name Mod4) got index 6
[1;32mDEBUG [0m]: xkb: Mod index 7 (name Mod5) got index 7
[1;32mDEBUG [0m]: Updating keymap fd for keyboard hl-virtual-keyboard-wtype
[1;32mDEBUG [0m]: Updated keymap fd to 91, keymap V1 to: 93
[1;32mDEBUG [0m]: Set the keyboard layout to us and variant to  for keyboard "hl-virtual-keyboard-wtype"
[1;32mDEBUG [0m]: New virtual keyboard created at 55a79f694860
[1;32mDEBUG [0m]: Updating keyboard 55a79f694860's translation state from a provided keymap
[1;32mDEBUG [0m]: Updating keymap fd for keyboard hl-virtual-keyboard-wtype
[1;32mDEBUG [0m]: Updated keymap fd to 91, keymap V1 to: 93
[1;32mDEBUG [0m]: Keyboard at 55a79f694860 removed
[1;32mDEBUG [0m]: Destroyed keyboard 55a79f694860
[1;32mDEBUG [0m]: [CWLSeatProtocol] New seat resource bound at 55a79f635070
[1;32mDEBUG [0m]: [CVirtualKeyboardProtocol] New VKeyboard at id 5
[1;32mDEBUG [0m]: ApplyConfigToKeyboard for "hl-virtual-keyboard-wtype", hasconfig: 0
[1;32mDEBUG [0m]: Attempting to create a keymap for layout us with variant  (rules: , model: , options: )
[1;32mDEBUG [0m]: Updating keyboard 55a79f694860's translation state from a provided keymap
[1;32mDEBUG [0m]: xkb: LED index 0 (name Num Lock) got index 1
[1;32mDEBUG [0m]: xkb: LED index 1 (name Caps Lock) got index 0
[1;32mDEBUG [0m]: xkb: LED index 2 (name Scroll Lock) got index 2
[1;32mDEBUG [0m]: xkb: Mod index 0 (name Shift) got index 0
[1;32mDEBUG [0m]: xkb: Mod index 1 (name Lock) got index 1
[1;32mDEBUG [0m]: xkb: Mod index 2 (name Control) got index 2
[1;32mDEBUG [0m]: xkb: Mod index 3 (name Mod1) got index 3
[1;32mDEBUG [0m]: xkb: Mod index 4 (name Mod2) got index 4
[1;32mDEBUG [0m]: xkb: Mod index 5 (name Mod3) got index 5
[1;32mDEBUG [0m]: xkb: Mod index 6 (name Mod4) got index 6
[1;32mDEBUG [0m]: xkb: Mod index 7 (name Mod5) got index 7
[1;32mDEBUG [0m]: Updating keymap fd for keyboard hl-virtual-keyboard-wtype
[1;32mDEBUG [0m]: Updated keymap fd to 91, keymap V1 to: 93
[1;32mDEBUG [0m]: Set the keyboard layout to us and variant to  for keyboard "hl-virtual-keyboard-wtype"
[1;32mDEBUG [0m]: New virtual keyboard created at 55a79f694860
[1;32mDEBUG [0m]: Updating keyboard 55a79f694860's translation state from a provided keymap
[1;32mDEBUG [0m]: Updating keymap fd for keyboard hl-virtual-keyboard-wtype
[1;32mDEBUG [0m]: Updated keymap fd to 91, keymap V1 to: 93
[1;32mDEBUG [0m]: Keyboard at 55a79f694860 removed
[1;32mDEBUG [0m]: Destroyed keyboard 55a79f694860
[1;32mDEBUG [0m]: [CWLSeatProtocol] New seat resource bound at 55a79fddb190
[1;32mDEBUG [0m]: [CVirtualKeyboardProtocol] New VKeyboard at id 5
[1;32mDEBUG [0m]: ApplyConfigToKeyboard for "hl-virtual-keyboard-wtype", hasconfig: 0
[1;32mDEBUG [0m]: Attempting to create a keymap for layout us with variant  (rules: , model: , options: )
[1;32mDEBUG [0m]: Updating keyboard 55a79f694860's translation state from a provided keymap
[1;32mDEBUG [0m]: xkb: LED index 0 (name Num Lock) got index 1
[1;32mDEBUG [0m]: xkb: LED index 1 (name Caps Lock) got index 0
[1;32mDEBUG [0m]: xkb: LED index 2 (name Scroll Lock) got index 2
[1;32mDEBUG [0m]: xkb: Mod index 0 (name Shift) got index 0
[1;32mDEBUG [0m]: xkb: Mod index 1 (name Lock) got index 1
[1;32mDEBUG [0m]: xkb: Mod index 2 (name Control) got index 2
[1;32mDEBUG [0m]: xkb: Mod index 3 (name Mod1) got index 3
[1;32mDEBUG [0m]: xkb: Mod index 4 (name Mod2) got index 4
[1;32mDEBUG [0m]: xkb: Mod index 5 (name Mod3) got index 5
[1;32mDEBUG [0m]: xkb: Mod index 6 (name Mod4) got index 6
[1;32mDEBUG [0m]: xkb: Mod index 7 (name Mod5) got index 7
[1;32mDEBUG [0m]: Updating keymap fd for keyboard hl-virtual-keyboard-wtype
[1;32mDEBUG [0m]: Updated keymap fd to 91, keymap V1 to: 93
[1;32mDEBUG [0m]: Set the keyboard layout to us and variant to  for keyboard "hl-virtual-keyboard-wtype"
[1;32mDEBUG [0m]: New virtual keyboard created at 55a79f694860
[1;32mDEBUG [0m]: Updating keyboard 55a79f694860's translation state from a provided keymap
[1;32mDEBUG [0m]: Updating keymap fd for keyboard hl-virtual-keyboard-wtype
[1;32mDEBUG [0m]: Updated keymap fd to 91, keymap V1 to: 93
[1;32mDEBUG [0m]: Keyboard at 55a79f694860 removed
[1;32mDEBUG [0m]: Destroyed keyboard 55a79f694860
[1;32mDEBUG [0m]: [CWLSeatProtocol] New seat resource bound at 55a79f64d3c0
[1;32mDEBUG [0m]: [CVirtualKeyboardProtocol] New VKeyboard at id 5
[1;32mDEBUG [0m]: ApplyConfigToKeyboard for "hl-virtual-keyboard-wtype", hasconfig: 0
[1;32mDEBUG [0m]: Attempting to create a keymap for layout us with variant  (rules: , model: , options: )
[1;32mDEBUG [0m]: Updating keyboard 55a79f694860's translation state from a provided keymap
[1;32mDEBUG [0m]: xkb: LED index 0 (name Num Lock) got index 1
[1;32mDEBUG [0m]: xkb: LED index 1 (name Caps Lock) got index 0
[1;32mDEBUG [0m]: xkb: LED index 2 (name Scroll Lock) got index 2
[1;32mDEBUG [0m]: xkb: Mod index 0 (name Shift) got index 0
[1;32mDEBUG [0m]: xkb: Mod index 1 (name Lock) got index 1
[1;32mDEBUG [0m]: xkb: Mod index 2 (name Control) got index 2
[1;32mDEBUG [0m]: xkb: Mod index 3 (name Mod1) got index 3
[1;32mDEBUG [0m]: xkb: Mod index 4 (name Mod2) got index 4
[1;32mDEBUG [0m]: xkb: Mod index 5 (name Mod3) got index 5
[1;32mDEBUG [0m]: xkb: Mod index 6 (name Mod4) got index 6
[1;32mDEBUG [0m]: xkb: Mod index 7 (name Mod5) got index 7
[1;32mDEBUG [0m]: Updating keymap fd for keyboard hl-virtual-keyboard-wtype
[1;32mDEBUG [0m]: Updated keymap fd to 91, keymap V1 to: 93
[1;32mDEBUG [0m]: Set the keyboard layout to us and variant to  for keyboard "hl-virtual-keyboard-wtype"
[1;32mDEBUG [0m]: New virtual keyboard created at 55a79f694860
[1;32mDEBUG [0m]: Updating keyboard 55a79f694860's translation state from a provided keymap
[1;32mDEBUG [0m]: Updating keymap fd for keyboard hl-virtual-keyboard-wtype
[1;32mDEBUG [0m]: Updated keymap fd to 91, keymap V1 to: 93
[1;32mDEBUG [0m]: Keyboard at 55a79f694860 removed
[1;32mDEBUG [0m]: Destroyed keyboard 55a79f694860
[1;32mDEBUG [0m]: [CWLSeatProtocol] New seat resource bound at 55a79f644dc0
[1;32mDEBUG [0m]: [CVirtualKeyboardProtocol] New VKeyboard at id 5
[1;32mDEBUG [0m]: ApplyConfigToKeyboard for "hl-virtual-keyboard-wtype", hasconfig: 0
[1;32mDEBUG [0m]: Attempting to create a keymap for layout us with variant  (rules: , model: , options: )
[1;32mDEBUG [0m]: Updating keyboard 55a79f694860's translation state from a provided keymap
[1;32mDEBUG [0m]: xkb: LED index 0 (name Num Lock) got index 1
[1;32mDEBUG [0m]: xkb: LED index 1 (name Caps Lock) got index 0
[1;32mDEBUG [0m]: xkb: LED index 2 (name Scroll Lock) got index 2
[1;32mDEBUG [0m]: xkb: Mod index 0 (name Shift) got index 0
[1;32mDEBUG [0m]: xkb: Mod index 1 (name Lock) got index 1
[1;32mDEBUG [0m]: xkb: Mod index 2 (name Control) got index 2
[1;32mDEBUG [0m]: xkb: Mod index 3 (name Mod1) got index 3
[1;32mDEBUG [0m]: xkb: Mod index 4 (name Mod2) got index 4
[1;32mDEBUG [0m]: xkb: Mod index 5 (name Mod3) got index 5
[1;32mDEBUG [0m]: xkb: Mod index 6 (name Mod4) got index 6
[1;32mDEBUG [0m]: xkb: Mod index 7 (name Mod5) got index 7
[1;32mDEBUG [0m]: Updating keymap fd for keyboard hl-virtual-keyboard-wtype
[1;32mDEBUG [0m]: Updated keymap fd to 91, keymap V1 to: 93
[1;32mDEBUG [0m]: Set the keyboard layout to us and variant to  for keyboard "hl-virtual-keyboard-wtype"
[1;32mDEBUG [0m]: New virtual keyboard created at 55a79f694860
[1;32mDEBUG [0m]: Updating keyboard 55a79f694860's translation state from a provided keymap
[1;32mDEBUG [0m]: Updating keymap fd for keyboard hl-virtual-keyboard-wtype
[1;32mDEBUG [0m]: Updated keymap fd to 91, keymap V1 to: 93
[1;32mDEBUG [0m]: Keyboard at 55a79f694860 removed
[1;32mDEBUG [0m]: Destroyed keyboard 55a79f694860
[1;32mDEBUG [0m]: [CWLSeatProtocol] New seat resource bound at 55a79f6323e0
[1;32mDEBUG [0m]: [CVirtualKeyboardProtocol] New VKeyboard at id 5
[1;32mDEBUG [0m]: ApplyConfigToKeyboard for "hl-virtual-keyboard-wtype", hasconfig: 0
[1;32mDEBUG [0m]: Attempting to create a keymap for layout us with variant  (rules: , model: , options: )
[1;32mDEBUG [0m]: Updating keyboard 55a79f694860's translation state from a provided keymap
[1;32mDEBUG [0m]: xkb: LED index 0 (name Num Lock) got index 1
[1;32mDEBUG [0m]: xkb: LED index 1 (name Caps Lock) got index 0
[1;32mDEBUG [0m]: xkb: LED index 2 (name Scroll Lock) got index 2
[1;32mDEBUG [0m]: xkb: Mod index 0 (name Shift) got index 0
[1;32mDEBUG [0m]: xkb: Mod index 1 (name Lock) got index 1
[1;32mDEBUG [0m]: xkb: Mod index 2 (name Control) got index 2
[1;32mDEBUG [0m]: xkb: Mod index 3 (name Mod1) got index 3
[1;32mDEBUG [0m]: xkb: Mod index 4 (name Mod2) got index 4
[1;32mDEBUG [0m]: xkb: Mod index 5 (name Mod3) got index 5
[1;32mDEBUG [0m]: xkb: Mod index 6 (name Mod4) got index 6
[1;32mDEBUG [0m]: xkb: Mod index 7 (name Mod5) got index 7
[1;32mDEBUG [0m]: Updating keymap fd for keyboard hl-virtual-keyboard-wtype
[1;32mDEBUG [0m]: Updated keymap fd to 91, keymap V1 to: 93
[1;32mDEBUG [0m]: Set the keyboard layout to us and variant to  for keyboard "hl-virtual-keyboard-wtype"
[1;32mDEBUG [0m]: New virtual keyboard created at 55a79f694860
[1;32mDEBUG [0m]: Updating keyboard 55a79f694860's translation state from a provided keymap
[1;32mDEBUG [0m]: Updating keymap fd for keyboard hl-virtual-keyboard-wtype
[1;32mDEBUG [0m]: Updated keymap fd to 91, keymap V1 to: 93
[1;32mDEBUG [0m]: Keyboard at 55a79f694860 removed
[1;32mDEBUG [0m]: Destroyed keyboard 55a79f694860
[1;32mDEBUG [0m]: [CWLSeatProtocol] New seat resource bound at 55a79f635070
[1;32mDEBUG [0m]: [CVirtualKeyboardProtocol] New VKeyboard at id 5
[1;32mDEBUG [0m]: ApplyConfigToKeyboard for "hl-virtual-keyboard-wtype", hasconfig: 0
[1;32mDEBUG [0m]: Attempting to create a keymap for layout us with variant  (rules: , model: , options: )
[1;32mDEBUG [0m]: Updating keyboard 55a79f694860's translation state from a provided keymap
[1;32mDEBUG [0m]: xkb: LED index 0 (name Num Lock) got index 1
[1;32mDEBUG [0m]: xkb: LED index 1 (name Caps Lock) got index 0
[1;32mDEBUG [0m]: xkb: LED index 2 (name Scroll Lock) got index 2
[1;32mDEBUG [0m]: xkb: Mod index 0 (name Shift) got index 0
[1;32mDEBUG [0m]: xkb: Mod index 1 (name Lock) got index 1
[1;32mDEBUG [0m]: xkb: Mod index 2 (name Control) got index 2
[1;32mDEBUG [0m]: xkb: Mod index 3 (name Mod1) got index 3
[1;32mDEBUG [0m]: xkb: Mod index 4 (name Mod2) got index 4
[1;32mDEBUG [0m]: xkb: Mod index 5 (name Mod3) got index 5
[1;32mDEBUG [0m]: xkb: Mod index 6 (name Mod4) got index 6
[1;32mDEBUG [0m]: xkb: Mod index 7 (name Mod5) got index 7
[1;32mDEBUG [0m]: Updating keymap fd for keyboard hl-virtual-keyboard-wtype
[1;32mDEBUG [0m]: Updated keymap fd to 91, keymap V1 to: 93
[1;32mDEBUG [0m]: Set the keyboard layout to us and variant to  for keyboard "hl-virtual-keyboard-wtype"
[1;32mDEBUG [0m]: New virtual keyboard created at 55a79f694860
[1;32mDEBUG [0m]: Updating keyboard 55a79f694860's translation state from a provided keymap
[1;32mDEBUG [0m]: Updating keymap fd for keyboard hl-virtual-keyboard-wtype
[1;32mDEBUG [0m]: Updated keymap fd to 91, keymap V1 to: 93
[1;32mDEBUG [0m]: Keyboard at 55a79f694860 removed
[1;32mDEBUG [0m]: Destroyed keyboard 55a79f694860
[1;32mDEBUG [0m]: Hyprctl: new connection from pid 700
[1;32mDEBUG [0m]: Hyprctl: new connection from pid 701
[1;32mDEBUG [0m]: Hyprctl: new connection from pid 702
[1;32mDEBUG [0m]: Hyprctl: new connection from pid 703
[1;32mDEBUG [0m]: Hyprctl: new connection from pid 704
[1;32mDEBUG [0m]: Hyprctl: new connection from pid 705
[1;32mDEBUG [0m]: Hyprctl: new connection from pid 706
[1;32mDEBUG [0m]: Hyprctl: new connection from pid 707
[1;32mDEBUG [0m]: [CScreencopyProtocol] Bound client successfully!
[1;32mDEBUG [0m]: [CXDGOutputProtocol] New xdg_output for HEADLESS-1: client 55a79e653400 (not xwayland)
[1;32mDEBUG [0m]: [CXDGOutputProtocol] New xdg_output for WAYLAND-1: client 55a79e653400 (not xwayland)
[1;32mDEBUG [0m]: [COutputImageCaptureSourceProtocol] New capture source for monitor: HEADLESS-1
[1;32mDEBUG [0m]: [CImageCopyCaptureProtocol] New image copy capture session for source (monitor): "HEADLESS-1"
[1;32mDEBUG [0m]: Framebuffer "Monitor HEADLESS-1 mirror FB" created, status 36053
[1;32mDEBUG [0m]: Framebuffer "" created, status 36053
[1;32mDEBUG [0m]: [Screenshare] Started screenshare session for (monitor): HEADLESS-1
[1;32mDEBUG [0m]: [Screenshare] Stopped screenshare session for (monitor): HEADLESS-1
[1;32mDEBUG [0m]: [CWLCompositorResource] New wl_region with id 97 at 55a79fd07bd0
[1;32mDEBUG [0m]: LayerSurface 55a79f6165b0 destroyed
[1;32mDEBUG [0m]: Forcing an unmap of a LS that did a straight destroy!
[1;32mDEBUG [0m]: LayerSurface 55a79f6165b0 unmapped
[1;32mDEBUG [0m]: renderer: making a snapshot of layer 55a79ff9d330
[1;32mDEBUG [0m]: Framebuffer "layer snapshot" created, status 36053
[1;32mDEBUG [0m]: renderer: cleared a snapshot of layer 55a79ff9d330
[1;32mDEBUG [0m]: renderer: rendered a snapshot of layer 55a79ff9d330
[1;32mDEBUG [0m]: renderer: made a snapshot of layer 55a79ff9d330
[1;32mDEBUG [0m]: CWLSurface 55a79fd40460 called destroy()
[1;32mDEBUG [0m]: Cleanup: removed 1 fadeouts
[1;32mDEBUG [0m]: Hyprctl: new connection from pid 715
[1;32mDEBUG [0m]: Hyprctl: keyword monitor : HEADLESS-1,1920x1080@60,2000x0,1.25
[1;32mDEBUG [0m]: ApplyConfigToKeyboard for "wl_keyboard", hasconfig: 0
[1;32mDEBUG [0m]: Not applying config to keyboard, it did not change.
[1;33mWARN [0m]: No rule found for WAYLAND-1, trying to use the first.
[1;32mDEBUG [0m]: Applying monitor rule for HEADLESS-1
[1;32mDEBUG [0m]: Monitor HEADLESS-1: requested 1920x1080@60.00Hz, using preferred mode 1920x1080@60.00Hz
[1;32mDEBUG [0m]: output HEADLESS-1 succeeded basic test on format DRM_FORMAT_XRGB8888
[1;32mDEBUG [0m]: CMonitor::updateVCGTRamps: skipping, no gamma ramp for output
[1;32mDEBUG [0m]: Monitor HEADLESS-1 data dump: res 1920x1080@60.00Hz, scale 1.25, transform 0, pos 2000x0, 10b 0
[1;33mWARN [0m]: FIXME: color management protocol is enabled and outputs changed, check preferred image description changes
[1;32mDEBUG [0m]: arrangeMonitors: 2 to arrange
[1;32mDEBUG [0m]: arrangeMonitors: HEADLESS-1 explicit [2000, 0]
[1;32mDEBUG [0m]: arrangeMonitors: WAYLAND-1 auto [3536, 0]
[1;32mDEBUG [0m]: arrangeMonitors: WAYLAND-1 xwayland [0, 0]
[1;32mDEBUG [0m]: arrangeMonitors: HEADLESS-1 xwayland [1920, 0]
[1;32mDEBUG [0m]: [CXDGOutputProtocol] updating all xdg_output heads
[1;32mDEBUG [0m]: [CXDGOutputProtocol] updating all xdg_output heads
[1;32mDEBUG [0m]: [CXDGOutputProtocol] updating all xdg_output heads
[1;32mDEBUG [0m]: [CWLCompositorResource] New wl_region with id 101 at 55a79f6947c0
[1;32mDEBUG [0m]: [CLinuxDMABUFParamsResource] Creating a dmabuf, with id 86: size [Vector2D: x: 1536, y: 32], fmt AR24, planes 1
[1;32mDEBUG [0m]: [CLinuxDMABUFParamsResource]  | plane 0: mod 72057594037927952 fd 77 stride 6144 offset 0
[1;32mDEBUG [0m]: [CWLCompositorResource] New wl_region with id 78 at 55a79f188e70
[1;32mDEBUG [0m]: [CLinuxDMABUFParamsResource] Creating a dmabuf, with id 97: size [Vector2D: x: 1920, y: 1080], fmt AR24, planes 1
[1;32mDEBUG [0m]: [CLinuxDMABUFParamsResource]  | plane 0: mod 72057594037927952 fd 79 stride 7680 offset 0
[1;32mDEBUG [0m]: Hyprctl: new connection from pid 716
[1;32mDEBUG [0m]: [CLinuxDMABUFParamsResource] Creating a dmabuf, with id 83: size [Vector2D: x: 1920, y: 40], fmt AR24, planes 1
[1;32mDEBUG [0m]: [CLinuxDMABUFParamsResource]  | plane 0: mod 72057594037927952 fd 63 stride 7680 offset 0
[1;32mDEBUG [0m]: [CLinuxDMABUFParamsResource] Creating a dmabuf, with id 94: size [Vector2D: x: 1920, y: 1080], fmt AR24, planes 1
[1;32mDEBUG [0m]: [CLinuxDMABUFParamsResource]  | plane 0: mod 72057594037927952 fd 57 stride 7680 offset 0
[1;32mDEBUG [0m]: Hyprctl: new connection from pid 717
[1;32mDEBUG [0m]: Hyprctl: dispatcher focusmonitor : HEADLESS-1
[1;32mDEBUG [0m]: [CLinuxDMABUFParamsResource] Creating a dmabuf, with id 86: size [Vector2D: x: 1920, y: 40], fmt AR24, planes 1
[1;32mDEBUG [0m]: [CLinuxDMABUFParamsResource]  | plane 0: mod 72057594037927952 fd 61 stride 7680 offset 0
[1;32mDEBUG [0m]: [CWLCompositorResource] New wl_surface with id 79 at 55a79fb71380
[1;32mDEBUG [0m]: [CWLCompositorResource] New wl_surface with id 85 at 55a79fb71380
[1;32mDEBUG [0m]: [CPrimarySelectionProtocol] CPrimarySelectionProtocol::updateSelection: cannot send selection to a client without a data_device
[1;32mDEBUG [0m]: CWLSurface 55a79f5b28b0 called init()
[1;32mDEBUG [0m]: LayerSurface 55a79f6165b0 (namespace putkin-panel layer 3) created on monitor HEADLESS-1
[1;32mDEBUG [0m]: [CLayerShellProtocol] New wlr_layer_surface 55a79f6165b0
[1;32mDEBUG [0m]: cursorImage request: shape 1 -> default
[1;32mDEBUG [0m]: XCursor scanning theme default
[1;32mDEBUG [0m]: XCursor parsing index.theme /usr/share/icons/default/index.theme
[1;32mDEBUG [0m]: XCursor theme default inherits Adwaita
[1;32mDEBUG [0m]: XCursor scanning theme Adwaita
[1;32mDEBUG [0m]: XCursor using theme path /usr/share/icons/Adwaita/cursors
[1;32mDEBUG [0m]: XCursor parsing index.theme /usr/share/icons/Adwaita/index.theme
[1;32mDEBUG [0m]: XCursor theme Adwaita inherits AdwaitaLegacy
[1;32mDEBUG [0m]: XCursor theme Adwaita inherits hicolor
[1;32mDEBUG [0m]: XCursor scanning theme Adwaita
[1;32mDEBUG [0m]: XCursor using theme path /usr/share/icons/Adwaita/cursors
[1;32mDEBUG [0m]: XCursor parsing index.theme /usr/share/icons/Adwaita/index.theme
[1;32mDEBUG [0m]: XCursor theme Adwaita inherits AdwaitaLegacy
[1;32mDEBUG [0m]: XCursor theme Adwaita inherits hicolor
[1;32mDEBUG [0m]: XCursor scanning theme AdwaitaLegacy
[1;32mDEBUG [0m]: XCursor parsing index.theme /usr/share/icons/AdwaitaLegacy/index.theme
[1;32mDEBUG [0m]: XCursor theme AdwaitaLegacy inherits hicolor
[1;32mDEBUG [0m]: XCursor scanning theme hicolor
[1;32mDEBUG [0m]: XCursor parsing index.theme /usr/share/icons/hicolor/index.theme
[1;32mDEBUG [0m]: XCursor already has a shape default loaded, skipping
[1;32mDEBUG [0m]: XCursor already has a shape context-menu loaded, skipping
[1;32mDEBUG [0m]: XCursor already has a shape help loaded, skipping
[1;32mDEBUG [0m]: XCursor already has a shape pointer loaded, skipping
[1;32mDEBUG [0m]: XCursor already has a shape progress loaded, skipping
[1;32mDEBUG [0m]: XCursor already has a shape wait loaded, skipping
[1;32mDEBUG [0m]: XCursor failed to find a legacy shape with name plus, skipping
[1;32mDEBUG [0m]: XCursor already has a shape crosshair loaded, skipping
[1;32mDEBUG [0m]: XCursor already has a shape text loaded, skipping
[1;32mDEBUG [0m]: XCursor already has a shape vertical-text loaded, skipping
[1;32mDEBUG [0m]: XCursor failed to find a legacy shape with name dnd-link, skipping
[1;32mDEBUG [0m]: XCursor failed to find a legacy shape with name dnd-copy, skipping
[1;32mDEBUG [0m]: XCursor already has a shape move loaded, skipping
[1;32mDEBUG [0m]: XCursor failed to find a legacy shape with name dnd-none, skipping
[1;32mDEBUG [0m]: XCursor failed to find a legacy shape with name crossed_circle, skipping
[1;32mDEBUG [0m]: XCursor already has a shape grab loaded, skipping
[1;32mDEBUG [0m]: XCursor already has a shape grabbing loaded, skipping
[1;32mDEBUG [0m]: XCursor already has a shape e-resize loaded, skipping
[1;32mDEBUG [0m]: XCursor already has a shape n-resize loaded, skipping
[1;32mDEBUG [0m]: XCursor already has a shape ne-resize loaded, skipping
[1;32mDEBUG [0m]: XCursor already has a shape nw-resize loaded, skipping
[1;32mDEBUG [0m]: XCursor already has a shape s-resize loaded, skipping
[1;32mDEBUG [0m]: XCursor already has a shape se-resize loaded, skipping
[1;32mDEBUG [0m]: XCursor already has a shape sw-resize loaded, skipping
[1;32mDEBUG [0m]: XCursor already has a shape w-resize loaded, skipping
[1;32mDEBUG [0m]: XCursor already has a shape ew-resize loaded, skipping
[1;32mDEBUG [0m]: XCursor already has a shape ns-resize loaded, skipping
[1;32mDEBUG [0m]: XCursor already has a shape nesw-resize loaded, skipping
[1;32mDEBUG [0m]: XCursor already has a shape nwse-resize loaded, skipping
[1;32mDEBUG [0m]: XCursor already has a shape col-resize loaded, skipping
[1;32mDEBUG [0m]: XCursor already has a shape row-resize loaded, skipping
[1;32mDEBUG [0m]: XCursor already has a shape all-scroll loaded, skipping
[1;32mDEBUG [0m]: XCursor already has a shape zoom-in loaded, skipping
[1;32mDEBUG [0m]: XCursor already has a shape zoom-out loaded, skipping
[1;32mDEBUG [0m]: XCursor failed to find a legacy shape with name dnd-copy, skipping
[1;32mDEBUG [0m]: XCursor already has a shape all-resize loaded, skipping
[1;33mWARN [0m]: GSettings default schema source does not exist, can't sync GSettings
[1;33mWARN [0m]: GSettings parameter doesn't exist cursor-theme in org.gnome.desktop.interface
[1;33mWARN [0m]: GSettings default schema source does not exist, can't sync GSettings
[1;33mWARN [0m]: GSettings parameter doesn't exist cursor-size in org.gnome.desktop.interface
[1;32mDEBUG [0m]: cursorImage request: shape 1 -> default
[1;32mDEBUG [0m]: [CWLCompositorResource] New wl_region with id 79 at 55a79f187ba0
[1;32mDEBUG [0m]: [CWLCompositorResource] New wl_region with id 98 at 55a79f187ba0
[1;32mDEBUG [0m]: [CLinuxDMABUFParamsResource] Creating a dmabuf, with id 60: size [Vector2D: x: 460, y: 80], fmt AR24, planes 1
[1;32mDEBUG [0m]: [CLinuxDMABUFParamsResource]  | plane 0: mod 72057594037927952 fd 70 stride 1920 offset 0
[1;32mDEBUG [0m]: LayerSurface 55a79f6165b0 mapped
[1;32mDEBUG [0m]: [CLinuxDMABUFParamsResource] Creating a dmabuf, with id 90: size [Vector2D: x: 460, y: 80], fmt AR24, planes 1
[1;32mDEBUG [0m]: [CLinuxDMABUFParamsResource]  | plane 0: mod 72057594037927952 fd 76 stride 1920 offset 0
[1;32mDEBUG [0m]: [CLinuxDMABUFParamsResource] Creating a dmabuf, with id 47: size [Vector2D: x: 460, y: 1070], fmt AR24, planes 1
[1;32mDEBUG [0m]: [CLinuxDMABUFParamsResource]  | plane 0: mod 72057594037927952 fd 88 stride 1920 offset 0
[1;32mDEBUG [0m]: [CWLSeatProtocol] New seat resource bound at 55a79f6365b0
[1;32mDEBUG [0m]: [CVirtualKeyboardProtocol] New VKeyboard at id 5
[1;32mDEBUG [0m]: ApplyConfigToKeyboard for "hl-virtual-keyboard-wtype", hasconfig: 0
[1;32mDEBUG [0m]: Attempting to create a keymap for layout us with variant  (rules: , model: , options: )
[1;32mDEBUG [0m]: Updating keyboard 55a79f694860's translation state from a provided keymap
[1;32mDEBUG [0m]: xkb: LED index 0 (name Num Lock) got index 1
[1;32mDEBUG [0m]: xkb: LED index 1 (name Caps Lock) got index 0
[1;32mDEBUG [0m]: xkb: LED index 2 (name Scroll Lock) got index 2
[1;32mDEBUG [0m]: xkb: Mod index 0 (name Shift) got index 0
[1;32mDEBUG [0m]: xkb: Mod index 1 (name Lock) got index 1
[1;32mDEBUG [0m]: xkb: Mod index 2 (name Control) got index 2
[1;32mDEBUG [0m]: xkb: Mod index 3 (name Mod1) got index 3
[1;32mDEBUG [0m]: xkb: Mod index 4 (name Mod2) got index 4
[1;32mDEBUG [0m]: xkb: Mod index 5 (name Mod3) got index 5
[1;32mDEBUG [0m]: xkb: Mod index 6 (name Mod4) got index 6
[1;32mDEBUG [0m]: xkb: Mod index 7 (name Mod5) got index 7
[1;32mDEBUG [0m]: Updating keymap fd for keyboard hl-virtual-keyboard-wtype
[1;32mDEBUG [0m]: Updated keymap fd to 93, keymap V1 to: 95
[1;32mDEBUG [0m]: Set the keyboard layout to us and variant to  for keyboard "hl-virtual-keyboard-wtype"
[1;32mDEBUG [0m]: New virtual keyboard created at 55a79f694860
[1;32mDEBUG [0m]: Updating keyboard 55a79f694860's translation state from a provided keymap
[1;32mDEBUG [0m]: Updating keymap fd for keyboard hl-virtual-keyboard-wtype
[1;32mDEBUG [0m]: Updated keymap fd to 93, keymap V1 to: 95
[1;32mDEBUG [0m]: [CLinuxDMABUFParamsResource] Creating a dmabuf, with id 98: size [Vector2D: x: 460, y: 1070], fmt AR24, planes 1
[1;32mDEBUG [0m]: [CLinuxDMABUFParamsResource]  | plane 0: mod 72057594037927952 fd 91 stride 1920 offset 0
[1;32mDEBUG [0m]: Keyboard at 55a79f694860 removed
[1;32mDEBUG [0m]: Destroyed keyboard 55a79f694860
[1;32mDEBUG [0m]: [CWLSeatProtocol] New seat resource bound at 55a79fbc9920
[1;32mDEBUG [0m]: [CVirtualKeyboardProtocol] New VKeyboard at id 5
[1;32mDEBUG [0m]: ApplyConfigToKeyboard for "hl-virtual-keyboard-wtype", hasconfig: 0
[1;32mDEBUG [0m]: Attempting to create a keymap for layout us with variant  (rules: , model: , options: )
[1;32mDEBUG [0m]: Updating keyboard 55a79f694860's translation state from a provided keymap
[1;32mDEBUG [0m]: xkb: LED index 0 (name Num Lock) got index 1
[1;32mDEBUG [0m]: xkb: LED index 1 (name Caps Lock) got index 0
[1;32mDEBUG [0m]: xkb: LED index 2 (name Scroll Lock) got index 2
[1;32mDEBUG [0m]: xkb: Mod index 0 (name Shift) got index 0
[1;32mDEBUG [0m]: xkb: Mod index 1 (name Lock) got index 1
[1;32mDEBUG [0m]: xkb: Mod index 2 (name Control) got index 2
[1;32mDEBUG [0m]: xkb: Mod index 3 (name Mod1) got index 3
[1;32mDEBUG [0m]: xkb: Mod index 4 (name Mod2) got index 4
[1;32mDEBUG [0m]: xkb: Mod index 5 (name Mod3) got index 5
[1;32mDEBUG [0m]: xkb: Mod index 6 (name Mod4) got index 6
[1;32mDEBUG [0m]: xkb: Mod index 7 (name Mod5) got index 7
[1;32mDEBUG [0m]: Updating keymap fd for keyboard hl-virtual-keyboard-wtype
[1;32mDEBUG [0m]: Updated keymap fd to 93, keymap V1 to: 95
[1;32mDEBUG [0m]: Set the keyboard layout to us and variant to  for keyboard "hl-virtual-keyboard-wtype"
[1;32mDEBUG [0m]: New virtual keyboard created at 55a79f694860
[1;32mDEBUG [0m]: Updating keyboard 55a79f694860's translation state from a provided keymap
[1;32mDEBUG [0m]: Updating keymap fd for keyboard hl-virtual-keyboard-wtype
[1;32mDEBUG [0m]: Updated keymap fd to 93, keymap V1 to: 95
[1;32mDEBUG [0m]: Keyboard at 55a79f694860 removed
[1;32mDEBUG [0m]: Destroyed keyboard 55a79f694860
[1;32mDEBUG [0m]: [CWLSeatProtocol] New seat resource bound at 55a79fbc9920
[1;32mDEBUG [0m]: [CVirtualKeyboardProtocol] New VKeyboard at id 5
[1;32mDEBUG [0m]: ApplyConfigToKeyboard for "hl-virtual-keyboard-wtype", hasconfig: 0
[1;32mDEBUG [0m]: Attempting to create a keymap for layout us with variant  (rules: , model: , options: )
[1;32mDEBUG [0m]: Updating keyboard 55a79f694860's translation state from a provided keymap
[1;32mDEBUG [0m]: xkb: LED index 0 (name Num Lock) got index 1
[1;32mDEBUG [0m]: xkb: LED index 1 (name Caps Lock) got index 0
[1;32mDEBUG [0m]: xkb: LED index 2 (name Scroll Lock) got index 2
[1;32mDEBUG [0m]: xkb: Mod index 0 (name Shift) got index 0
[1;32mDEBUG [0m]: xkb: Mod index 1 (name Lock) got index 1
[1;32mDEBUG [0m]: xkb: Mod index 2 (name Control) got index 2
[1;32mDEBUG [0m]: xkb: Mod index 3 (name Mod1) got index 3
[1;32mDEBUG [0m]: xkb: Mod index 4 (name Mod2) got index 4
[1;32mDEBUG [0m]: xkb: Mod index 5 (name Mod3) got index 5
[1;32mDEBUG [0m]: xkb: Mod index 6 (name Mod4) got index 6
[1;32mDEBUG [0m]: xkb: Mod index 7 (name Mod5) got index 7
[1;32mDEBUG [0m]: Updating keymap fd for keyboard hl-virtual-keyboard-wtype
[1;32mDEBUG [0m]: Updated keymap fd to 93, keymap V1 to: 95
[1;32mDEBUG [0m]: Set the keyboard layout to us and variant to  for keyboard "hl-virtual-keyboard-wtype"
[1;32mDEBUG [0m]: New virtual keyboard created at 55a79f694860
[1;32mDEBUG [0m]: Updating keyboard 55a79f694860's translation state from a provided keymap
[1;32mDEBUG [0m]: Updating keymap fd for keyboard hl-virtual-keyboard-wtype
[1;32mDEBUG [0m]: Updated keymap fd to 93, keymap V1 to: 95
[1;32mDEBUG [0m]: Keyboard at 55a79f694860 removed
[1;32mDEBUG [0m]: Destroyed keyboard 55a79f694860
[1;32mDEBUG [0m]: [CWLSeatProtocol] New seat resource bound at 55a79fb11170
[1;32mDEBUG [0m]: [CVirtualKeyboardProtocol] New VKeyboard at id 5
[1;32mDEBUG [0m]: ApplyConfigToKeyboard for "hl-virtual-keyboard-wtype", hasconfig: 0
[1;32mDEBUG [0m]: Attempting to create a keymap for layout us with variant  (rules: , model: , options: )
[1;32mDEBUG [0m]: Updating keyboard 55a79f694860's translation state from a provided keymap
[1;32mDEBUG [0m]: xkb: LED index 0 (name Num Lock) got index 1
[1;32mDEBUG [0m]: xkb: LED index 1 (name Caps Lock) got index 0
[1;32mDEBUG [0m]: xkb: LED index 2 (name Scroll Lock) got index 2
[1;32mDEBUG [0m]: xkb: Mod index 0 (name Shift) got index 0
[1;32mDEBUG [0m]: xkb: Mod index 1 (name Lock) got index 1
[1;32mDEBUG [0m]: xkb: Mod index 2 (name Control) got index 2
[1;32mDEBUG [0m]: xkb: Mod index 3 (name Mod1) got index 3
[1;32mDEBUG [0m]: xkb: Mod index 4 (name Mod2) got index 4
[1;32mDEBUG [0m]: xkb: Mod index 5 (name Mod3) got index 5
[1;32mDEBUG [0m]: xkb: Mod index 6 (name Mod4) got index 6
[1;32mDEBUG [0m]: xkb: Mod index 7 (name Mod5) got index 7
[1;32mDEBUG [0m]: Updating keymap fd for keyboard hl-virtual-keyboard-wtype
[1;32mDEBUG [0m]: Updated keymap fd to 93, keymap V1 to: 95
[1;32mDEBUG [0m]: Set the keyboard layout to us and variant to  for keyboard "hl-virtual-keyboard-wtype"
[1;32mDEBUG [0m]: New virtual keyboard created at 55a79f694860
[1;32mDEBUG [0m]: Updating keyboard 55a79f694860's translation state from a provided keymap
[1;32mDEBUG [0m]: Updating keymap fd for keyboard hl-virtual-keyboard-wtype
[1;32mDEBUG [0m]: Updated keymap fd to 93, keymap V1 to: 95
[1;32mDEBUG [0m]: Keyboard at 55a79f694860 removed
[1;32mDEBUG [0m]: Destroyed keyboard 55a79f694860
[1;32mDEBUG [0m]: [CWLSeatProtocol] New seat resource bound at 55a79fb11170
[1;32mDEBUG [0m]: [CVirtualKeyboardProtocol] New VKeyboard at id 5
[1;32mDEBUG [0m]: ApplyConfigToKeyboard for "hl-virtual-keyboard-wtype", hasconfig: 0
[1;32mDEBUG [0m]: Attempting to create a keymap for layout us with variant  (rules: , model: , options: )
[1;32mDEBUG [0m]: Updating keyboard 55a79f694860's translation state from a provided keymap
[1;32mDEBUG [0m]: xkb: LED index 0 (name Num Lock) got index 1
[1;32mDEBUG [0m]: xkb: LED index 1 (name Caps Lock) got index 0
[1;32mDEBUG [0m]: xkb: LED index 2 (name Scroll Lock) got index 2
[1;32mDEBUG [0m]: xkb: Mod index 0 (name Shift) got index 0
[1;32mDEBUG [0m]: xkb: Mod index 1 (name Lock) got index 1
[1;32mDEBUG [0m]: xkb: Mod index 2 (name Control) got index 2
[1;32mDEBUG [0m]: xkb: Mod index 3 (name Mod1) got index 3
[1;32mDEBUG [0m]: xkb: Mod index 4 (name Mod2) got index 4
[1;32mDEBUG [0m]: xkb: Mod index 5 (name Mod3) got index 5
[1;32mDEBUG [0m]: xkb: Mod index 6 (name Mod4) got index 6
[1;32mDEBUG [0m]: xkb: Mod index 7 (name Mod5) got index 7
[1;32mDEBUG [0m]: Updating keymap fd for keyboard hl-virtual-keyboard-wtype
[1;32mDEBUG [0m]: Updated keymap fd to 93, keymap V1 to: 95
[1;32mDEBUG [0m]: Set the keyboard layout to us and variant to  for keyboard "hl-virtual-keyboard-wtype"
[1;32mDEBUG [0m]: New virtual keyboard created at 55a79f694860
[1;32mDEBUG [0m]: Updating keyboard 55a79f694860's translation state from a provided keymap
[1;32mDEBUG [0m]: Updating keymap fd for keyboard hl-virtual-keyboard-wtype
[1;32mDEBUG [0m]: Updated keymap fd to 93, keymap V1 to: 95
[1;32mDEBUG [0m]: Keyboard at 55a79f694860 removed
[1;32mDEBUG [0m]: Destroyed keyboard 55a79f694860
[1;32mDEBUG [0m]: [CWLSeatProtocol] New seat resource bound at 55a79fb11170
[1;32mDEBUG [0m]: [CVirtualKeyboardProtocol] New VKeyboard at id 5
[1;32mDEBUG [0m]: ApplyConfigToKeyboard for "hl-virtual-keyboard-wtype", hasconfig: 0
[1;32mDEBUG [0m]: Attempting to create a keymap for layout us with variant  (rules: , model: , options: )
[1;32mDEBUG [0m]: Updating keyboard 55a79f694860's translation state from a provided keymap
[1;32mDEBUG [0m]: xkb: LED index 0 (name Num Lock) got index 1
[1;32mDEBUG [0m]: xkb: LED index 1 (name Caps Lock) got index 0
[1;32mDEBUG [0m]: xkb: LED index 2 (name Scroll Lock) got index 2
[1;32mDEBUG [0m]: xkb: Mod index 0 (name Shift) got index 0
[1;32mDEBUG [0m]: xkb: Mod index 1 (name Lock) got index 1
[1;32mDEBUG [0m]: xkb: Mod index 2 (name Control) got index 2
[1;32mDEBUG [0m]: xkb: Mod index 3 (name Mod1) got index 3
[1;32mDEBUG [0m]: xkb: Mod index 4 (name Mod2) got index 4
[1;32mDEBUG [0m]: xkb: Mod index 5 (name Mod3) got index 5
[1;32mDEBUG [0m]: xkb: Mod index 6 (name Mod4) got index 6
[1;32mDEBUG [0m]: xkb: Mod index 7 (name Mod5) got index 7
[1;32mDEBUG [0m]: Updating keymap fd for keyboard hl-virtual-keyboard-wtype
[1;32mDEBUG [0m]: Updated keymap fd to 93, keymap V1 to: 95
[1;32mDEBUG [0m]: Set the keyboard layout to us and variant to  for keyboard "hl-virtual-keyboard-wtype"
[1;32mDEBUG [0m]: New virtual keyboard created at 55a79f694860
[1;32mDEBUG [0m]: Updating keyboard 55a79f694860's translation state from a provided keymap
[1;32mDEBUG [0m]: Updating keymap fd for keyboard hl-virtual-keyboard-wtype
[1;32mDEBUG [0m]: Updated keymap fd to 93, keymap V1 to: 95
[1;32mDEBUG [0m]: Keyboard at 55a79f694860 removed
[1;32mDEBUG [0m]: Destroyed keyboard 55a79f694860
[1;32mDEBUG [0m]: [CWLSeatProtocol] New seat resource bound at 55a79fd18170
[1;32mDEBUG [0m]: [CVirtualKeyboardProtocol] New VKeyboard at id 5
[1;32mDEBUG [0m]: ApplyConfigToKeyboard for "hl-virtual-keyboard-wtype", hasconfig: 0
[1;32mDEBUG [0m]: Attempting to create a keymap for layout us with variant  (rules: , model: , options: )
[1;32mDEBUG [0m]: Updating keyboard 55a79f694860's translation state from a provided keymap
[1;32mDEBUG [0m]: xkb: LED index 0 (name Num Lock) got index 1
[1;32mDEBUG [0m]: xkb: LED index 1 (name Caps Lock) got index 0
[1;32mDEBUG [0m]: xkb: LED index 2 (name Scroll Lock) got index 2
[1;32mDEBUG [0m]: xkb: Mod index 0 (name Shift) got index 0
[1;32mDEBUG [0m]: xkb: Mod index 1 (name Lock) got index 1
[1;32mDEBUG [0m]: xkb: Mod index 2 (name Control) got index 2
[1;32mDEBUG [0m]: xkb: Mod index 3 (name Mod1) got index 3
[1;32mDEBUG [0m]: xkb: Mod index 4 (name Mod2) got index 4
[1;32mDEBUG [0m]: xkb: Mod index 5 (name Mod3) got index 5
[1;32mDEBUG [0m]: xkb: Mod index 6 (name Mod4) got index 6
[1;32mDEBUG [0m]: xkb: Mod index 7 (name Mod5) got index 7
[1;32mDEBUG [0m]: Updating keymap fd for keyboard hl-virtual-keyboard-wtype
[1;32mDEBUG [0m]: Updated keymap fd to 93, keymap V1 to: 95
[1;32mDEBUG [0m]: Set the keyboard layout to us and variant to  for keyboard "hl-virtual-keyboard-wtype"
[1;32mDEBUG [0m]: New virtual keyboard created at 55a79f694860
[1;32mDEBUG [0m]: Updating keyboard 55a79f694860's translation state from a provided keymap
[1;32mDEBUG [0m]: Updating keymap fd for keyboard hl-virtual-keyboard-wtype
[1;32mDEBUG [0m]: Updated keymap fd to 93, keymap V1 to: 95
[1;32mDEBUG [0m]: Keyboard at 55a79f694860 removed
[1;32mDEBUG [0m]: Destroyed keyboard 55a79f694860
[1;32mDEBUG [0m]: [CWLSeatProtocol] New seat resource bound at 55a79fd18170
[1;32mDEBUG [0m]: [CVirtualKeyboardProtocol] New VKeyboard at id 5
[1;32mDEBUG [0m]: ApplyConfigToKeyboard for "hl-virtual-keyboard-wtype", hasconfig: 0
[1;32mDEBUG [0m]: Attempting to create a keymap for layout us with variant  (rules: , model: , options: )
[1;32mDEBUG [0m]: Updating keyboard 55a79f694860's translation state from a provided keymap
[1;32mDEBUG [0m]: xkb: LED index 0 (name Num Lock) got index 1
[1;32mDEBUG [0m]: xkb: LED index 1 (name Caps Lock) got index 0
[1;32mDEBUG [0m]: xkb: LED index 2 (name Scroll Lock) got index 2
[1;32mDEBUG [0m]: xkb: Mod index 0 (name Shift) got index 0
[1;32mDEBUG [0m]: xkb: Mod index 1 (name Lock) got index 1
[1;32mDEBUG [0m]: xkb: Mod index 2 (name Control) got index 2
[1;32mDEBUG [0m]: xkb: Mod index 3 (name Mod1) got index 3
[1;32mDEBUG [0m]: xkb: Mod index 4 (name Mod2) got index 4
[1;32mDEBUG [0m]: xkb: Mod index 5 (name Mod3) got index 5
[1;32mDEBUG [0m]: xkb: Mod index 6 (name Mod4) got index 6
[1;32mDEBUG [0m]: xkb: Mod index 7 (name Mod5) got index 7
[1;32mDEBUG [0m]: Updating keymap fd for keyboard hl-virtual-keyboard-wtype
[1;32mDEBUG [0m]: Updated keymap fd to 93, keymap V1 to: 95
[1;32mDEBUG [0m]: Set the keyboard layout to us and variant to  for keyboard "hl-virtual-keyboard-wtype"
[1;32mDEBUG [0m]: New virtual keyboard created at 55a79f694860
[1;32mDEBUG [0m]: Updating keyboard 55a79f694860's translation state from a provided keymap
[1;32mDEBUG [0m]: Updating keymap fd for keyboard hl-virtual-keyboard-wtype
[1;32mDEBUG [0m]: Updated keymap fd to 93, keymap V1 to: 95
[1;32mDEBUG [0m]: Keyboard at 55a79f694860 removed
[1;32mDEBUG [0m]: Destroyed keyboard 55a79f694860
[1;32mDEBUG [0m]: [CWLSeatProtocol] New seat resource bound at 55a79fd18170
[1;32mDEBUG [0m]: [CVirtualKeyboardProtocol] New VKeyboard at id 5
[1;32mDEBUG [0m]: ApplyConfigToKeyboard for "hl-virtual-keyboard-wtype", hasconfig: 0
[1;32mDEBUG [0m]: Attempting to create a keymap for layout us with variant  (rules: , model: , options: )
[1;32mDEBUG [0m]: Updating keyboard 55a79f694860's translation state from a provided keymap
[1;32mDEBUG [0m]: xkb: LED index 0 (name Num Lock) got index 1
[1;32mDEBUG [0m]: xkb: LED index 1 (name Caps Lock) got index 0
[1;32mDEBUG [0m]: xkb: LED index 2 (name Scroll Lock) got index 2
[1;32mDEBUG [0m]: xkb: Mod index 0 (name Shift) got index 0
[1;32mDEBUG [0m]: xkb: Mod index 1 (name Lock) got index 1
[1;32mDEBUG [0m]: xkb: Mod index 2 (name Control) got index 2
[1;32mDEBUG [0m]: xkb: Mod index 3 (name Mod1) got index 3
[1;32mDEBUG [0m]: xkb: Mod index 4 (name Mod2) got index 4
[1;32mDEBUG [0m]: xkb: Mod index 5 (name Mod3) got index 5
[1;32mDEBUG [0m]: xkb: Mod index 6 (name Mod4) got index 6
[1;32mDEBUG [0m]: xkb: Mod index 7 (name Mod5) got index 7
[1;32mDEBUG [0m]: Updating keymap fd for keyboard hl-virtual-keyboard-wtype
[1;32mDEBUG [0m]: Updated keymap fd to 93, keymap V1 to: 95
[1;32mDEBUG [0m]: Set the keyboard layout to us and variant to  for keyboard "hl-virtual-keyboard-wtype"
[1;32mDEBUG [0m]: New virtual keyboard created at 55a79f694860
[1;32mDEBUG [0m]: Updating keyboard 55a79f694860's translation state from a provided keymap
[1;32mDEBUG [0m]: Updating keymap fd for keyboard hl-virtual-keyboard-wtype
[1;32mDEBUG [0m]: Updated keymap fd to 93, keymap V1 to: 95
[1;32mDEBUG [0m]: Keyboard at 55a79f694860 removed
[1;32mDEBUG [0m]: Destroyed keyboard 55a79f694860
[1;32mDEBUG [0m]: [CWLSeatProtocol] New seat resource bound at 55a79fd18170
[1;32mDEBUG [0m]: [CVirtualKeyboardProtocol] New VKeyboard at id 5
[1;32mDEBUG [0m]: ApplyConfigToKeyboard for "hl-virtual-keyboard-wtype", hasconfig: 0
[1;32mDEBUG [0m]: Attempting to create a keymap for layout us with variant  (rules: , model: , options: )
[1;32mDEBUG [0m]: Updating keyboard 55a79f694860's translation state from a provided keymap
[1;32mDEBUG [0m]: xkb: LED index 0 (name Num Lock) got index 1
[1;32mDEBUG [0m]: xkb: LED index 1 (name Caps Lock) got index 0
[1;32mDEBUG [0m]: xkb: LED index 2 (name Scroll Lock) got index 2
[1;32mDEBUG [0m]: xkb: Mod index 0 (name Shift) got index 0
[1;32mDEBUG [0m]: xkb: Mod index 1 (name Lock) got index 1
[1;32mDEBUG [0m]: xkb: Mod index 2 (name Control) got index 2
[1;32mDEBUG [0m]: xkb: Mod index 3 (name Mod1) got index 3
[1;32mDEBUG [0m]: xkb: Mod index 4 (name Mod2) got index 4
[1;32mDEBUG [0m]: xkb: Mod index 5 (name Mod3) got index 5
[1;32mDEBUG [0m]: xkb: Mod index 6 (name Mod4) got index 6
[1;32mDEBUG [0m]: xkb: Mod index 7 (name Mod5) got index 7
[1;32mDEBUG [0m]: Updating keymap fd for keyboard hl-virtual-keyboard-wtype
[1;32mDEBUG [0m]: Updated keymap fd to 93, keymap V1 to: 95
[1;32mDEBUG [0m]: Set the keyboard layout to us and variant to  for keyboard "hl-virtual-keyboard-wtype"
[1;32mDEBUG [0m]: New virtual keyboard created at 55a79f694860
[1;32mDEBUG [0m]: Updating keyboard 55a79f694860's translation state from a provided keymap
[1;32mDEBUG [0m]: Updating keymap fd for keyboard hl-virtual-keyboard-wtype
[1;32mDEBUG [0m]: Updated keymap fd to 93, keymap V1 to: 95
[1;32mDEBUG [0m]: Keyboard at 55a79f694860 removed
[1;32mDEBUG [0m]: Destroyed keyboard 55a79f694860
[1;32mDEBUG [0m]: [CWLSeatProtocol] New seat resource bound at 55a79e411f40
[1;32mDEBUG [0m]: [CVirtualKeyboardProtocol] New VKeyboard at id 5
[1;32mDEBUG [0m]: ApplyConfigToKeyboard for "hl-virtual-keyboard-wtype", hasconfig: 0
[1;32mDEBUG [0m]: Attempting to create a keymap for layout us with variant  (rules: , model: , options: )
[1;32mDEBUG [0m]: Updating keyboard 55a79f694860's translation state from a provided keymap
[1;32mDEBUG [0m]: xkb: LED index 0 (name Num Lock) got index 1
[1;32mDEBUG [0m]: xkb: LED index 1 (name Caps Lock) got index 0
[1;32mDEBUG [0m]: xkb: LED index 2 (name Scroll Lock) got index 2
[1;32mDEBUG [0m]: xkb: Mod index 0 (name Shift) got index 0
[1;32mDEBUG [0m]: xkb: Mod index 1 (name Lock) got index 1
[1;32mDEBUG [0m]: xkb: Mod index 2 (name Control) got index 2
[1;32mDEBUG [0m]: xkb: Mod index 3 (name Mod1) got index 3
[1;32mDEBUG [0m]: xkb: Mod index 4 (name Mod2) got index 4
[1;32mDEBUG [0m]: xkb: Mod index 5 (name Mod3) got index 5
[1;32mDEBUG [0m]: xkb: Mod index 6 (name Mod4) got index 6
[1;32mDEBUG [0m]: xkb: Mod index 7 (name Mod5) got index 7
[1;32mDEBUG [0m]: Updating keymap fd for keyboard hl-virtual-keyboard-wtype
[1;32mDEBUG [0m]: Updated keymap fd to 93, keymap V1 to: 95
[1;32mDEBUG [0m]: Set the keyboard layout to us and variant to  for keyboard "hl-virtual-keyboard-wtype"
[1;32mDEBUG [0m]: New virtual keyboard created at 55a79f694860
[1;32mDEBUG [0m]: Updating keyboard 55a79f694860's translation state from a provided keymap
[1;32mDEBUG [0m]: Updating keymap fd for keyboard hl-virtual-keyboard-wtype
[1;32mDEBUG [0m]: Updated keymap fd to 93, keymap V1 to: 95
[1;32mDEBUG [0m]: Keyboard at 55a79f694860 removed
[1;32mDEBUG [0m]: Destroyed keyboard 55a79f694860
[1;32mDEBUG [0m]: [CWLSeatProtocol] New seat resource bound at 55a79f637910
[1;32mDEBUG [0m]: [CVirtualKeyboardProtocol] New VKeyboard at id 5
[1;32mDEBUG [0m]: ApplyConfigToKeyboard for "hl-virtual-keyboard-wtype", hasconfig: 0
[1;32mDEBUG [0m]: Attempting to create a keymap for layout us with variant  (rules: , model: , options: )
[1;32mDEBUG [0m]: Updating keyboard 55a79f694860's translation state from a provided keymap
[1;32mDEBUG [0m]: xkb: LED index 0 (name Num Lock) got index 1
[1;32mDEBUG [0m]: xkb: LED index 1 (name Caps Lock) got index 0
[1;32mDEBUG [0m]: xkb: LED index 2 (name Scroll Lock) got index 2
[1;32mDEBUG [0m]: xkb: Mod index 0 (name Shift) got index 0
[1;32mDEBUG [0m]: xkb: Mod index 1 (name Lock) got index 1
[1;32mDEBUG [0m]: xkb: Mod index 2 (name Control) got index 2
[1;32mDEBUG [0m]: xkb: Mod index 3 (name Mod1) got index 3
[1;32mDEBUG [0m]: xkb: Mod index 4 (name Mod2) got index 4
[1;32mDEBUG [0m]: xkb: Mod index 5 (name Mod3) got index 5
[1;32mDEBUG [0m]: xkb: Mod index 6 (name Mod4) got index 6
[1;32mDEBUG [0m]: xkb: Mod index 7 (name Mod5) got index 7
[1;32mDEBUG [0m]: Updating keymap fd for keyboard hl-virtual-keyboard-wtype
[1;32mDEBUG [0m]: Updated keymap fd to 93, keymap V1 to: 95
[1;32mDEBUG [0m]: Set the keyboard layout to us and variant to  for keyboard "hl-virtual-keyboard-wtype"
[1;32mDEBUG [0m]: New virtual keyboard created at 55a79f694860
[1;32mDEBUG [0m]: Updating keyboard 55a79f694860's translation state from a provided keymap
[1;32mDEBUG [0m]: Updating keymap fd for keyboard hl-virtual-keyboard-wtype
[1;32mDEBUG [0m]: Updated keymap fd to 93, keymap V1 to: 95
[1;32mDEBUG [0m]: Keyboard at 55a79f694860 removed
[1;32mDEBUG [0m]: Destroyed keyboard 55a79f694860
[1;32mDEBUG [0m]: [CWLSeatProtocol] New seat resource bound at 55a79fae4740
[1;32mDEBUG [0m]: [CVirtualKeyboardProtocol] New VKeyboard at id 5
[1;32mDEBUG [0m]: ApplyConfigToKeyboard for "hl-virtual-keyboard-wtype", hasconfig: 0
[1;32mDEBUG [0m]: Attempting to create a keymap for layout us with variant  (rules: , model: , options: )
[1;32mDEBUG [0m]: Updating keyboard 55a79f694860's translation state from a provided keymap
[1;32mDEBUG [0m]: xkb: LED index 0 (name Num Lock) got index 1
[1;32mDEBUG [0m]: xkb: LED index 1 (name Caps Lock) got index 0
[1;32mDEBUG [0m]: xkb: LED index 2 (name Scroll Lock) got index 2
[1;32mDEBUG [0m]: xkb: Mod index 0 (name Shift) got index 0
[1;32mDEBUG [0m]: xkb: Mod index 1 (name Lock) got index 1
[1;32mDEBUG [0m]: xkb: Mod index 2 (name Control) got index 2
[1;32mDEBUG [0m]: xkb: Mod index 3 (name Mod1) got index 3
[1;32mDEBUG [0m]: xkb: Mod index 4 (name Mod2) got index 4
[1;32mDEBUG [0m]: xkb: Mod index 5 (name Mod3) got index 5
[1;32mDEBUG [0m]: xkb: Mod index 6 (name Mod4) got index 6
[1;32mDEBUG [0m]: xkb: Mod index 7 (name Mod5) got index 7
[1;32mDEBUG [0m]: Updating keymap fd for keyboard hl-virtual-keyboard-wtype
[1;32mDEBUG [0m]: Updated keymap fd to 93, keymap V1 to: 95
[1;32mDEBUG [0m]: Set the keyboard layout to us and variant to  for keyboard "hl-virtual-keyboard-wtype"
[1;32mDEBUG [0m]: New virtual keyboard created at 55a79f694860
[1;32mDEBUG [0m]: Updating keyboard 55a79f694860's translation state from a provided keymap
[1;32mDEBUG [0m]: Updating keymap fd for keyboard hl-virtual-keyboard-wtype
[1;32mDEBUG [0m]: Updated keymap fd to 93, keymap V1 to: 95
[1;32mDEBUG [0m]: Keyboard at 55a79f694860 removed
[1;32mDEBUG [0m]: Destroyed keyboard 55a79f694860
[1;32mDEBUG [0m]: Hyprctl: new connection from pid 773
[1;32mDEBUG [0m]: Hyprctl: new connection from pid 774
[1;32mDEBUG [0m]: Hyprctl: new connection from pid 775
[1;32mDEBUG [0m]: Hyprctl: new connection from pid 776
[1;32mDEBUG [0m]: Hyprctl: new connection from pid 777
[1;32mDEBUG [0m]: Hyprctl: new connection from pid 778
[1;32mDEBUG [0m]: Hyprctl: new connection from pid 779
[1;32mDEBUG [0m]: Hyprctl: new connection from pid 780
[1;32mDEBUG [0m]: [CScreencopyProtocol] Bound client successfully!
[1;32mDEBUG [0m]: [CXDGOutputProtocol] New xdg_output for HEADLESS-1: client 55a79f64e6a0 (not xwayland)
[1;32mDEBUG [0m]: [CXDGOutputProtocol] New xdg_output for WAYLAND-1: client 55a79f64e6a0 (not xwayland)
[1;32mDEBUG [0m]: [COutputImageCaptureSourceProtocol] New capture source for monitor: HEADLESS-1
[1;32mDEBUG [0m]: [CImageCopyCaptureProtocol] New image copy capture session for source (monitor): "HEADLESS-1"
[1;32mDEBUG [0m]: Framebuffer "Monitor HEADLESS-1 mirror FB" created, status 36053
[1;32mDEBUG [0m]: Framebuffer "" created, status 36053
[1;32mDEBUG [0m]: [Screenshare] Started screenshare session for (monitor): HEADLESS-1
[1;32mDEBUG [0m]: [Screenshare] Stopped screenshare session for (monitor): HEADLESS-1
[1;32mDEBUG [0m]: [CWLCompositorResource] New wl_region with id 79 at 55a79f644bd0
[1;32mDEBUG [0m]: LayerSurface 55a79f6165b0 destroyed
[1;32mDEBUG [0m]: Forcing an unmap of a LS that did a straight destroy!
[1;32mDEBUG [0m]: LayerSurface 55a79f6165b0 unmapped
[1;32mDEBUG [0m]: renderer: making a snapshot of layer 55a79fde4c40
[1;32mDEBUG [0m]: Framebuffer "layer snapshot" created, status 36053
[1;32mDEBUG [0m]: renderer: cleared a snapshot of layer 55a79fde4c40
[1;32mDEBUG [0m]: renderer: rendered a snapshot of layer 55a79fde4c40
[1;32mDEBUG [0m]: renderer: made a snapshot of layer 55a79fde4c40
[1;32mDEBUG [0m]: CWLSurface 55a79f5b28b0 called destroy()
[1;32mDEBUG [0m]: Cleanup: removed 1 fadeouts
[1;32mDEBUG [0m]: Hyprctl: new connection from pid 788
[1;32mDEBUG [0m]: Hyprctl: keyword monitor : HEADLESS-1,1920x1080@60,2000x0,1.5
[1;32mDEBUG [0m]: ApplyConfigToKeyboard for "wl_keyboard", hasconfig: 0
[1;32mDEBUG [0m]: Not applying config to keyboard, it did not change.
[1;33mWARN [0m]: No rule found for WAYLAND-1, trying to use the first.
[1;32mDEBUG [0m]: Applying monitor rule for HEADLESS-1
[1;32mDEBUG [0m]: Monitor HEADLESS-1: requested 1920x1080@60.00Hz, using preferred mode 1920x1080@60.00Hz
[1;32mDEBUG [0m]: output HEADLESS-1 succeeded basic test on format DRM_FORMAT_XRGB8888
[1;32mDEBUG [0m]: CMonitor::updateVCGTRamps: skipping, no gamma ramp for output
[1;32mDEBUG [0m]: Monitor HEADLESS-1 data dump: res 1920x1080@60.00Hz, scale 1.50, transform 0, pos 2000x0, 10b 0
[1;33mWARN [0m]: FIXME: color management protocol is enabled and outputs changed, check preferred image description changes
[1;32mDEBUG [0m]: arrangeMonitors: 2 to arrange
[1;32mDEBUG [0m]: arrangeMonitors: HEADLESS-1 explicit [2000, 0]
[1;32mDEBUG [0m]: arrangeMonitors: WAYLAND-1 auto [3280, 0]
[1;32mDEBUG [0m]: arrangeMonitors: WAYLAND-1 xwayland [0, 0]
[1;32mDEBUG [0m]: arrangeMonitors: HEADLESS-1 xwayland [1920, 0]
[1;32mDEBUG [0m]: [CXDGOutputProtocol] updating all xdg_output heads
[1;32mDEBUG [0m]: [CXDGOutputProtocol] updating all xdg_output heads
[1;32mDEBUG [0m]: [CXDGOutputProtocol] updating all xdg_output heads
[1;32mDEBUG [0m]: [CWLCompositorResource] New wl_region with id 47 at 55a79f1a4cf0
[1;32mDEBUG [0m]: [CLinuxDMABUFParamsResource] Creating a dmabuf, with id 75: size [Vector2D: x: 1600, y: 40], fmt AR24, planes 1
[1;32mDEBUG [0m]: [CLinuxDMABUFParamsResource]  | plane 0: mod 72057594037927952 fd 70 stride 6400 offset 0
[1;32mDEBUG [0m]: [CWLCompositorResource] New wl_region with id 91 at 55a79f635be0
[1;32mDEBUG [0m]: [CLinuxDMABUFParamsResource] Creating a dmabuf, with id 86: size [Vector2D: x: 1920, y: 1080], fmt AR24, planes 1
[1;32mDEBUG [0m]: [CLinuxDMABUFParamsResource]  | plane 0: mod 72057594037927952 fd 90 stride 7680 offset 0
[1;32mDEBUG [0m]: Hyprctl: new connection from pid 789
[1;32mDEBUG [0m]: [CLinuxDMABUFParamsResource] Creating a dmabuf, with id 85: size [Vector2D: x: 1920, y: 48], fmt AR24, planes 1
[1;32mDEBUG [0m]: [CLinuxDMABUFParamsResource]  | plane 0: mod 72057594037927952 fd 63 stride 7680 offset 0
[1;32mDEBUG [0m]: [CLinuxDMABUFParamsResource] Creating a dmabuf, with id 84: size [Vector2D: x: 1920, y: 1080], fmt AR24, planes 1
[1;32mDEBUG [0m]: [CLinuxDMABUFParamsResource]  | plane 0: mod 72057594037927952 fd 57 stride 7680 offset 0
[1;32mDEBUG [0m]: Hyprctl: new connection from pid 790
[1;32mDEBUG [0m]: Hyprctl: dispatcher focusmonitor : HEADLESS-1
[1;32mDEBUG [0m]: [CLinuxDMABUFParamsResource] Creating a dmabuf, with id 75: size [Vector2D: x: 1920, y: 48], fmt AR24, planes 1
[1;32mDEBUG [0m]: [CLinuxDMABUFParamsResource]  | plane 0: mod 72057594037927952 fd 61 stride 7680 offset 0
[1;32mDEBUG [0m]: [CWLCompositorResource] New wl_surface with id 83 at 55a79fcbb130
[1;32mDEBUG [0m]: [CWLCompositorResource] New wl_surface with id 91 at 55a79fcbb130
[1;32mDEBUG [0m]: [CPrimarySelectionProtocol] CPrimarySelectionProtocol::updateSelection: cannot send selection to a client without a data_device
[1;32mDEBUG [0m]: CWLSurface 55a79f65cb80 called init()
[1;32mDEBUG [0m]: LayerSurface 55a79f6165b0 (namespace putkin-panel layer 3) created on monitor HEADLESS-1
[1;32mDEBUG [0m]: [CLayerShellProtocol] New wlr_layer_surface 55a79f6165b0
[1;32mDEBUG [0m]: cursorImage request: shape 1 -> default
[1;32mDEBUG [0m]: XCursor scanning theme default
[1;32mDEBUG [0m]: XCursor parsing index.theme /usr/share/icons/default/index.theme
[1;32mDEBUG [0m]: XCursor theme default inherits Adwaita
[1;32mDEBUG [0m]: XCursor scanning theme Adwaita
[1;32mDEBUG [0m]: XCursor using theme path /usr/share/icons/Adwaita/cursors
[1;32mDEBUG [0m]: XCursor parsing index.theme /usr/share/icons/Adwaita/index.theme
[1;32mDEBUG [0m]: XCursor theme Adwaita inherits AdwaitaLegacy
[1;32mDEBUG [0m]: XCursor theme Adwaita inherits hicolor
[1;32mDEBUG [0m]: XCursor scanning theme Adwaita
[1;32mDEBUG [0m]: XCursor using theme path /usr/share/icons/Adwaita/cursors
[1;32mDEBUG [0m]: XCursor parsing index.theme /usr/share/icons/Adwaita/index.theme
[1;32mDEBUG [0m]: XCursor theme Adwaita inherits AdwaitaLegacy
[1;32mDEBUG [0m]: XCursor theme Adwaita inherits hicolor
[1;32mDEBUG [0m]: XCursor scanning theme AdwaitaLegacy
[1;32mDEBUG [0m]: XCursor parsing index.theme /usr/share/icons/AdwaitaLegacy/index.theme
[1;32mDEBUG [0m]: XCursor theme AdwaitaLegacy inherits hicolor
[1;32mDEBUG [0m]: XCursor scanning theme hicolor
[1;32mDEBUG [0m]: XCursor parsing index.theme /usr/share/icons/hicolor/index.theme
[1;32mDEBUG [0m]: XCursor already has a shape default loaded, skipping
[1;32mDEBUG [0m]: XCursor already has a shape context-menu loaded, skipping
[1;32mDEBUG [0m]: XCursor already has a shape help loaded, skipping
[1;32mDEBUG [0m]: XCursor already has a shape pointer loaded, skipping
[1;32mDEBUG [0m]: XCursor already has a shape progress loaded, skipping
[1;32mDEBUG [0m]: XCursor already has a shape wait loaded, skipping
[1;32mDEBUG [0m]: XCursor failed to find a legacy shape with name plus, skipping
[1;32mDEBUG [0m]: XCursor already has a shape crosshair loaded, skipping
[1;32mDEBUG [0m]: XCursor already has a shape text loaded, skipping
[1;32mDEBUG [0m]: XCursor already has a shape vertical-text loaded, skipping
[1;32mDEBUG [0m]: XCursor failed to find a legacy shape with name dnd-link, skipping
[1;32mDEBUG [0m]: XCursor failed to find a legacy shape with name dnd-copy, skipping
[1;32mDEBUG [0m]: XCursor already has a shape move loaded, skipping
[1;32mDEBUG [0m]: XCursor failed to find a legacy shape with name dnd-none, skipping
[1;32mDEBUG [0m]: XCursor failed to find a legacy shape with name crossed_circle, skipping
[1;32mDEBUG [0m]: XCursor already has a shape grab loaded, skipping
[1;32mDEBUG [0m]: XCursor already has a shape grabbing loaded, skipping
[1;32mDEBUG [0m]: XCursor already has a shape e-resize loaded, skipping
[1;32mDEBUG [0m]: XCursor already has a shape n-resize loaded, skipping
[1;32mDEBUG [0m]: XCursor already has a shape ne-resize loaded, skipping
[1;32mDEBUG [0m]: XCursor already has a shape nw-resize loaded, skipping
[1;32mDEBUG [0m]: XCursor already has a shape s-resize loaded, skipping
[1;32mDEBUG [0m]: XCursor already has a shape se-resize loaded, skipping
[1;32mDEBUG [0m]: XCursor already has a shape sw-resize loaded, skipping
[1;32mDEBUG [0m]: XCursor already has a shape w-resize loaded, skipping
[1;32mDEBUG [0m]: XCursor already has a shape ew-resize loaded, skipping
[1;32mDEBUG [0m]: XCursor already has a shape ns-resize loaded, skipping
[1;32mDEBUG [0m]: XCursor already has a shape nesw-resize loaded, skipping
[1;32mDEBUG [0m]: XCursor already has a shape nwse-resize loaded, skipping
[1;32mDEBUG [0m]: XCursor already has a shape col-resize loaded, skipping
[1;32mDEBUG [0m]: XCursor already has a shape row-resize loaded, skipping
[1;32mDEBUG [0m]: XCursor already has a shape all-scroll loaded, skipping
[1;32mDEBUG [0m]: XCursor already has a shape zoom-in loaded, skipping
[1;32mDEBUG [0m]: XCursor already has a shape zoom-out loaded, skipping
[1;32mDEBUG [0m]: XCursor failed to find a legacy shape with name dnd-copy, skipping
[1;32mDEBUG [0m]: XCursor already has a shape all-resize loaded, skipping
[1;33mWARN [0m]: GSettings default schema source does not exist, can't sync GSettings
[1;33mWARN [0m]: GSettings parameter doesn't exist cursor-theme in org.gnome.desktop.interface
[1;33mWARN [0m]: GSettings default schema source does not exist, can't sync GSettings
[1;33mWARN [0m]: GSettings parameter doesn't exist cursor-size in org.gnome.desktop.interface
[1;32mDEBUG [0m]: [CWLCompositorResource] New wl_region with id 83 at 55a79f188a40
[1;32mDEBUG [0m]: [CWLCompositorResource] New wl_region with id 60 at 55a79f188a40
[1;32mDEBUG [0m]: [CLinuxDMABUFParamsResource] Creating a dmabuf, with id 78: size [Vector2D: x: 552, y: 96], fmt AR24, planes 1
[1;32mDEBUG [0m]: [CLinuxDMABUFParamsResource]  | plane 0: mod 72057594037927952 fd 75 stride 2304 offset 0
[1;32mDEBUG [0m]: LayerSurface 55a79f6165b0 mapped
[1;32mDEBUG [0m]: [CLinuxDMABUFParamsResource] Creating a dmabuf, with id 90: size [Vector2D: x: 552, y: 96], fmt AR24, planes 1
[1;32mDEBUG [0m]: [CLinuxDMABUFParamsResource]  | plane 0: mod 72057594037927952 fd 77 stride 2304 offset 0
[1;32mDEBUG [0m]: [CLinuxDMABUFParamsResource] Creating a dmabuf, with id 62: size [Vector2D: x: 552, y: 1068], fmt AR24, planes 1
[1;32mDEBUG [0m]: [CLinuxDMABUFParamsResource]  | plane 0: mod 72057594037927952 fd 87 stride 2304 offset 0
[1;32mDEBUG [0m]: [CWLSeatProtocol] New seat resource bound at 55a79fbf42e0
[1;32mDEBUG [0m]: [CVirtualKeyboardProtocol] New VKeyboard at id 5
[1;32mDEBUG [0m]: ApplyConfigToKeyboard for "hl-virtual-keyboard-wtype", hasconfig: 0
[1;32mDEBUG [0m]: Attempting to create a keymap for layout us with variant  (rules: , model: , options: )
[1;32mDEBUG [0m]: Updating keyboard 55a79f694860's translation state from a provided keymap
[1;32mDEBUG [0m]: xkb: LED index 0 (name Num Lock) got index 1
[1;32mDEBUG [0m]: xkb: LED index 1 (name Caps Lock) got index 0
[1;32mDEBUG [0m]: xkb: LED index 2 (name Scroll Lock) got index 2
[1;32mDEBUG [0m]: xkb: Mod index 0 (name Shift) got index 0
[1;32mDEBUG [0m]: xkb: Mod index 1 (name Lock) got index 1
[1;32mDEBUG [0m]: xkb: Mod index 2 (name Control) got index 2
[1;32mDEBUG [0m]: xkb: Mod index 3 (name Mod1) got index 3
[1;32mDEBUG [0m]: xkb: Mod index 4 (name Mod2) got index 4
[1;32mDEBUG [0m]: xkb: Mod index 5 (name Mod3) got index 5
[1;32mDEBUG [0m]: xkb: Mod index 6 (name Mod4) got index 6
[1;32mDEBUG [0m]: xkb: Mod index 7 (name Mod5) got index 7
[1;32mDEBUG [0m]: Updating keymap fd for keyboard hl-virtual-keyboard-wtype
[1;32mDEBUG [0m]: Updated keymap fd to 93, keymap V1 to: 95
[1;32mDEBUG [0m]: Set the keyboard layout to us and variant to  for keyboard "hl-virtual-keyboard-wtype"
[1;32mDEBUG [0m]: New virtual keyboard created at 55a79f694860
[1;32mDEBUG [0m]: Updating keyboard 55a79f694860's translation state from a provided keymap
[1;32mDEBUG [0m]: Updating keymap fd for keyboard hl-virtual-keyboard-wtype
[1;32mDEBUG [0m]: Updated keymap fd to 93, keymap V1 to: 95
[1;32mDEBUG [0m]: [CLinuxDMABUFParamsResource] Creating a dmabuf, with id 60: size [Vector2D: x: 552, y: 1068], fmt AR24, planes 1
[1;32mDEBUG [0m]: [CLinuxDMABUFParamsResource]  | plane 0: mod 72057594037927952 fd 91 stride 2304 offset 0
[1;32mDEBUG [0m]: Keyboard at 55a79f694860 removed
[1;32mDEBUG [0m]: Destroyed keyboard 55a79f694860
[1;32mDEBUG [0m]: [CWLSeatProtocol] New seat resource bound at 55a79fffe380
[1;32mDEBUG [0m]: [CVirtualKeyboardProtocol] New VKeyboard at id 5
[1;32mDEBUG [0m]: ApplyConfigToKeyboard for "hl-virtual-keyboard-wtype", hasconfig: 0
[1;32mDEBUG [0m]: Attempting to create a keymap for layout us with variant  (rules: , model: , options: )
[1;32mDEBUG [0m]: Updating keyboard 55a79f694860's translation state from a provided keymap
[1;32mDEBUG [0m]: xkb: LED index 0 (name Num Lock) got index 1
[1;32mDEBUG [0m]: xkb: LED index 1 (name Caps Lock) got index 0
[1;32mDEBUG [0m]: xkb: LED index 2 (name Scroll Lock) got index 2
[1;32mDEBUG [0m]: xkb: Mod index 0 (name Shift) got index 0
[1;32mDEBUG [0m]: xkb: Mod index 1 (name Lock) got index 1
[1;32mDEBUG [0m]: xkb: Mod index 2 (name Control) got index 2
[1;32mDEBUG [0m]: xkb: Mod index 3 (name Mod1) got index 3
[1;32mDEBUG [0m]: xkb: Mod index 4 (name Mod2) got index 4
[1;32mDEBUG [0m]: xkb: Mod index 5 (name Mod3) got index 5
[1;32mDEBUG [0m]: xkb: Mod index 6 (name Mod4) got index 6
[1;32mDEBUG [0m]: xkb: Mod index 7 (name Mod5) got index 7
[1;32mDEBUG [0m]: Updating keymap fd for keyboard hl-virtual-keyboard-wtype
[1;32mDEBUG [0m]: Updated keymap fd to 93, keymap V1 to: 95
[1;32mDEBUG [0m]: Set the keyboard layout to us and variant to  for keyboard "hl-virtual-keyboard-wtype"
[1;32mDEBUG [0m]: New virtual keyboard created at 55a79f694860
[1;32mDEBUG [0m]: Updating keyboard 55a79f694860's translation state from a provided keymap
[1;32mDEBUG [0m]: Updating keymap fd for keyboard hl-virtual-keyboard-wtype
[1;32mDEBUG [0m]: Updated keymap fd to 93, keymap V1 to: 95
[1;32mDEBUG [0m]: Keyboard at 55a79f694860 removed
[1;32mDEBUG [0m]: Destroyed keyboard 55a79f694860
[1;32mDEBUG [0m]: [CWLSeatProtocol] New seat resource bound at 55a79f69b7b0
[1;32mDEBUG [0m]: [CVirtualKeyboardProtocol] New VKeyboard at id 5
[1;32mDEBUG [0m]: ApplyConfigToKeyboard for "hl-virtual-keyboard-wtype", hasconfig: 0
[1;32mDEBUG [0m]: Attempting to create a keymap for layout us with variant  (rules: , model: , options: )
[1;32mDEBUG [0m]: Updating keyboard 55a79f694860's translation state from a provided keymap
[1;32mDEBUG [0m]: xkb: LED index 0 (name Num Lock) got index 1
[1;32mDEBUG [0m]: xkb: LED index 1 (name Caps Lock) got index 0
[1;32mDEBUG [0m]: xkb: LED index 2 (name Scroll Lock) got index 2
[1;32mDEBUG [0m]: xkb: Mod index 0 (name Shift) got index 0
[1;32mDEBUG [0m]: xkb: Mod index 1 (name Lock) got index 1
[1;32mDEBUG [0m]: xkb: Mod index 2 (name Control) got index 2
[1;32mDEBUG [0m]: xkb: Mod index 3 (name Mod1) got index 3
[1;32mDEBUG [0m]: xkb: Mod index 4 (name Mod2) got index 4
[1;32mDEBUG [0m]: xkb: Mod index 5 (name Mod3) got index 5
[1;32mDEBUG [0m]: xkb: Mod index 6 (name Mod4) got index 6
[1;32mDEBUG [0m]: xkb: Mod index 7 (name Mod5) got index 7
[1;32mDEBUG [0m]: Updating keymap fd for keyboard hl-virtual-keyboard-wtype
[1;32mDEBUG [0m]: Updated keymap fd to 93, keymap V1 to: 95
[1;32mDEBUG [0m]: Set the keyboard layout to us and variant to  for keyboard "hl-virtual-keyboard-wtype"
[1;32mDEBUG [0m]: New virtual keyboard created at 55a79f694860
[1;32mDEBUG [0m]: Updating keyboard 55a79f694860's translation state from a provided keymap
[1;32mDEBUG [0m]: Updating keymap fd for keyboard hl-virtual-keyboard-wtype
[1;32mDEBUG [0m]: Updated keymap fd to 93, keymap V1 to: 95
[1;32mDEBUG [0m]: Keyboard at 55a79f694860 removed
[1;32mDEBUG [0m]: Destroyed keyboard 55a79f694860
[1;32mDEBUG [0m]: [CWLSeatProtocol] New seat resource bound at 55a79e54f330
[1;32mDEBUG [0m]: [CVirtualKeyboardProtocol] New VKeyboard at id 5
[1;32mDEBUG [0m]: ApplyConfigToKeyboard for "hl-virtual-keyboard-wtype", hasconfig: 0
[1;32mDEBUG [0m]: Attempting to create a keymap for layout us with variant  (rules: , model: , options: )
[1;32mDEBUG [0m]: Updating keyboard 55a79f694860's translation state from a provided keymap
[1;32mDEBUG [0m]: xkb: LED index 0 (name Num Lock) got index 1
[1;32mDEBUG [0m]: xkb: LED index 1 (name Caps Lock) got index 0
[1;32mDEBUG [0m]: xkb: LED index 2 (name Scroll Lock) got index 2
[1;32mDEBUG [0m]: xkb: Mod index 0 (name Shift) got index 0
[1;32mDEBUG [0m]: xkb: Mod index 1 (name Lock) got index 1
[1;32mDEBUG [0m]: xkb: Mod index 2 (name Control) got index 2
[1;32mDEBUG [0m]: xkb: Mod index 3 (name Mod1) got index 3
[1;32mDEBUG [0m]: xkb: Mod index 4 (name Mod2) got index 4
[1;32mDEBUG [0m]: xkb: Mod index 5 (name Mod3) got index 5
[1;32mDEBUG [0m]: xkb: Mod index 6 (name Mod4) got index 6
[1;32mDEBUG [0m]: xkb: Mod index 7 (name Mod5) got index 7
[1;32mDEBUG [0m]: Updating keymap fd for keyboard hl-virtual-keyboard-wtype
[1;32mDEBUG [0m]: Updated keymap fd to 93, keymap V1 to: 95
[1;32mDEBUG [0m]: Set the keyboard layout to us and variant to  for keyboard "hl-virtual-keyboard-wtype"
[1;32mDEBUG [0m]: New virtual keyboard created at 55a79f694860
[1;32mDEBUG [0m]: Updating keyboard 55a79f694860's translation state from a provided keymap
[1;32mDEBUG [0m]: Updating keymap fd for keyboard hl-virtual-keyboard-wtype
[1;32mDEBUG [0m]: Updated keymap fd to 93, keymap V1 to: 95
[1;32mDEBUG [0m]: Keyboard at 55a79f694860 removed
[1;32mDEBUG [0m]: Destroyed keyboard 55a79f694860
[1;32mDEBUG [0m]: [CWLSeatProtocol] New seat resource bound at 55a79f673b60
[1;32mDEBUG [0m]: [CVirtualKeyboardProtocol] New VKeyboard at id 5
[1;32mDEBUG [0m]: ApplyConfigToKeyboard for "hl-virtual-keyboard-wtype", hasconfig: 0
[1;32mDEBUG [0m]: Attempting to create a keymap for layout us with variant  (rules: , model: , options: )
[1;32mDEBUG [0m]: Updating keyboard 55a79f694860's translation state from a provided keymap
[1;32mDEBUG [0m]: xkb: LED index 0 (name Num Lock) got index 1
[1;32mDEBUG [0m]: xkb: LED index 1 (name Caps Lock) got index 0
[1;32mDEBUG [0m]: xkb: LED index 2 (name Scroll Lock) got index 2
[1;32mDEBUG [0m]: xkb: Mod index 0 (name Shift) got index 0
[1;32mDEBUG [0m]: xkb: Mod index 1 (name Lock) got index 1
[1;32mDEBUG [0m]: xkb: Mod index 2 (name Control) got index 2
[1;32mDEBUG [0m]: xkb: Mod index 3 (name Mod1) got index 3
[1;32mDEBUG [0m]: xkb: Mod index 4 (name Mod2) got index 4
[1;32mDEBUG [0m]: xkb: Mod index 5 (name Mod3) got index 5
[1;32mDEBUG [0m]: xkb: Mod index 6 (name Mod4) got index 6
[1;32mDEBUG [0m]: xkb: Mod index 7 (name Mod5) got index 7
[1;32mDEBUG [0m]: Updating keymap fd for keyboard hl-virtual-keyboard-wtype
[1;32mDEBUG [0m]: Updated keymap fd to 93, keymap V1 to: 95
[1;32mDEBUG [0m]: Set the keyboard layout to us and variant to  for keyboard "hl-virtual-keyboard-wtype"
[1;32mDEBUG [0m]: New virtual keyboard created at 55a79f694860
[1;32mDEBUG [0m]: Updating keyboard 55a79f694860's translation state from a provided keymap
[1;32mDEBUG [0m]: Updating keymap fd for keyboard hl-virtual-keyboard-wtype
[1;32mDEBUG [0m]: Updated keymap fd to 93, keymap V1 to: 95
[1;32mDEBUG [0m]: Keyboard at 55a79f694860 removed
[1;32mDEBUG [0m]: Destroyed keyboard 55a79f694860
[1;32mDEBUG [0m]: [CWLSeatProtocol] New seat resource bound at 55a79f635070
[1;32mDEBUG [0m]: [CVirtualKeyboardProtocol] New VKeyboard at id 5
[1;32mDEBUG [0m]: ApplyConfigToKeyboard for "hl-virtual-keyboard-wtype", hasconfig: 0
[1;32mDEBUG [0m]: Attempting to create a keymap for layout us with variant  (rules: , model: , options: )
[1;32mDEBUG [0m]: Updating keyboard 55a79f694860's translation state from a provided keymap
[1;32mDEBUG [0m]: xkb: LED index 0 (name Num Lock) got index 1
[1;32mDEBUG [0m]: xkb: LED index 1 (name Caps Lock) got index 0
[1;32mDEBUG [0m]: xkb: LED index 2 (name Scroll Lock) got index 2
[1;32mDEBUG [0m]: xkb: Mod index 0 (name Shift) got index 0
[1;32mDEBUG [0m]: xkb: Mod index 1 (name Lock) got index 1
[1;32mDEBUG [0m]: xkb: Mod index 2 (name Control) got index 2
[1;32mDEBUG [0m]: xkb: Mod index 3 (name Mod1) got index 3
[1;32mDEBUG [0m]: xkb: Mod index 4 (name Mod2) got index 4
[1;32mDEBUG [0m]: xkb: Mod index 5 (name Mod3) got index 5
[1;32mDEBUG [0m]: xkb: Mod index 6 (name Mod4) got index 6
[1;32mDEBUG [0m]: xkb: Mod index 7 (name Mod5) got index 7
[1;32mDEBUG [0m]: Updating keymap fd for keyboard hl-virtual-keyboard-wtype
[1;32mDEBUG [0m]: Updated keymap fd to 93, keymap V1 to: 95
[1;32mDEBUG [0m]: Set the keyboard layout to us and variant to  for keyboard "hl-virtual-keyboard-wtype"
[1;32mDEBUG [0m]: New virtual keyboard created at 55a79f694860
[1;32mDEBUG [0m]: Updating keyboard 55a79f694860's translation state from a provided keymap
[1;32mDEBUG [0m]: Updating keymap fd for keyboard hl-virtual-keyboard-wtype
[1;32mDEBUG [0m]: Updated keymap fd to 93, keymap V1 to: 95
[1;32mDEBUG [0m]: Keyboard at 55a79f694860 removed
[1;32mDEBUG [0m]: Destroyed keyboard 55a79f694860
[1;32mDEBUG [0m]: [CWLSeatProtocol] New seat resource bound at 55a79f6365b0
[1;32mDEBUG [0m]: [CVirtualKeyboardProtocol] New VKeyboard at id 5
[1;32mDEBUG [0m]: ApplyConfigToKeyboard for "hl-virtual-keyboard-wtype", hasconfig: 0
[1;32mDEBUG [0m]: Attempting to create a keymap for layout us with variant  (rules: , model: , options: )
[1;32mDEBUG [0m]: Updating keyboard 55a79f694860's translation state from a provided keymap
[1;32mDEBUG [0m]: xkb: LED index 0 (name Num Lock) got index 1
[1;32mDEBUG [0m]: xkb: LED index 1 (name Caps Lock) got index 0
[1;32mDEBUG [0m]: xkb: LED index 2 (name Scroll Lock) got index 2
[1;32mDEBUG [0m]: xkb: Mod index 0 (name Shift) got index 0
[1;32mDEBUG [0m]: xkb: Mod index 1 (name Lock) got index 1
[1;32mDEBUG [0m]: xkb: Mod index 2 (name Control) got index 2
[1;32mDEBUG [0m]: xkb: Mod index 3 (name Mod1) got index 3
[1;32mDEBUG [0m]: xkb: Mod index 4 (name Mod2) got index 4
[1;32mDEBUG [0m]: xkb: Mod index 5 (name Mod3) got index 5
[1;32mDEBUG [0m]: xkb: Mod index 6 (name Mod4) got index 6
[1;32mDEBUG [0m]: xkb: Mod index 7 (name Mod5) got index 7
[1;32mDEBUG [0m]: Updating keymap fd for keyboard hl-virtual-keyboard-wtype
[1;32mDEBUG [0m]: Updated keymap fd to 93, keymap V1 to: 95
[1;32mDEBUG [0m]: Set the keyboard layout to us and variant to  for keyboard "hl-virtual-keyboard-wtype"
[1;32mDEBUG [0m]: New virtual keyboard created at 55a79f694860
[1;32mDEBUG [0m]: Updating keyboard 55a79f694860's translation state from a provided keymap
[1;32mDEBUG [0m]: Updating keymap fd for keyboard hl-virtual-keyboard-wtype
[1;32mDEBUG [0m]: Updated keymap fd to 93, keymap V1 to: 95
[1;32mDEBUG [0m]: Keyboard at 55a79f694860 removed
[1;32mDEBUG [0m]: Destroyed keyboard 55a79f694860
[1;32mDEBUG [0m]: [CWLSeatProtocol] New seat resource bound at 55a79f69b7b0
[1;32mDEBUG [0m]: [CVirtualKeyboardProtocol] New VKeyboard at id 5
[1;32mDEBUG [0m]: ApplyConfigToKeyboard for "hl-virtual-keyboard-wtype", hasconfig: 0
[1;32mDEBUG [0m]: Attempting to create a keymap for layout us with variant  (rules: , model: , options: )
[1;32mDEBUG [0m]: Updating keyboard 55a79f694860's translation state from a provided keymap
[1;32mDEBUG [0m]: xkb: LED index 0 (name Num Lock) got index 1
[1;32mDEBUG [0m]: xkb: LED index 1 (name Caps Lock) got index 0
[1;32mDEBUG [0m]: xkb: LED index 2 (name Scroll Lock) got index 2
[1;32mDEBUG [0m]: xkb: Mod index 0 (name Shift) got index 0
[1;32mDEBUG [0m]: xkb: Mod index 1 (name Lock) got index 1
[1;32mDEBUG [0m]: xkb: Mod index 2 (name Control) got index 2
[1;32mDEBUG [0m]: xkb: Mod index 3 (name Mod1) got index 3
[1;32mDEBUG [0m]: xkb: Mod index 4 (name Mod2) got index 4
[1;32mDEBUG [0m]: xkb: Mod index 5 (name Mod3) got index 5
[1;32mDEBUG [0m]: xkb: Mod index 6 (name Mod4) got index 6
[1;32mDEBUG [0m]: xkb: Mod index 7 (name Mod5) got index 7
[1;32mDEBUG [0m]: Updating keymap fd for keyboard hl-virtual-keyboard-wtype
[1;32mDEBUG [0m]: Updated keymap fd to 93, keymap V1 to: 95
[1;32mDEBUG [0m]: Set the keyboard layout to us and variant to  for keyboard "hl-virtual-keyboard-wtype"
[1;32mDEBUG [0m]: New virtual keyboard created at 55a79f694860
[1;32mDEBUG [0m]: Updating keyboard 55a79f694860's translation state from a provided keymap
[1;32mDEBUG [0m]: Updating keymap fd for keyboard hl-virtual-keyboard-wtype
[1;32mDEBUG [0m]: Updated keymap fd to 93, keymap V1 to: 95
[1;32mDEBUG [0m]: Keyboard at 55a79f694860 removed
[1;32mDEBUG [0m]: Destroyed keyboard 55a79f694860
[1;32mDEBUG [0m]: [CWLSeatProtocol] New seat resource bound at 55a79f632500
[1;32mDEBUG [0m]: [CVirtualKeyboardProtocol] New VKeyboard at id 5
[1;32mDEBUG [0m]: ApplyConfigToKeyboard for "hl-virtual-keyboard-wtype", hasconfig: 0
[1;32mDEBUG [0m]: Attempting to create a keymap for layout us with variant  (rules: , model: , options: )
[1;32mDEBUG [0m]: Updating keyboard 55a79f694860's translation state from a provided keymap
[1;32mDEBUG [0m]: xkb: LED index 0 (name Num Lock) got index 1
[1;32mDEBUG [0m]: xkb: LED index 1 (name Caps Lock) got index 0
[1;32mDEBUG [0m]: xkb: LED index 2 (name Scroll Lock) got index 2
[1;32mDEBUG [0m]: xkb: Mod index 0 (name Shift) got index 0
[1;32mDEBUG [0m]: xkb: Mod index 1 (name Lock) got index 1
[1;32mDEBUG [0m]: xkb: Mod index 2 (name Control) got index 2
[1;32mDEBUG [0m]: xkb: Mod index 3 (name Mod1) got index 3
[1;32mDEBUG [0m]: xkb: Mod index 4 (name Mod2) got index 4
[1;32mDEBUG [0m]: xkb: Mod index 5 (name Mod3) got index 5
[1;32mDEBUG [0m]: xkb: Mod index 6 (name Mod4) got index 6
[1;32mDEBUG [0m]: xkb: Mod index 7 (name Mod5) got index 7
[1;32mDEBUG [0m]: Updating keymap fd for keyboard hl-virtual-keyboard-wtype
[1;32mDEBUG [0m]: Updated keymap fd to 93, keymap V1 to: 95
[1;32mDEBUG [0m]: Set the keyboard layout to us and variant to  for keyboard "hl-virtual-keyboard-wtype"
[1;32mDEBUG [0m]: New virtual keyboard created at 55a79f694860
[1;32mDEBUG [0m]: Updating keyboard 55a79f694860's translation state from a provided keymap
[1;32mDEBUG [0m]: Updating keymap fd for keyboard hl-virtual-keyboard-wtype
[1;32mDEBUG [0m]: Updated keymap fd to 93, keymap V1 to: 95
[1;32mDEBUG [0m]: Keyboard at 55a79f694860 removed
[1;32mDEBUG [0m]: Destroyed keyboard 55a79f694860
[1;32mDEBUG [0m]: [CWLSeatProtocol] New seat resource bound at 55a79f6323e0
[1;32mDEBUG [0m]: [CVirtualKeyboardProtocol] New VKeyboard at id 5
[1;32mDEBUG [0m]: ApplyConfigToKeyboard for "hl-virtual-keyboard-wtype", hasconfig: 0
[1;32mDEBUG [0m]: Attempting to create a keymap for layout us with variant  (rules: , model: , options: )
[1;32mDEBUG [0m]: Updating keyboard 55a79f694860's translation state from a provided keymap
[1;32mDEBUG [0m]: xkb: LED index 0 (name Num Lock) got index 1
[1;32mDEBUG [0m]: xkb: LED index 1 (name Caps Lock) got index 0
[1;32mDEBUG [0m]: xkb: LED index 2 (name Scroll Lock) got index 2
[1;32mDEBUG [0m]: xkb: Mod index 0 (name Shift) got index 0
[1;32mDEBUG [0m]: xkb: Mod index 1 (name Lock) got index 1
[1;32mDEBUG [0m]: xkb: Mod index 2 (name Control) got index 2
[1;32mDEBUG [0m]: xkb: Mod index 3 (name Mod1) got index 3
[1;32mDEBUG [0m]: xkb: Mod index 4 (name Mod2) got index 4
[1;32mDEBUG [0m]: xkb: Mod index 5 (name Mod3) got index 5
[1;32mDEBUG [0m]: xkb: Mod index 6 (name Mod4) got index 6
[1;32mDEBUG [0m]: xkb: Mod index 7 (name Mod5) got index 7
[1;32mDEBUG [0m]: Updating keymap fd for keyboard hl-virtual-keyboard-wtype
[1;32mDEBUG [0m]: Updated keymap fd to 93, keymap V1 to: 95
[1;32mDEBUG [0m]: Set the keyboard layout to us and variant to  for keyboard "hl-virtual-keyboard-wtype"
[1;32mDEBUG [0m]: New virtual keyboard created at 55a79f694860
[1;32mDEBUG [0m]: Updating keyboard 55a79f694860's translation state from a provided keymap
[1;32mDEBUG [0m]: Updating keymap fd for keyboard hl-virtual-keyboard-wtype
[1;32mDEBUG [0m]: Updated keymap fd to 93, keymap V1 to: 95
[1;32mDEBUG [0m]: Keyboard at 55a79f694860 removed
[1;32mDEBUG [0m]: Destroyed keyboard 55a79f694860
[1;32mDEBUG [0m]: [CWLSeatProtocol] New seat resource bound at 55a79f64d3c0
[1;32mDEBUG [0m]: [CVirtualKeyboardProtocol] New VKeyboard at id 5
[1;32mDEBUG [0m]: ApplyConfigToKeyboard for "hl-virtual-keyboard-wtype", hasconfig: 0
[1;32mDEBUG [0m]: Attempting to create a keymap for layout us with variant  (rules: , model: , options: )
[1;32mDEBUG [0m]: Updating keyboard 55a79f694860's translation state from a provided keymap
[1;32mDEBUG [0m]: xkb: LED index 0 (name Num Lock) got index 1
[1;32mDEBUG [0m]: xkb: LED index 1 (name Caps Lock) got index 0
[1;32mDEBUG [0m]: xkb: LED index 2 (name Scroll Lock) got index 2
[1;32mDEBUG [0m]: xkb: Mod index 0 (name Shift) got index 0
[1;32mDEBUG [0m]: xkb: Mod index 1 (name Lock) got index 1
[1;32mDEBUG [0m]: xkb: Mod index 2 (name Control) got index 2
[1;32mDEBUG [0m]: xkb: Mod index 3 (name Mod1) got index 3
[1;32mDEBUG [0m]: xkb: Mod index 4 (name Mod2) got index 4
[1;32mDEBUG [0m]: xkb: Mod index 5 (name Mod3) got index 5
[1;32mDEBUG [0m]: xkb: Mod index 6 (name Mod4) got index 6
[1;32mDEBUG [0m]: xkb: Mod index 7 (name Mod5) got index 7
[1;32mDEBUG [0m]: Updating keymap fd for keyboard hl-virtual-keyboard-wtype
[1;32mDEBUG [0m]: Updated keymap fd to 93, keymap V1 to: 95
[1;32mDEBUG [0m]: Set the keyboard layout to us and variant to  for keyboard "hl-virtual-keyboard-wtype"
[1;32mDEBUG [0m]: New virtual keyboard created at 55a79f694860
[1;32mDEBUG [0m]: Updating keyboard 55a79f694860's translation state from a provided keymap
[1;32mDEBUG [0m]: Updating keymap fd for keyboard hl-virtual-keyboard-wtype
[1;32mDEBUG [0m]: Updated keymap fd to 93, keymap V1 to: 95
[1;32mDEBUG [0m]: Keyboard at 55a79f694860 removed
[1;32mDEBUG [0m]: Destroyed keyboard 55a79f694860
[1;32mDEBUG [0m]: [CWLSeatProtocol] New seat resource bound at 55a79f639350
[1;32mDEBUG [0m]: [CVirtualKeyboardProtocol] New VKeyboard at id 5
[1;32mDEBUG [0m]: ApplyConfigToKeyboard for "hl-virtual-keyboard-wtype", hasconfig: 0
[1;32mDEBUG [0m]: Attempting to create a keymap for layout us with variant  (rules: , model: , options: )
[1;32mDEBUG [0m]: Updating keyboard 55a79f694860's translation state from a provided keymap
[1;32mDEBUG [0m]: xkb: LED index 0 (name Num Lock) got index 1
[1;32mDEBUG [0m]: xkb: LED index 1 (name Caps Lock) got index 0
[1;32mDEBUG [0m]: xkb: LED index 2 (name Scroll Lock) got index 2
[1;32mDEBUG [0m]: xkb: Mod index 0 (name Shift) got index 0
[1;32mDEBUG [0m]: xkb: Mod index 1 (name Lock) got index 1
[1;32mDEBUG [0m]: xkb: Mod index 2 (name Control) got index 2
[1;32mDEBUG [0m]: xkb: Mod index 3 (name Mod1) got index 3
[1;32mDEBUG [0m]: xkb: Mod index 4 (name Mod2) got index 4
[1;32mDEBUG [0m]: xkb: Mod index 5 (name Mod3) got index 5
[1;32mDEBUG [0m]: xkb: Mod index 6 (name Mod4) got index 6
[1;32mDEBUG [0m]: xkb: Mod index 7 (name Mod5) got index 7
[1;32mDEBUG [0m]: Updating keymap fd for keyboard hl-virtual-keyboard-wtype
[1;32mDEBUG [0m]: Updated keymap fd to 93, keymap V1 to: 95
[1;32mDEBUG [0m]: Set the keyboard layout to us and variant to  for keyboard "hl-virtual-keyboard-wtype"
[1;32mDEBUG [0m]: New virtual keyboard created at 55a79f694860
[1;32mDEBUG [0m]: Updating keyboard 55a79f694860's translation state from a provided keymap
[1;32mDEBUG [0m]: Updating keymap fd for keyboard hl-virtual-keyboard-wtype
[1;32mDEBUG [0m]: Updated keymap fd to 93, keymap V1 to: 95
[1;32mDEBUG [0m]: Keyboard at 55a79f694860 removed
[1;32mDEBUG [0m]: Destroyed keyboard 55a79f694860
[1;32mDEBUG [0m]: [CWLSeatProtocol] New seat resource bound at 55a79f630ce0
[1;32mDEBUG [0m]: [CVirtualKeyboardProtocol] New VKeyboard at id 5
[1;32mDEBUG [0m]: ApplyConfigToKeyboard for "hl-virtual-keyboard-wtype", hasconfig: 0
[1;32mDEBUG [0m]: Attempting to create a keymap for layout us with variant  (rules: , model: , options: )
[1;32mDEBUG [0m]: Updating keyboard 55a79f694860's translation state from a provided keymap
[1;32mDEBUG [0m]: xkb: LED index 0 (name Num Lock) got index 1
[1;32mDEBUG [0m]: xkb: LED index 1 (name Caps Lock) got index 0
[1;32mDEBUG [0m]: xkb: LED index 2 (name Scroll Lock) got index 2
[1;32mDEBUG [0m]: xkb: Mod index 0 (name Shift) got index 0
[1;32mDEBUG [0m]: xkb: Mod index 1 (name Lock) got index 1
[1;32mDEBUG [0m]: xkb: Mod index 2 (name Control) got index 2
[1;32mDEBUG [0m]: xkb: Mod index 3 (name Mod1) got index 3
[1;32mDEBUG [0m]: xkb: Mod index 4 (name Mod2) got index 4
[1;32mDEBUG [0m]: xkb: Mod index 5 (name Mod3) got index 5
[1;32mDEBUG [0m]: xkb: Mod index 6 (name Mod4) got index 6
[1;32mDEBUG [0m]: xkb: Mod index 7 (name Mod5) got index 7
[1;32mDEBUG [0m]: Updating keymap fd for keyboard hl-virtual-keyboard-wtype
[1;32mDEBUG [0m]: Updated keymap fd to 93, keymap V1 to: 95
[1;32mDEBUG [0m]: Set the keyboard layout to us and variant to  for keyboard "hl-virtual-keyboard-wtype"
[1;32mDEBUG [0m]: New virtual keyboard created at 55a79f694860
[1;32mDEBUG [0m]: Updating keyboard 55a79f694860's translation state from a provided keymap
[1;32mDEBUG [0m]: Updating keymap fd for keyboard hl-virtual-keyboard-wtype
[1;32mDEBUG [0m]: Updated keymap fd to 93, keymap V1 to: 95
[1;32mDEBUG [0m]: Keyboard at 55a79f694860 removed
[1;32mDEBUG [0m]: Destroyed keyboard 55a79f694860
[1;32mDEBUG [0m]: Hyprctl: new connection from pid 846
[1;32mDEBUG [0m]: Hyprctl: new connection from pid 847
[1;32mDEBUG [0m]: Hyprctl: new connection from pid 848
[1;32mDEBUG [0m]: Hyprctl: new connection from pid 849
[1;32mDEBUG [0m]: Hyprctl: new connection from pid 850
[1;32mDEBUG [0m]: Hyprctl: new connection from pid 851
[1;32mDEBUG [0m]: Hyprctl: new connection from pid 852
[1;32mDEBUG [0m]: Hyprctl: new connection from pid 853
[1;32mDEBUG [0m]: [CScreencopyProtocol] Bound client successfully!
[1;32mDEBUG [0m]: [CXDGOutputProtocol] New xdg_output for HEADLESS-1: client 55a79f67d0c0 (not xwayland)
[1;32mDEBUG [0m]: [CXDGOutputProtocol] New xdg_output for WAYLAND-1: client 55a79f67d0c0 (not xwayland)
[1;32mDEBUG [0m]: [COutputImageCaptureSourceProtocol] New capture source for monitor: HEADLESS-1
[1;32mDEBUG [0m]: [CImageCopyCaptureProtocol] New image copy capture session for source (monitor): "HEADLESS-1"
[1;32mDEBUG [0m]: Framebuffer "Monitor HEADLESS-1 mirror FB" created, status 36053
[1;32mDEBUG [0m]: Framebuffer "" created, status 36053
[1;32mDEBUG [0m]: [Screenshare] Started screenshare session for (monitor): HEADLESS-1
[1;32mDEBUG [0m]: [Screenshare] Stopped screenshare session for (monitor): HEADLESS-1
[1;32mDEBUG [0m]: [CWLCompositorResource] New wl_region with id 83 at 55a79f63aa60
[1;32mDEBUG [0m]: LayerSurface 55a79f6165b0 destroyed
[1;32mDEBUG [0m]: Forcing an unmap of a LS that did a straight destroy!
[1;32mDEBUG [0m]: LayerSurface 55a79f6165b0 unmapped
[1;32mDEBUG [0m]: renderer: making a snapshot of layer 55a79e62c6a0
[1;32mDEBUG [0m]: Framebuffer "layer snapshot" created, status 36053
[1;32mDEBUG [0m]: renderer: cleared a snapshot of layer 55a79e62c6a0
[1;32mDEBUG [0m]: renderer: rendered a snapshot of layer 55a79e62c6a0
[1;32mDEBUG [0m]: renderer: made a snapshot of layer 55a79e62c6a0
[1;32mDEBUG [0m]: CWLSurface 55a79f65cb80 called destroy()
[1;32mDEBUG [0m]: Cleanup: removed 1 fadeouts
[1;32mDEBUG [0m]: Hyprctl: new connection from pid 861
[1;32mDEBUG [0m]: Hyprctl: keyword monitor : HEADLESS-1,1920x1080@60,2000x0,2
[1;32mDEBUG [0m]: ApplyConfigToKeyboard for "wl_keyboard", hasconfig: 0
[1;32mDEBUG [0m]: Not applying config to keyboard, it did not change.
[1;33mWARN [0m]: No rule found for WAYLAND-1, trying to use the first.
[1;32mDEBUG [0m]: Applying monitor rule for HEADLESS-1
[1;32mDEBUG [0m]: Monitor HEADLESS-1: requested 1920x1080@60.00Hz, using preferred mode 1920x1080@60.00Hz
[1;32mDEBUG [0m]: output HEADLESS-1 succeeded basic test on format DRM_FORMAT_XRGB8888
[1;32mDEBUG [0m]: CMonitor::updateVCGTRamps: skipping, no gamma ramp for output
[1;32mDEBUG [0m]: Monitor HEADLESS-1 data dump: res 1920x1080@60.00Hz, scale 2.00, transform 0, pos 2000x0, 10b 0
[1;33mWARN [0m]: FIXME: color management protocol is enabled and outputs changed, check preferred image description changes
[1;32mDEBUG [0m]: arrangeMonitors: 2 to arrange
[1;32mDEBUG [0m]: arrangeMonitors: HEADLESS-1 explicit [2000, 0]
[1;32mDEBUG [0m]: arrangeMonitors: WAYLAND-1 auto [2960, 0]
[1;32mDEBUG [0m]: arrangeMonitors: WAYLAND-1 xwayland [0, 0]
[1;32mDEBUG [0m]: arrangeMonitors: HEADLESS-1 xwayland [1920, 0]
[1;32mDEBUG [0m]: [CXDGOutputProtocol] updating all xdg_output heads
[1;32mDEBUG [0m]: [CXDGOutputProtocol] updating all xdg_output heads
[1;32mDEBUG [0m]: [CXDGOutputProtocol] updating all xdg_output heads
[1;32mDEBUG [0m]: [CWLCompositorResource] New wl_region with id 60 at 55a79e61b7c0
[1;32mDEBUG [0m]: [CLinuxDMABUFParamsResource] Creating a dmabuf, with id 98: size [Vector2D: x: 1440, y: 48], fmt AR24, planes 1
[1;32mDEBUG [0m]: [CLinuxDMABUFParamsResource]  | plane 0: mod 72057594037927952 fd 75 stride 5760 offset 0
[1;32mDEBUG [0m]: [CWLCompositorResource] New wl_region with id 101 at 55a79e61b7c0
[1;32mDEBUG [0m]: [CLinuxDMABUFParamsResource] Creating a dmabuf, with id 79: size [Vector2D: x: 1920, y: 1080], fmt AR24, planes 1
[1;32mDEBUG [0m]: [CLinuxDMABUFParamsResource]  | plane 0: mod 72057594037927952 fd 77 stride 7680 offset 0
[1;32mDEBUG [0m]: Hyprctl: new connection from pid 862
[1;32mDEBUG [0m]: [CLinuxDMABUFParamsResource] Creating a dmabuf, with id 62: size [Vector2D: x: 1920, y: 64], fmt AR24, planes 1
[1;32mDEBUG [0m]: [CLinuxDMABUFParamsResource]  | plane 0: mod 72057594037927952 fd 63 stride 7680 offset 0
[1;32mDEBUG [0m]: Hyprctl: new connection from pid 863
[1;32mDEBUG [0m]: Hyprctl: dispatcher focusmonitor : HEADLESS-1
[1;32mDEBUG [0m]: [CLinuxDMABUFParamsResource] Creating a dmabuf, with id 78: size [Vector2D: x: 1920, y: 1080], fmt AR24, planes 1
[1;32mDEBUG [0m]: [CLinuxDMABUFParamsResource]  | plane 0: mod 72057594037927952 fd 57 stride 7680 offset 0
[1;32mDEBUG [0m]: [CLinuxDMABUFParamsResource] Creating a dmabuf, with id 103: size [Vector2D: x: 1920, y: 64], fmt AR24, planes 1
[1;32mDEBUG [0m]: [CLinuxDMABUFParamsResource]  | plane 0: mod 72057594037927952 fd 76 stride 7680 offset 0
[1;32mDEBUG [0m]: [CWLCompositorResource] New wl_surface with id 96 at 55a79e617370
[1;32mDEBUG [0m]: [CWLCompositorResource] New wl_surface with id 91 at 55a79e617370
[1;32mDEBUG [0m]: [CPrimarySelectionProtocol] CPrimarySelectionProtocol::updateSelection: cannot send selection to a client without a data_device
[1;32mDEBUG [0m]: CWLSurface 55a79f65cb80 called init()
[1;32mDEBUG [0m]: LayerSurface 55a79f6165b0 (namespace putkin-panel layer 3) created on monitor HEADLESS-1
[1;32mDEBUG [0m]: [CLayerShellProtocol] New wlr_layer_surface 55a79f6165b0
[1;32mDEBUG [0m]: cursorImage request: shape 1 -> default
[1;32mDEBUG [0m]: XCursor scanning theme default
[1;32mDEBUG [0m]: XCursor parsing index.theme /usr/share/icons/default/index.theme
[1;32mDEBUG [0m]: XCursor theme default inherits Adwaita
[1;32mDEBUG [0m]: XCursor scanning theme Adwaita
[1;32mDEBUG [0m]: XCursor using theme path /usr/share/icons/Adwaita/cursors
[1;32mDEBUG [0m]: XCursor parsing index.theme /usr/share/icons/Adwaita/index.theme
[1;32mDEBUG [0m]: XCursor theme Adwaita inherits AdwaitaLegacy
[1;32mDEBUG [0m]: XCursor theme Adwaita inherits hicolor
[1;32mDEBUG [0m]: XCursor scanning theme Adwaita
[1;32mDEBUG [0m]: XCursor using theme path /usr/share/icons/Adwaita/cursors
[1;32mDEBUG [0m]: XCursor parsing index.theme /usr/share/icons/Adwaita/index.theme
[1;32mDEBUG [0m]: XCursor theme Adwaita inherits AdwaitaLegacy
[1;32mDEBUG [0m]: XCursor theme Adwaita inherits hicolor
[1;32mDEBUG [0m]: XCursor scanning theme AdwaitaLegacy
[1;32mDEBUG [0m]: XCursor parsing index.theme /usr/share/icons/AdwaitaLegacy/index.theme
[1;32mDEBUG [0m]: XCursor theme AdwaitaLegacy inherits hicolor
[1;32mDEBUG [0m]: XCursor scanning theme hicolor
[1;32mDEBUG [0m]: XCursor parsing index.theme /usr/share/icons/hicolor/index.theme
[1;32mDEBUG [0m]: XCursor already has a shape default loaded, skipping
[1;32mDEBUG [0m]: XCursor already has a shape context-menu loaded, skipping
[1;32mDEBUG [0m]: XCursor already has a shape help loaded, skipping
[1;32mDEBUG [0m]: XCursor already has a shape pointer loaded, skipping
[1;32mDEBUG [0m]: XCursor already has a shape progress loaded, skipping
[1;32mDEBUG [0m]: XCursor already has a shape wait loaded, skipping
[1;32mDEBUG [0m]: XCursor failed to find a legacy shape with name plus, skipping
[1;32mDEBUG [0m]: XCursor already has a shape crosshair loaded, skipping
[1;32mDEBUG [0m]: XCursor already has a shape text loaded, skipping
[1;32mDEBUG [0m]: XCursor already has a shape vertical-text loaded, skipping
[1;32mDEBUG [0m]: XCursor failed to find a legacy shape with name dnd-link, skipping
[1;32mDEBUG [0m]: XCursor failed to find a legacy shape with name dnd-copy, skipping
[1;32mDEBUG [0m]: XCursor already has a shape move loaded, skipping
[1;32mDEBUG [0m]: XCursor failed to find a legacy shape with name dnd-none, skipping
[1;32mDEBUG [0m]: XCursor failed to find a legacy shape with name crossed_circle, skipping
[1;32mDEBUG [0m]: XCursor already has a shape grab loaded, skipping
[1;32mDEBUG [0m]: XCursor already has a shape grabbing loaded, skipping
[1;32mDEBUG [0m]: XCursor already has a shape e-resize loaded, skipping
[1;32mDEBUG [0m]: XCursor already has a shape n-resize loaded, skipping
[1;32mDEBUG [0m]: XCursor already has a shape ne-resize loaded, skipping
[1;32mDEBUG [0m]: XCursor already has a shape nw-resize loaded, skipping
[1;32mDEBUG [0m]: XCursor already has a shape s-resize loaded, skipping
[1;32mDEBUG [0m]: XCursor already has a shape se-resize loaded, skipping
[1;32mDEBUG [0m]: XCursor already has a shape sw-resize loaded, skipping
[1;32mDEBUG [0m]: XCursor already has a shape w-resize loaded, skipping
[1;32mDEBUG [0m]: XCursor already has a shape ew-resize loaded, skipping
[1;32mDEBUG [0m]: XCursor already has a shape ns-resize loaded, skipping
[1;32mDEBUG [0m]: XCursor already has a shape nesw-resize loaded, skipping
[1;32mDEBUG [0m]: XCursor already has a shape nwse-resize loaded, skipping
[1;32mDEBUG [0m]: XCursor already has a shape col-resize loaded, skipping
[1;32mDEBUG [0m]: XCursor already has a shape row-resize loaded, skipping
[1;32mDEBUG [0m]: XCursor already has a shape all-scroll loaded, skipping
[1;32mDEBUG [0m]: XCursor already has a shape zoom-in loaded, skipping
[1;32mDEBUG [0m]: XCursor already has a shape zoom-out loaded, skipping
[1;32mDEBUG [0m]: XCursor failed to find a legacy shape with name dnd-copy, skipping
[1;32mDEBUG [0m]: XCursor already has a shape all-resize loaded, skipping
[1;33mWARN [0m]: GSettings default schema source does not exist, can't sync GSettings
[1;33mWARN [0m]: GSettings parameter doesn't exist cursor-theme in org.gnome.desktop.interface
[1;33mWARN [0m]: GSettings default schema source does not exist, can't sync GSettings
[1;33mWARN [0m]: GSettings parameter doesn't exist cursor-size in org.gnome.desktop.interface
[1;32mDEBUG [0m]: [CWLCompositorResource] New wl_region with id 96 at 55a79e6fae10
[1;32mDEBUG [0m]: [CWLCompositorResource] New wl_region with id 98 at 55a79e6fae10
[1;32mDEBUG [0m]: [CLinuxDMABUFParamsResource] Creating a dmabuf, with id 94: size [Vector2D: x: 736, y: 128], fmt AR24, planes 1
[1;32mDEBUG [0m]: [CLinuxDMABUFParamsResource]  | plane 0: mod 72057594037927952 fd 61 stride 2944 offset 0
[1;32mDEBUG [0m]: LayerSurface 55a79f6165b0 mapped
[1;32mDEBUG [0m]: [CLinuxDMABUFParamsResource] Creating a dmabuf, with id 83: size [Vector2D: x: 736, y: 128], fmt AR24, planes 1
[1;32mDEBUG [0m]: [CLinuxDMABUFParamsResource]  | plane 0: mod 72057594037927952 fd 75 stride 2944 offset 0
[1;32mDEBUG [0m]: [CLinuxDMABUFParamsResource] Creating a dmabuf, with id 104: size [Vector2D: x: 736, y: 1064], fmt AR24, planes 1
[1;32mDEBUG [0m]: [CLinuxDMABUFParamsResource]  | plane 0: mod 72057594037927952 fd 87 stride 2944 offset 0
[1;32mDEBUG [0m]: [CWLSeatProtocol] New seat resource bound at 55a79f6323e0
[1;32mDEBUG [0m]: [CVirtualKeyboardProtocol] New VKeyboard at id 5
[1;32mDEBUG [0m]: ApplyConfigToKeyboard for "hl-virtual-keyboard-wtype", hasconfig: 0
[1;32mDEBUG [0m]: Attempting to create a keymap for layout us with variant  (rules: , model: , options: )
[1;32mDEBUG [0m]: Updating keyboard 55a79f694860's translation state from a provided keymap
[1;32mDEBUG [0m]: xkb: LED index 0 (name Num Lock) got index 1
[1;32mDEBUG [0m]: xkb: LED index 1 (name Caps Lock) got index 0
[1;32mDEBUG [0m]: xkb: LED index 2 (name Scroll Lock) got index 2
[1;32mDEBUG [0m]: xkb: Mod index 0 (name Shift) got index 0
[1;32mDEBUG [0m]: xkb: Mod index 1 (name Lock) got index 1
[1;32mDEBUG [0m]: xkb: Mod index 2 (name Control) got index 2
[1;32mDEBUG [0m]: xkb: Mod index 3 (name Mod1) got index 3
[1;32mDEBUG [0m]: xkb: Mod index 4 (name Mod2) got index 4
[1;32mDEBUG [0m]: xkb: Mod index 5 (name Mod3) got index 5
[1;32mDEBUG [0m]: xkb: Mod index 6 (name Mod4) got index 6
[1;32mDEBUG [0m]: xkb: Mod index 7 (name Mod5) got index 7
[1;32mDEBUG [0m]: Updating keymap fd for keyboard hl-virtual-keyboard-wtype
[1;32mDEBUG [0m]: Updated keymap fd to 93, keymap V1 to: 95
[1;32mDEBUG [0m]: Set the keyboard layout to us and variant to  for keyboard "hl-virtual-keyboard-wtype"
[1;32mDEBUG [0m]: New virtual keyboard created at 55a79f694860
[1;32mDEBUG [0m]: Updating keyboard 55a79f694860's translation state from a provided keymap
[1;32mDEBUG [0m]: Updating keymap fd for keyboard hl-virtual-keyboard-wtype
[1;32mDEBUG [0m]: Updated keymap fd to 93, keymap V1 to: 95
[1;32mDEBUG [0m]: [CLinuxDMABUFParamsResource] Creating a dmabuf, with id 98: size [Vector2D: x: 736, y: 1064], fmt AR24, planes 1
[1;32mDEBUG [0m]: [CLinuxDMABUFParamsResource]  | plane 0: mod 72057594037927952 fd 91 stride 2944 offset 0
[1;32mDEBUG [0m]: Keyboard at 55a79f694860 removed
[1;32mDEBUG [0m]: Destroyed keyboard 55a79f694860
[1;32mDEBUG [0m]: [CWLSeatProtocol] New seat resource bound at 55a79f6323e0
[1;32mDEBUG [0m]: [CVirtualKeyboardProtocol] New VKeyboard at id 5
[1;32mDEBUG [0m]: ApplyConfigToKeyboard for "hl-virtual-keyboard-wtype", hasconfig: 0
[1;32mDEBUG [0m]: Attempting to create a keymap for layout us with variant  (rules: , model: , options: )
[1;32mDEBUG [0m]: Updating keyboard 55a79f694860's translation state from a provided keymap
[1;32mDEBUG [0m]: xkb: LED index 0 (name Num Lock) got index 1
[1;32mDEBUG [0m]: xkb: LED index 1 (name Caps Lock) got index 0
[1;32mDEBUG [0m]: xkb: LED index 2 (name Scroll Lock) got index 2
[1;32mDEBUG [0m]: xkb: Mod index 0 (name Shift) got index 0
[1;32mDEBUG [0m]: xkb: Mod index 1 (name Lock) got index 1
[1;32mDEBUG [0m]: xkb: Mod index 2 (name Control) got index 2
[1;32mDEBUG [0m]: xkb: Mod index 3 (name Mod1) got index 3
[1;32mDEBUG [0m]: xkb: Mod index 4 (name Mod2) got index 4
[1;32mDEBUG [0m]: xkb: Mod index 5 (name Mod3) got index 5
[1;32mDEBUG [0m]: xkb: Mod index 6 (name Mod4) got index 6
[1;32mDEBUG [0m]: xkb: Mod index 7 (name Mod5) got index 7
[1;32mDEBUG [0m]: Updating keymap fd for keyboard hl-virtual-keyboard-wtype
[1;32mDEBUG [0m]: Updated keymap fd to 93, keymap V1 to: 95
[1;32mDEBUG [0m]: Set the keyboard layout to us and variant to  for keyboard "hl-virtual-keyboard-wtype"
[1;32mDEBUG [0m]: New virtual keyboard created at 55a79f694860
[1;32mDEBUG [0m]: Updating keyboard 55a79f694860's translation state from a provided keymap
[1;32mDEBUG [0m]: Updating keymap fd for keyboard hl-virtual-keyboard-wtype
[1;32mDEBUG [0m]: Updated keymap fd to 93, keymap V1 to: 95
[1;32mDEBUG [0m]: Keyboard at 55a79f694860 removed
[1;32mDEBUG [0m]: Destroyed keyboard 55a79f694860
[1;32mDEBUG [0m]: [CWLSeatProtocol] New seat resource bound at 55a7a0026110
[1;32mDEBUG [0m]: [CVirtualKeyboardProtocol] New VKeyboard at id 5
[1;32mDEBUG [0m]: ApplyConfigToKeyboard for "hl-virtual-keyboard-wtype", hasconfig: 0
[1;32mDEBUG [0m]: Attempting to create a keymap for layout us with variant  (rules: , model: , options: )
[1;32mDEBUG [0m]: Updating keyboard 55a79f694860's translation state from a provided keymap
[1;32mDEBUG [0m]: xkb: LED index 0 (name Num Lock) got index 1
[1;32mDEBUG [0m]: xkb: LED index 1 (name Caps Lock) got index 0
[1;32mDEBUG [0m]: xkb: LED index 2 (name Scroll Lock) got index 2
[1;32mDEBUG [0m]: xkb: Mod index 0 (name Shift) got index 0
[1;32mDEBUG [0m]: xkb: Mod index 1 (name Lock) got index 1
[1;32mDEBUG [0m]: xkb: Mod index 2 (name Control) got index 2
[1;32mDEBUG [0m]: xkb: Mod index 3 (name Mod1) got index 3
[1;32mDEBUG [0m]: xkb: Mod index 4 (name Mod2) got index 4
[1;32mDEBUG [0m]: xkb: Mod index 5 (name Mod3) got index 5
[1;32mDEBUG [0m]: xkb: Mod index 6 (name Mod4) got index 6
[1;32mDEBUG [0m]: xkb: Mod index 7 (name Mod5) got index 7
[1;32mDEBUG [0m]: Updating keymap fd for keyboard hl-virtual-keyboard-wtype
[1;32mDEBUG [0m]: Updated keymap fd to 93, keymap V1 to: 95
[1;32mDEBUG [0m]: Set the keyboard layout to us and variant to  for keyboard "hl-virtual-keyboard-wtype"
[1;32mDEBUG [0m]: New virtual keyboard created at 55a79f694860
[1;32mDEBUG [0m]: Updating keyboard 55a79f694860's translation state from a provided keymap
[1;32mDEBUG [0m]: Updating keymap fd for keyboard hl-virtual-keyboard-wtype
[1;32mDEBUG [0m]: Updated keymap fd to 93, keymap V1 to: 95
[1;32mDEBUG [0m]: Keyboard at 55a79f694860 removed
[1;32mDEBUG [0m]: Destroyed keyboard 55a79f694860
[1;32mDEBUG [0m]: [CWLSeatProtocol] New seat resource bound at 55a79fddb090
[1;32mDEBUG [0m]: [CVirtualKeyboardProtocol] New VKeyboard at id 5
[1;32mDEBUG [0m]: ApplyConfigToKeyboard for "hl-virtual-keyboard-wtype", hasconfig: 0
[1;32mDEBUG [0m]: Attempting to create a keymap for layout us with variant  (rules: , model: , options: )
[1;32mDEBUG [0m]: Updating keyboard 55a79f694860's translation state from a provided keymap
[1;32mDEBUG [0m]: xkb: LED index 0 (name Num Lock) got index 1
[1;32mDEBUG [0m]: xkb: LED index 1 (name Caps Lock) got index 0
[1;32mDEBUG [0m]: xkb: LED index 2 (name Scroll Lock) got index 2
[1;32mDEBUG [0m]: xkb: Mod index 0 (name Shift) got index 0
[1;32mDEBUG [0m]: xkb: Mod index 1 (name Lock) got index 1
[1;32mDEBUG [0m]: xkb: Mod index 2 (name Control) got index 2
[1;32mDEBUG [0m]: xkb: Mod index 3 (name Mod1) got index 3
[1;32mDEBUG [0m]: xkb: Mod index 4 (name Mod2) got index 4
[1;32mDEBUG [0m]: xkb: Mod index 5 (name Mod3) got index 5
[1;32mDEBUG [0m]: xkb: Mod index 6 (name Mod4) got index 6
[1;32mDEBUG [0m]: xkb: Mod index 7 (name Mod5) got index 7
[1;32mDEBUG [0m]: Updating keymap fd for keyboard hl-virtual-keyboard-wtype
[1;32mDEBUG [0m]: Updated keymap fd to 93, keymap V1 to: 95
[1;32mDEBUG [0m]: Set the keyboard layout to us and variant to  for keyboard "hl-virtual-keyboard-wtype"
[1;32mDEBUG [0m]: New virtual keyboard created at 55a79f694860
[1;32mDEBUG [0m]: Updating keyboard 55a79f694860's translation state from a provided keymap
[1;32mDEBUG [0m]: Updating keymap fd for keyboard hl-virtual-keyboard-wtype
[1;32mDEBUG [0m]: Updated keymap fd to 93, keymap V1 to: 95
[1;32mDEBUG [0m]: Keyboard at 55a79f694860 removed
[1;32mDEBUG [0m]: Destroyed keyboard 55a79f694860
[1;32mDEBUG [0m]: [CWLSeatProtocol] New seat resource bound at 55a79fe00fd0
[1;32mDEBUG [0m]: [CVirtualKeyboardProtocol] New VKeyboard at id 5
[1;32mDEBUG [0m]: ApplyConfigToKeyboard for "hl-virtual-keyboard-wtype", hasconfig: 0
[1;32mDEBUG [0m]: Attempting to create a keymap for layout us with variant  (rules: , model: , options: )
[1;32mDEBUG [0m]: Updating keyboard 55a79f694860's translation state from a provided keymap
[1;32mDEBUG [0m]: xkb: LED index 0 (name Num Lock) got index 1
[1;32mDEBUG [0m]: xkb: LED index 1 (name Caps Lock) got index 0
[1;32mDEBUG [0m]: xkb: LED index 2 (name Scroll Lock) got index 2
[1;32mDEBUG [0m]: xkb: Mod index 0 (name Shift) got index 0
[1;32mDEBUG [0m]: xkb: Mod index 1 (name Lock) got index 1
[1;32mDEBUG [0m]: xkb: Mod index 2 (name Control) got index 2
[1;32mDEBUG [0m]: xkb: Mod index 3 (name Mod1) got index 3
[1;32mDEBUG [0m]: xkb: Mod index 4 (name Mod2) got index 4
[1;32mDEBUG [0m]: xkb: Mod index 5 (name Mod3) got index 5
[1;32mDEBUG [0m]: xkb: Mod index 6 (name Mod4) got index 6
[1;32mDEBUG [0m]: xkb: Mod index 7 (name Mod5) got index 7
[1;32mDEBUG [0m]: Updating keymap fd for keyboard hl-virtual-keyboard-wtype
[1;32mDEBUG [0m]: Updated keymap fd to 93, keymap V1 to: 95
[1;32mDEBUG [0m]: Set the keyboard layout to us and variant to  for keyboard "hl-virtual-keyboard-wtype"
[1;32mDEBUG [0m]: New virtual keyboard created at 55a79f694860
[1;32mDEBUG [0m]: Updating keyboard 55a79f694860's translation state from a provided keymap
[1;32mDEBUG [0m]: Updating keymap fd for keyboard hl-virtual-keyboard-wtype
[1;32mDEBUG [0m]: Updated keymap fd to 93, keymap V1 to: 95
[1;32mDEBUG [0m]: Keyboard at 55a79f694860 removed
[1;32mDEBUG [0m]: Destroyed keyboard 55a79f694860
[1;32mDEBUG [0m]: [CWLSeatProtocol] New seat resource bound at 55a79fddb270
[1;32mDEBUG [0m]: [CVirtualKeyboardProtocol] New VKeyboard at id 5
[1;32mDEBUG [0m]: ApplyConfigToKeyboard for "hl-virtual-keyboard-wtype", hasconfig: 0
[1;32mDEBUG [0m]: Attempting to create a keymap for layout us with variant  (rules: , model: , options: )
[1;32mDEBUG [0m]: Updating keyboard 55a79f694860's translation state from a provided keymap
[1;32mDEBUG [0m]: xkb: LED index 0 (name Num Lock) got index 1
[1;32mDEBUG [0m]: xkb: LED index 1 (name Caps Lock) got index 0
[1;32mDEBUG [0m]: xkb: LED index 2 (name Scroll Lock) got index 2
[1;32mDEBUG [0m]: xkb: Mod index 0 (name Shift) got index 0
[1;32mDEBUG [0m]: xkb: Mod index 1 (name Lock) got index 1
[1;32mDEBUG [0m]: xkb: Mod index 2 (name Control) got index 2
[1;32mDEBUG [0m]: xkb: Mod index 3 (name Mod1) got index 3
[1;32mDEBUG [0m]: xkb: Mod index 4 (name Mod2) got index 4
[1;32mDEBUG [0m]: xkb: Mod index 5 (name Mod3) got index 5
[1;32mDEBUG [0m]: xkb: Mod index 6 (name Mod4) got index 6
[1;32mDEBUG [0m]: xkb: Mod index 7 (name Mod5) got index 7
[1;32mDEBUG [0m]: Updating keymap fd for keyboard hl-virtual-keyboard-wtype
[1;32mDEBUG [0m]: Updated keymap fd to 93, keymap V1 to: 95
[1;32mDEBUG [0m]: Set the keyboard layout to us and variant to  for keyboard "hl-virtual-keyboard-wtype"
[1;32mDEBUG [0m]: New virtual keyboard created at 55a79f694860
[1;32mDEBUG [0m]: Updating keyboard 55a79f694860's translation state from a provided keymap
[1;32mDEBUG [0m]: Updating keymap fd for keyboard hl-virtual-keyboard-wtype
[1;32mDEBUG [0m]: Updated keymap fd to 93, keymap V1 to: 95
[1;32mDEBUG [0m]: Keyboard at 55a79f694860 removed
[1;32mDEBUG [0m]: Destroyed keyboard 55a79f694860
[1;32mDEBUG [0m]: [CWLSeatProtocol] New seat resource bound at 55a79f6365b0
[1;32mDEBUG [0m]: [CVirtualKeyboardProtocol] New VKeyboard at id 5
[1;32mDEBUG [0m]: ApplyConfigToKeyboard for "hl-virtual-keyboard-wtype", hasconfig: 0
[1;32mDEBUG [0m]: Attempting to create a keymap for layout us with variant  (rules: , model: , options: )
[1;32mDEBUG [0m]: Updating keyboard 55a79f694860's translation state from a provided keymap
[1;32mDEBUG [0m]: xkb: LED index 0 (name Num Lock) got index 1
[1;32mDEBUG [0m]: xkb: LED index 1 (name Caps Lock) got index 0
[1;32mDEBUG [0m]: xkb: LED index 2 (name Scroll Lock) got index 2
[1;32mDEBUG [0m]: xkb: Mod index 0 (name Shift) got index 0
[1;32mDEBUG [0m]: xkb: Mod index 1 (name Lock) got index 1
[1;32mDEBUG [0m]: xkb: Mod index 2 (name Control) got index 2
[1;32mDEBUG [0m]: xkb: Mod index 3 (name Mod1) got index 3
[1;32mDEBUG [0m]: xkb: Mod index 4 (name Mod2) got index 4
[1;32mDEBUG [0m]: xkb: Mod index 5 (name Mod3) got index 5
[1;32mDEBUG [0m]: xkb: Mod index 6 (name Mod4) got index 6
[1;32mDEBUG [0m]: xkb: Mod index 7 (name Mod5) got index 7
[1;32mDEBUG [0m]: Updating keymap fd for keyboard hl-virtual-keyboard-wtype
[1;32mDEBUG [0m]: Updated keymap fd to 93, keymap V1 to: 95
[1;32mDEBUG [0m]: Set the keyboard layout to us and variant to  for keyboard "hl-virtual-keyboard-wtype"
[1;32mDEBUG [0m]: New virtual keyboard created at 55a79f694860
[1;32mDEBUG [0m]: Updating keyboard 55a79f694860's translation state from a provided keymap
[1;32mDEBUG [0m]: Updating keymap fd for keyboard hl-virtual-keyboard-wtype
[1;32mDEBUG [0m]: Updated keymap fd to 93, keymap V1 to: 95
[1;32mDEBUG [0m]: Keyboard at 55a79f694860 removed
[1;32mDEBUG [0m]: Destroyed keyboard 55a79f694860
[1;32mDEBUG [0m]: [CWLSeatProtocol] New seat resource bound at 55a79fc83550
[1;32mDEBUG [0m]: [CVirtualKeyboardProtocol] New VKeyboard at id 5
[1;32mDEBUG [0m]: ApplyConfigToKeyboard for "hl-virtual-keyboard-wtype", hasconfig: 0
[1;32mDEBUG [0m]: Attempting to create a keymap for layout us with variant  (rules: , model: , options: )
[1;32mDEBUG [0m]: Updating keyboard 55a79f694860's translation state from a provided keymap
[1;32mDEBUG [0m]: xkb: LED index 0 (name Num Lock) got index 1
[1;32mDEBUG [0m]: xkb: LED index 1 (name Caps Lock) got index 0
[1;32mDEBUG [0m]: xkb: LED index 2 (name Scroll Lock) got index 2
[1;32mDEBUG [0m]: xkb: Mod index 0 (name Shift) got index 0
[1;32mDEBUG [0m]: xkb: Mod index 1 (name Lock) got index 1
[1;32mDEBUG [0m]: xkb: Mod index 2 (name Control) got index 2
[1;32mDEBUG [0m]: xkb: Mod index 3 (name Mod1) got index 3
[1;32mDEBUG [0m]: xkb: Mod index 4 (name Mod2) got index 4
[1;32mDEBUG [0m]: xkb: Mod index 5 (name Mod3) got index 5
[1;32mDEBUG [0m]: xkb: Mod index 6 (name Mod4) got index 6
[1;32mDEBUG [0m]: xkb: Mod index 7 (name Mod5) got index 7
[1;32mDEBUG [0m]: Updating keymap fd for keyboard hl-virtual-keyboard-wtype
[1;32mDEBUG [0m]: Updated keymap fd to 93, keymap V1 to: 95
[1;32mDEBUG [0m]: Set the keyboard layout to us and variant to  for keyboard "hl-virtual-keyboard-wtype"
[1;32mDEBUG [0m]: New virtual keyboard created at 55a79f694860
[1;32mDEBUG [0m]: Updating keyboard 55a79f694860's translation state from a provided keymap
[1;32mDEBUG [0m]: Updating keymap fd for keyboard hl-virtual-keyboard-wtype
[1;32mDEBUG [0m]: Updated keymap fd to 93, keymap V1 to: 95
[1;32mDEBUG [0m]: Keyboard at 55a79f694860 removed
[1;32mDEBUG [0m]: Destroyed keyboard 55a79f694860
[1;32mDEBUG [0m]: [CWLSeatProtocol] New seat resource bound at 55a79e54f330
[1;32mDEBUG [0m]: [CVirtualKeyboardProtocol] New VKeyboard at id 5
[1;32mDEBUG [0m]: ApplyConfigToKeyboard for "hl-virtual-keyboard-wtype", hasconfig: 0
[1;32mDEBUG [0m]: Attempting to create a keymap for layout us with variant  (rules: , model: , options: )
[1;32mDEBUG [0m]: Updating keyboard 55a79f694860's translation state from a provided keymap
[1;32mDEBUG [0m]: xkb: LED index 0 (name Num Lock) got index 1
[1;32mDEBUG [0m]: xkb: LED index 1 (name Caps Lock) got index 0
[1;32mDEBUG [0m]: xkb: LED index 2 (name Scroll Lock) got index 2
[1;32mDEBUG [0m]: xkb: Mod index 0 (name Shift) got index 0
[1;32mDEBUG [0m]: xkb: Mod index 1 (name Lock) got index 1
[1;32mDEBUG [0m]: xkb: Mod index 2 (name Control) got index 2
[1;32mDEBUG [0m]: xkb: Mod index 3 (name Mod1) got index 3
[1;32mDEBUG [0m]: xkb: Mod index 4 (name Mod2) got index 4
[1;32mDEBUG [0m]: xkb: Mod index 5 (name Mod3) got index 5
[1;32mDEBUG [0m]: xkb: Mod index 6 (name Mod4) got index 6
[1;32mDEBUG [0m]: xkb: Mod index 7 (name Mod5) got index 7
[1;32mDEBUG [0m]: Updating keymap fd for keyboard hl-virtual-keyboard-wtype
[1;32mDEBUG [0m]: Updated keymap fd to 93, keymap V1 to: 95
[1;32mDEBUG [0m]: Set the keyboard layout to us and variant to  for keyboard "hl-virtual-keyboard-wtype"
[1;32mDEBUG [0m]: New virtual keyboard created at 55a79f694860
[1;32mDEBUG [0m]: Updating keyboard 55a79f694860's translation state from a provided keymap
[1;32mDEBUG [0m]: Updating keymap fd for keyboard hl-virtual-keyboard-wtype
[1;32mDEBUG [0m]: Updated keymap fd to 93, keymap V1 to: 95
[1;32mDEBUG [0m]: Keyboard at 55a79f694860 removed
[1;32mDEBUG [0m]: Destroyed keyboard 55a79f694860
[1;32mDEBUG [0m]: [CWLSeatProtocol] New seat resource bound at 55a79fddb190
[1;32mDEBUG [0m]: [CVirtualKeyboardProtocol] New VKeyboard at id 5
[1;32mDEBUG [0m]: ApplyConfigToKeyboard for "hl-virtual-keyboard-wtype", hasconfig: 0
[1;32mDEBUG [0m]: Attempting to create a keymap for layout us with variant  (rules: , model: , options: )
[1;32mDEBUG [0m]: Updating keyboard 55a79f694860's translation state from a provided keymap
[1;32mDEBUG [0m]: xkb: LED index 0 (name Num Lock) got index 1
[1;32mDEBUG [0m]: xkb: LED index 1 (name Caps Lock) got index 0
[1;32mDEBUG [0m]: xkb: LED index 2 (name Scroll Lock) got index 2
[1;32mDEBUG [0m]: xkb: Mod index 0 (name Shift) got index 0
[1;32mDEBUG [0m]: xkb: Mod index 1 (name Lock) got index 1
[1;32mDEBUG [0m]: xkb: Mod index 2 (name Control) got index 2
[1;32mDEBUG [0m]: xkb: Mod index 3 (name Mod1) got index 3
[1;32mDEBUG [0m]: xkb: Mod index 4 (name Mod2) got index 4
[1;32mDEBUG [0m]: xkb: Mod index 5 (name Mod3) got index 5
[1;32mDEBUG [0m]: xkb: Mod index 6 (name Mod4) got index 6
[1;32mDEBUG [0m]: xkb: Mod index 7 (name Mod5) got index 7
[1;32mDEBUG [0m]: Updating keymap fd for keyboard hl-virtual-keyboard-wtype
[1;32mDEBUG [0m]: Updated keymap fd to 93, keymap V1 to: 95
[1;32mDEBUG [0m]: Set the keyboard layout to us and variant to  for keyboard "hl-virtual-keyboard-wtype"
[1;32mDEBUG [0m]: New virtual keyboard created at 55a79f694860
[1;32mDEBUG [0m]: Updating keyboard 55a79f694860's translation state from a provided keymap
[1;32mDEBUG [0m]: Updating keymap fd for keyboard hl-virtual-keyboard-wtype
[1;32mDEBUG [0m]: Updated keymap fd to 93, keymap V1 to: 95
[1;32mDEBUG [0m]: Keyboard at 55a79f694860 removed
[1;32mDEBUG [0m]: Destroyed keyboard 55a79f694860
[1;32mDEBUG [0m]: [CWLSeatProtocol] New seat resource bound at 55a79f644dc0
[1;32mDEBUG [0m]: [CVirtualKeyboardProtocol] New VKeyboard at id 5
[1;32mDEBUG [0m]: ApplyConfigToKeyboard for "hl-virtual-keyboard-wtype", hasconfig: 0
[1;32mDEBUG [0m]: Attempting to create a keymap for layout us with variant  (rules: , model: , options: )
[1;32mDEBUG [0m]: Updating keyboard 55a79f694860's translation state from a provided keymap
[1;32mDEBUG [0m]: xkb: LED index 0 (name Num Lock) got index 1
[1;32mDEBUG [0m]: xkb: LED index 1 (name Caps Lock) got index 0
[1;32mDEBUG [0m]: xkb: LED index 2 (name Scroll Lock) got index 2
[1;32mDEBUG [0m]: xkb: Mod index 0 (name Shift) got index 0
[1;32mDEBUG [0m]: xkb: Mod index 1 (name Lock) got index 1
[1;32mDEBUG [0m]: xkb: Mod index 2 (name Control) got index 2
[1;32mDEBUG [0m]: xkb: Mod index 3 (name Mod1) got index 3
[1;32mDEBUG [0m]: xkb: Mod index 4 (name Mod2) got index 4
[1;32mDEBUG [0m]: xkb: Mod index 5 (name Mod3) got index 5
[1;32mDEBUG [0m]: xkb: Mod index 6 (name Mod4) got index 6
[1;32mDEBUG [0m]: xkb: Mod index 7 (name Mod5) got index 7
[1;32mDEBUG [0m]: Updating keymap fd for keyboard hl-virtual-keyboard-wtype
[1;32mDEBUG [0m]: Updated keymap fd to 93, keymap V1 to: 95
[1;32mDEBUG [0m]: Set the keyboard layout to us and variant to  for keyboard "hl-virtual-keyboard-wtype"
[1;32mDEBUG [0m]: New virtual keyboard created at 55a79f694860
[1;32mDEBUG [0m]: Updating keyboard 55a79f694860's translation state from a provided keymap
[1;32mDEBUG [0m]: Updating keymap fd for keyboard hl-virtual-keyboard-wtype
[1;32mDEBUG [0m]: Updated keymap fd to 93, keymap V1 to: 95
[1;32mDEBUG [0m]: Keyboard at 55a79f694860 removed
[1;32mDEBUG [0m]: Destroyed keyboard 55a79f694860
[1;32mDEBUG [0m]: [CWLSeatProtocol] New seat resource bound at 55a79f4ca910
[1;32mDEBUG [0m]: [CVirtualKeyboardProtocol] New VKeyboard at id 5
[1;32mDEBUG [0m]: ApplyConfigToKeyboard for "hl-virtual-keyboard-wtype", hasconfig: 0
[1;32mDEBUG [0m]: Attempting to create a keymap for layout us with variant  (rules: , model: , options: )
[1;32mDEBUG [0m]: Updating keyboard 55a79f694860's translation state from a provided keymap
[1;32mDEBUG [0m]: xkb: LED index 0 (name Num Lock) got index 1
[1;32mDEBUG [0m]: xkb: LED index 1 (name Caps Lock) got index 0
[1;32mDEBUG [0m]: xkb: LED index 2 (name Scroll Lock) got index 2
[1;32mDEBUG [0m]: xkb: Mod index 0 (name Shift) got index 0
[1;32mDEBUG [0m]: xkb: Mod index 1 (name Lock) got index 1
[1;32mDEBUG [0m]: xkb: Mod index 2 (name Control) got index 2
[1;32mDEBUG [0m]: xkb: Mod index 3 (name Mod1) got index 3
[1;32mDEBUG [0m]: xkb: Mod index 4 (name Mod2) got index 4
[1;32mDEBUG [0m]: xkb: Mod index 5 (name Mod3) got index 5
[1;32mDEBUG [0m]: xkb: Mod index 6 (name Mod4) got index 6
[1;32mDEBUG [0m]: xkb: Mod index 7 (name Mod5) got index 7
[1;32mDEBUG [0m]: Updating keymap fd for keyboard hl-virtual-keyboard-wtype
[1;32mDEBUG [0m]: Updated keymap fd to 93, keymap V1 to: 95
[1;32mDEBUG [0m]: Set the keyboard layout to us and variant to  for keyboard "hl-virtual-keyboard-wtype"
[1;32mDEBUG [0m]: New virtual keyboard created at 55a79f694860
[1;32mDEBUG [0m]: Updating keyboard 55a79f694860's translation state from a provided keymap
[1;32mDEBUG [0m]: Updating keymap fd for keyboard hl-virtual-keyboard-wtype
[1;32mDEBUG [0m]: Updated keymap fd to 93, keymap V1 to: 95
[1;32mDEBUG [0m]: Keyboard at 55a79f694860 removed
[1;32mDEBUG [0m]: Destroyed keyboard 55a79f694860
[1;32mDEBUG [0m]: [CWLSeatProtocol] New seat resource bound at 55a79fe3b470
[1;32mDEBUG [0m]: [CVirtualKeyboardProtocol] New VKeyboard at id 5
[1;32mDEBUG [0m]: ApplyConfigToKeyboard for "hl-virtual-keyboard-wtype", hasconfig: 0
[1;32mDEBUG [0m]: Attempting to create a keymap for layout us with variant  (rules: , model: , options: )
[1;32mDEBUG [0m]: Updating keyboard 55a79f694860's translation state from a provided keymap
[1;32mDEBUG [0m]: xkb: LED index 0 (name Num Lock) got index 1
[1;32mDEBUG [0m]: xkb: LED index 1 (name Caps Lock) got index 0
[1;32mDEBUG [0m]: xkb: LED index 2 (name Scroll Lock) got index 2
[1;32mDEBUG [0m]: xkb: Mod index 0 (name Shift) got index 0
[1;32mDEBUG [0m]: xkb: Mod index 1 (name Lock) got index 1
[1;32mDEBUG [0m]: xkb: Mod index 2 (name Control) got index 2
[1;32mDEBUG [0m]: xkb: Mod index 3 (name Mod1) got index 3
[1;32mDEBUG [0m]: xkb: Mod index 4 (name Mod2) got index 4
[1;32mDEBUG [0m]: xkb: Mod index 5 (name Mod3) got index 5
[1;32mDEBUG [0m]: xkb: Mod index 6 (name Mod4) got index 6
[1;32mDEBUG [0m]: xkb: Mod index 7 (name Mod5) got index 7
[1;32mDEBUG [0m]: Updating keymap fd for keyboard hl-virtual-keyboard-wtype
[1;32mDEBUG [0m]: Updated keymap fd to 93, keymap V1 to: 95
[1;32mDEBUG [0m]: Set the keyboard layout to us and variant to  for keyboard "hl-virtual-keyboard-wtype"
[1;32mDEBUG [0m]: New virtual keyboard created at 55a79f694860
[1;32mDEBUG [0m]: Updating keyboard 55a79f694860's translation state from a provided keymap
[1;32mDEBUG [0m]: Updating keymap fd for keyboard hl-virtual-keyboard-wtype
[1;32mDEBUG [0m]: Updated keymap fd to 93, keymap V1 to: 95
[1;32mDEBUG [0m]: Keyboard at 55a79f694860 removed
[1;32mDEBUG [0m]: Destroyed keyboard 55a79f694860
[1;32mDEBUG [0m]: Hyprctl: new connection from pid 919
[1;32mDEBUG [0m]: Hyprctl: new connection from pid 920
[1;32mDEBUG [0m]: Hyprctl: new connection from pid 921
[1;32mDEBUG [0m]: Hyprctl: new connection from pid 922
[1;32mDEBUG [0m]: Hyprctl: new connection from pid 923
[1;32mDEBUG [0m]: Hyprctl: new connection from pid 924
[1;32mDEBUG [0m]: Hyprctl: new connection from pid 925
[1;32mDEBUG [0m]: Hyprctl: new connection from pid 926
[1;32mDEBUG [0m]: [CScreencopyProtocol] Bound client successfully!
[1;32mDEBUG [0m]: [CXDGOutputProtocol] New xdg_output for HEADLESS-1: client 55a79f64f000 (not xwayland)
[1;32mDEBUG [0m]: [CXDGOutputProtocol] New xdg_output for WAYLAND-1: client 55a79f64f000 (not xwayland)
[1;32mDEBUG [0m]: [COutputImageCaptureSourceProtocol] New capture source for monitor: HEADLESS-1
[1;32mDEBUG [0m]: [CImageCopyCaptureProtocol] New image copy capture session for source (monitor): "HEADLESS-1"
[1;32mDEBUG [0m]: Framebuffer "Monitor HEADLESS-1 mirror FB" created, status 36053
[1;32mDEBUG [0m]: Framebuffer "" created, status 36053
[1;32mDEBUG [0m]: [Screenshare] Started screenshare session for (monitor): HEADLESS-1
[1;32mDEBUG [0m]: [Screenshare] Stopped screenshare session for (monitor): HEADLESS-1
[1;32mDEBUG [0m]: [CWLCompositorResource] New wl_region with id 96 at 55a79fcb7e70
[1;32mDEBUG [0m]: LayerSurface 55a79f6165b0 destroyed
[1;32mDEBUG [0m]: Forcing an unmap of a LS that did a straight destroy!
[1;32mDEBUG [0m]: LayerSurface 55a79f6165b0 unmapped
[1;32mDEBUG [0m]: renderer: making a snapshot of layer 55a79fc40820
[1;32mDEBUG [0m]: Framebuffer "layer snapshot" created, status 36053
[1;32mDEBUG [0m]: renderer: cleared a snapshot of layer 55a79fc40820
[1;32mDEBUG [0m]: renderer: rendered a snapshot of layer 55a79fc40820
[1;32mDEBUG [0m]: renderer: made a snapshot of layer 55a79fc40820
[1;32mDEBUG [0m]: CWLSurface 55a79f65cb80 called destroy()
[1;32mDEBUG [0m]: Cleanup: removed 1 fadeouts
[1;32mDEBUG [0m]: Hyprctl: new connection from pid 934
[1;32mDEBUG [0m]: Hyprctl: keyword monitor : HEADLESS-1,1366x768@60,2000x0,1
[1;32mDEBUG [0m]: ApplyConfigToKeyboard for "wl_keyboard", hasconfig: 0
[1;32mDEBUG [0m]: Not applying config to keyboard, it did not change.
[1;33mWARN [0m]: No rule found for WAYLAND-1, trying to use the first.
[1;32mDEBUG [0m]: Applying monitor rule for HEADLESS-1
[1;32mDEBUG [0mfrom aquamarine ]: GBM: Allocated a new buffer with size [Vector2D: x: 1366, y: 768] and format XR24 with modifier 0x0 : LINEAR
[1;32mDEBUG [0mfrom aquamarine ]: GBM: Allocated a new buffer with size [Vector2D: x: 1366, y: 768] and format XR24 with modifier 0x0 : LINEAR
[1;32mDEBUG [0mfrom aquamarine ]: GBM: Allocated a new buffer with size [Vector2D: x: 1366, y: 768] and format XR24 with modifier 0x0 : LINEAR
[1;32mDEBUG [0mfrom aquamarine ]: Swapchain: Reconfigured a swapchain to [Vector2D: x: 1366, y: 768] XR24 of length 3
[1;32mDEBUG [0m]: Monitor HEADLESS-1: requested 1366x768@60.00Hz, using available mode 1366x768@60.00Hz
[1;32mDEBUG [0m]: output HEADLESS-1 succeeded basic test on format DRM_FORMAT_XRGB8888
[1;32mDEBUG [0m]: Monitor HEADLESS-1 -> destroyed all render data
[1;32mDEBUG [0m]: CMonitor::updateVCGTRamps: skipping, no gamma ramp for output
[1;32mDEBUG [0m]: Monitor HEADLESS-1 data dump: res 1366x768@60.00Hz, scale 1.00, transform 0, pos 2000x0, 10b 0
[1;33mWARN [0m]: FIXME: color management protocol is enabled and outputs changed, check preferred image description changes
[1;32mDEBUG [0m]: arrangeMonitors: 2 to arrange
[1;32mDEBUG [0m]: arrangeMonitors: HEADLESS-1 explicit [2000, 0]
[1;32mDEBUG [0m]: arrangeMonitors: WAYLAND-1 auto [3366, 0]
[1;32mDEBUG [0m]: arrangeMonitors: WAYLAND-1 xwayland [0, 0]
[1;32mDEBUG [0m]: arrangeMonitors: HEADLESS-1 xwayland [1920, 0]
[1;32mDEBUG [0m]: [CXDGOutputProtocol] updating all xdg_output heads
[1;32mDEBUG [0m]: [CXDGOutputProtocol] updating all xdg_output heads
[1;32mDEBUG [0m]: [CXDGOutputProtocol] updating all xdg_output heads
[1;32mDEBUG [0m]: Framebuffer "Monitor HEADLESS-1 blur FB" created, status 36053
[1;32mDEBUG [0m]: Framebuffer "Monitor HEADLESS-1 workbuffer" created, status 36053
[1;32mDEBUG [0m]: [CWLCompositorResource] New wl_region with id 104 at 55a79fc17970
[1;32mDEBUG [0m]: [CLinuxDMABUFParamsResource] Creating a dmabuf, with id 75: size [Vector2D: x: 2732, y: 64], fmt AR24, planes 1
[1;32mDEBUG [0m]: [CLinuxDMABUFParamsResource]  | plane 0: mod 72057594037927952 fd 45 stride 11008 offset 0
[1;32mDEBUG [0m]: [CWLCompositorResource] New wl_region with id 85 at 55a79e712d20
[1;32mDEBUG [0m]: [CLinuxDMABUFParamsResource] Creating a dmabuf, with id 90: size [Vector2D: x: 1920, y: 1080], fmt AR24, planes 1
[1;32mDEBUG [0m]: [CLinuxDMABUFParamsResource]  | plane 0: mod 72057594037927952 fd 75 stride 7680 offset 0
[1;32mDEBUG [0m]: Hyprctl: new connection from pid 935
[1;32mDEBUG [0m]: Hyprctl: new connection from pid 936
[1;32mDEBUG [0m]: Hyprctl: dispatcher focusmonitor : HEADLESS-1
[1;32mDEBUG [0m]: [CLinuxDMABUFParamsResource] Creating a dmabuf, with id 62: size [Vector2D: x: 1366, y: 32], fmt AR24, planes 1
[1;32mDEBUG [0m]: [CLinuxDMABUFParamsResource]  | plane 0: mod 72057594037927952 fd 46 stride 5504 offset 0
[1;32mDEBUG [0m]: [CLinuxDMABUFParamsResource] Creating a dmabuf, with id 94: size [Vector2D: x: 1366, y: 768], fmt AR24, planes 1
[1;32mDEBUG [0m]: [CLinuxDMABUFParamsResource]  | plane 0: mod 72057594037927952 fd 57 stride 5504 offset 0
[1;32mDEBUG [0m]: [CLinuxDMABUFParamsResource] Creating a dmabuf, with id 75: size [Vector2D: x: 1366, y: 32], fmt AR24, planes 1
[1;32mDEBUG [0m]: [CLinuxDMABUFParamsResource]  | plane 0: mod 72057594037927952 fd 45 stride 5504 offset 0
[1;32mDEBUG [0m]: [CWLCompositorResource] New wl_surface with id 92 at 55a79fc12a20
[1;32mDEBUG [0m]: [CWLCompositorResource] New wl_surface with id 85 at 55a79fc12a20
[1;32mDEBUG [0m]: [CPrimarySelectionProtocol] CPrimarySelectionProtocol::updateSelection: cannot send selection to a client without a data_device
[1;32mDEBUG [0m]: CWLSurface 55a79f9c7830 called init()
[1;32mDEBUG [0m]: LayerSurface 55a79f6165b0 (namespace putkin-panel layer 3) created on monitor HEADLESS-1
[1;32mDEBUG [0m]: [CLayerShellProtocol] New wlr_layer_surface 55a79f6165b0
[1;32mDEBUG [0m]: cursorImage request: shape 1 -> default
[1;32mDEBUG [0m]: XCursor scanning theme default
[1;32mDEBUG [0m]: XCursor parsing index.theme /usr/share/icons/default/index.theme
[1;32mDEBUG [0m]: XCursor theme default inherits Adwaita
[1;32mDEBUG [0m]: XCursor scanning theme Adwaita
[1;32mDEBUG [0m]: XCursor using theme path /usr/share/icons/Adwaita/cursors
[1;32mDEBUG [0m]: XCursor parsing index.theme /usr/share/icons/Adwaita/index.theme
[1;32mDEBUG [0m]: XCursor theme Adwaita inherits AdwaitaLegacy
[1;32mDEBUG [0m]: XCursor theme Adwaita inherits hicolor
[1;32mDEBUG [0m]: XCursor scanning theme Adwaita
[1;32mDEBUG [0m]: XCursor using theme path /usr/share/icons/Adwaita/cursors
[1;32mDEBUG [0m]: XCursor parsing index.theme /usr/share/icons/Adwaita/index.theme
[1;32mDEBUG [0m]: XCursor theme Adwaita inherits AdwaitaLegacy
[1;32mDEBUG [0m]: XCursor theme Adwaita inherits hicolor
[1;32mDEBUG [0m]: XCursor scanning theme AdwaitaLegacy
[1;32mDEBUG [0m]: XCursor parsing index.theme /usr/share/icons/AdwaitaLegacy/index.theme
[1;32mDEBUG [0m]: XCursor theme AdwaitaLegacy inherits hicolor
[1;32mDEBUG [0m]: XCursor scanning theme hicolor
[1;32mDEBUG [0m]: XCursor parsing index.theme /usr/share/icons/hicolor/index.theme
[1;32mDEBUG [0m]: XCursor already has a shape default loaded, skipping
[1;32mDEBUG [0m]: XCursor already has a shape context-menu loaded, skipping
[1;32mDEBUG [0m]: XCursor already has a shape help loaded, skipping
[1;32mDEBUG [0m]: XCursor already has a shape pointer loaded, skipping
[1;32mDEBUG [0m]: XCursor already has a shape progress loaded, skipping
[1;32mDEBUG [0m]: XCursor already has a shape wait loaded, skipping
[1;32mDEBUG [0m]: XCursor failed to find a legacy shape with name plus, skipping
[1;32mDEBUG [0m]: XCursor already has a shape crosshair loaded, skipping
[1;32mDEBUG [0m]: XCursor already has a shape text loaded, skipping
[1;32mDEBUG [0m]: XCursor already has a shape vertical-text loaded, skipping
[1;32mDEBUG [0m]: XCursor failed to find a legacy shape with name dnd-link, skipping
[1;32mDEBUG [0m]: XCursor failed to find a legacy shape with name dnd-copy, skipping
[1;32mDEBUG [0m]: XCursor already has a shape move loaded, skipping
[1;32mDEBUG [0m]: XCursor failed to find a legacy shape with name dnd-none, skipping
[1;32mDEBUG [0m]: XCursor failed to find a legacy shape with name crossed_circle, skipping
[1;32mDEBUG [0m]: XCursor already has a shape grab loaded, skipping
[1;32mDEBUG [0m]: XCursor already has a shape grabbing loaded, skipping
[1;32mDEBUG [0m]: XCursor already has a shape e-resize loaded, skipping
[1;32mDEBUG [0m]: XCursor already has a shape n-resize loaded, skipping
[1;32mDEBUG [0m]: XCursor already has a shape ne-resize loaded, skipping
[1;32mDEBUG [0m]: XCursor already has a shape nw-resize loaded, skipping
[1;32mDEBUG [0m]: XCursor already has a shape s-resize loaded, skipping
[1;32mDEBUG [0m]: XCursor already has a shape se-resize loaded, skipping
[1;32mDEBUG [0m]: XCursor already has a shape sw-resize loaded, skipping
[1;32mDEBUG [0m]: XCursor already has a shape w-resize loaded, skipping
[1;32mDEBUG [0m]: XCursor already has a shape ew-resize loaded, skipping
[1;32mDEBUG [0m]: XCursor already has a shape ns-resize loaded, skipping
[1;32mDEBUG [0m]: XCursor already has a shape nesw-resize loaded, skipping
[1;32mDEBUG [0m]: XCursor already has a shape nwse-resize loaded, skipping
[1;32mDEBUG [0m]: XCursor already has a shape col-resize loaded, skipping
[1;32mDEBUG [0m]: XCursor already has a shape row-resize loaded, skipping
[1;32mDEBUG [0m]: XCursor already has a shape all-scroll loaded, skipping
[1;32mDEBUG [0m]: XCursor already has a shape zoom-in loaded, skipping
[1;32mDEBUG [0m]: XCursor already has a shape zoom-out loaded, skipping
[1;32mDEBUG [0m]: XCursor failed to find a legacy shape with name dnd-copy, skipping
[1;32mDEBUG [0m]: XCursor already has a shape all-resize loaded, skipping
[1;33mWARN [0m]: GSettings default schema source does not exist, can't sync GSettings
[1;33mWARN [0m]: GSettings parameter doesn't exist cursor-theme in org.gnome.desktop.interface
[1;33mWARN [0m]: GSettings default schema source does not exist, can't sync GSettings
[1;33mWARN [0m]: GSettings parameter doesn't exist cursor-size in org.gnome.desktop.interface
[1;32mDEBUG [0m]: cursorImage request: shape 1 -> default
[1;32mDEBUG [0m]: [CWLCompositorResource] New wl_region with id 92 at 55a79e767d90
[1;32mDEBUG [0m]: [CWLCompositorResource] New wl_region with id 83 at 55a79e767d90
[1;32mDEBUG [0m]: [CLinuxDMABUFParamsResource] Creating a dmabuf, with id 101: size [Vector2D: x: 368, y: 64], fmt AR24, planes 1
[1;32mDEBUG [0m]: [CLinuxDMABUFParamsResource]  | plane 0: mod 72057594037927952 fd 53 stride 1536 offset 0
[1;32mDEBUG [0m]: LayerSurface 55a79f6165b0 mapped
[1;32mDEBUG [0m]: [CLinuxDMABUFParamsResource] Creating a dmabuf, with id 96: size [Vector2D: x: 368, y: 64], fmt AR24, planes 1
[1;32mDEBUG [0m]: [CLinuxDMABUFParamsResource]  | plane 0: mod 72057594037927952 fd 55 stride 1536 offset 0
[1;32mDEBUG [0m]: [CLinuxDMABUFParamsResource] Creating a dmabuf, with id 86: size [Vector2D: x: 368, y: 760], fmt AR24, planes 1
[1;32mDEBUG [0m]: [CLinuxDMABUFParamsResource]  | plane 0: mod 72057594037927952 fd 80 stride 1536 offset 0
[1;32mDEBUG [0m]: [CWLSeatProtocol] New seat resource bound at 55a79fb754b0
[1;32mDEBUG [0m]: [CVirtualKeyboardProtocol] New VKeyboard at id 5
[1;32mDEBUG [0m]: ApplyConfigToKeyboard for "hl-virtual-keyboard-wtype", hasconfig: 0
[1;32mDEBUG [0m]: Attempting to create a keymap for layout us with variant  (rules: , model: , options: )
[1;32mDEBUG [0m]: Updating keyboard 55a79f694860's translation state from a provided keymap
[1;32mDEBUG [0m]: xkb: LED index 0 (name Num Lock) got index 1
[1;32mDEBUG [0m]: xkb: LED index 1 (name Caps Lock) got index 0
[1;32mDEBUG [0m]: xkb: LED index 2 (name Scroll Lock) got index 2
[1;32mDEBUG [0m]: xkb: Mod index 0 (name Shift) got index 0
[1;32mDEBUG [0m]: xkb: Mod index 1 (name Lock) got index 1
[1;32mDEBUG [0m]: xkb: Mod index 2 (name Control) got index 2
[1;32mDEBUG [0m]: xkb: Mod index 3 (name Mod1) got index 3
[1;32mDEBUG [0m]: xkb: Mod index 4 (name Mod2) got index 4
[1;32mDEBUG [0m]: xkb: Mod index 5 (name Mod3) got index 5
[1;32mDEBUG [0m]: xkb: Mod index 6 (name Mod4) got index 6
[1;32mDEBUG [0m]: xkb: Mod index 7 (name Mod5) got index 7
[1;32mDEBUG [0m]: Updating keymap fd for keyboard hl-virtual-keyboard-wtype
[1;32mDEBUG [0m]: Updated keymap fd to 93, keymap V1 to: 95
[1;32mDEBUG [0m]: Set the keyboard layout to us and variant to  for keyboard "hl-virtual-keyboard-wtype"
[1;32mDEBUG [0m]: New virtual keyboard created at 55a79f694860
[1;32mDEBUG [0m]: Updating keyboard 55a79f694860's translation state from a provided keymap
[1;32mDEBUG [0m]: Updating keymap fd for keyboard hl-virtual-keyboard-wtype
[1;32mDEBUG [0m]: Updated keymap fd to 93, keymap V1 to: 95
[1;32mDEBUG [0m]: [CLinuxDMABUFParamsResource] Creating a dmabuf, with id 83: size [Vector2D: x: 368, y: 760], fmt AR24, planes 1
[1;32mDEBUG [0m]: [CLinuxDMABUFParamsResource]  | plane 0: mod 72057594037927952 fd 91 stride 1536 offset 0
[1;32mDEBUG [0m]: Keyboard at 55a79f694860 removed
[1;32mDEBUG [0m]: Destroyed keyboard 55a79f694860
[1;32mDEBUG [0m]: [CWLSeatProtocol] New seat resource bound at 55a79fb754b0
[1;32mDEBUG [0m]: [CVirtualKeyboardProtocol] New VKeyboard at id 5
[1;32mDEBUG [0m]: ApplyConfigToKeyboard for "hl-virtual-keyboard-wtype", hasconfig: 0
[1;32mDEBUG [0m]: Attempting to create a keymap for layout us with variant  (rules: , model: , options: )
[1;32mDEBUG [0m]: Updating keyboard 55a79f694860's translation state from a provided keymap
[1;32mDEBUG [0m]: xkb: LED index 0 (name Num Lock) got index 1
[1;32mDEBUG [0m]: xkb: LED index 1 (name Caps Lock) got index 0
[1;32mDEBUG [0m]: xkb: LED index 2 (name Scroll Lock) got index 2
[1;32mDEBUG [0m]: xkb: Mod index 0 (name Shift) got index 0
[1;32mDEBUG [0m]: xkb: Mod index 1 (name Lock) got index 1
[1;32mDEBUG [0m]: xkb: Mod index 2 (name Control) got index 2
[1;32mDEBUG [0m]: xkb: Mod index 3 (name Mod1) got index 3
[1;32mDEBUG [0m]: xkb: Mod index 4 (name Mod2) got index 4
[1;32mDEBUG [0m]: xkb: Mod index 5 (name Mod3) got index 5
[1;32mDEBUG [0m]: xkb: Mod index 6 (name Mod4) got index 6
[1;32mDEBUG [0m]: xkb: Mod index 7 (name Mod5) got index 7
[1;32mDEBUG [0m]: Updating keymap fd for keyboard hl-virtual-keyboard-wtype
[1;32mDEBUG [0m]: Updated keymap fd to 93, keymap V1 to: 95
[1;32mDEBUG [0m]: Set the keyboard layout to us and variant to  for keyboard "hl-virtual-keyboard-wtype"
[1;32mDEBUG [0m]: New virtual keyboard created at 55a79f694860
[1;32mDEBUG [0m]: Updating keyboard 55a79f694860's translation state from a provided keymap
[1;32mDEBUG [0m]: Updating keymap fd for keyboard hl-virtual-keyboard-wtype
[1;32mDEBUG [0m]: Updated keymap fd to 93, keymap V1 to: 95
[1;32mDEBUG [0m]: Keyboard at 55a79f694860 removed
[1;32mDEBUG [0m]: Destroyed keyboard 55a79f694860
[1;32mDEBUG [0m]: [CWLSeatProtocol] New seat resource bound at 55a7a0026e90
[1;32mDEBUG [0m]: [CVirtualKeyboardProtocol] New VKeyboard at id 5
[1;32mDEBUG [0m]: ApplyConfigToKeyboard for "hl-virtual-keyboard-wtype", hasconfig: 0
[1;32mDEBUG [0m]: Attempting to create a keymap for layout us with variant  (rules: , model: , options: )
[1;32mDEBUG [0m]: Updating keyboard 55a79f694860's translation state from a provided keymap
[1;32mDEBUG [0m]: xkb: LED index 0 (name Num Lock) got index 1
[1;32mDEBUG [0m]: xkb: LED index 1 (name Caps Lock) got index 0
[1;32mDEBUG [0m]: xkb: LED index 2 (name Scroll Lock) got index 2
[1;32mDEBUG [0m]: xkb: Mod index 0 (name Shift) got index 0
[1;32mDEBUG [0m]: xkb: Mod index 1 (name Lock) got index 1
[1;32mDEBUG [0m]: xkb: Mod index 2 (name Control) got index 2
[1;32mDEBUG [0m]: xkb: Mod index 3 (name Mod1) got index 3
[1;32mDEBUG [0m]: xkb: Mod index 4 (name Mod2) got index 4
[1;32mDEBUG [0m]: xkb: Mod index 5 (name Mod3) got index 5
[1;32mDEBUG [0m]: xkb: Mod index 6 (name Mod4) got index 6
[1;32mDEBUG [0m]: xkb: Mod index 7 (name Mod5) got index 7
[1;32mDEBUG [0m]: Updating keymap fd for keyboard hl-virtual-keyboard-wtype
[1;32mDEBUG [0m]: Updated keymap fd to 93, keymap V1 to: 95
[1;32mDEBUG [0m]: Set the keyboard layout to us and variant to  for keyboard "hl-virtual-keyboard-wtype"
[1;32mDEBUG [0m]: New virtual keyboard created at 55a79f694860
[1;32mDEBUG [0m]: Updating keyboard 55a79f694860's translation state from a provided keymap
[1;32mDEBUG [0m]: Updating keymap fd for keyboard hl-virtual-keyboard-wtype
[1;32mDEBUG [0m]: Updated keymap fd to 93, keymap V1 to: 95
[1;32mDEBUG [0m]: Keyboard at 55a79f694860 removed
[1;32mDEBUG [0m]: Destroyed keyboard 55a79f694860
[1;32mDEBUG [0m]: [CWLSeatProtocol] New seat resource bound at 55a79f349ef0
[1;32mDEBUG [0m]: [CVirtualKeyboardProtocol] New VKeyboard at id 5
[1;32mDEBUG [0m]: ApplyConfigToKeyboard for "hl-virtual-keyboard-wtype", hasconfig: 0
[1;32mDEBUG [0m]: Attempting to create a keymap for layout us with variant  (rules: , model: , options: )
[1;32mDEBUG [0m]: Updating keyboard 55a79f694860's translation state from a provided keymap
[1;32mDEBUG [0m]: xkb: LED index 0 (name Num Lock) got index 1
[1;32mDEBUG [0m]: xkb: LED index 1 (name Caps Lock) got index 0
[1;32mDEBUG [0m]: xkb: LED index 2 (name Scroll Lock) got index 2
[1;32mDEBUG [0m]: xkb: Mod index 0 (name Shift) got index 0
[1;32mDEBUG [0m]: xkb: Mod index 1 (name Lock) got index 1
[1;32mDEBUG [0m]: xkb: Mod index 2 (name Control) got index 2
[1;32mDEBUG [0m]: xkb: Mod index 3 (name Mod1) got index 3
[1;32mDEBUG [0m]: xkb: Mod index 4 (name Mod2) got index 4
[1;32mDEBUG [0m]: xkb: Mod index 5 (name Mod3) got index 5
[1;32mDEBUG [0m]: xkb: Mod index 6 (name Mod4) got index 6
[1;32mDEBUG [0m]: xkb: Mod index 7 (name Mod5) got index 7
[1;32mDEBUG [0m]: Updating keymap fd for keyboard hl-virtual-keyboard-wtype
[1;32mDEBUG [0m]: Updated keymap fd to 93, keymap V1 to: 95
[1;32mDEBUG [0m]: Set the keyboard layout to us and variant to  for keyboard "hl-virtual-keyboard-wtype"
[1;32mDEBUG [0m]: New virtual keyboard created at 55a79f694860
[1;32mDEBUG [0m]: Updating keyboard 55a79f694860's translation state from a provided keymap
[1;32mDEBUG [0m]: Updating keymap fd for keyboard hl-virtual-keyboard-wtype
[1;32mDEBUG [0m]: Updated keymap fd to 93, keymap V1 to: 95
[1;32mDEBUG [0m]: Keyboard at 55a79f694860 removed
[1;32mDEBUG [0m]: Destroyed keyboard 55a79f694860
[1;32mDEBUG [0m]: [CWLSeatProtocol] New seat resource bound at 55a79f5a72d0
[1;32mDEBUG [0m]: [CVirtualKeyboardProtocol] New VKeyboard at id 5
[1;32mDEBUG [0m]: ApplyConfigToKeyboard for "hl-virtual-keyboard-wtype", hasconfig: 0
[1;32mDEBUG [0m]: Attempting to create a keymap for layout us with variant  (rules: , model: , options: )
[1;32mDEBUG [0m]: Updating keyboard 55a79f694860's translation state from a provided keymap
[1;32mDEBUG [0m]: xkb: LED index 0 (name Num Lock) got index 1
[1;32mDEBUG [0m]: xkb: LED index 1 (name Caps Lock) got index 0
[1;32mDEBUG [0m]: xkb: LED index 2 (name Scroll Lock) got index 2
[1;32mDEBUG [0m]: xkb: Mod index 0 (name Shift) got index 0
[1;32mDEBUG [0m]: xkb: Mod index 1 (name Lock) got index 1
[1;32mDEBUG [0m]: xkb: Mod index 2 (name Control) got index 2
[1;32mDEBUG [0m]: xkb: Mod index 3 (name Mod1) got index 3
[1;32mDEBUG [0m]: xkb: Mod index 4 (name Mod2) got index 4
[1;32mDEBUG [0m]: xkb: Mod index 5 (name Mod3) got index 5
[1;32mDEBUG [0m]: xkb: Mod index 6 (name Mod4) got index 6
[1;32mDEBUG [0m]: xkb: Mod index 7 (name Mod5) got index 7
[1;32mDEBUG [0m]: Updating keymap fd for keyboard hl-virtual-keyboard-wtype
[1;32mDEBUG [0m]: Updated keymap fd to 93, keymap V1 to: 95
[1;32mDEBUG [0m]: Set the keyboard layout to us and variant to  for keyboard "hl-virtual-keyboard-wtype"
[1;32mDEBUG [0m]: New virtual keyboard created at 55a79f694860
[1;32mDEBUG [0m]: Updating keyboard 55a79f694860's translation state from a provided keymap
[1;32mDEBUG [0m]: Updating keymap fd for keyboard hl-virtual-keyboard-wtype
[1;32mDEBUG [0m]: Updated keymap fd to 93, keymap V1 to: 95
[1;32mDEBUG [0m]: Keyboard at 55a79f694860 removed
[1;32mDEBUG [0m]: Destroyed keyboard 55a79f694860
[1;32mDEBUG [0m]: [CWLSeatProtocol] New seat resource bound at 55a79e54f330
[1;32mDEBUG [0m]: [CVirtualKeyboardProtocol] New VKeyboard at id 5
[1;32mDEBUG [0m]: ApplyConfigToKeyboard for "hl-virtual-keyboard-wtype", hasconfig: 0
[1;32mDEBUG [0m]: Attempting to create a keymap for layout us with variant  (rules: , model: , options: )
[1;32mDEBUG [0m]: Updating keyboard 55a79f694860's translation state from a provided keymap
[1;32mDEBUG [0m]: xkb: LED index 0 (name Num Lock) got index 1
[1;32mDEBUG [0m]: xkb: LED index 1 (name Caps Lock) got index 0
[1;32mDEBUG [0m]: xkb: LED index 2 (name Scroll Lock) got index 2
[1;32mDEBUG [0m]: xkb: Mod index 0 (name Shift) got index 0
[1;32mDEBUG [0m]: xkb: Mod index 1 (name Lock) got index 1
[1;32mDEBUG [0m]: xkb: Mod index 2 (name Control) got index 2
[1;32mDEBUG [0m]: xkb: Mod index 3 (name Mod1) got index 3
[1;32mDEBUG [0m]: xkb: Mod index 4 (name Mod2) got index 4
[1;32mDEBUG [0m]: xkb: Mod index 5 (name Mod3) got index 5
[1;32mDEBUG [0m]: xkb: Mod index 6 (name Mod4) got index 6
[1;32mDEBUG [0m]: xkb: Mod index 7 (name Mod5) got index 7
[1;32mDEBUG [0m]: Updating keymap fd for keyboard hl-virtual-keyboard-wtype
[1;32mDEBUG [0m]: Updated keymap fd to 93, keymap V1 to: 95
[1;32mDEBUG [0m]: Set the keyboard layout to us and variant to  for keyboard "hl-virtual-keyboard-wtype"
[1;32mDEBUG [0m]: New virtual keyboard created at 55a79f694860
[1;32mDEBUG [0m]: Updating keyboard 55a79f694860's translation state from a provided keymap
[1;32mDEBUG [0m]: Updating keymap fd for keyboard hl-virtual-keyboard-wtype
[1;32mDEBUG [0m]: Updated keymap fd to 93, keymap V1 to: 95
[1;32mDEBUG [0m]: Keyboard at 55a79f694860 removed
[1;32mDEBUG [0m]: Destroyed keyboard 55a79f694860
[1;32mDEBUG [0m]: [CWLSeatProtocol] New seat resource bound at 55a79f4cb830
[1;32mDEBUG [0m]: [CVirtualKeyboardProtocol] New VKeyboard at id 5
[1;32mDEBUG [0m]: ApplyConfigToKeyboard for "hl-virtual-keyboard-wtype", hasconfig: 0
[1;32mDEBUG [0m]: Attempting to create a keymap for layout us with variant  (rules: , model: , options: )
[1;32mDEBUG [0m]: Updating keyboard 55a79f694860's translation state from a provided keymap
[1;32mDEBUG [0m]: xkb: LED index 0 (name Num Lock) got index 1
[1;32mDEBUG [0m]: xkb: LED index 1 (name Caps Lock) got index 0
[1;32mDEBUG [0m]: xkb: LED index 2 (name Scroll Lock) got index 2
[1;32mDEBUG [0m]: xkb: Mod index 0 (name Shift) got index 0
[1;32mDEBUG [0m]: xkb: Mod index 1 (name Lock) got index 1
[1;32mDEBUG [0m]: xkb: Mod index 2 (name Control) got index 2
[1;32mDEBUG [0m]: xkb: Mod index 3 (name Mod1) got index 3
[1;32mDEBUG [0m]: xkb: Mod index 4 (name Mod2) got index 4
[1;32mDEBUG [0m]: xkb: Mod index 5 (name Mod3) got index 5
[1;32mDEBUG [0m]: xkb: Mod index 6 (name Mod4) got index 6
[1;32mDEBUG [0m]: xkb: Mod index 7 (name Mod5) got index 7
[1;32mDEBUG [0m]: Updating keymap fd for keyboard hl-virtual-keyboard-wtype
[1;32mDEBUG [0m]: Updated keymap fd to 93, keymap V1 to: 95
[1;32mDEBUG [0m]: Set the keyboard layout to us and variant to  for keyboard "hl-virtual-keyboard-wtype"
[1;32mDEBUG [0m]: New virtual keyboard created at 55a79f694860
[1;32mDEBUG [0m]: Updating keyboard 55a79f694860's translation state from a provided keymap
[1;32mDEBUG [0m]: Updating keymap fd for keyboard hl-virtual-keyboard-wtype
[1;32mDEBUG [0m]: Updated keymap fd to 93, keymap V1 to: 95
[1;32mDEBUG [0m]: Keyboard at 55a79f694860 removed
[1;32mDEBUG [0m]: Destroyed keyboard 55a79f694860
[1;32mDEBUG [0m]: [CWLSeatProtocol] New seat resource bound at 55a79fb754b0
[1;32mDEBUG [0m]: [CVirtualKeyboardProtocol] New VKeyboard at id 5
[1;32mDEBUG [0m]: ApplyConfigToKeyboard for "hl-virtual-keyboard-wtype", hasconfig: 0
[1;32mDEBUG [0m]: Attempting to create a keymap for layout us with variant  (rules: , model: , options: )
[1;32mDEBUG [0m]: Updating keyboard 55a79f694860's translation state from a provided keymap
[1;32mDEBUG [0m]: xkb: LED index 0 (name Num Lock) got index 1
[1;32mDEBUG [0m]: xkb: LED index 1 (name Caps Lock) got index 0
[1;32mDEBUG [0m]: xkb: LED index 2 (name Scroll Lock) got index 2
[1;32mDEBUG [0m]: xkb: Mod index 0 (name Shift) got index 0
[1;32mDEBUG [0m]: xkb: Mod index 1 (name Lock) got index 1
[1;32mDEBUG [0m]: xkb: Mod index 2 (name Control) got index 2
[1;32mDEBUG [0m]: xkb: Mod index 3 (name Mod1) got index 3
[1;32mDEBUG [0m]: xkb: Mod index 4 (name Mod2) got index 4
[1;32mDEBUG [0m]: xkb: Mod index 5 (name Mod3) got index 5
[1;32mDEBUG [0m]: xkb: Mod index 6 (name Mod4) got index 6
[1;32mDEBUG [0m]: xkb: Mod index 7 (name Mod5) got index 7
[1;32mDEBUG [0m]: Updating keymap fd for keyboard hl-virtual-keyboard-wtype
[1;32mDEBUG [0m]: Updated keymap fd to 93, keymap V1 to: 95
[1;32mDEBUG [0m]: Set the keyboard layout to us and variant to  for keyboard "hl-virtual-keyboard-wtype"
[1;32mDEBUG [0m]: New virtual keyboard created at 55a79f694860
[1;32mDEBUG [0m]: Updating keyboard 55a79f694860's translation state from a provided keymap
[1;32mDEBUG [0m]: Updating keymap fd for keyboard hl-virtual-keyboard-wtype
[1;32mDEBUG [0m]: Updated keymap fd to 93, keymap V1 to: 95
[1;32mDEBUG [0m]: Keyboard at 55a79f694860 removed
[1;32mDEBUG [0m]: Destroyed keyboard 55a79f694860
[1;32mDEBUG [0m]: [CWLSeatProtocol] New seat resource bound at 55a79e725da0
[1;32mDEBUG [0m]: [CVirtualKeyboardProtocol] New VKeyboard at id 5
[1;32mDEBUG [0m]: ApplyConfigToKeyboard for "hl-virtual-keyboard-wtype", hasconfig: 0
[1;32mDEBUG [0m]: Attempting to create a keymap for layout us with variant  (rules: , model: , options: )
[1;32mDEBUG [0m]: Updating keyboard 55a79f694860's translation state from a provided keymap
[1;32mDEBUG [0m]: xkb: LED index 0 (name Num Lock) got index 1
[1;32mDEBUG [0m]: xkb: LED index 1 (name Caps Lock) got index 0
[1;32mDEBUG [0m]: xkb: LED index 2 (name Scroll Lock) got index 2
[1;32mDEBUG [0m]: xkb: Mod index 0 (name Shift) got index 0
[1;32mDEBUG [0m]: xkb: Mod index 1 (name Lock) got index 1
[1;32mDEBUG [0m]: xkb: Mod index 2 (name Control) got index 2
[1;32mDEBUG [0m]: xkb: Mod index 3 (name Mod1) got index 3
[1;32mDEBUG [0m]: xkb: Mod index 4 (name Mod2) got index 4
[1;32mDEBUG [0m]: xkb: Mod index 5 (name Mod3) got index 5
[1;32mDEBUG [0m]: xkb: Mod index 6 (name Mod4) got index 6
[1;32mDEBUG [0m]: xkb: Mod index 7 (name Mod5) got index 7
[1;32mDEBUG [0m]: Updating keymap fd for keyboard hl-virtual-keyboard-wtype
[1;32mDEBUG [0m]: Updated keymap fd to 93, keymap V1 to: 95
[1;32mDEBUG [0m]: Set the keyboard layout to us and variant to  for keyboard "hl-virtual-keyboard-wtype"
[1;32mDEBUG [0m]: New virtual keyboard created at 55a79f694860
[1;32mDEBUG [0m]: Updating keyboard 55a79f694860's translation state from a provided keymap
[1;32mDEBUG [0m]: Updating keymap fd for keyboard hl-virtual-keyboard-wtype
[1;32mDEBUG [0m]: Updated keymap fd to 93, keymap V1 to: 95
[1;32mDEBUG [0m]: Keyboard at 55a79f694860 removed
[1;32mDEBUG [0m]: Destroyed keyboard 55a79f694860
[1;32mDEBUG [0m]: [CWLSeatProtocol] New seat resource bound at 55a79fe3b470
[1;32mDEBUG [0m]: [CVirtualKeyboardProtocol] New VKeyboard at id 5
[1;32mDEBUG [0m]: ApplyConfigToKeyboard for "hl-virtual-keyboard-wtype", hasconfig: 0
[1;32mDEBUG [0m]: Attempting to create a keymap for layout us with variant  (rules: , model: , options: )
[1;32mDEBUG [0m]: Updating keyboard 55a79f694860's translation state from a provided keymap
[1;32mDEBUG [0m]: xkb: LED index 0 (name Num Lock) got index 1
[1;32mDEBUG [0m]: xkb: LED index 1 (name Caps Lock) got index 0
[1;32mDEBUG [0m]: xkb: LED index 2 (name Scroll Lock) got index 2
[1;32mDEBUG [0m]: xkb: Mod index 0 (name Shift) got index 0
[1;32mDEBUG [0m]: xkb: Mod index 1 (name Lock) got index 1
[1;32mDEBUG [0m]: xkb: Mod index 2 (name Control) got index 2
[1;32mDEBUG [0m]: xkb: Mod index 3 (name Mod1) got index 3
[1;32mDEBUG [0m]: xkb: Mod index 4 (name Mod2) got index 4
[1;32mDEBUG [0m]: xkb: Mod index 5 (name Mod3) got index 5
[1;32mDEBUG [0m]: xkb: Mod index 6 (name Mod4) got index 6
[1;32mDEBUG [0m]: xkb: Mod index 7 (name Mod5) got index 7
[1;32mDEBUG [0m]: Updating keymap fd for keyboard hl-virtual-keyboard-wtype
[1;32mDEBUG [0m]: Updated keymap fd to 93, keymap V1 to: 95
[1;32mDEBUG [0m]: Set the keyboard layout to us and variant to  for keyboard "hl-virtual-keyboard-wtype"
[1;32mDEBUG [0m]: New virtual keyboard created at 55a79f694860
[1;32mDEBUG [0m]: Updating keyboard 55a79f694860's translation state from a provided keymap
[1;32mDEBUG [0m]: Updating keymap fd for keyboard hl-virtual-keyboard-wtype
[1;32mDEBUG [0m]: Updated keymap fd to 93, keymap V1 to: 95
[1;32mDEBUG [0m]: Keyboard at 55a79f694860 removed
[1;32mDEBUG [0m]: Destroyed keyboard 55a79f694860
[1;32mDEBUG [0m]: [CWLSeatProtocol] New seat resource bound at 55a79f6323e0
[1;32mDEBUG [0m]: [CVirtualKeyboardProtocol] New VKeyboard at id 5
[1;32mDEBUG [0m]: ApplyConfigToKeyboard for "hl-virtual-keyboard-wtype", hasconfig: 0
[1;32mDEBUG [0m]: Attempting to create a keymap for layout us with variant  (rules: , model: , options: )
[1;32mDEBUG [0m]: Updating keyboard 55a79f694860's translation state from a provided keymap
[1;32mDEBUG [0m]: xkb: LED index 0 (name Num Lock) got index 1
[1;32mDEBUG [0m]: xkb: LED index 1 (name Caps Lock) got index 0
[1;32mDEBUG [0m]: xkb: LED index 2 (name Scroll Lock) got index 2
[1;32mDEBUG [0m]: xkb: Mod index 0 (name Shift) got index 0
[1;32mDEBUG [0m]: xkb: Mod index 1 (name Lock) got index 1
[1;32mDEBUG [0m]: xkb: Mod index 2 (name Control) got index 2
[1;32mDEBUG [0m]: xkb: Mod index 3 (name Mod1) got index 3
[1;32mDEBUG [0m]: xkb: Mod index 4 (name Mod2) got index 4
[1;32mDEBUG [0m]: xkb: Mod index 5 (name Mod3) got index 5
[1;32mDEBUG [0m]: xkb: Mod index 6 (name Mod4) got index 6
[1;32mDEBUG [0m]: xkb: Mod index 7 (name Mod5) got index 7
[1;32mDEBUG [0m]: Updating keymap fd for keyboard hl-virtual-keyboard-wtype
[1;32mDEBUG [0m]: Updated keymap fd to 93, keymap V1 to: 95
[1;32mDEBUG [0m]: Set the keyboard layout to us and variant to  for keyboard "hl-virtual-keyboard-wtype"
[1;32mDEBUG [0m]: New virtual keyboard created at 55a79f694860
[1;32mDEBUG [0m]: Updating keyboard 55a79f694860's translation state from a provided keymap
[1;32mDEBUG [0m]: Updating keymap fd for keyboard hl-virtual-keyboard-wtype
[1;32mDEBUG [0m]: Updated keymap fd to 93, keymap V1 to: 95
[1;32mDEBUG [0m]: Keyboard at 55a79f694860 removed
[1;32mDEBUG [0m]: Destroyed keyboard 55a79f694860
[1;32mDEBUG [0m]: [CWLSeatProtocol] New seat resource bound at 55a79f4cb830
[1;32mDEBUG [0m]: [CVirtualKeyboardProtocol] New VKeyboard at id 5
[1;32mDEBUG [0m]: ApplyConfigToKeyboard for "hl-virtual-keyboard-wtype", hasconfig: 0
[1;32mDEBUG [0m]: Attempting to create a keymap for layout us with variant  (rules: , model: , options: )
[1;32mDEBUG [0m]: Updating keyboard 55a79f694860's translation state from a provided keymap
[1;32mDEBUG [0m]: xkb: LED index 0 (name Num Lock) got index 1
[1;32mDEBUG [0m]: xkb: LED index 1 (name Caps Lock) got index 0
[1;32mDEBUG [0m]: xkb: LED index 2 (name Scroll Lock) got index 2
[1;32mDEBUG [0m]: xkb: Mod index 0 (name Shift) got index 0
[1;32mDEBUG [0m]: xkb: Mod index 1 (name Lock) got index 1
[1;32mDEBUG [0m]: xkb: Mod index 2 (name Control) got index 2
[1;32mDEBUG [0m]: xkb: Mod index 3 (name Mod1) got index 3
[1;32mDEBUG [0m]: xkb: Mod index 4 (name Mod2) got index 4
[1;32mDEBUG [0m]: xkb: Mod index 5 (name Mod3) got index 5
[1;32mDEBUG [0m]: xkb: Mod index 6 (name Mod4) got index 6
[1;32mDEBUG [0m]: xkb: Mod index 7 (name Mod5) got index 7
[1;32mDEBUG [0m]: Updating keymap fd for keyboard hl-virtual-keyboard-wtype
[1;32mDEBUG [0m]: Updated keymap fd to 93, keymap V1 to: 95
[1;32mDEBUG [0m]: Set the keyboard layout to us and variant to  for keyboard "hl-virtual-keyboard-wtype"
[1;32mDEBUG [0m]: New virtual keyboard created at 55a79f694860
[1;32mDEBUG [0m]: Updating keyboard 55a79f694860's translation state from a provided keymap
[1;32mDEBUG [0m]: Updating keymap fd for keyboard hl-virtual-keyboard-wtype
[1;32mDEBUG [0m]: Updated keymap fd to 93, keymap V1 to: 95
[1;32mDEBUG [0m]: Keyboard at 55a79f694860 removed
[1;32mDEBUG [0m]: Destroyed keyboard 55a79f694860
[1;32mDEBUG [0m]: [CWLSeatProtocol] New seat resource bound at 55a79fb754b0
[1;32mDEBUG [0m]: [CVirtualKeyboardProtocol] New VKeyboard at id 5
[1;32mDEBUG [0m]: ApplyConfigToKeyboard for "hl-virtual-keyboard-wtype", hasconfig: 0
[1;32mDEBUG [0m]: Attempting to create a keymap for layout us with variant  (rules: , model: , options: )
[1;32mDEBUG [0m]: Updating keyboard 55a79f694860's translation state from a provided keymap
[1;32mDEBUG [0m]: xkb: LED index 0 (name Num Lock) got index 1
[1;32mDEBUG [0m]: xkb: LED index 1 (name Caps Lock) got index 0
[1;32mDEBUG [0m]: xkb: LED index 2 (name Scroll Lock) got index 2
[1;32mDEBUG [0m]: xkb: Mod index 0 (name Shift) got index 0
[1;32mDEBUG [0m]: xkb: Mod index 1 (name Lock) got index 1
[1;32mDEBUG [0m]: xkb: Mod index 2 (name Control) got index 2
[1;32mDEBUG [0m]: xkb: Mod index 3 (name Mod1) got index 3
[1;32mDEBUG [0m]: xkb: Mod index 4 (name Mod2) got index 4
[1;32mDEBUG [0m]: xkb: Mod index 5 (name Mod3) got index 5
[1;32mDEBUG [0m]: xkb: Mod index 6 (name Mod4) got index 6
[1;32mDEBUG [0m]: xkb: Mod index 7 (name Mod5) got index 7
[1;32mDEBUG [0m]: Updating keymap fd for keyboard hl-virtual-keyboard-wtype
[1;32mDEBUG [0m]: Updated keymap fd to 93, keymap V1 to: 95
[1;32mDEBUG [0m]: Set the keyboard layout to us and variant to  for keyboard "hl-virtual-keyboard-wtype"
[1;32mDEBUG [0m]: New virtual keyboard created at 55a79f694860
[1;32mDEBUG [0m]: Updating keyboard 55a79f694860's translation state from a provided keymap
[1;32mDEBUG [0m]: Updating keymap fd for keyboard hl-virtual-keyboard-wtype
[1;32mDEBUG [0m]: Updated keymap fd to 93, keymap V1 to: 95
[1;32mDEBUG [0m]: Keyboard at 55a79f694860 removed
[1;32mDEBUG [0m]: Destroyed keyboard 55a79f694860
[1;32mDEBUG [0m]: Hyprctl: new connection from pid 992
[1;32mDEBUG [0m]: Hyprctl: new connection from pid 993
[1;32mDEBUG [0m]: Hyprctl: new connection from pid 994
[1;32mDEBUG [0m]: Hyprctl: new connection from pid 995
[1;32mDEBUG [0m]: Hyprctl: new connection from pid 996
[1;32mDEBUG [0m]: Hyprctl: new connection from pid 997
[1;32mDEBUG [0m]: Hyprctl: new connection from pid 998
[1;32mDEBUG [0m]: Hyprctl: new connection from pid 999
[1;32mDEBUG [0m]: [CScreencopyProtocol] Bound client successfully!
[1;32mDEBUG [0m]: [CXDGOutputProtocol] New xdg_output for HEADLESS-1: client 55a79fa53cd0 (not xwayland)
[1;32mDEBUG [0m]: [CXDGOutputProtocol] New xdg_output for WAYLAND-1: client 55a79fa53cd0 (not xwayland)
[1;32mDEBUG [0m]: [COutputImageCaptureSourceProtocol] New capture source for monitor: HEADLESS-1
[1;32mDEBUG [0m]: [CImageCopyCaptureProtocol] New image copy capture session for source (monitor): "HEADLESS-1"
[1;32mDEBUG [0m]: Framebuffer "Monitor HEADLESS-1 mirror FB" created, status 36053
[1;32mDEBUG [0m]: Framebuffer "" created, status 36053
[1;32mDEBUG [0m]: [Screenshare] Started screenshare session for (monitor): HEADLESS-1
[1;32mDEBUG [0m]: [Screenshare] Stopped screenshare session for (monitor): HEADLESS-1
[1;32mDEBUG [0m]: [CWLCompositorResource] New wl_region with id 92 at 55a79f65b4b0
[1;32mDEBUG [0m]: LayerSurface 55a79f6165b0 destroyed
[1;32mDEBUG [0m]: Forcing an unmap of a LS that did a straight destroy!
[1;32mDEBUG [0m]: LayerSurface 55a79f6165b0 unmapped
[1;32mDEBUG [0m]: renderer: making a snapshot of layer 55a79e62c6a0
[1;32mDEBUG [0m]: Framebuffer "layer snapshot" created, status 36053
[1;32mDEBUG [0m]: renderer: cleared a snapshot of layer 55a79e62c6a0
[1;32mDEBUG [0m]: renderer: rendered a snapshot of layer 55a79e62c6a0
[1;32mDEBUG [0m]: renderer: made a snapshot of layer 55a79e62c6a0
[1;32mDEBUG [0m]: CWLSurface 55a79f9c7830 called destroy()
[1;32mDEBUG [0m]: Cleanup: removed 1 fadeouts
[1;32mDEBUG [0m]: Hyprctl: new connection from pid 1007
[1;32mDEBUG [0m]: Hyprctl: keyword monitor : HEADLESS-1,1366x768@60,2000x0,1.25
[1;32mDEBUG [0m]: ApplyConfigToKeyboard for "wl_keyboard", hasconfig: 0
[1;32mDEBUG [0m]: Not applying config to keyboard, it did not change.
[1;33mWARN [0m]: No rule found for WAYLAND-1, trying to use the first.
[1;32mDEBUG [0m]: Applying monitor rule for HEADLESS-1
[1;32mDEBUG [0m]: Monitor HEADLESS-1: requested 1366x768@60.00Hz, using available mode 1366x768@60.00Hz
[1;32mDEBUG [0m]: output HEADLESS-1 succeeded basic test on format DRM_FORMAT_XRGB8888
[1;32mDEBUG [0m]: CMonitor::updateVCGTRamps: skipping, no gamma ramp for output
[1;32mDEBUG [0m]: Monitor HEADLESS-1 data dump: res 1366x768@60.00Hz, scale 1.25, transform 0, pos 2000x0, 10b 0
[1;33mWARN [0m]: FIXME: color management protocol is enabled and outputs changed, check preferred image description changes
[1;32mDEBUG [0m]: arrangeMonitors: 2 to arrange
[1;32mDEBUG [0m]: arrangeMonitors: HEADLESS-1 explicit [2000, 0]
[1;32mDEBUG [0m]: arrangeMonitors: WAYLAND-1 auto [3093, 0]
[1;32mDEBUG [0m]: arrangeMonitors: WAYLAND-1 xwayland [0, 0]
[1;32mDEBUG [0m]: arrangeMonitors: HEADLESS-1 xwayland [1920, 0]
[1;32mDEBUG [0m]: [CXDGOutputProtocol] updating all xdg_output heads
[1;32mDEBUG [0m]: [CXDGOutputProtocol] updating all xdg_output heads
[1;32mDEBUG [0m]: [CXDGOutputProtocol] updating all xdg_output heads
[1;32mDEBUG [0m]: [CWLCompositorResource] New wl_region with id 86 at 55a79f63c9e0
[1;32mDEBUG [0m]: [CLinuxDMABUFParamsResource] Creating a dmabuf, with id 91: size [Vector2D: x: 1093, y: 32], fmt AR24, planes 1
[1;32mDEBUG [0m]: [CLinuxDMABUFParamsResource]  | plane 0: mod 72057594037927952 fd 53 stride 4480 offset 0
[1;32mDEBUG [0m]: [CWLCompositorResource] New wl_region with id 60 at 55a79f63c9e0
[1;32mDEBUG [0m]: [CLinuxDMABUFParamsResource] Creating a dmabuf, with id 104: size [Vector2D: x: 1366, y: 768], fmt AR24, planes 1
[1;32mDEBUG [0m]: [CLinuxDMABUFParamsResource]  | plane 0: mod 72057594037927952 fd 83 stride 5504 offset 0
[1;32mDEBUG [0m]: Hyprctl: new connection from pid 1008
[1;32mDEBUG [0m]: Hyprctl: new connection from pid 1009
[1;32mDEBUG [0m]: Hyprctl: dispatcher focusmonitor : HEADLESS-1
[1;32mDEBUG [0m]: [CLinuxDMABUFParamsResource] Creating a dmabuf, with id 103: size [Vector2D: x: 1366, y: 40], fmt AR24, planes 1
[1;32mDEBUG [0m]: [CLinuxDMABUFParamsResource]  | plane 0: mod 72057594037927952 fd 54 stride 5504 offset 0
[1;32mDEBUG [0m]: [CLinuxDMABUFParamsResource] Creating a dmabuf, with id 60: size [Vector2D: x: 1366, y: 768], fmt AR24, planes 1
[1;32mDEBUG [0m]: [CLinuxDMABUFParamsResource]  | plane 0: mod 72057594037927952 fd 55 stride 5504 offset 0
[1;32mDEBUG [0m]: [CLinuxDMABUFParamsResource] Creating a dmabuf, with id 101: size [Vector2D: x: 1366, y: 40], fmt AR24, planes 1
[1;32mDEBUG [0m]: [CLinuxDMABUFParamsResource]  | plane 0: mod 72057594037927952 fd 52 stride 5504 offset 0
[1;32mDEBUG [0m]: [CWLCompositorResource] New wl_surface with id 105 at 55a79e617370
[1;32mDEBUG [0m]: [CWLCompositorResource] New wl_surface with id 83 at 55a79e617370
[1;32mDEBUG [0m]: [CPrimarySelectionProtocol] CPrimarySelectionProtocol::updateSelection: cannot send selection to a client without a data_device
[1;32mDEBUG [0m]: CWLSurface 55a79f3a1010 called init()
[1;32mDEBUG [0m]: LayerSurface 55a79f6165b0 (namespace putkin-panel layer 3) created on monitor HEADLESS-1
[1;32mDEBUG [0m]: [CLayerShellProtocol] New wlr_layer_surface 55a79f6165b0
[1;32mDEBUG [0m]: cursorImage request: shape 1 -> default
[1;32mDEBUG [0m]: XCursor scanning theme default
[1;32mDEBUG [0m]: XCursor parsing index.theme /usr/share/icons/default/index.theme
[1;32mDEBUG [0m]: XCursor theme default inherits Adwaita
[1;32mDEBUG [0m]: XCursor scanning theme Adwaita
[1;32mDEBUG [0m]: XCursor using theme path /usr/share/icons/Adwaita/cursors
[1;32mDEBUG [0m]: XCursor parsing index.theme /usr/share/icons/Adwaita/index.theme
[1;32mDEBUG [0m]: XCursor theme Adwaita inherits AdwaitaLegacy
[1;32mDEBUG [0m]: XCursor theme Adwaita inherits hicolor
[1;32mDEBUG [0m]: XCursor scanning theme Adwaita
[1;32mDEBUG [0m]: XCursor using theme path /usr/share/icons/Adwaita/cursors
[1;32mDEBUG [0m]: XCursor parsing index.theme /usr/share/icons/Adwaita/index.theme
[1;32mDEBUG [0m]: XCursor theme Adwaita inherits AdwaitaLegacy
[1;32mDEBUG [0m]: XCursor theme Adwaita inherits hicolor
[1;32mDEBUG [0m]: XCursor scanning theme AdwaitaLegacy
[1;32mDEBUG [0m]: XCursor parsing index.theme /usr/share/icons/AdwaitaLegacy/index.theme
[1;32mDEBUG [0m]: XCursor theme AdwaitaLegacy inherits hicolor
[1;32mDEBUG [0m]: XCursor scanning theme hicolor
[1;32mDEBUG [0m]: XCursor parsing index.theme /usr/share/icons/hicolor/index.theme
[1;32mDEBUG [0m]: XCursor already has a shape default loaded, skipping
[1;32mDEBUG [0m]: XCursor already has a shape context-menu loaded, skipping
[1;32mDEBUG [0m]: XCursor already has a shape help loaded, skipping
[1;32mDEBUG [0m]: XCursor already has a shape pointer loaded, skipping
[1;32mDEBUG [0m]: XCursor already has a shape progress loaded, skipping
[1;32mDEBUG [0m]: XCursor already has a shape wait loaded, skipping
[1;32mDEBUG [0m]: XCursor failed to find a legacy shape with name plus, skipping
[1;32mDEBUG [0m]: XCursor already has a shape crosshair loaded, skipping
[1;32mDEBUG [0m]: XCursor already has a shape text loaded, skipping
[1;32mDEBUG [0m]: XCursor already has a shape vertical-text loaded, skipping
[1;32mDEBUG [0m]: XCursor failed to find a legacy shape with name dnd-link, skipping
[1;32mDEBUG [0m]: XCursor failed to find a legacy shape with name dnd-copy, skipping
[1;32mDEBUG [0m]: XCursor already has a shape move loaded, skipping
[1;32mDEBUG [0m]: XCursor failed to find a legacy shape with name dnd-none, skipping
[1;32mDEBUG [0m]: XCursor failed to find a legacy shape with name crossed_circle, skipping
[1;32mDEBUG [0m]: XCursor already has a shape grab loaded, skipping
[1;32mDEBUG [0m]: XCursor already has a shape grabbing loaded, skipping
[1;32mDEBUG [0m]: XCursor already has a shape e-resize loaded, skipping
[1;32mDEBUG [0m]: XCursor already has a shape n-resize loaded, skipping
[1;32mDEBUG [0m]: XCursor already has a shape ne-resize loaded, skipping
[1;32mDEBUG [0m]: XCursor already has a shape nw-resize loaded, skipping
[1;32mDEBUG [0m]: XCursor already has a shape s-resize loaded, skipping
[1;32mDEBUG [0m]: XCursor already has a shape se-resize loaded, skipping
[1;32mDEBUG [0m]: XCursor already has a shape sw-resize loaded, skipping
[1;32mDEBUG [0m]: XCursor already has a shape w-resize loaded, skipping
[1;32mDEBUG [0m]: XCursor already has a shape ew-resize loaded, skipping
[1;32mDEBUG [0m]: XCursor already has a shape ns-resize loaded, skipping
[1;32mDEBUG [0m]: XCursor already has a shape nesw-resize loaded, skipping
[1;32mDEBUG [0m]: XCursor already has a shape nwse-resize loaded, skipping
[1;32mDEBUG [0m]: XCursor already has a shape col-resize loaded, skipping
[1;32mDEBUG [0m]: XCursor already has a shape row-resize loaded, skipping
[1;32mDEBUG [0m]: XCursor already has a shape all-scroll loaded, skipping
[1;32mDEBUG [0m]: XCursor already has a shape zoom-in loaded, skipping
[1;32mDEBUG [0m]: XCursor already has a shape zoom-out loaded, skipping
[1;32mDEBUG [0m]: XCursor failed to find a legacy shape with name dnd-copy, skipping
[1;32mDEBUG [0m]: XCursor already has a shape all-resize loaded, skipping
[1;33mWARN [0m]: GSettings default schema source does not exist, can't sync GSettings
[1;33mWARN [0m]: GSettings parameter doesn't exist cursor-theme in org.gnome.desktop.interface
[1;33mWARN [0m]: GSettings default schema source does not exist, can't sync GSettings
[1;33mWARN [0m]: GSettings parameter doesn't exist cursor-size in org.gnome.desktop.interface
[1;32mDEBUG [0m]: cursorImage request: shape 1 -> default
[1;32mDEBUG [0m]: [CWLCompositorResource] New wl_region with id 105 at 55a79f1529f0
[1;32mDEBUG [0m]: [CWLCompositorResource] New wl_region with id 96 at 55a79f1529f0
[1;32mDEBUG [0m]: [CLinuxDMABUFParamsResource] Creating a dmabuf, with id 79: size [Vector2D: x: 460, y: 80], fmt AR24, planes 1
[1;32mDEBUG [0m]: [CLinuxDMABUFParamsResource]  | plane 0: mod 72057594037927952 fd 45 stride 1920 offset 0
[1;32mDEBUG [0m]: LayerSurface 55a79f6165b0 mapped
[1;32mDEBUG [0m]: [CLinuxDMABUFParamsResource] Creating a dmabuf, with id 92: size [Vector2D: x: 460, y: 80], fmt AR24, planes 1
[1;32mDEBUG [0m]: [CLinuxDMABUFParamsResource]  | plane 0: mod 72057594037927952 fd 70 stride 1920 offset 0
[1;32mDEBUG [0m]: [CLinuxDMABUFParamsResource] Creating a dmabuf, with id 98: size [Vector2D: x: 460, y: 758], fmt AR24, planes 1
[1;32mDEBUG [0m]: [CLinuxDMABUFParamsResource]  | plane 0: mod 72057594037927952 fd 79 stride 1920 offset 0
[1;32mDEBUG [0m]: [CWLSeatProtocol] New seat resource bound at 55a79fc25b50
[1;32mDEBUG [0m]: [CVirtualKeyboardProtocol] New VKeyboard at id 5
[1;32mDEBUG [0m]: ApplyConfigToKeyboard for "hl-virtual-keyboard-wtype", hasconfig: 0
[1;32mDEBUG [0m]: Attempting to create a keymap for layout us with variant  (rules: , model: , options: )
[1;32mDEBUG [0m]: Updating keyboard 55a79f694860's translation state from a provided keymap
[1;32mDEBUG [0m]: xkb: LED index 0 (name Num Lock) got index 1
[1;32mDEBUG [0m]: xkb: LED index 1 (name Caps Lock) got index 0
[1;32mDEBUG [0m]: xkb: LED index 2 (name Scroll Lock) got index 2
[1;32mDEBUG [0m]: xkb: Mod index 0 (name Shift) got index 0
[1;32mDEBUG [0m]: xkb: Mod index 1 (name Lock) got index 1
[1;32mDEBUG [0m]: xkb: Mod index 2 (name Control) got index 2
[1;32mDEBUG [0m]: xkb: Mod index 3 (name Mod1) got index 3
[1;32mDEBUG [0m]: xkb: Mod index 4 (name Mod2) got index 4
[1;32mDEBUG [0m]: xkb: Mod index 5 (name Mod3) got index 5
[1;32mDEBUG [0m]: xkb: Mod index 6 (name Mod4) got index 6
[1;32mDEBUG [0m]: xkb: Mod index 7 (name Mod5) got index 7
[1;32mDEBUG [0m]: Updating keymap fd for keyboard hl-virtual-keyboard-wtype
[1;32mDEBUG [0m]: Updated keymap fd to 93, keymap V1 to: 95
[1;32mDEBUG [0m]: Set the keyboard layout to us and variant to  for keyboard "hl-virtual-keyboard-wtype"
[1;32mDEBUG [0m]: New virtual keyboard created at 55a79f694860
[1;32mDEBUG [0m]: Updating keyboard 55a79f694860's translation state from a provided keymap
[1;32mDEBUG [0m]: Updating keymap fd for keyboard hl-virtual-keyboard-wtype
[1;32mDEBUG [0m]: Updated keymap fd to 93, keymap V1 to: 95
[1;32mDEBUG [0m]: [CLinuxDMABUFParamsResource] Creating a dmabuf, with id 96: size [Vector2D: x: 460, y: 758], fmt AR24, planes 1
[1;32mDEBUG [0m]: [CLinuxDMABUFParamsResource]  | plane 0: mod 72057594037927952 fd 91 stride 1920 offset 0
[1;32mDEBUG [0m]: Keyboard at 55a79f694860 removed
[1;32mDEBUG [0m]: Destroyed keyboard 55a79f694860
[1;32mDEBUG [0m]: [CWLSeatProtocol] New seat resource bound at 55a79fc25b50
[1;32mDEBUG [0m]: [CVirtualKeyboardProtocol] New VKeyboard at id 5
[1;32mDEBUG [0m]: ApplyConfigToKeyboard for "hl-virtual-keyboard-wtype", hasconfig: 0
[1;32mDEBUG [0m]: Attempting to create a keymap for layout us with variant  (rules: , model: , options: )
[1;32mDEBUG [0m]: Updating keyboard 55a79f694860's translation state from a provided keymap
[1;32mDEBUG [0m]: xkb: LED index 0 (name Num Lock) got index 1
[1;32mDEBUG [0m]: xkb: LED index 1 (name Caps Lock) got index 0
[1;32mDEBUG [0m]: xkb: LED index 2 (name Scroll Lock) got index 2
[1;32mDEBUG [0m]: xkb: Mod index 0 (name Shift) got index 0
[1;32mDEBUG [0m]: xkb: Mod index 1 (name Lock) got index 1
[1;32mDEBUG [0m]: xkb: Mod index 2 (name Control) got index 2
[1;32mDEBUG [0m]: xkb: Mod index 3 (name Mod1) got index 3
[1;32mDEBUG [0m]: xkb: Mod index 4 (name Mod2) got index 4
[1;32mDEBUG [0m]: xkb: Mod index 5 (name Mod3) got index 5
[1;32mDEBUG [0m]: xkb: Mod index 6 (name Mod4) got index 6
[1;32mDEBUG [0m]: xkb: Mod index 7 (name Mod5) got index 7
[1;32mDEBUG [0m]: Updating keymap fd for keyboard hl-virtual-keyboard-wtype
[1;32mDEBUG [0m]: Updated keymap fd to 93, keymap V1 to: 95
[1;32mDEBUG [0m]: Set the keyboard layout to us and variant to  for keyboard "hl-virtual-keyboard-wtype"
[1;32mDEBUG [0m]: New virtual keyboard created at 55a79f694860
[1;32mDEBUG [0m]: Updating keyboard 55a79f694860's translation state from a provided keymap
[1;32mDEBUG [0m]: Updating keymap fd for keyboard hl-virtual-keyboard-wtype
[1;32mDEBUG [0m]: Updated keymap fd to 93, keymap V1 to: 95
[1;32mDEBUG [0m]: Keyboard at 55a79f694860 removed
[1;32mDEBUG [0m]: Destroyed keyboard 55a79f694860
[1;32mDEBUG [0m]: [CWLSeatProtocol] New seat resource bound at 55a79f7789b0
[1;32mDEBUG [0m]: [CVirtualKeyboardProtocol] New VKeyboard at id 5
[1;32mDEBUG [0m]: ApplyConfigToKeyboard for "hl-virtual-keyboard-wtype", hasconfig: 0
[1;32mDEBUG [0m]: Attempting to create a keymap for layout us with variant  (rules: , model: , options: )
[1;32mDEBUG [0m]: Updating keyboard 55a79f694860's translation state from a provided keymap
[1;32mDEBUG [0m]: xkb: LED index 0 (name Num Lock) got index 1
[1;32mDEBUG [0m]: xkb: LED index 1 (name Caps Lock) got index 0
[1;32mDEBUG [0m]: xkb: LED index 2 (name Scroll Lock) got index 2
[1;32mDEBUG [0m]: xkb: Mod index 0 (name Shift) got index 0
[1;32mDEBUG [0m]: xkb: Mod index 1 (name Lock) got index 1
[1;32mDEBUG [0m]: xkb: Mod index 2 (name Control) got index 2
[1;32mDEBUG [0m]: xkb: Mod index 3 (name Mod1) got index 3
[1;32mDEBUG [0m]: xkb: Mod index 4 (name Mod2) got index 4
[1;32mDEBUG [0m]: xkb: Mod index 5 (name Mod3) got index 5
[1;32mDEBUG [0m]: xkb: Mod index 6 (name Mod4) got index 6
[1;32mDEBUG [0m]: xkb: Mod index 7 (name Mod5) got index 7
[1;32mDEBUG [0m]: Updating keymap fd for keyboard hl-virtual-keyboard-wtype
[1;32mDEBUG [0m]: Updated keymap fd to 93, keymap V1 to: 95
[1;32mDEBUG [0m]: Set the keyboard layout to us and variant to  for keyboard "hl-virtual-keyboard-wtype"
[1;32mDEBUG [0m]: New virtual keyboard created at 55a79f694860
[1;32mDEBUG [0m]: Updating keyboard 55a79f694860's translation state from a provided keymap
[1;32mDEBUG [0m]: Updating keymap fd for keyboard hl-virtual-keyboard-wtype
[1;32mDEBUG [0m]: Updated keymap fd to 93, keymap V1 to: 95
[1;32mDEBUG [0m]: Keyboard at 55a79f694860 removed
[1;32mDEBUG [0m]: Destroyed keyboard 55a79f694860
[1;32mDEBUG [0m]: [CWLSeatProtocol] New seat resource bound at 55a79f4cb830
[1;32mDEBUG [0m]: [CVirtualKeyboardProtocol] New VKeyboard at id 5
[1;32mDEBUG [0m]: ApplyConfigToKeyboard for "hl-virtual-keyboard-wtype", hasconfig: 0
[1;32mDEBUG [0m]: Attempting to create a keymap for layout us with variant  (rules: , model: , options: )
[1;32mDEBUG [0m]: Updating keyboard 55a79f694860's translation state from a provided keymap
[1;32mDEBUG [0m]: xkb: LED index 0 (name Num Lock) got index 1
[1;32mDEBUG [0m]: xkb: LED index 1 (name Caps Lock) got index 0
[1;32mDEBUG [0m]: xkb: LED index 2 (name Scroll Lock) got index 2
[1;32mDEBUG [0m]: xkb: Mod index 0 (name Shift) got index 0
[1;32mDEBUG [0m]: xkb: Mod index 1 (name Lock) got index 1
[1;32mDEBUG [0m]: xkb: Mod index 2 (name Control) got index 2
[1;32mDEBUG [0m]: xkb: Mod index 3 (name Mod1) got index 3
[1;32mDEBUG [0m]: xkb: Mod index 4 (name Mod2) got index 4
[1;32mDEBUG [0m]: xkb: Mod index 5 (name Mod3) got index 5
[1;32mDEBUG [0m]: xkb: Mod index 6 (name Mod4) got index 6
[1;32mDEBUG [0m]: xkb: Mod index 7 (name Mod5) got index 7
[1;32mDEBUG [0m]: Updating keymap fd for keyboard hl-virtual-keyboard-wtype
[1;32mDEBUG [0m]: Updated keymap fd to 93, keymap V1 to: 95
[1;32mDEBUG [0m]: Set the keyboard layout to us and variant to  for keyboard "hl-virtual-keyboard-wtype"
[1;32mDEBUG [0m]: New virtual keyboard created at 55a79f694860
[1;32mDEBUG [0m]: Updating keyboard 55a79f694860's translation state from a provided keymap
[1;32mDEBUG [0m]: Updating keymap fd for keyboard hl-virtual-keyboard-wtype
[1;32mDEBUG [0m]: Updated keymap fd to 93, keymap V1 to: 95
[1;32mDEBUG [0m]: Keyboard at 55a79f694860 removed
[1;32mDEBUG [0m]: Destroyed keyboard 55a79f694860
[1;32mDEBUG [0m]: [CWLSeatProtocol] New seat resource bound at 55a79f6f1bc0
[1;32mDEBUG [0m]: [CVirtualKeyboardProtocol] New VKeyboard at id 5
[1;32mDEBUG [0m]: ApplyConfigToKeyboard for "hl-virtual-keyboard-wtype", hasconfig: 0
[1;32mDEBUG [0m]: Attempting to create a keymap for layout us with variant  (rules: , model: , options: )
[1;32mDEBUG [0m]: Updating keyboard 55a79f694860's translation state from a provided keymap
[1;32mDEBUG [0m]: xkb: LED index 0 (name Num Lock) got index 1
[1;32mDEBUG [0m]: xkb: LED index 1 (name Caps Lock) got index 0
[1;32mDEBUG [0m]: xkb: LED index 2 (name Scroll Lock) got index 2
[1;32mDEBUG [0m]: xkb: Mod index 0 (name Shift) got index 0
[1;32mDEBUG [0m]: xkb: Mod index 1 (name Lock) got index 1
[1;32mDEBUG [0m]: xkb: Mod index 2 (name Control) got index 2
[1;32mDEBUG [0m]: xkb: Mod index 3 (name Mod1) got index 3
[1;32mDEBUG [0m]: xkb: Mod index 4 (name Mod2) got index 4
[1;32mDEBUG [0m]: xkb: Mod index 5 (name Mod3) got index 5
[1;32mDEBUG [0m]: xkb: Mod index 6 (name Mod4) got index 6
[1;32mDEBUG [0m]: xkb: Mod index 7 (name Mod5) got index 7
[1;32mDEBUG [0m]: Updating keymap fd for keyboard hl-virtual-keyboard-wtype
[1;32mDEBUG [0m]: Updated keymap fd to 93, keymap V1 to: 95
[1;32mDEBUG [0m]: Set the keyboard layout to us and variant to  for keyboard "hl-virtual-keyboard-wtype"
[1;32mDEBUG [0m]: New virtual keyboard created at 55a79f694860
[1;32mDEBUG [0m]: Updating keyboard 55a79f694860's translation state from a provided keymap
[1;32mDEBUG [0m]: Updating keymap fd for keyboard hl-virtual-keyboard-wtype
[1;32mDEBUG [0m]: Updated keymap fd to 93, keymap V1 to: 95
[1;32mDEBUG [0m]: Keyboard at 55a79f694860 removed
[1;32mDEBUG [0m]: Destroyed keyboard 55a79f694860
[1;32mDEBUG [0m]: [CWLSeatProtocol] New seat resource bound at 55a79fd9fed0
[1;32mDEBUG [0m]: [CVirtualKeyboardProtocol] New VKeyboard at id 5
[1;32mDEBUG [0m]: ApplyConfigToKeyboard for "hl-virtual-keyboard-wtype", hasconfig: 0
[1;32mDEBUG [0m]: Attempting to create a keymap for layout us with variant  (rules: , model: , options: )
[1;32mDEBUG [0m]: Updating keyboard 55a79f694860's translation state from a provided keymap
[1;32mDEBUG [0m]: xkb: LED index 0 (name Num Lock) got index 1
[1;32mDEBUG [0m]: xkb: LED index 1 (name Caps Lock) got index 0
[1;32mDEBUG [0m]: xkb: LED index 2 (name Scroll Lock) got index 2
[1;32mDEBUG [0m]: xkb: Mod index 0 (name Shift) got index 0
[1;32mDEBUG [0m]: xkb: Mod index 1 (name Lock) got index 1
[1;32mDEBUG [0m]: xkb: Mod index 2 (name Control) got index 2
[1;32mDEBUG [0m]: xkb: Mod index 3 (name Mod1) got index 3
[1;32mDEBUG [0m]: xkb: Mod index 4 (name Mod2) got index 4
[1;32mDEBUG [0m]: xkb: Mod index 5 (name Mod3) got index 5
[1;32mDEBUG [0m]: xkb: Mod index 6 (name Mod4) got index 6
[1;32mDEBUG [0m]: xkb: Mod index 7 (name Mod5) got index 7
[1;32mDEBUG [0m]: Updating keymap fd for keyboard hl-virtual-keyboard-wtype
[1;32mDEBUG [0m]: Updated keymap fd to 93, keymap V1 to: 95
[1;32mDEBUG [0m]: Set the keyboard layout to us and variant to  for keyboard "hl-virtual-keyboard-wtype"
[1;32mDEBUG [0m]: New virtual keyboard created at 55a79f694860
[1;32mDEBUG [0m]: Updating keyboard 55a79f694860's translation state from a provided keymap
[1;32mDEBUG [0m]: Updating keymap fd for keyboard hl-virtual-keyboard-wtype
[1;32mDEBUG [0m]: Updated keymap fd to 93, keymap V1 to: 95
[1;32mDEBUG [0m]: Keyboard at 55a79f694860 removed
[1;32mDEBUG [0m]: Destroyed keyboard 55a79f694860
[1;32mDEBUG [0m]: [CWLSeatProtocol] New seat resource bound at 55a79f672f10
[1;32mDEBUG [0m]: [CVirtualKeyboardProtocol] New VKeyboard at id 5
[1;32mDEBUG [0m]: ApplyConfigToKeyboard for "hl-virtual-keyboard-wtype", hasconfig: 0
[1;32mDEBUG [0m]: Attempting to create a keymap for layout us with variant  (rules: , model: , options: )
[1;32mDEBUG [0m]: Updating keyboard 55a79f694860's translation state from a provided keymap
[1;32mDEBUG [0m]: xkb: LED index 0 (name Num Lock) got index 1
[1;32mDEBUG [0m]: xkb: LED index 1 (name Caps Lock) got index 0
[1;32mDEBUG [0m]: xkb: LED index 2 (name Scroll Lock) got index 2
[1;32mDEBUG [0m]: xkb: Mod index 0 (name Shift) got index 0
[1;32mDEBUG [0m]: xkb: Mod index 1 (name Lock) got index 1
[1;32mDEBUG [0m]: xkb: Mod index 2 (name Control) got index 2
[1;32mDEBUG [0m]: xkb: Mod index 3 (name Mod1) got index 3
[1;32mDEBUG [0m]: xkb: Mod index 4 (name Mod2) got index 4
[1;32mDEBUG [0m]: xkb: Mod index 5 (name Mod3) got index 5
[1;32mDEBUG [0m]: xkb: Mod index 6 (name Mod4) got index 6
[1;32mDEBUG [0m]: xkb: Mod index 7 (name Mod5) got index 7
[1;32mDEBUG [0m]: Updating keymap fd for keyboard hl-virtual-keyboard-wtype
[1;32mDEBUG [0m]: Updated keymap fd to 93, keymap V1 to: 95
[1;32mDEBUG [0m]: Set the keyboard layout to us and variant to  for keyboard "hl-virtual-keyboard-wtype"
[1;32mDEBUG [0m]: New virtual keyboard created at 55a79f694860
[1;32mDEBUG [0m]: Updating keyboard 55a79f694860's translation state from a provided keymap
[1;32mDEBUG [0m]: Updating keymap fd for keyboard hl-virtual-keyboard-wtype
[1;32mDEBUG [0m]: Updated keymap fd to 93, keymap V1 to: 95
[1;32mDEBUG [0m]: Keyboard at 55a79f694860 removed
[1;32mDEBUG [0m]: Destroyed keyboard 55a79f694860
[1;32mDEBUG [0m]: [CWLSeatProtocol] New seat resource bound at 55a79fb767b0
[1;32mDEBUG [0m]: [CVirtualKeyboardProtocol] New VKeyboard at id 5
[1;32mDEBUG [0m]: ApplyConfigToKeyboard for "hl-virtual-keyboard-wtype", hasconfig: 0
[1;32mDEBUG [0m]: Attempting to create a keymap for layout us with variant  (rules: , model: , options: )
[1;32mDEBUG [0m]: Updating keyboard 55a79f694860's translation state from a provided keymap
[1;32mDEBUG [0m]: xkb: LED index 0 (name Num Lock) got index 1
[1;32mDEBUG [0m]: xkb: LED index 1 (name Caps Lock) got index 0
[1;32mDEBUG [0m]: xkb: LED index 2 (name Scroll Lock) got index 2
[1;32mDEBUG [0m]: xkb: Mod index 0 (name Shift) got index 0
[1;32mDEBUG [0m]: xkb: Mod index 1 (name Lock) got index 1
[1;32mDEBUG [0m]: xkb: Mod index 2 (name Control) got index 2
[1;32mDEBUG [0m]: xkb: Mod index 3 (name Mod1) got index 3
[1;32mDEBUG [0m]: xkb: Mod index 4 (name Mod2) got index 4
[1;32mDEBUG [0m]: xkb: Mod index 5 (name Mod3) got index 5
[1;32mDEBUG [0m]: xkb: Mod index 6 (name Mod4) got index 6
[1;32mDEBUG [0m]: xkb: Mod index 7 (name Mod5) got index 7
[1;32mDEBUG [0m]: Updating keymap fd for keyboard hl-virtual-keyboard-wtype
[1;32mDEBUG [0m]: Updated keymap fd to 93, keymap V1 to: 95
[1;32mDEBUG [0m]: Set the keyboard layout to us and variant to  for keyboard "hl-virtual-keyboard-wtype"
[1;32mDEBUG [0m]: New virtual keyboard created at 55a79f694860
[1;32mDEBUG [0m]: Updating keyboard 55a79f694860's translation state from a provided keymap
[1;32mDEBUG [0m]: Updating keymap fd for keyboard hl-virtual-keyboard-wtype
[1;32mDEBUG [0m]: Updated keymap fd to 93, keymap V1 to: 95
[1;32mDEBUG [0m]: Keyboard at 55a79f694860 removed
[1;32mDEBUG [0m]: Destroyed keyboard 55a79f694860
[1;32mDEBUG [0m]: [CWLSeatProtocol] New seat resource bound at 55a79e725da0
[1;32mDEBUG [0m]: [CVirtualKeyboardProtocol] New VKeyboard at id 5
[1;32mDEBUG [0m]: ApplyConfigToKeyboard for "hl-virtual-keyboard-wtype", hasconfig: 0
[1;32mDEBUG [0m]: Attempting to create a keymap for layout us with variant  (rules: , model: , options: )
[1;32mDEBUG [0m]: Updating keyboard 55a79f694860's translation state from a provided keymap
[1;32mDEBUG [0m]: xkb: LED index 0 (name Num Lock) got index 1
[1;32mDEBUG [0m]: xkb: LED index 1 (name Caps Lock) got index 0
[1;32mDEBUG [0m]: xkb: LED index 2 (name Scroll Lock) got index 2
[1;32mDEBUG [0m]: xkb: Mod index 0 (name Shift) got index 0
[1;32mDEBUG [0m]: xkb: Mod index 1 (name Lock) got index 1
[1;32mDEBUG [0m]: xkb: Mod index 2 (name Control) got index 2
[1;32mDEBUG [0m]: xkb: Mod index 3 (name Mod1) got index 3
[1;32mDEBUG [0m]: xkb: Mod index 4 (name Mod2) got index 4
[1;32mDEBUG [0m]: xkb: Mod index 5 (name Mod3) got index 5
[1;32mDEBUG [0m]: xkb: Mod index 6 (name Mod4) got index 6
[1;32mDEBUG [0m]: xkb: Mod index 7 (name Mod5) got index 7
[1;32mDEBUG [0m]: Updating keymap fd for keyboard hl-virtual-keyboard-wtype
[1;32mDEBUG [0m]: Updated keymap fd to 93, keymap V1 to: 95
[1;32mDEBUG [0m]: Set the keyboard layout to us and variant to  for keyboard "hl-virtual-keyboard-wtype"
[1;32mDEBUG [0m]: New virtual keyboard created at 55a79f694860
[1;32mDEBUG [0m]: Updating keyboard 55a79f694860's translation state from a provided keymap
[1;32mDEBUG [0m]: Updating keymap fd for keyboard hl-virtual-keyboard-wtype
[1;32mDEBUG [0m]: Updated keymap fd to 93, keymap V1 to: 95
[1;32mDEBUG [0m]: Keyboard at 55a79f694860 removed
[1;32mDEBUG [0m]: Destroyed keyboard 55a79f694860
[1;32mDEBUG [0m]: [CWLSeatProtocol] New seat resource bound at 55a79fd9fed0
[1;32mDEBUG [0m]: [CVirtualKeyboardProtocol] New VKeyboard at id 5
[1;32mDEBUG [0m]: ApplyConfigToKeyboard for "hl-virtual-keyboard-wtype", hasconfig: 0
[1;32mDEBUG [0m]: Attempting to create a keymap for layout us with variant  (rules: , model: , options: )
[1;32mDEBUG [0m]: Updating keyboard 55a79f694860's translation state from a provided keymap
[1;32mDEBUG [0m]: xkb: LED index 0 (name Num Lock) got index 1
[1;32mDEBUG [0m]: xkb: LED index 1 (name Caps Lock) got index 0
[1;32mDEBUG [0m]: xkb: LED index 2 (name Scroll Lock) got index 2
[1;32mDEBUG [0m]: xkb: Mod index 0 (name Shift) got index 0
[1;32mDEBUG [0m]: xkb: Mod index 1 (name Lock) got index 1
[1;32mDEBUG [0m]: xkb: Mod index 2 (name Control) got index 2
[1;32mDEBUG [0m]: xkb: Mod index 3 (name Mod1) got index 3
[1;32mDEBUG [0m]: xkb: Mod index 4 (name Mod2) got index 4
[1;32mDEBUG [0m]: xkb: Mod index 5 (name Mod3) got index 5
[1;32mDEBUG [0m]: xkb: Mod index 6 (name Mod4) got index 6
[1;32mDEBUG [0m]: xkb: Mod index 7 (name Mod5) got index 7
[1;32mDEBUG [0m]: Updating keymap fd for keyboard hl-virtual-keyboard-wtype
[1;32mDEBUG [0m]: Updated keymap fd to 93, keymap V1 to: 95
[1;32mDEBUG [0m]: Set the keyboard layout to us and variant to  for keyboard "hl-virtual-keyboard-wtype"
[1;32mDEBUG [0m]: New virtual keyboard created at 55a79f694860
[1;32mDEBUG [0m]: Updating keyboard 55a79f694860's translation state from a provided keymap
[1;32mDEBUG [0m]: Updating keymap fd for keyboard hl-virtual-keyboard-wtype
[1;32mDEBUG [0m]: Updated keymap fd to 93, keymap V1 to: 95
[1;32mDEBUG [0m]: Keyboard at 55a79f694860 removed
[1;32mDEBUG [0m]: Destroyed keyboard 55a79f694860
[1;32mDEBUG [0m]: [CWLSeatProtocol] New seat resource bound at 55a79f4cb830
[1;32mDEBUG [0m]: [CVirtualKeyboardProtocol] New VKeyboard at id 5
[1;32mDEBUG [0m]: ApplyConfigToKeyboard for "hl-virtual-keyboard-wtype", hasconfig: 0
[1;32mDEBUG [0m]: Attempting to create a keymap for layout us with variant  (rules: , model: , options: )
[1;32mDEBUG [0m]: Updating keyboard 55a79f694860's translation state from a provided keymap
[1;32mDEBUG [0m]: xkb: LED index 0 (name Num Lock) got index 1
[1;32mDEBUG [0m]: xkb: LED index 1 (name Caps Lock) got index 0
[1;32mDEBUG [0m]: xkb: LED index 2 (name Scroll Lock) got index 2
[1;32mDEBUG [0m]: xkb: Mod index 0 (name Shift) got index 0
[1;32mDEBUG [0m]: xkb: Mod index 1 (name Lock) got index 1
[1;32mDEBUG [0m]: xkb: Mod index 2 (name Control) got index 2
[1;32mDEBUG [0m]: xkb: Mod index 3 (name Mod1) got index 3
[1;32mDEBUG [0m]: xkb: Mod index 4 (name Mod2) got index 4
[1;32mDEBUG [0m]: xkb: Mod index 5 (name Mod3) got index 5
[1;32mDEBUG [0m]: xkb: Mod index 6 (name Mod4) got index 6
[1;32mDEBUG [0m]: xkb: Mod index 7 (name Mod5) got index 7
[1;32mDEBUG [0m]: Updating keymap fd for keyboard hl-virtual-keyboard-wtype
[1;32mDEBUG [0m]: Updated keymap fd to 93, keymap V1 to: 95
[1;32mDEBUG [0m]: Set the keyboard layout to us and variant to  for keyboard "hl-virtual-keyboard-wtype"
[1;32mDEBUG [0m]: New virtual keyboard created at 55a79f694860
[1;32mDEBUG [0m]: Updating keyboard 55a79f694860's translation state from a provided keymap
[1;32mDEBUG [0m]: Updating keymap fd for keyboard hl-virtual-keyboard-wtype
[1;32mDEBUG [0m]: Updated keymap fd to 93, keymap V1 to: 95
[1;32mDEBUG [0m]: Keyboard at 55a79f694860 removed
[1;32mDEBUG [0m]: Destroyed keyboard 55a79f694860
[1;32mDEBUG [0m]: [CWLSeatProtocol] New seat resource bound at 55a79fddb190
[1;32mDEBUG [0m]: [CVirtualKeyboardProtocol] New VKeyboard at id 5
[1;32mDEBUG [0m]: ApplyConfigToKeyboard for "hl-virtual-keyboard-wtype", hasconfig: 0
[1;32mDEBUG [0m]: Attempting to create a keymap for layout us with variant  (rules: , model: , options: )
[1;32mDEBUG [0m]: Updating keyboard 55a79f694860's translation state from a provided keymap
[1;32mDEBUG [0m]: xkb: LED index 0 (name Num Lock) got index 1
[1;32mDEBUG [0m]: xkb: LED index 1 (name Caps Lock) got index 0
[1;32mDEBUG [0m]: xkb: LED index 2 (name Scroll Lock) got index 2
[1;32mDEBUG [0m]: xkb: Mod index 0 (name Shift) got index 0
[1;32mDEBUG [0m]: xkb: Mod index 1 (name Lock) got index 1
[1;32mDEBUG [0m]: xkb: Mod index 2 (name Control) got index 2
[1;32mDEBUG [0m]: xkb: Mod index 3 (name Mod1) got index 3
[1;32mDEBUG [0m]: xkb: Mod index 4 (name Mod2) got index 4
[1;32mDEBUG [0m]: xkb: Mod index 5 (name Mod3) got index 5
[1;32mDEBUG [0m]: xkb: Mod index 6 (name Mod4) got index 6
[1;32mDEBUG [0m]: xkb: Mod index 7 (name Mod5) got index 7
[1;32mDEBUG [0m]: Updating keymap fd for keyboard hl-virtual-keyboard-wtype
[1;32mDEBUG [0m]: Updated keymap fd to 93, keymap V1 to: 95
[1;32mDEBUG [0m]: Set the keyboard layout to us and variant to  for keyboard "hl-virtual-keyboard-wtype"
[1;32mDEBUG [0m]: New virtual keyboard created at 55a79f694860
[1;32mDEBUG [0m]: Updating keyboard 55a79f694860's translation state from a provided keymap
[1;32mDEBUG [0m]: Updating keymap fd for keyboard hl-virtual-keyboard-wtype
[1;32mDEBUG [0m]: Updated keymap fd to 93, keymap V1 to: 95
[1;32mDEBUG [0m]: Keyboard at 55a79f694860 removed
[1;32mDEBUG [0m]: Destroyed keyboard 55a79f694860
[1;32mDEBUG [0m]: [CWLSeatProtocol] New seat resource bound at 55a79fe00fd0
[1;32mDEBUG [0m]: [CVirtualKeyboardProtocol] New VKeyboard at id 5
[1;32mDEBUG [0m]: ApplyConfigToKeyboard for "hl-virtual-keyboard-wtype", hasconfig: 0
[1;32mDEBUG [0m]: Attempting to create a keymap for layout us with variant  (rules: , model: , options: )
[1;32mDEBUG [0m]: Updating keyboard 55a79f694860's translation state from a provided keymap
[1;32mDEBUG [0m]: xkb: LED index 0 (name Num Lock) got index 1
[1;32mDEBUG [0m]: xkb: LED index 1 (name Caps Lock) got index 0
[1;32mDEBUG [0m]: xkb: LED index 2 (name Scroll Lock) got index 2
[1;32mDEBUG [0m]: xkb: Mod index 0 (name Shift) got index 0
[1;32mDEBUG [0m]: xkb: Mod index 1 (name Lock) got index 1
[1;32mDEBUG [0m]: xkb: Mod index 2 (name Control) got index 2
[1;32mDEBUG [0m]: xkb: Mod index 3 (name Mod1) got index 3
[1;32mDEBUG [0m]: xkb: Mod index 4 (name Mod2) got index 4
[1;32mDEBUG [0m]: xkb: Mod index 5 (name Mod3) got index 5
[1;32mDEBUG [0m]: xkb: Mod index 6 (name Mod4) got index 6
[1;32mDEBUG [0m]: xkb: Mod index 7 (name Mod5) got index 7
[1;32mDEBUG [0m]: Updating keymap fd for keyboard hl-virtual-keyboard-wtype
[1;32mDEBUG [0m]: Updated keymap fd to 93, keymap V1 to: 95
[1;32mDEBUG [0m]: Set the keyboard layout to us and variant to  for keyboard "hl-virtual-keyboard-wtype"
[1;32mDEBUG [0m]: New virtual keyboard created at 55a79f694860
[1;32mDEBUG [0m]: Updating keyboard 55a79f694860's translation state from a provided keymap
[1;32mDEBUG [0m]: Updating keymap fd for keyboard hl-virtual-keyboard-wtype
[1;32mDEBUG [0m]: Updated keymap fd to 93, keymap V1 to: 95
[1;32mDEBUG [0m]: Keyboard at 55a79f694860 removed
[1;32mDEBUG [0m]: Destroyed keyboard 55a79f694860
[1;32mDEBUG [0m]: Hyprctl: new connection from pid 1065
[1;32mDEBUG [0m]: Hyprctl: new connection from pid 1066
[1;32mDEBUG [0m]: Hyprctl: new connection from pid 1067
[1;32mDEBUG [0m]: Hyprctl: new connection from pid 1068
[1;32mDEBUG [0m]: Hyprctl: new connection from pid 1069
[1;32mDEBUG [0m]: Hyprctl: new connection from pid 1070
[1;32mDEBUG [0m]: Hyprctl: new connection from pid 1071
[1;32mDEBUG [0m]: Hyprctl: new connection from pid 1072
[1;32mDEBUG [0m]: [CScreencopyProtocol] Bound client successfully!
[1;32mDEBUG [0m]: [CXDGOutputProtocol] New xdg_output for HEADLESS-1: client 55a79fc40d20 (not xwayland)
[1;32mDEBUG [0m]: [CXDGOutputProtocol] New xdg_output for WAYLAND-1: client 55a79fc40d20 (not xwayland)
[1;32mDEBUG [0m]: [COutputImageCaptureSourceProtocol] New capture source for monitor: HEADLESS-1
[1;32mDEBUG [0m]: [CImageCopyCaptureProtocol] New image copy capture session for source (monitor): "HEADLESS-1"
[1;32mDEBUG [0m]: Framebuffer "Monitor HEADLESS-1 mirror FB" created, status 36053
[1;32mDEBUG [0m]: Framebuffer "" created, status 36053
[1;32mDEBUG [0m]: [Screenshare] Started screenshare session for (monitor): HEADLESS-1
[1;32mDEBUG [0m]: [Screenshare] Stopped screenshare session for (monitor): HEADLESS-1
[1;32mDEBUG [0m]: [CWLCompositorResource] New wl_region with id 105 at 55a79f183260
[1;32mDEBUG [0m]: LayerSurface 55a79f6165b0 destroyed
[1;32mDEBUG [0m]: Forcing an unmap of a LS that did a straight destroy!
[1;32mDEBUG [0m]: LayerSurface 55a79f6165b0 unmapped
[1;32mDEBUG [0m]: renderer: making a snapshot of layer 55a79fc40820
[1;32mDEBUG [0m]: Framebuffer "layer snapshot" created, status 36053
[1;32mDEBUG [0m]: renderer: cleared a snapshot of layer 55a79fc40820
[1;32mDEBUG [0m]: renderer: rendered a snapshot of layer 55a79fc40820
[1;32mDEBUG [0m]: renderer: made a snapshot of layer 55a79fc40820
[1;32mDEBUG [0m]: CWLSurface 55a79f3a1010 called destroy()
[1;32mDEBUG [0m]: Cleanup: removed 1 fadeouts
[1;32mDEBUG [0m]: Hyprctl: new connection from pid 1080
[1;32mDEBUG [0m]: Hyprctl: keyword monitor : HEADLESS-1,1366x768@60,2000x0,1.5
[1;32mDEBUG [0m]: ApplyConfigToKeyboard for "wl_keyboard", hasconfig: 0
[1;32mDEBUG [0m]: Not applying config to keyboard, it did not change.
[1;33mWARN [0m]: No rule found for WAYLAND-1, trying to use the first.
[1;32mDEBUG [0m]: Applying monitor rule for HEADLESS-1
[1;32mDEBUG [0m]: Monitor HEADLESS-1: requested 1366x768@60.00Hz, using available mode 1366x768@60.00Hz
[1;32mDEBUG [0m]: output HEADLESS-1 succeeded basic test on format DRM_FORMAT_XRGB8888
[1;32mDEBUG [0m]: CMonitor::updateVCGTRamps: skipping, no gamma ramp for output
[1;32mDEBUG [0m]: Monitor HEADLESS-1 data dump: res 1366x768@60.00Hz, scale 1.50, transform 0, pos 2000x0, 10b 0
[1;33mWARN [0m]: FIXME: color management protocol is enabled and outputs changed, check preferred image description changes
[1;32mDEBUG [0m]: arrangeMonitors: 2 to arrange
[1;32mDEBUG [0m]: arrangeMonitors: HEADLESS-1 explicit [2000, 0]
[1;32mDEBUG [0m]: arrangeMonitors: WAYLAND-1 auto [2911, 0]
[1;32mDEBUG [0m]: arrangeMonitors: WAYLAND-1 xwayland [0, 0]
[1;32mDEBUG [0m]: arrangeMonitors: HEADLESS-1 xwayland [1920, 0]
[1;32mDEBUG [0m]: [CXDGOutputProtocol] updating all xdg_output heads
[1;32mDEBUG [0m]: [CXDGOutputProtocol] updating all xdg_output heads
[1;32mDEBUG [0m]: [CXDGOutputProtocol] updating all xdg_output heads
[1;32mDEBUG [0m]: [CWLCompositorResource] New wl_region with id 96 at 55a79f641950
[1;32mDEBUG [0m]: [CLinuxDMABUFParamsResource] Creating a dmabuf, with id 62: size [Vector2D: x: 1139, y: 40], fmt AR24, planes 1
[1;32mDEBUG [0m]: [CLinuxDMABUFParamsResource]  | plane 0: mod 72057594037927952 fd 45 stride 4608 offset 0
[1;32mDEBUG [0m]: [CWLCompositorResource] New wl_region with id 90 at 55a79e768110
[1;32mDEBUG [0m]: [CLinuxDMABUFParamsResource] Creating a dmabuf, with id 86: size [Vector2D: x: 1366, y: 768], fmt AR24, planes 1
[1;32mDEBUG [0m]: [CLinuxDMABUFParamsResource]  | plane 0: mod 72057594037927952 fd 70 stride 5504 offset 0
[1;32mDEBUG [0m]: Hyprctl: new connection from pid 1081
[1;32mDEBUG [0m]: [CLinuxDMABUFParamsResource] Creating a dmabuf, with id 75: size [Vector2D: x: 1367, y: 48], fmt AR24, planes 1
[1;32mDEBUG [0m]: [CLinuxDMABUFParamsResource]  | plane 0: mod 72057594037927952 fd 46 stride 5504 offset 0
[1;32mDEBUG [0m]: Hyprctl: new connection from pid 1082
[1;32mDEBUG [0m]: Hyprctl: dispatcher focusmonitor : HEADLESS-1
[1;32mDEBUG [0m]: [CLinuxDMABUFParamsResource] Creating a dmabuf, with id 105: size [Vector2D: x: 1367, y: 768], fmt AR24, planes 1
[1;32mDEBUG [0m]: [CLinuxDMABUFParamsResource]  | plane 0: mod 72057594037927952 fd 55 stride 5504 offset 0
[1;32mDEBUG [0m]: [CLinuxDMABUFParamsResource] Creating a dmabuf, with id 62: size [Vector2D: x: 1367, y: 48], fmt AR24, planes 1
[1;32mDEBUG [0m]: [CLinuxDMABUFParamsResource]  | plane 0: mod 72057594037927952 fd 45 stride 5504 offset 0
[1;32mDEBUG [0m]: [CWLCompositorResource] New wl_surface with id 92 at 55a79fc830d0
[1;32mDEBUG [0m]: [CWLCompositorResource] New wl_surface with id 90 at 55a79fc830d0
[1;32mDEBUG [0m]: [CPrimarySelectionProtocol] CPrimarySelectionProtocol::updateSelection: cannot send selection to a client without a data_device
[1;32mDEBUG [0m]: CWLSurface 55a79f649d40 called init()
[1;32mDEBUG [0m]: LayerSurface 55a79f6165b0 (namespace putkin-panel layer 3) created on monitor HEADLESS-1
[1;32mDEBUG [0m]: [CLayerShellProtocol] New wlr_layer_surface 55a79f6165b0
[1;32mDEBUG [0m]: cursorImage request: shape 1 -> default
[1;32mDEBUG [0m]: XCursor scanning theme default
[1;32mDEBUG [0m]: XCursor parsing index.theme /usr/share/icons/default/index.theme
[1;32mDEBUG [0m]: XCursor theme default inherits Adwaita
[1;32mDEBUG [0m]: XCursor scanning theme Adwaita
[1;32mDEBUG [0m]: XCursor using theme path /usr/share/icons/Adwaita/cursors
[1;32mDEBUG [0m]: XCursor parsing index.theme /usr/share/icons/Adwaita/index.theme
[1;32mDEBUG [0m]: XCursor theme Adwaita inherits AdwaitaLegacy
[1;32mDEBUG [0m]: XCursor theme Adwaita inherits hicolor
[1;32mDEBUG [0m]: XCursor scanning theme Adwaita
[1;32mDEBUG [0m]: XCursor using theme path /usr/share/icons/Adwaita/cursors
[1;32mDEBUG [0m]: XCursor parsing index.theme /usr/share/icons/Adwaita/index.theme
[1;32mDEBUG [0m]: XCursor theme Adwaita inherits AdwaitaLegacy
[1;32mDEBUG [0m]: XCursor theme Adwaita inherits hicolor
[1;32mDEBUG [0m]: XCursor scanning theme AdwaitaLegacy
[1;32mDEBUG [0m]: XCursor parsing index.theme /usr/share/icons/AdwaitaLegacy/index.theme
[1;32mDEBUG [0m]: XCursor theme AdwaitaLegacy inherits hicolor
[1;32mDEBUG [0m]: XCursor scanning theme hicolor
[1;32mDEBUG [0m]: XCursor parsing index.theme /usr/share/icons/hicolor/index.theme
[1;32mDEBUG [0m]: XCursor already has a shape default loaded, skipping
[1;32mDEBUG [0m]: XCursor already has a shape context-menu loaded, skipping
[1;32mDEBUG [0m]: XCursor already has a shape help loaded, skipping
[1;32mDEBUG [0m]: XCursor already has a shape pointer loaded, skipping
[1;32mDEBUG [0m]: XCursor already has a shape progress loaded, skipping
[1;32mDEBUG [0m]: XCursor already has a shape wait loaded, skipping
[1;32mDEBUG [0m]: XCursor failed to find a legacy shape with name plus, skipping
[1;32mDEBUG [0m]: XCursor already has a shape crosshair loaded, skipping
[1;32mDEBUG [0m]: XCursor already has a shape text loaded, skipping
[1;32mDEBUG [0m]: XCursor already has a shape vertical-text loaded, skipping
[1;32mDEBUG [0m]: XCursor failed to find a legacy shape with name dnd-link, skipping
[1;32mDEBUG [0m]: XCursor failed to find a legacy shape with name dnd-copy, skipping
[1;32mDEBUG [0m]: XCursor already has a shape move loaded, skipping
[1;32mDEBUG [0m]: XCursor failed to find a legacy shape with name dnd-none, skipping
[1;32mDEBUG [0m]: XCursor failed to find a legacy shape with name crossed_circle, skipping
[1;32mDEBUG [0m]: XCursor already has a shape grab loaded, skipping
[1;32mDEBUG [0m]: XCursor already has a shape grabbing loaded, skipping
[1;32mDEBUG [0m]: XCursor already has a shape e-resize loaded, skipping
[1;32mDEBUG [0m]: XCursor already has a shape n-resize loaded, skipping
[1;32mDEBUG [0m]: XCursor already has a shape ne-resize loaded, skipping
[1;32mDEBUG [0m]: XCursor already has a shape nw-resize loaded, skipping
[1;32mDEBUG [0m]: XCursor already has a shape s-resize loaded, skipping
[1;32mDEBUG [0m]: XCursor already has a shape se-resize loaded, skipping
[1;32mDEBUG [0m]: XCursor already has a shape sw-resize loaded, skipping
[1;32mDEBUG [0m]: XCursor already has a shape w-resize loaded, skipping
[1;32mDEBUG [0m]: XCursor already has a shape ew-resize loaded, skipping
[1;32mDEBUG [0m]: XCursor already has a shape ns-resize loaded, skipping
[1;32mDEBUG [0m]: XCursor already has a shape nesw-resize loaded, skipping
[1;32mDEBUG [0m]: XCursor already has a shape nwse-resize loaded, skipping
[1;32mDEBUG [0m]: XCursor already has a shape col-resize loaded, skipping
[1;32mDEBUG [0m]: XCursor already has a shape row-resize loaded, skipping
[1;32mDEBUG [0m]: XCursor already has a shape all-scroll loaded, skipping
[1;32mDEBUG [0m]: XCursor already has a shape zoom-in loaded, skipping
[1;32mDEBUG [0m]: XCursor already has a shape zoom-out loaded, skipping
[1;32mDEBUG [0m]: XCursor failed to find a legacy shape with name dnd-copy, skipping
[1;32mDEBUG [0m]: XCursor already has a shape all-resize loaded, skipping
[1;33mWARN [0m]: GSettings default schema source does not exist, can't sync GSettings
[1;33mWARN [0m]: GSettings parameter doesn't exist cursor-theme in org.gnome.desktop.interface
[1;33mWARN [0m]: GSettings default schema source does not exist, can't sync GSettings
[1;33mWARN [0m]: GSettings parameter doesn't exist cursor-size in org.gnome.desktop.interface
[1;32mDEBUG [0m]: [CWLCompositorResource] New wl_region with id 92 at 55a79fcbaef0
[1;32mDEBUG [0m]: [CWLCompositorResource] New wl_region with id 79 at 55a79fcbaef0
[1;32mDEBUG [0m]: [CLinuxDMABUFParamsResource] Creating a dmabuf, with id 91: size [Vector2D: x: 552, y: 96], fmt AR24, planes 1
[1;32mDEBUG [0m]: [CLinuxDMABUFParamsResource]  | plane 0: mod 72057594037927952 fd 53 stride 2304 offset 0
[1;32mDEBUG [0m]: LayerSurface 55a79f6165b0 mapped
[1;32mDEBUG [0m]: [CLinuxDMABUFParamsResource] Creating a dmabuf, with id 89: size [Vector2D: x: 552, y: 96], fmt AR24, planes 1
[1;32mDEBUG [0m]: [CLinuxDMABUFParamsResource]  | plane 0: mod 72057594037927952 fd 54 stride 2304 offset 0
[1;32mDEBUG [0m]: [CLinuxDMABUFParamsResource] Creating a dmabuf, with id 94: size [Vector2D: x: 552, y: 756], fmt AR24, planes 1
[1;32mDEBUG [0m]: [CLinuxDMABUFParamsResource]  | plane 0: mod 72057594037927952 fd 80 stride 2304 offset 0
[1;32mDEBUG [0m]: [CWLSeatProtocol] New seat resource bound at 55a79fb767b0
[1;32mDEBUG [0m]: [CVirtualKeyboardProtocol] New VKeyboard at id 5
[1;32mDEBUG [0m]: ApplyConfigToKeyboard for "hl-virtual-keyboard-wtype", hasconfig: 0
[1;32mDEBUG [0m]: Attempting to create a keymap for layout us with variant  (rules: , model: , options: )
[1;32mDEBUG [0m]: Updating keyboard 55a79f694860's translation state from a provided keymap
[1;32mDEBUG [0m]: xkb: LED index 0 (name Num Lock) got index 1
[1;32mDEBUG [0m]: xkb: LED index 1 (name Caps Lock) got index 0
[1;32mDEBUG [0m]: xkb: LED index 2 (name Scroll Lock) got index 2
[1;32mDEBUG [0m]: xkb: Mod index 0 (name Shift) got index 0
[1;32mDEBUG [0m]: xkb: Mod index 1 (name Lock) got index 1
[1;32mDEBUG [0m]: xkb: Mod index 2 (name Control) got index 2
[1;32mDEBUG [0m]: xkb: Mod index 3 (name Mod1) got index 3
[1;32mDEBUG [0m]: xkb: Mod index 4 (name Mod2) got index 4
[1;32mDEBUG [0m]: xkb: Mod index 5 (name Mod3) got index 5
[1;32mDEBUG [0m]: xkb: Mod index 6 (name Mod4) got index 6
[1;32mDEBUG [0m]: xkb: Mod index 7 (name Mod5) got index 7
[1;32mDEBUG [0m]: Updating keymap fd for keyboard hl-virtual-keyboard-wtype
[1;32mDEBUG [0m]: Updated keymap fd to 93, keymap V1 to: 95
[1;32mDEBUG [0m]: Set the keyboard layout to us and variant to  for keyboard "hl-virtual-keyboard-wtype"
[1;32mDEBUG [0m]: New virtual keyboard created at 55a79f694860
[1;32mDEBUG [0m]: Updating keyboard 55a79f694860's translation state from a provided keymap
[1;32mDEBUG [0m]: Updating keymap fd for keyboard hl-virtual-keyboard-wtype
[1;32mDEBUG [0m]: Updated keymap fd to 93, keymap V1 to: 95
[1;32mDEBUG [0m]: [CLinuxDMABUFParamsResource] Creating a dmabuf, with id 79: size [Vector2D: x: 552, y: 756], fmt AR24, planes 1
[1;32mDEBUG [0m]: [CLinuxDMABUFParamsResource]  | plane 0: mod 72057594037927952 fd 91 stride 2304 offset 0
[1;32mDEBUG [0m]: Keyboard at 55a79f694860 removed
[1;32mDEBUG [0m]: Destroyed keyboard 55a79f694860
[1;32mDEBUG [0m]: [CWLSeatProtocol] New seat resource bound at 55a79fb767b0
[1;32mDEBUG [0m]: [CVirtualKeyboardProtocol] New VKeyboard at id 5
[1;32mDEBUG [0m]: ApplyConfigToKeyboard for "hl-virtual-keyboard-wtype", hasconfig: 0
[1;32mDEBUG [0m]: Attempting to create a keymap for layout us with variant  (rules: , model: , options: )
[1;32mDEBUG [0m]: Updating keyboard 55a79f694860's translation state from a provided keymap
[1;32mDEBUG [0m]: xkb: LED index 0 (name Num Lock) got index 1
[1;32mDEBUG [0m]: xkb: LED index 1 (name Caps Lock) got index 0
[1;32mDEBUG [0m]: xkb: LED index 2 (name Scroll Lock) got index 2
[1;32mDEBUG [0m]: xkb: Mod index 0 (name Shift) got index 0
[1;32mDEBUG [0m]: xkb: Mod index 1 (name Lock) got index 1
[1;32mDEBUG [0m]: xkb: Mod index 2 (name Control) got index 2
[1;32mDEBUG [0m]: xkb: Mod index 3 (name Mod1) got index 3
[1;32mDEBUG [0m]: xkb: Mod index 4 (name Mod2) got index 4
[1;32mDEBUG [0m]: xkb: Mod index 5 (name Mod3) got index 5
[1;32mDEBUG [0m]: xkb: Mod index 6 (name Mod4) got index 6
[1;32mDEBUG [0m]: xkb: Mod index 7 (name Mod5) got index 7
[1;32mDEBUG [0m]: Updating keymap fd for keyboard hl-virtual-keyboard-wtype
[1;32mDEBUG [0m]: Updated keymap fd to 93, keymap V1 to: 95
[1;32mDEBUG [0m]: Set the keyboard layout to us and variant to  for keyboard "hl-virtual-keyboard-wtype"
[1;32mDEBUG [0m]: New virtual keyboard created at 55a79f694860
[1;32mDEBUG [0m]: Updating keyboard 55a79f694860's translation state from a provided keymap
[1;32mDEBUG [0m]: Updating keymap fd for keyboard hl-virtual-keyboard-wtype
[1;32mDEBUG [0m]: Updated keymap fd to 93, keymap V1 to: 95
[1;32mDEBUG [0m]: Keyboard at 55a79f694860 removed
[1;32mDEBUG [0m]: Destroyed keyboard 55a79f694860
[1;32mDEBUG [0m]: [CWLSeatProtocol] New seat resource bound at 55a79f63ea80
[1;32mDEBUG [0m]: [CVirtualKeyboardProtocol] New VKeyboard at id 5
[1;32mDEBUG [0m]: ApplyConfigToKeyboard for "hl-virtual-keyboard-wtype", hasconfig: 0
[1;32mDEBUG [0m]: Attempting to create a keymap for layout us with variant  (rules: , model: , options: )
[1;32mDEBUG [0m]: Updating keyboard 55a79f694860's translation state from a provided keymap
[1;32mDEBUG [0m]: xkb: LED index 0 (name Num Lock) got index 1
[1;32mDEBUG [0m]: xkb: LED index 1 (name Caps Lock) got index 0
[1;32mDEBUG [0m]: xkb: LED index 2 (name Scroll Lock) got index 2
[1;32mDEBUG [0m]: xkb: Mod index 0 (name Shift) got index 0
[1;32mDEBUG [0m]: xkb: Mod index 1 (name Lock) got index 1
[1;32mDEBUG [0m]: xkb: Mod index 2 (name Control) got index 2
[1;32mDEBUG [0m]: xkb: Mod index 3 (name Mod1) got index 3
[1;32mDEBUG [0m]: xkb: Mod index 4 (name Mod2) got index 4
[1;32mDEBUG [0m]: xkb: Mod index 5 (name Mod3) got index 5
[1;32mDEBUG [0m]: xkb: Mod index 6 (name Mod4) got index 6
[1;32mDEBUG [0m]: xkb: Mod index 7 (name Mod5) got index 7
[1;32mDEBUG [0m]: Updating keymap fd for keyboard hl-virtual-keyboard-wtype
[1;32mDEBUG [0m]: Updated keymap fd to 93, keymap V1 to: 95
[1;32mDEBUG [0m]: Set the keyboard layout to us and variant to  for keyboard "hl-virtual-keyboard-wtype"
[1;32mDEBUG [0m]: New virtual keyboard created at 55a79f694860
[1;32mDEBUG [0m]: Updating keyboard 55a79f694860's translation state from a provided keymap
[1;32mDEBUG [0m]: Updating keymap fd for keyboard hl-virtual-keyboard-wtype
[1;32mDEBUG [0m]: Updated keymap fd to 93, keymap V1 to: 95
[1;32mDEBUG [0m]: Keyboard at 55a79f694860 removed
[1;32mDEBUG [0m]: Destroyed keyboard 55a79f694860
[1;32mDEBUG [0m]: [CWLSeatProtocol] New seat resource bound at 55a79fd9ed40
[1;32mDEBUG [0m]: [CVirtualKeyboardProtocol] New VKeyboard at id 5
[1;32mDEBUG [0m]: ApplyConfigToKeyboard for "hl-virtual-keyboard-wtype", hasconfig: 0
[1;32mDEBUG [0m]: Attempting to create a keymap for layout us with variant  (rules: , model: , options: )
[1;32mDEBUG [0m]: Updating keyboard 55a79f694860's translation state from a provided keymap
[1;32mDEBUG [0m]: xkb: LED index 0 (name Num Lock) got index 1
[1;32mDEBUG [0m]: xkb: LED index 1 (name Caps Lock) got index 0
[1;32mDEBUG [0m]: xkb: LED index 2 (name Scroll Lock) got index 2
[1;32mDEBUG [0m]: xkb: Mod index 0 (name Shift) got index 0
[1;32mDEBUG [0m]: xkb: Mod index 1 (name Lock) got index 1
[1;32mDEBUG [0m]: xkb: Mod index 2 (name Control) got index 2
[1;32mDEBUG [0m]: xkb: Mod index 3 (name Mod1) got index 3
[1;32mDEBUG [0m]: xkb: Mod index 4 (name Mod2) got index 4
[1;32mDEBUG [0m]: xkb: Mod index 5 (name Mod3) got index 5
[1;32mDEBUG [0m]: xkb: Mod index 6 (name Mod4) got index 6
[1;32mDEBUG [0m]: xkb: Mod index 7 (name Mod5) got index 7
[1;32mDEBUG [0m]: Updating keymap fd for keyboard hl-virtual-keyboard-wtype
[1;32mDEBUG [0m]: Updated keymap fd to 93, keymap V1 to: 95
[1;32mDEBUG [0m]: Set the keyboard layout to us and variant to  for keyboard "hl-virtual-keyboard-wtype"
[1;32mDEBUG [0m]: New virtual keyboard created at 55a79f694860
[1;32mDEBUG [0m]: Updating keyboard 55a79f694860's translation state from a provided keymap
[1;32mDEBUG [0m]: Updating keymap fd for keyboard hl-virtual-keyboard-wtype
[1;32mDEBUG [0m]: Updated keymap fd to 93, keymap V1 to: 95
[1;32mDEBUG [0m]: Keyboard at 55a79f694860 removed
[1;32mDEBUG [0m]: Destroyed keyboard 55a79f694860
[1;32mDEBUG [0m]: [CWLSeatProtocol] New seat resource bound at 55a79fe00fd0
[1;32mDEBUG [0m]: [CVirtualKeyboardProtocol] New VKeyboard at id 5
[1;32mDEBUG [0m]: ApplyConfigToKeyboard for "hl-virtual-keyboard-wtype", hasconfig: 0
[1;32mDEBUG [0m]: Attempting to create a keymap for layout us with variant  (rules: , model: , options: )
[1;32mDEBUG [0m]: Updating keyboard 55a79f694860's translation state from a provided keymap
[1;32mDEBUG [0m]: xkb: LED index 0 (name Num Lock) got index 1
[1;32mDEBUG [0m]: xkb: LED index 1 (name Caps Lock) got index 0
[1;32mDEBUG [0m]: xkb: LED index 2 (name Scroll Lock) got index 2
[1;32mDEBUG [0m]: xkb: Mod index 0 (name Shift) got index 0
[1;32mDEBUG [0m]: xkb: Mod index 1 (name Lock) got index 1
[1;32mDEBUG [0m]: xkb: Mod index 2 (name Control) got index 2
[1;32mDEBUG [0m]: xkb: Mod index 3 (name Mod1) got index 3
[1;32mDEBUG [0m]: xkb: Mod index 4 (name Mod2) got index 4
[1;32mDEBUG [0m]: xkb: Mod index 5 (name Mod3) got index 5
[1;32mDEBUG [0m]: xkb: Mod index 6 (name Mod4) got index 6
[1;32mDEBUG [0m]: xkb: Mod index 7 (name Mod5) got index 7
[1;32mDEBUG [0m]: Updating keymap fd for keyboard hl-virtual-keyboard-wtype
[1;32mDEBUG [0m]: Updated keymap fd to 93, keymap V1 to: 95
[1;32mDEBUG [0m]: Set the keyboard layout to us and variant to  for keyboard "hl-virtual-keyboard-wtype"
[1;32mDEBUG [0m]: New virtual keyboard created at 55a79f694860
[1;32mDEBUG [0m]: Updating keyboard 55a79f694860's translation state from a provided keymap
[1;32mDEBUG [0m]: Updating keymap fd for keyboard hl-virtual-keyboard-wtype
[1;32mDEBUG [0m]: Updated keymap fd to 93, keymap V1 to: 95
[1;32mDEBUG [0m]: Keyboard at 55a79f694860 removed
[1;32mDEBUG [0m]: Destroyed keyboard 55a79f694860
[1;32mDEBUG [0m]: [CWLSeatProtocol] New seat resource bound at 55a79fd07c40
[1;32mDEBUG [0m]: [CVirtualKeyboardProtocol] New VKeyboard at id 5
[1;32mDEBUG [0m]: ApplyConfigToKeyboard for "hl-virtual-keyboard-wtype", hasconfig: 0
[1;32mDEBUG [0m]: Attempting to create a keymap for layout us with variant  (rules: , model: , options: )
[1;32mDEBUG [0m]: Updating keyboard 55a79f694860's translation state from a provided keymap
[1;32mDEBUG [0m]: xkb: LED index 0 (name Num Lock) got index 1
[1;32mDEBUG [0m]: xkb: LED index 1 (name Caps Lock) got index 0
[1;32mDEBUG [0m]: xkb: LED index 2 (name Scroll Lock) got index 2
[1;32mDEBUG [0m]: xkb: Mod index 0 (name Shift) got index 0
[1;32mDEBUG [0m]: xkb: Mod index 1 (name Lock) got index 1
[1;32mDEBUG [0m]: xkb: Mod index 2 (name Control) got index 2
[1;32mDEBUG [0m]: xkb: Mod index 3 (name Mod1) got index 3
[1;32mDEBUG [0m]: xkb: Mod index 4 (name Mod2) got index 4
[1;32mDEBUG [0m]: xkb: Mod index 5 (name Mod3) got index 5
[1;32mDEBUG [0m]: xkb: Mod index 6 (name Mod4) got index 6
[1;32mDEBUG [0m]: xkb: Mod index 7 (name Mod5) got index 7
[1;32mDEBUG [0m]: Updating keymap fd for keyboard hl-virtual-keyboard-wtype
[1;32mDEBUG [0m]: Updated keymap fd to 93, keymap V1 to: 95
[1;32mDEBUG [0m]: Set the keyboard layout to us and variant to  for keyboard "hl-virtual-keyboard-wtype"
[1;32mDEBUG [0m]: New virtual keyboard created at 55a79f694860
[1;32mDEBUG [0m]: Updating keyboard 55a79f694860's translation state from a provided keymap
[1;32mDEBUG [0m]: Updating keymap fd for keyboard hl-virtual-keyboard-wtype
[1;32mDEBUG [0m]: Updated keymap fd to 93, keymap V1 to: 95
[1;32mDEBUG [0m]: Keyboard at 55a79f694860 removed
[1;32mDEBUG [0m]: Destroyed keyboard 55a79f694860
[1;32mDEBUG [0m]: [CWLSeatProtocol] New seat resource bound at 55a79fe3b470
[1;32mDEBUG [0m]: [CVirtualKeyboardProtocol] New VKeyboard at id 5
[1;32mDEBUG [0m]: ApplyConfigToKeyboard for "hl-virtual-keyboard-wtype", hasconfig: 0
[1;32mDEBUG [0m]: Attempting to create a keymap for layout us with variant  (rules: , model: , options: )
[1;32mDEBUG [0m]: Updating keyboard 55a79f694860's translation state from a provided keymap
[1;32mDEBUG [0m]: xkb: LED index 0 (name Num Lock) got index 1
[1;32mDEBUG [0m]: xkb: LED index 1 (name Caps Lock) got index 0
[1;32mDEBUG [0m]: xkb: LED index 2 (name Scroll Lock) got index 2
[1;32mDEBUG [0m]: xkb: Mod index 0 (name Shift) got index 0
[1;32mDEBUG [0m]: xkb: Mod index 1 (name Lock) got index 1
[1;32mDEBUG [0m]: xkb: Mod index 2 (name Control) got index 2
[1;32mDEBUG [0m]: xkb: Mod index 3 (name Mod1) got index 3
[1;32mDEBUG [0m]: xkb: Mod index 4 (name Mod2) got index 4
[1;32mDEBUG [0m]: xkb: Mod index 5 (name Mod3) got index 5
[1;32mDEBUG [0m]: xkb: Mod index 6 (name Mod4) got index 6
[1;32mDEBUG [0m]: xkb: Mod index 7 (name Mod5) got index 7
[1;32mDEBUG [0m]: Updating keymap fd for keyboard hl-virtual-keyboard-wtype
[1;32mDEBUG [0m]: Updated keymap fd to 93, keymap V1 to: 95
[1;32mDEBUG [0m]: Set the keyboard layout to us and variant to  for keyboard "hl-virtual-keyboard-wtype"
[1;32mDEBUG [0m]: New virtual keyboard created at 55a79f694860
[1;32mDEBUG [0m]: Updating keyboard 55a79f694860's translation state from a provided keymap
[1;32mDEBUG [0m]: Updating keymap fd for keyboard hl-virtual-keyboard-wtype
[1;32mDEBUG [0m]: Updated keymap fd to 93, keymap V1 to: 95
[1;32mDEBUG [0m]: Keyboard at 55a79f694860 removed
[1;32mDEBUG [0m]: Destroyed keyboard 55a79f694860
[1;32mDEBUG [0m]: [CWLSeatProtocol] New seat resource bound at 55a79fd07c40
[1;32mDEBUG [0m]: [CVirtualKeyboardProtocol] New VKeyboard at id 5
[1;32mDEBUG [0m]: ApplyConfigToKeyboard for "hl-virtual-keyboard-wtype", hasconfig: 0
[1;32mDEBUG [0m]: Attempting to create a keymap for layout us with variant  (rules: , model: , options: )
[1;32mDEBUG [0m]: Updating keyboard 55a79f694860's translation state from a provided keymap
[1;32mDEBUG [0m]: xkb: LED index 0 (name Num Lock) got index 1
[1;32mDEBUG [0m]: xkb: LED index 1 (name Caps Lock) got index 0
[1;32mDEBUG [0m]: xkb: LED index 2 (name Scroll Lock) got index 2
[1;32mDEBUG [0m]: xkb: Mod index 0 (name Shift) got index 0
[1;32mDEBUG [0m]: xkb: Mod index 1 (name Lock) got index 1
[1;32mDEBUG [0m]: xkb: Mod index 2 (name Control) got index 2
[1;32mDEBUG [0m]: xkb: Mod index 3 (name Mod1) got index 3
[1;32mDEBUG [0m]: xkb: Mod index 4 (name Mod2) got index 4
[1;32mDEBUG [0m]: xkb: Mod index 5 (name Mod3) got index 5
[1;32mDEBUG [0m]: xkb: Mod index 6 (name Mod4) got index 6
[1;32mDEBUG [0m]: xkb: Mod index 7 (name Mod5) got index 7
[1;32mDEBUG [0m]: Updating keymap fd for keyboard hl-virtual-keyboard-wtype
[1;32mDEBUG [0m]: Updated keymap fd to 93, keymap V1 to: 95
[1;32mDEBUG [0m]: Set the keyboard layout to us and variant to  for keyboard "hl-virtual-keyboard-wtype"
[1;32mDEBUG [0m]: New virtual keyboard created at 55a79f694860
[1;32mDEBUG [0m]: Updating keyboard 55a79f694860's translation state from a provided keymap
[1;32mDEBUG [0m]: Updating keymap fd for keyboard hl-virtual-keyboard-wtype
[1;32mDEBUG [0m]: Updated keymap fd to 93, keymap V1 to: 95
[1;32mDEBUG [0m]: Keyboard at 55a79f694860 removed
[1;32mDEBUG [0m]: Destroyed keyboard 55a79f694860
[1;32mDEBUG [0m]: [CWLSeatProtocol] New seat resource bound at 55a79f4cd1a0
[1;32mDEBUG [0m]: [CVirtualKeyboardProtocol] New VKeyboard at id 5
[1;32mDEBUG [0m]: ApplyConfigToKeyboard for "hl-virtual-keyboard-wtype", hasconfig: 0
[1;32mDEBUG [0m]: Attempting to create a keymap for layout us with variant  (rules: , model: , options: )
[1;32mDEBUG [0m]: Updating keyboard 55a79f694860's translation state from a provided keymap
[1;32mDEBUG [0m]: xkb: LED index 0 (name Num Lock) got index 1
[1;32mDEBUG [0m]: xkb: LED index 1 (name Caps Lock) got index 0
[1;32mDEBUG [0m]: xkb: LED index 2 (name Scroll Lock) got index 2
[1;32mDEBUG [0m]: xkb: Mod index 0 (name Shift) got index 0
[1;32mDEBUG [0m]: xkb: Mod index 1 (name Lock) got index 1
[1;32mDEBUG [0m]: xkb: Mod index 2 (name Control) got index 2
[1;32mDEBUG [0m]: xkb: Mod index 3 (name Mod1) got index 3
[1;32mDEBUG [0m]: xkb: Mod index 4 (name Mod2) got index 4
[1;32mDEBUG [0m]: xkb: Mod index 5 (name Mod3) got index 5
[1;32mDEBUG [0m]: xkb: Mod index 6 (name Mod4) got index 6
[1;32mDEBUG [0m]: xkb: Mod index 7 (name Mod5) got index 7
[1;32mDEBUG [0m]: Updating keymap fd for keyboard hl-virtual-keyboard-wtype
[1;32mDEBUG [0m]: Updated keymap fd to 93, keymap V1 to: 95
[1;32mDEBUG [0m]: Set the keyboard layout to us and variant to  for keyboard "hl-virtual-keyboard-wtype"
[1;32mDEBUG [0m]: New virtual keyboard created at 55a79f694860
[1;32mDEBUG [0m]: Updating keyboard 55a79f694860's translation state from a provided keymap
[1;32mDEBUG [0m]: Updating keymap fd for keyboard hl-virtual-keyboard-wtype
[1;32mDEBUG [0m]: Updated keymap fd to 93, keymap V1 to: 95
[1;32mDEBUG [0m]: Keyboard at 55a79f694860 removed
[1;32mDEBUG [0m]: Destroyed keyboard 55a79f694860
[1;32mDEBUG [0m]: [CWLSeatProtocol] New seat resource bound at 55a79f69b7b0
[1;32mDEBUG [0m]: [CVirtualKeyboardProtocol] New VKeyboard at id 5
[1;32mDEBUG [0m]: ApplyConfigToKeyboard for "hl-virtual-keyboard-wtype", hasconfig: 0
[1;32mDEBUG [0m]: Attempting to create a keymap for layout us with variant  (rules: , model: , options: )
[1;32mDEBUG [0m]: Updating keyboard 55a79f694860's translation state from a provided keymap
[1;32mDEBUG [0m]: xkb: LED index 0 (name Num Lock) got index 1
[1;32mDEBUG [0m]: xkb: LED index 1 (name Caps Lock) got index 0
[1;32mDEBUG [0m]: xkb: LED index 2 (name Scroll Lock) got index 2
[1;32mDEBUG [0m]: xkb: Mod index 0 (name Shift) got index 0
[1;32mDEBUG [0m]: xkb: Mod index 1 (name Lock) got index 1
[1;32mDEBUG [0m]: xkb: Mod index 2 (name Control) got index 2
[1;32mDEBUG [0m]: xkb: Mod index 3 (name Mod1) got index 3
[1;32mDEBUG [0m]: xkb: Mod index 4 (name Mod2) got index 4
[1;32mDEBUG [0m]: xkb: Mod index 5 (name Mod3) got index 5
[1;32mDEBUG [0m]: xkb: Mod index 6 (name Mod4) got index 6
[1;32mDEBUG [0m]: xkb: Mod index 7 (name Mod5) got index 7
[1;32mDEBUG [0m]: Updating keymap fd for keyboard hl-virtual-keyboard-wtype
[1;32mDEBUG [0m]: Updated keymap fd to 93, keymap V1 to: 95
[1;32mDEBUG [0m]: Set the keyboard layout to us and variant to  for keyboard "hl-virtual-keyboard-wtype"
[1;32mDEBUG [0m]: New virtual keyboard created at 55a79f694860
[1;32mDEBUG [0m]: Updating keyboard 55a79f694860's translation state from a provided keymap
[1;32mDEBUG [0m]: Updating keymap fd for keyboard hl-virtual-keyboard-wtype
[1;32mDEBUG [0m]: Updated keymap fd to 93, keymap V1 to: 95
[1;32mDEBUG [0m]: Keyboard at 55a79f694860 removed
[1;32mDEBUG [0m]: Destroyed keyboard 55a79f694860
[1;32mDEBUG [0m]: [CWLSeatProtocol] New seat resource bound at 55a79fddb190
[1;32mDEBUG [0m]: [CVirtualKeyboardProtocol] New VKeyboard at id 5
[1;32mDEBUG [0m]: ApplyConfigToKeyboard for "hl-virtual-keyboard-wtype", hasconfig: 0
[1;32mDEBUG [0m]: Attempting to create a keymap for layout us with variant  (rules: , model: , options: )
[1;32mDEBUG [0m]: Updating keyboard 55a79f694860's translation state from a provided keymap
[1;32mDEBUG [0m]: xkb: LED index 0 (name Num Lock) got index 1
[1;32mDEBUG [0m]: xkb: LED index 1 (name Caps Lock) got index 0
[1;32mDEBUG [0m]: xkb: LED index 2 (name Scroll Lock) got index 2
[1;32mDEBUG [0m]: xkb: Mod index 0 (name Shift) got index 0
[1;32mDEBUG [0m]: xkb: Mod index 1 (name Lock) got index 1
[1;32mDEBUG [0m]: xkb: Mod index 2 (name Control) got index 2
[1;32mDEBUG [0m]: xkb: Mod index 3 (name Mod1) got index 3
[1;32mDEBUG [0m]: xkb: Mod index 4 (name Mod2) got index 4
[1;32mDEBUG [0m]: xkb: Mod index 5 (name Mod3) got index 5
[1;32mDEBUG [0m]: xkb: Mod index 6 (name Mod4) got index 6
[1;32mDEBUG [0m]: xkb: Mod index 7 (name Mod5) got index 7
[1;32mDEBUG [0m]: Updating keymap fd for keyboard hl-virtual-keyboard-wtype
[1;32mDEBUG [0m]: Updated keymap fd to 93, keymap V1 to: 95
[1;32mDEBUG [0m]: Set the keyboard layout to us and variant to  for keyboard "hl-virtual-keyboard-wtype"
[1;32mDEBUG [0m]: New virtual keyboard created at 55a79f694860
[1;32mDEBUG [0m]: Updating keyboard 55a79f694860's translation state from a provided keymap
[1;32mDEBUG [0m]: Updating keymap fd for keyboard hl-virtual-keyboard-wtype
[1;32mDEBUG [0m]: Updated keymap fd to 93, keymap V1 to: 95
[1;32mDEBUG [0m]: Keyboard at 55a79f694860 removed
[1;32mDEBUG [0m]: Destroyed keyboard 55a79f694860
[1;32mDEBUG [0m]: [CWLSeatProtocol] New seat resource bound at 55a79fddb190
[1;32mDEBUG [0m]: [CVirtualKeyboardProtocol] New VKeyboard at id 5
[1;32mDEBUG [0m]: ApplyConfigToKeyboard for "hl-virtual-keyboard-wtype", hasconfig: 0
[1;32mDEBUG [0m]: Attempting to create a keymap for layout us with variant  (rules: , model: , options: )
[1;32mDEBUG [0m]: Updating keyboard 55a79f694860's translation state from a provided keymap
[1;32mDEBUG [0m]: xkb: LED index 0 (name Num Lock) got index 1
[1;32mDEBUG [0m]: xkb: LED index 1 (name Caps Lock) got index 0
[1;32mDEBUG [0m]: xkb: LED index 2 (name Scroll Lock) got index 2
[1;32mDEBUG [0m]: xkb: Mod index 0 (name Shift) got index 0
[1;32mDEBUG [0m]: xkb: Mod index 1 (name Lock) got index 1
[1;32mDEBUG [0m]: xkb: Mod index 2 (name Control) got index 2
[1;32mDEBUG [0m]: xkb: Mod index 3 (name Mod1) got index 3
[1;32mDEBUG [0m]: xkb: Mod index 4 (name Mod2) got index 4
[1;32mDEBUG [0m]: xkb: Mod index 5 (name Mod3) got index 5
[1;32mDEBUG [0m]: xkb: Mod index 6 (name Mod4) got index 6
[1;32mDEBUG [0m]: xkb: Mod index 7 (name Mod5) got index 7
[1;32mDEBUG [0m]: Updating keymap fd for keyboard hl-virtual-keyboard-wtype
[1;32mDEBUG [0m]: Updated keymap fd to 93, keymap V1 to: 95
[1;32mDEBUG [0m]: Set the keyboard layout to us and variant to  for keyboard "hl-virtual-keyboard-wtype"
[1;32mDEBUG [0m]: New virtual keyboard created at 55a79f694860
[1;32mDEBUG [0m]: Updating keyboard 55a79f694860's translation state from a provided keymap
[1;32mDEBUG [0m]: Updating keymap fd for keyboard hl-virtual-keyboard-wtype
[1;32mDEBUG [0m]: Updated keymap fd to 93, keymap V1 to: 95
[1;32mDEBUG [0m]: Keyboard at 55a79f694860 removed
[1;32mDEBUG [0m]: Destroyed keyboard 55a79f694860
[1;32mDEBUG [0m]: [CWLSeatProtocol] New seat resource bound at 55a79e54f330
[1;32mDEBUG [0m]: [CVirtualKeyboardProtocol] New VKeyboard at id 5
[1;32mDEBUG [0m]: ApplyConfigToKeyboard for "hl-virtual-keyboard-wtype", hasconfig: 0
[1;32mDEBUG [0m]: Attempting to create a keymap for layout us with variant  (rules: , model: , options: )
[1;32mDEBUG [0m]: Updating keyboard 55a79f694860's translation state from a provided keymap
[1;32mDEBUG [0m]: xkb: LED index 0 (name Num Lock) got index 1
[1;32mDEBUG [0m]: xkb: LED index 1 (name Caps Lock) got index 0
[1;32mDEBUG [0m]: xkb: LED index 2 (name Scroll Lock) got index 2
[1;32mDEBUG [0m]: xkb: Mod index 0 (name Shift) got index 0
[1;32mDEBUG [0m]: xkb: Mod index 1 (name Lock) got index 1
[1;32mDEBUG [0m]: xkb: Mod index 2 (name Control) got index 2
[1;32mDEBUG [0m]: xkb: Mod index 3 (name Mod1) got index 3
[1;32mDEBUG [0m]: xkb: Mod index 4 (name Mod2) got index 4
[1;32mDEBUG [0m]: xkb: Mod index 5 (name Mod3) got index 5
[1;32mDEBUG [0m]: xkb: Mod index 6 (name Mod4) got index 6
[1;32mDEBUG [0m]: xkb: Mod index 7 (name Mod5) got index 7
[1;32mDEBUG [0m]: Updating keymap fd for keyboard hl-virtual-keyboard-wtype
[1;32mDEBUG [0m]: Updated keymap fd to 93, keymap V1 to: 95
[1;32mDEBUG [0m]: Set the keyboard layout to us and variant to  for keyboard "hl-virtual-keyboard-wtype"
[1;32mDEBUG [0m]: New virtual keyboard created at 55a79f694860
[1;32mDEBUG [0m]: Updating keyboard 55a79f694860's translation state from a provided keymap
[1;32mDEBUG [0m]: Updating keymap fd for keyboard hl-virtual-keyboard-wtype
[1;32mDEBUG [0m]: Updated keymap fd to 93, keymap V1 to: 95
[1;32mDEBUG [0m]: Keyboard at 55a79f694860 removed
[1;32mDEBUG [0m]: Destroyed keyboard 55a79f694860
[1;32mDEBUG [0m]: Hyprctl: new connection from pid 1138
[1;32mDEBUG [0m]: Hyprctl: new connection from pid 1139
[1;32mDEBUG [0m]: Hyprctl: new connection from pid 1140
[1;32mDEBUG [0m]: Hyprctl: new connection from pid 1141
[1;32mDEBUG [0m]: Hyprctl: new connection from pid 1142
[1;32mDEBUG [0m]: Hyprctl: new connection from pid 1143
[1;32mDEBUG [0m]: Hyprctl: new connection from pid 1144
[1;32mDEBUG [0m]: Hyprctl: new connection from pid 1145
[1;32mDEBUG [0m]: [CScreencopyProtocol] Bound client successfully!
[1;32mDEBUG [0m]: [CXDGOutputProtocol] New xdg_output for HEADLESS-1: client 55a79f633480 (not xwayland)
[1;32mDEBUG [0m]: [CXDGOutputProtocol] New xdg_output for WAYLAND-1: client 55a79f633480 (not xwayland)
[1;32mDEBUG [0m]: [COutputImageCaptureSourceProtocol] New capture source for monitor: HEADLESS-1
[1;32mDEBUG [0m]: [CImageCopyCaptureProtocol] New image copy capture session for source (monitor): "HEADLESS-1"
[1;32mDEBUG [0m]: Framebuffer "Monitor HEADLESS-1 mirror FB" created, status 36053
[1;32mDEBUG [0m]: Framebuffer "" created, status 36053
[1;32mDEBUG [0m]: [Screenshare] Started screenshare session for (monitor): HEADLESS-1
[1;32mDEBUG [0m]: [Screenshare] Stopped screenshare session for (monitor): HEADLESS-1
[1;32mDEBUG [0m]: [CWLCompositorResource] New wl_region with id 92 at 55a79f145180
[1;32mDEBUG [0m]: LayerSurface 55a79f6165b0 destroyed
[1;32mDEBUG [0m]: Forcing an unmap of a LS that did a straight destroy!
[1;32mDEBUG [0m]: LayerSurface 55a79f6165b0 unmapped
[1;32mDEBUG [0m]: renderer: making a snapshot of layer 55a79e62c6a0
[1;32mDEBUG [0m]: Framebuffer "layer snapshot" created, status 36053
[1;32mDEBUG [0m]: renderer: cleared a snapshot of layer 55a79e62c6a0
[1;32mDEBUG [0m]: renderer: rendered a snapshot of layer 55a79e62c6a0
[1;32mDEBUG [0m]: renderer: made a snapshot of layer 55a79e62c6a0
[1;32mDEBUG [0m]: CWLSurface 55a79f649d40 called destroy()
[1;32mDEBUG [0m]: Cleanup: removed 1 fadeouts
[1;32mDEBUG [0m]: Hyprctl: new connection from pid 1153
[1;32mDEBUG [0m]: Hyprctl: keyword monitor : HEADLESS-1,1366x768@60,2000x0,2
[1;32mDEBUG [0m]: ApplyConfigToKeyboard for "wl_keyboard", hasconfig: 0
[1;32mDEBUG [0m]: Not applying config to keyboard, it did not change.
[1;33mWARN [0m]: No rule found for WAYLAND-1, trying to use the first.
[1;32mDEBUG [0m]: Applying monitor rule for HEADLESS-1
[1;32mDEBUG [0m]: Monitor HEADLESS-1: requested 1366x768@60.00Hz, using available mode 1366x768@60.00Hz
[1;32mDEBUG [0m]: output HEADLESS-1 succeeded basic test on format DRM_FORMAT_XRGB8888
[1;32mDEBUG [0m]: CMonitor::updateVCGTRamps: skipping, no gamma ramp for output
[1;32mDEBUG [0m]: Monitor HEADLESS-1 data dump: res 1366x768@60.00Hz, scale 2.00, transform 0, pos 2000x0, 10b 0
[1;33mWARN [0m]: FIXME: color management protocol is enabled and outputs changed, check preferred image description changes
[1;32mDEBUG [0m]: arrangeMonitors: 2 to arrange
[1;32mDEBUG [0m]: arrangeMonitors: HEADLESS-1 explicit [2000, 0]
[1;32mDEBUG [0m]: arrangeMonitors: WAYLAND-1 auto [2683, 0]
[1;32mDEBUG [0m]: arrangeMonitors: WAYLAND-1 xwayland [0, 0]
[1;32mDEBUG [0m]: arrangeMonitors: HEADLESS-1 xwayland [1920, 0]
[1;32mDEBUG [0m]: [CXDGOutputProtocol] updating all xdg_output heads
[1;32mDEBUG [0m]: [CXDGOutputProtocol] updating all xdg_output heads
[1;32mDEBUG [0m]: [CXDGOutputProtocol] updating all xdg_output heads
[1;32mDEBUG [0m]: [CWLCompositorResource] New wl_region with id 94 at 55a79fbc9970
[1;32mDEBUG [0m]: [CLinuxDMABUFParamsResource] Creating a dmabuf, with id 83: size [Vector2D: x: 1025, y: 48], fmt AR24, planes 1
[1;32mDEBUG [0m]: [CLinuxDMABUFParamsResource]  | plane 0: mod 72057594037927952 fd 53 stride 4224 offset 0
[1;32mDEBUG [0m]: [CWLCompositorResource] New wl_region with id 98 at 55a79fbc9970
[1;32mDEBUG [0m]: [CLinuxDMABUFParamsResource] Creating a dmabuf, with id 96: size [Vector2D: x: 1367, y: 768], fmt AR24, planes 1
[1;32mDEBUG [0m]: [CLinuxDMABUFParamsResource]  | plane 0: mod 72057594037927952 fd 54 stride 5504 offset 0
[1;32mDEBUG [0m]: Hyprctl: new connection from pid 1154
[1;32mDEBUG [0m]: Hyprctl: new connection from pid 1155
[1;32mDEBUG [0m]: Hyprctl: dispatcher focusmonitor : HEADLESS-1
[1;32mDEBUG [0m]: [CLinuxDMABUFParamsResource] Creating a dmabuf, with id 75: size [Vector2D: x: 1366, y: 64], fmt AR24, planes 1
[1;32mDEBUG [0m]: [CLinuxDMABUFParamsResource]  | plane 0: mod 72057594037927952 fd 46 stride 5504 offset 0
[1;32mDEBUG [0m]: [CLinuxDMABUFParamsResource] Creating a dmabuf, with id 92: size [Vector2D: x: 1366, y: 768], fmt AR24, planes 1
[1;32mDEBUG [0m]: [CLinuxDMABUFParamsResource]  | plane 0: mod 72057594037927952 fd 55 stride 5504 offset 0
[1;32mDEBUG [0m]: [CLinuxDMABUFParamsResource] Creating a dmabuf, with id 103: size [Vector2D: x: 1366, y: 64], fmt AR24, planes 1
[1;32mDEBUG [0m]: [CLinuxDMABUFParamsResource]  | plane 0: mod 72057594037927952 fd 52 stride 5504 offset 0
[1;32mDEBUG [0m]: [CWLCompositorResource] New wl_surface with id 107 at 55a79fc830d0
[1;32mDEBUG [0m]: [CWLCompositorResource] New wl_surface with id 90 at 55a79fc830d0
[1;32mDEBUG [0m]: [CPrimarySelectionProtocol] CPrimarySelectionProtocol::updateSelection: cannot send selection to a client without a data_device
[1;32mDEBUG [0m]: CWLSurface 55a79f649d40 called init()
[1;32mDEBUG [0m]: LayerSurface 55a79f6165b0 (namespace putkin-panel layer 3) created on monitor HEADLESS-1
[1;32mDEBUG [0m]: [CLayerShellProtocol] New wlr_layer_surface 55a79f6165b0
[1;32mDEBUG [0m]: cursorImage request: shape 1 -> default
[1;32mDEBUG [0m]: XCursor scanning theme default
[1;32mDEBUG [0m]: XCursor parsing index.theme /usr/share/icons/default/index.theme
[1;32mDEBUG [0m]: XCursor theme default inherits Adwaita
[1;32mDEBUG [0m]: XCursor scanning theme Adwaita
[1;32mDEBUG [0m]: XCursor using theme path /usr/share/icons/Adwaita/cursors
[1;32mDEBUG [0m]: XCursor parsing index.theme /usr/share/icons/Adwaita/index.theme
[1;32mDEBUG [0m]: XCursor theme Adwaita inherits AdwaitaLegacy
[1;32mDEBUG [0m]: XCursor theme Adwaita inherits hicolor
[1;32mDEBUG [0m]: XCursor scanning theme Adwaita
[1;32mDEBUG [0m]: XCursor using theme path /usr/share/icons/Adwaita/cursors
[1;32mDEBUG [0m]: XCursor parsing index.theme /usr/share/icons/Adwaita/index.theme
[1;32mDEBUG [0m]: XCursor theme Adwaita inherits AdwaitaLegacy
[1;32mDEBUG [0m]: XCursor theme Adwaita inherits hicolor
[1;32mDEBUG [0m]: XCursor scanning theme AdwaitaLegacy
[1;32mDEBUG [0m]: XCursor parsing index.theme /usr/share/icons/AdwaitaLegacy/index.theme
[1;32mDEBUG [0m]: XCursor theme AdwaitaLegacy inherits hicolor
[1;32mDEBUG [0m]: XCursor scanning theme hicolor
[1;32mDEBUG [0m]: XCursor parsing index.theme /usr/share/icons/hicolor/index.theme
[1;32mDEBUG [0m]: XCursor already has a shape default loaded, skipping
[1;32mDEBUG [0m]: XCursor already has a shape context-menu loaded, skipping
[1;32mDEBUG [0m]: XCursor already has a shape help loaded, skipping
[1;32mDEBUG [0m]: XCursor already has a shape pointer loaded, skipping
[1;32mDEBUG [0m]: XCursor already has a shape progress loaded, skipping
[1;32mDEBUG [0m]: XCursor already has a shape wait loaded, skipping
[1;32mDEBUG [0m]: XCursor failed to find a legacy shape with name plus, skipping
[1;32mDEBUG [0m]: XCursor already has a shape crosshair loaded, skipping
[1;32mDEBUG [0m]: XCursor already has a shape text loaded, skipping
[1;32mDEBUG [0m]: XCursor already has a shape vertical-text loaded, skipping
[1;32mDEBUG [0m]: XCursor failed to find a legacy shape with name dnd-link, skipping
[1;32mDEBUG [0m]: XCursor failed to find a legacy shape with name dnd-copy, skipping
[1;32mDEBUG [0m]: XCursor already has a shape move loaded, skipping
[1;32mDEBUG [0m]: XCursor failed to find a legacy shape with name dnd-none, skipping
[1;32mDEBUG [0m]: XCursor failed to find a legacy shape with name crossed_circle, skipping
[1;32mDEBUG [0m]: XCursor already has a shape grab loaded, skipping
[1;32mDEBUG [0m]: XCursor already has a shape grabbing loaded, skipping
[1;32mDEBUG [0m]: XCursor already has a shape e-resize loaded, skipping
[1;32mDEBUG [0m]: XCursor already has a shape n-resize loaded, skipping
[1;32mDEBUG [0m]: XCursor already has a shape ne-resize loaded, skipping
[1;32mDEBUG [0m]: XCursor already has a shape nw-resize loaded, skipping
[1;32mDEBUG [0m]: XCursor already has a shape s-resize loaded, skipping
[1;32mDEBUG [0m]: XCursor already has a shape se-resize loaded, skipping
[1;32mDEBUG [0m]: XCursor already has a shape sw-resize loaded, skipping
[1;32mDEBUG [0m]: XCursor already has a shape w-resize loaded, skipping
[1;32mDEBUG [0m]: XCursor already has a shape ew-resize loaded, skipping
[1;32mDEBUG [0m]: XCursor already has a shape ns-resize loaded, skipping
[1;32mDEBUG [0m]: XCursor already has a shape nesw-resize loaded, skipping
[1;32mDEBUG [0m]: XCursor already has a shape nwse-resize loaded, skipping
[1;32mDEBUG [0m]: XCursor already has a shape col-resize loaded, skipping
[1;32mDEBUG [0m]: XCursor already has a shape row-resize loaded, skipping
[1;32mDEBUG [0m]: XCursor already has a shape all-scroll loaded, skipping
[1;32mDEBUG [0m]: XCursor already has a shape zoom-in loaded, skipping
[1;32mDEBUG [0m]: XCursor already has a shape zoom-out loaded, skipping
[1;32mDEBUG [0m]: XCursor failed to find a legacy shape with name dnd-copy, skipping
[1;32mDEBUG [0m]: XCursor already has a shape all-resize loaded, skipping
[1;33mWARN [0m]: GSettings default schema source does not exist, can't sync GSettings
[1;33mWARN [0m]: GSettings parameter doesn't exist cursor-theme in org.gnome.desktop.interface
[1;33mWARN [0m]: GSettings default schema source does not exist, can't sync GSettings
[1;33mWARN [0m]: GSettings parameter doesn't exist cursor-size in org.gnome.desktop.interface
[1;32mDEBUG [0m]: [CWLCompositorResource] New wl_region with id 107 at 55a79f612300
[1;32mDEBUG [0m]: [CWLCompositorResource] New wl_region with id 83 at 55a79f612300
[1;32mDEBUG [0m]: [CLinuxDMABUFParamsResource] Creating a dmabuf, with id 104: size [Vector2D: x: 736, y: 128], fmt AR24, planes 1
[1;32mDEBUG [0m]: [CLinuxDMABUFParamsResource]  | plane 0: mod 72057594037927952 fd 45 stride 2944 offset 0
[1;32mDEBUG [0m]: LayerSurface 55a79f6165b0 mapped
[1;32mDEBUG [0m]: [CLinuxDMABUFParamsResource] Creating a dmabuf, with id 89: size [Vector2D: x: 736, y: 128], fmt AR24, planes 1
[1;32mDEBUG [0m]: [CLinuxDMABUFParamsResource]  | plane 0: mod 72057594037927952 fd 53 stride 2944 offset 0
[1;32mDEBUG [0m]: [CLinuxDMABUFParamsResource] Creating a dmabuf, with id 101: size [Vector2D: x: 736, y: 752], fmt AR24, planes 1
[1;32mDEBUG [0m]: [CLinuxDMABUFParamsResource]  | plane 0: mod 72057594037927952 fd 79 stride 2944 offset 0
[1;32mDEBUG [0m]: [CWLSeatProtocol] New seat resource bound at 55a79fe3b470
[1;32mDEBUG [0m]: [CVirtualKeyboardProtocol] New VKeyboard at id 5
[1;32mDEBUG [0m]: ApplyConfigToKeyboard for "hl-virtual-keyboard-wtype", hasconfig: 0
[1;32mDEBUG [0m]: Attempting to create a keymap for layout us with variant  (rules: , model: , options: )
[1;32mDEBUG [0m]: Updating keyboard 55a79f694860's translation state from a provided keymap
[1;32mDEBUG [0m]: xkb: LED index 0 (name Num Lock) got index 1
[1;32mDEBUG [0m]: xkb: LED index 1 (name Caps Lock) got index 0
[1;32mDEBUG [0m]: xkb: LED index 2 (name Scroll Lock) got index 2
[1;32mDEBUG [0m]: xkb: Mod index 0 (name Shift) got index 0
[1;32mDEBUG [0m]: xkb: Mod index 1 (name Lock) got index 1
[1;32mDEBUG [0m]: xkb: Mod index 2 (name Control) got index 2
[1;32mDEBUG [0m]: xkb: Mod index 3 (name Mod1) got index 3
[1;32mDEBUG [0m]: xkb: Mod index 4 (name Mod2) got index 4
[1;32mDEBUG [0m]: xkb: Mod index 5 (name Mod3) got index 5
[1;32mDEBUG [0m]: xkb: Mod index 6 (name Mod4) got index 6
[1;32mDEBUG [0m]: xkb: Mod index 7 (name Mod5) got index 7
[1;32mDEBUG [0m]: Updating keymap fd for keyboard hl-virtual-keyboard-wtype
[1;32mDEBUG [0m]: Updated keymap fd to 93, keymap V1 to: 95
[1;32mDEBUG [0m]: Set the keyboard layout to us and variant to  for keyboard "hl-virtual-keyboard-wtype"
[1;32mDEBUG [0m]: New virtual keyboard created at 55a79f694860
[1;32mDEBUG [0m]: Updating keyboard 55a79f694860's translation state from a provided keymap
[1;32mDEBUG [0m]: Updating keymap fd for keyboard hl-virtual-keyboard-wtype
[1;32mDEBUG [0m]: Updated keymap fd to 93, keymap V1 to: 95
[1;32mDEBUG [0m]: [CLinuxDMABUFParamsResource] Creating a dmabuf, with id 83: size [Vector2D: x: 736, y: 752], fmt AR24, planes 1
[1;32mDEBUG [0m]: [CLinuxDMABUFParamsResource]  | plane 0: mod 72057594037927952 fd 91 stride 2944 offset 0
[1;32mDEBUG [0m]: Keyboard at 55a79f694860 removed
[1;32mDEBUG [0m]: Destroyed keyboard 55a79f694860
[1;32mDEBUG [0m]: [CWLSeatProtocol] New seat resource bound at 55a79fe3b470
[1;32mDEBUG [0m]: [CVirtualKeyboardProtocol] New VKeyboard at id 5
[1;32mDEBUG [0m]: ApplyConfigToKeyboard for "hl-virtual-keyboard-wtype", hasconfig: 0
[1;32mDEBUG [0m]: Attempting to create a keymap for layout us with variant  (rules: , model: , options: )
[1;32mDEBUG [0m]: Updating keyboard 55a79f694860's translation state from a provided keymap
[1;32mDEBUG [0m]: xkb: LED index 0 (name Num Lock) got index 1
[1;32mDEBUG [0m]: xkb: LED index 1 (name Caps Lock) got index 0
[1;32mDEBUG [0m]: xkb: LED index 2 (name Scroll Lock) got index 2
[1;32mDEBUG [0m]: xkb: Mod index 0 (name Shift) got index 0
[1;32mDEBUG [0m]: xkb: Mod index 1 (name Lock) got index 1
[1;32mDEBUG [0m]: xkb: Mod index 2 (name Control) got index 2
[1;32mDEBUG [0m]: xkb: Mod index 3 (name Mod1) got index 3
[1;32mDEBUG [0m]: xkb: Mod index 4 (name Mod2) got index 4
[1;32mDEBUG [0m]: xkb: Mod index 5 (name Mod3) got index 5
[1;32mDEBUG [0m]: xkb: Mod index 6 (name Mod4) got index 6
[1;32mDEBUG [0m]: xkb: Mod index 7 (name Mod5) got index 7
[1;32mDEBUG [0m]: Updating keymap fd for keyboard hl-virtual-keyboard-wtype
[1;32mDEBUG [0m]: Updated keymap fd to 93, keymap V1 to: 95
[1;32mDEBUG [0m]: Set the keyboard layout to us and variant to  for keyboard "hl-virtual-keyboard-wtype"
[1;32mDEBUG [0m]: New virtual keyboard created at 55a79f694860
[1;32mDEBUG [0m]: Updating keyboard 55a79f694860's translation state from a provided keymap
[1;32mDEBUG [0m]: Updating keymap fd for keyboard hl-virtual-keyboard-wtype
[1;32mDEBUG [0m]: Updated keymap fd to 93, keymap V1 to: 95
[1;32mDEBUG [0m]: Keyboard at 55a79f694860 removed
[1;32mDEBUG [0m]: Destroyed keyboard 55a79f694860
[1;32mDEBUG [0m]: [CWLSeatProtocol] New seat resource bound at 55a79f4cb830
[1;32mDEBUG [0m]: [CVirtualKeyboardProtocol] New VKeyboard at id 5
[1;32mDEBUG [0m]: ApplyConfigToKeyboard for "hl-virtual-keyboard-wtype", hasconfig: 0
[1;32mDEBUG [0m]: Attempting to create a keymap for layout us with variant  (rules: , model: , options: )
[1;32mDEBUG [0m]: Updating keyboard 55a79f694860's translation state from a provided keymap
[1;32mDEBUG [0m]: xkb: LED index 0 (name Num Lock) got index 1
[1;32mDEBUG [0m]: xkb: LED index 1 (name Caps Lock) got index 0
[1;32mDEBUG [0m]: xkb: LED index 2 (name Scroll Lock) got index 2
[1;32mDEBUG [0m]: xkb: Mod index 0 (name Shift) got index 0
[1;32mDEBUG [0m]: xkb: Mod index 1 (name Lock) got index 1
[1;32mDEBUG [0m]: xkb: Mod index 2 (name Control) got index 2
[1;32mDEBUG [0m]: xkb: Mod index 3 (name Mod1) got index 3
[1;32mDEBUG [0m]: xkb: Mod index 4 (name Mod2) got index 4
[1;32mDEBUG [0m]: xkb: Mod index 5 (name Mod3) got index 5
[1;32mDEBUG [0m]: xkb: Mod index 6 (name Mod4) got index 6
[1;32mDEBUG [0m]: xkb: Mod index 7 (name Mod5) got index 7
[1;32mDEBUG [0m]: Updating keymap fd for keyboard hl-virtual-keyboard-wtype
[1;32mDEBUG [0m]: Updated keymap fd to 93, keymap V1 to: 95
[1;32mDEBUG [0m]: Set the keyboard layout to us and variant to  for keyboard "hl-virtual-keyboard-wtype"
[1;32mDEBUG [0m]: New virtual keyboard created at 55a79f694860
[1;32mDEBUG [0m]: Updating keyboard 55a79f694860's translation state from a provided keymap
[1;32mDEBUG [0m]: Updating keymap fd for keyboard hl-virtual-keyboard-wtype
[1;32mDEBUG [0m]: Updated keymap fd to 93, keymap V1 to: 95
[1;32mDEBUG [0m]: Keyboard at 55a79f694860 removed
[1;32mDEBUG [0m]: Destroyed keyboard 55a79f694860
[1;32mDEBUG [0m]: [CWLSeatProtocol] New seat resource bound at 55a79f648e50
[1;32mDEBUG [0m]: [CVirtualKeyboardProtocol] New VKeyboard at id 5
[1;32mDEBUG [0m]: ApplyConfigToKeyboard for "hl-virtual-keyboard-wtype", hasconfig: 0
[1;32mDEBUG [0m]: Attempting to create a keymap for layout us with variant  (rules: , model: , options: )
[1;32mDEBUG [0m]: Updating keyboard 55a79f694860's translation state from a provided keymap
[1;32mDEBUG [0m]: xkb: LED index 0 (name Num Lock) got index 1
[1;32mDEBUG [0m]: xkb: LED index 1 (name Caps Lock) got index 0
[1;32mDEBUG [0m]: xkb: LED index 2 (name Scroll Lock) got index 2
[1;32mDEBUG [0m]: xkb: Mod index 0 (name Shift) got index 0
[1;32mDEBUG [0m]: xkb: Mod index 1 (name Lock) got index 1
[1;32mDEBUG [0m]: xkb: Mod index 2 (name Control) got index 2
[1;32mDEBUG [0m]: xkb: Mod index 3 (name Mod1) got index 3
[1;32mDEBUG [0m]: xkb: Mod index 4 (name Mod2) got index 4
[1;32mDEBUG [0m]: xkb: Mod index 5 (name Mod3) got index 5
[1;32mDEBUG [0m]: xkb: Mod index 6 (name Mod4) got index 6
[1;32mDEBUG [0m]: xkb: Mod index 7 (name Mod5) got index 7
[1;32mDEBUG [0m]: Updating keymap fd for keyboard hl-virtual-keyboard-wtype
[1;32mDEBUG [0m]: Updated keymap fd to 93, keymap V1 to: 95
[1;32mDEBUG [0m]: Set the keyboard layout to us and variant to  for keyboard "hl-virtual-keyboard-wtype"
[1;32mDEBUG [0m]: New virtual keyboard created at 55a79f694860
[1;32mDEBUG [0m]: Updating keyboard 55a79f694860's translation state from a provided keymap
[1;32mDEBUG [0m]: Updating keymap fd for keyboard hl-virtual-keyboard-wtype
[1;32mDEBUG [0m]: Updated keymap fd to 93, keymap V1 to: 95
[1;32mDEBUG [0m]: Keyboard at 55a79f694860 removed
[1;32mDEBUG [0m]: Destroyed keyboard 55a79f694860
[1;32mDEBUG [0m]: [CWLSeatProtocol] New seat resource bound at 55a79fcbb130
[1;32mDEBUG [0m]: [CVirtualKeyboardProtocol] New VKeyboard at id 5
[1;32mDEBUG [0m]: ApplyConfigToKeyboard for "hl-virtual-keyboard-wtype", hasconfig: 0
[1;32mDEBUG [0m]: Attempting to create a keymap for layout us with variant  (rules: , model: , options: )
[1;32mDEBUG [0m]: Updating keyboard 55a79f694860's translation state from a provided keymap
[1;32mDEBUG [0m]: xkb: LED index 0 (name Num Lock) got index 1
[1;32mDEBUG [0m]: xkb: LED index 1 (name Caps Lock) got index 0
[1;32mDEBUG [0m]: xkb: LED index 2 (name Scroll Lock) got index 2
[1;32mDEBUG [0m]: xkb: Mod index 0 (name Shift) got index 0
[1;32mDEBUG [0m]: xkb: Mod index 1 (name Lock) got index 1
[1;32mDEBUG [0m]: xkb: Mod index 2 (name Control) got index 2
[1;32mDEBUG [0m]: xkb: Mod index 3 (name Mod1) got index 3
[1;32mDEBUG [0m]: xkb: Mod index 4 (name Mod2) got index 4
[1;32mDEBUG [0m]: xkb: Mod index 5 (name Mod3) got index 5
[1;32mDEBUG [0m]: xkb: Mod index 6 (name Mod4) got index 6
[1;32mDEBUG [0m]: xkb: Mod index 7 (name Mod5) got index 7
[1;32mDEBUG [0m]: Updating keymap fd for keyboard hl-virtual-keyboard-wtype
[1;32mDEBUG [0m]: Updated keymap fd to 93, keymap V1 to: 95
[1;32mDEBUG [0m]: Set the keyboard layout to us and variant to  for keyboard "hl-virtual-keyboard-wtype"
[1;32mDEBUG [0m]: New virtual keyboard created at 55a79f694860
[1;32mDEBUG [0m]: Updating keyboard 55a79f694860's translation state from a provided keymap
[1;32mDEBUG [0m]: Updating keymap fd for keyboard hl-virtual-keyboard-wtype
[1;32mDEBUG [0m]: Updated keymap fd to 93, keymap V1 to: 95
[1;32mDEBUG [0m]: Keyboard at 55a79f694860 removed
[1;32mDEBUG [0m]: Destroyed keyboard 55a79f694860
[1;32mDEBUG [0m]: [CWLSeatProtocol] New seat resource bound at 55a79f4cb830
[1;32mDEBUG [0m]: [CVirtualKeyboardProtocol] New VKeyboard at id 5
[1;32mDEBUG [0m]: ApplyConfigToKeyboard for "hl-virtual-keyboard-wtype", hasconfig: 0
[1;32mDEBUG [0m]: Attempting to create a keymap for layout us with variant  (rules: , model: , options: )
[1;32mDEBUG [0m]: Updating keyboard 55a79f694860's translation state from a provided keymap
[1;32mDEBUG [0m]: xkb: LED index 0 (name Num Lock) got index 1
[1;32mDEBUG [0m]: xkb: LED index 1 (name Caps Lock) got index 0
[1;32mDEBUG [0m]: xkb: LED index 2 (name Scroll Lock) got index 2
[1;32mDEBUG [0m]: xkb: Mod index 0 (name Shift) got index 0
[1;32mDEBUG [0m]: xkb: Mod index 1 (name Lock) got index 1
[1;32mDEBUG [0m]: xkb: Mod index 2 (name Control) got index 2
[1;32mDEBUG [0m]: xkb: Mod index 3 (name Mod1) got index 3
[1;32mDEBUG [0m]: xkb: Mod index 4 (name Mod2) got index 4
[1;32mDEBUG [0m]: xkb: Mod index 5 (name Mod3) got index 5
[1;32mDEBUG [0m]: xkb: Mod index 6 (name Mod4) got index 6
[1;32mDEBUG [0m]: xkb: Mod index 7 (name Mod5) got index 7
[1;32mDEBUG [0m]: Updating keymap fd for keyboard hl-virtual-keyboard-wtype
[1;32mDEBUG [0m]: Updated keymap fd to 93, keymap V1 to: 95
[1;32mDEBUG [0m]: Set the keyboard layout to us and variant to  for keyboard "hl-virtual-keyboard-wtype"
[1;32mDEBUG [0m]: New virtual keyboard created at 55a79f694860
[1;32mDEBUG [0m]: Updating keyboard 55a79f694860's translation state from a provided keymap
[1;32mDEBUG [0m]: Updating keymap fd for keyboard hl-virtual-keyboard-wtype
[1;32mDEBUG [0m]: Updated keymap fd to 93, keymap V1 to: 95
[1;32mDEBUG [0m]: Keyboard at 55a79f694860 removed
[1;32mDEBUG [0m]: Destroyed keyboard 55a79f694860
[1;32mDEBUG [0m]: [CWLSeatProtocol] New seat resource bound at 55a79f4ca910
[1;32mDEBUG [0m]: [CVirtualKeyboardProtocol] New VKeyboard at id 5
[1;32mDEBUG [0m]: ApplyConfigToKeyboard for "hl-virtual-keyboard-wtype", hasconfig: 0
[1;32mDEBUG [0m]: Attempting to create a keymap for layout us with variant  (rules: , model: , options: )
[1;32mDEBUG [0m]: Updating keyboard 55a79f694860's translation state from a provided keymap
[1;32mDEBUG [0m]: xkb: LED index 0 (name Num Lock) got index 1
[1;32mDEBUG [0m]: xkb: LED index 1 (name Caps Lock) got index 0
[1;32mDEBUG [0m]: xkb: LED index 2 (name Scroll Lock) got index 2
[1;32mDEBUG [0m]: xkb: Mod index 0 (name Shift) got index 0
[1;32mDEBUG [0m]: xkb: Mod index 1 (name Lock) got index 1
[1;32mDEBUG [0m]: xkb: Mod index 2 (name Control) got index 2
[1;32mDEBUG [0m]: xkb: Mod index 3 (name Mod1) got index 3
[1;32mDEBUG [0m]: xkb: Mod index 4 (name Mod2) got index 4
[1;32mDEBUG [0m]: xkb: Mod index 5 (name Mod3) got index 5
[1;32mDEBUG [0m]: xkb: Mod index 6 (name Mod4) got index 6
[1;32mDEBUG [0m]: xkb: Mod index 7 (name Mod5) got index 7
[1;32mDEBUG [0m]: Updating keymap fd for keyboard hl-virtual-keyboard-wtype
[1;32mDEBUG [0m]: Updated keymap fd to 93, keymap V1 to: 95
[1;32mDEBUG [0m]: Set the keyboard layout to us and variant to  for keyboard "hl-virtual-keyboard-wtype"
[1;32mDEBUG [0m]: New virtual keyboard created at 55a79f694860
[1;32mDEBUG [0m]: Updating keyboard 55a79f694860's translation state from a provided keymap
[1;32mDEBUG [0m]: Updating keymap fd for keyboard hl-virtual-keyboard-wtype
[1;32mDEBUG [0m]: Updated keymap fd to 93, keymap V1 to: 95
[1;32mDEBUG [0m]: Keyboard at 55a79f694860 removed
[1;32mDEBUG [0m]: Destroyed keyboard 55a79f694860
[1;32mDEBUG [0m]: [CWLSeatProtocol] New seat resource bound at 55a79f4ca910
[1;32mDEBUG [0m]: [CVirtualKeyboardProtocol] New VKeyboard at id 5
[1;32mDEBUG [0m]: ApplyConfigToKeyboard for "hl-virtual-keyboard-wtype", hasconfig: 0
[1;32mDEBUG [0m]: Attempting to create a keymap for layout us with variant  (rules: , model: , options: )
[1;32mDEBUG [0m]: Updating keyboard 55a79f694860's translation state from a provided keymap
[1;32mDEBUG [0m]: xkb: LED index 0 (name Num Lock) got index 1
[1;32mDEBUG [0m]: xkb: LED index 1 (name Caps Lock) got index 0
[1;32mDEBUG [0m]: xkb: LED index 2 (name Scroll Lock) got index 2
[1;32mDEBUG [0m]: xkb: Mod index 0 (name Shift) got index 0
[1;32mDEBUG [0m]: xkb: Mod index 1 (name Lock) got index 1
[1;32mDEBUG [0m]: xkb: Mod index 2 (name Control) got index 2
[1;32mDEBUG [0m]: xkb: Mod index 3 (name Mod1) got index 3
[1;32mDEBUG [0m]: xkb: Mod index 4 (name Mod2) got index 4
[1;32mDEBUG [0m]: xkb: Mod index 5 (name Mod3) got index 5
[1;32mDEBUG [0m]: xkb: Mod index 6 (name Mod4) got index 6
[1;32mDEBUG [0m]: xkb: Mod index 7 (name Mod5) got index 7
[1;32mDEBUG [0m]: Updating keymap fd for keyboard hl-virtual-keyboard-wtype
[1;32mDEBUG [0m]: Updated keymap fd to 93, keymap V1 to: 95
[1;32mDEBUG [0m]: Set the keyboard layout to us and variant to  for keyboard "hl-virtual-keyboard-wtype"
[1;32mDEBUG [0m]: New virtual keyboard created at 55a79f694860
[1;32mDEBUG [0m]: Updating keyboard 55a79f694860's translation state from a provided keymap
[1;32mDEBUG [0m]: Updating keymap fd for keyboard hl-virtual-keyboard-wtype
[1;32mDEBUG [0m]: Updated keymap fd to 93, keymap V1 to: 95
[1;32mDEBUG [0m]: Keyboard at 55a79f694860 removed
[1;32mDEBUG [0m]: Destroyed keyboard 55a79f694860
[1;32mDEBUG [0m]: [CWLSeatProtocol] New seat resource bound at 55a79e54f330
[1;32mDEBUG [0m]: [CVirtualKeyboardProtocol] New VKeyboard at id 5
[1;32mDEBUG [0m]: ApplyConfigToKeyboard for "hl-virtual-keyboard-wtype", hasconfig: 0
[1;32mDEBUG [0m]: Attempting to create a keymap for layout us with variant  (rules: , model: , options: )
[1;32mDEBUG [0m]: Updating keyboard 55a79f694860's translation state from a provided keymap
[1;32mDEBUG [0m]: xkb: LED index 0 (name Num Lock) got index 1
[1;32mDEBUG [0m]: xkb: LED index 1 (name Caps Lock) got index 0
[1;32mDEBUG [0m]: xkb: LED index 2 (name Scroll Lock) got index 2
[1;32mDEBUG [0m]: xkb: Mod index 0 (name Shift) got index 0
[1;32mDEBUG [0m]: xkb: Mod index 1 (name Lock) got index 1
[1;32mDEBUG [0m]: xkb: Mod index 2 (name Control) got index 2
[1;32mDEBUG [0m]: xkb: Mod index 3 (name Mod1) got index 3
[1;32mDEBUG [0m]: xkb: Mod index 4 (name Mod2) got index 4
[1;32mDEBUG [0m]: xkb: Mod index 5 (name Mod3) got index 5
[1;32mDEBUG [0m]: xkb: Mod index 6 (name Mod4) got index 6
[1;32mDEBUG [0m]: xkb: Mod index 7 (name Mod5) got index 7
[1;32mDEBUG [0m]: Updating keymap fd for keyboard hl-virtual-keyboard-wtype
[1;32mDEBUG [0m]: Updated keymap fd to 93, keymap V1 to: 95
[1;32mDEBUG [0m]: Set the keyboard layout to us and variant to  for keyboard "hl-virtual-keyboard-wtype"
[1;32mDEBUG [0m]: New virtual keyboard created at 55a79f694860
[1;32mDEBUG [0m]: Updating keyboard 55a79f694860's translation state from a provided keymap
[1;32mDEBUG [0m]: Updating keymap fd for keyboard hl-virtual-keyboard-wtype
[1;32mDEBUG [0m]: Updated keymap fd to 93, keymap V1 to: 95
[1;32mDEBUG [0m]: Keyboard at 55a79f694860 removed
[1;32mDEBUG [0m]: Destroyed keyboard 55a79f694860
[1;32mDEBUG [0m]: [CWLSeatProtocol] New seat resource bound at 55a79fa50770
[1;32mDEBUG [0m]: [CVirtualKeyboardProtocol] New VKeyboard at id 5
[1;32mDEBUG [0m]: ApplyConfigToKeyboard for "hl-virtual-keyboard-wtype", hasconfig: 0
[1;32mDEBUG [0m]: Attempting to create a keymap for layout us with variant  (rules: , model: , options: )
[1;32mDEBUG [0m]: Updating keyboard 55a79f694860's translation state from a provided keymap
[1;32mDEBUG [0m]: xkb: LED index 0 (name Num Lock) got index 1
[1;32mDEBUG [0m]: xkb: LED index 1 (name Caps Lock) got index 0
[1;32mDEBUG [0m]: xkb: LED index 2 (name Scroll Lock) got index 2
[1;32mDEBUG [0m]: xkb: Mod index 0 (name Shift) got index 0
[1;32mDEBUG [0m]: xkb: Mod index 1 (name Lock) got index 1
[1;32mDEBUG [0m]: xkb: Mod index 2 (name Control) got index 2
[1;32mDEBUG [0m]: xkb: Mod index 3 (name Mod1) got index 3
[1;32mDEBUG [0m]: xkb: Mod index 4 (name Mod2) got index 4
[1;32mDEBUG [0m]: xkb: Mod index 5 (name Mod3) got index 5
[1;32mDEBUG [0m]: xkb: Mod index 6 (name Mod4) got index 6
[1;32mDEBUG [0m]: xkb: Mod index 7 (name Mod5) got index 7
[1;32mDEBUG [0m]: Updating keymap fd for keyboard hl-virtual-keyboard-wtype
[1;32mDEBUG [0m]: Updated keymap fd to 93, keymap V1 to: 95
[1;32mDEBUG [0m]: Set the keyboard layout to us and variant to  for keyboard "hl-virtual-keyboard-wtype"
[1;32mDEBUG [0m]: New virtual keyboard created at 55a79f694860
[1;32mDEBUG [0m]: Updating keyboard 55a79f694860's translation state from a provided keymap
[1;32mDEBUG [0m]: Updating keymap fd for keyboard hl-virtual-keyboard-wtype
[1;32mDEBUG [0m]: Updated keymap fd to 93, keymap V1 to: 95
[1;32mDEBUG [0m]: Keyboard at 55a79f694860 removed
[1;32mDEBUG [0m]: Destroyed keyboard 55a79f694860
[1;32mDEBUG [0m]: [CWLSeatProtocol] New seat resource bound at 55a79e725da0
[1;32mDEBUG [0m]: [CVirtualKeyboardProtocol] New VKeyboard at id 5
[1;32mDEBUG [0m]: ApplyConfigToKeyboard for "hl-virtual-keyboard-wtype", hasconfig: 0
[1;32mDEBUG [0m]: Attempting to create a keymap for layout us with variant  (rules: , model: , options: )
[1;32mDEBUG [0m]: Updating keyboard 55a79f694860's translation state from a provided keymap
[1;32mDEBUG [0m]: xkb: LED index 0 (name Num Lock) got index 1
[1;32mDEBUG [0m]: xkb: LED index 1 (name Caps Lock) got index 0
[1;32mDEBUG [0m]: xkb: LED index 2 (name Scroll Lock) got index 2
[1;32mDEBUG [0m]: xkb: Mod index 0 (name Shift) got index 0
[1;32mDEBUG [0m]: xkb: Mod index 1 (name Lock) got index 1
[1;32mDEBUG [0m]: xkb: Mod index 2 (name Control) got index 2
[1;32mDEBUG [0m]: xkb: Mod index 3 (name Mod1) got index 3
[1;32mDEBUG [0m]: xkb: Mod index 4 (name Mod2) got index 4
[1;32mDEBUG [0m]: xkb: Mod index 5 (name Mod3) got index 5
[1;32mDEBUG [0m]: xkb: Mod index 6 (name Mod4) got index 6
[1;32mDEBUG [0m]: xkb: Mod index 7 (name Mod5) got index 7
[1;32mDEBUG [0m]: Updating keymap fd for keyboard hl-virtual-keyboard-wtype
[1;32mDEBUG [0m]: Updated keymap fd to 93, keymap V1 to: 95
[1;32mDEBUG [0m]: Set the keyboard layout to us and variant to  for keyboard "hl-virtual-keyboard-wtype"
[1;32mDEBUG [0m]: New virtual keyboard created at 55a79f694860
[1;32mDEBUG [0m]: Updating keyboard 55a79f694860's translation state from a provided keymap
[1;32mDEBUG [0m]: Updating keymap fd for keyboard hl-virtual-keyboard-wtype
[1;32mDEBUG [0m]: Updated keymap fd to 93, keymap V1 to: 95
[1;32mDEBUG [0m]: Keyboard at 55a79f694860 removed
[1;32mDEBUG [0m]: Destroyed keyboard 55a79f694860
[1;32mDEBUG [0m]: [CWLSeatProtocol] New seat resource bound at 55a79f4cb830
[1;32mDEBUG [0m]: [CVirtualKeyboardProtocol] New VKeyboard at id 5
[1;32mDEBUG [0m]: ApplyConfigToKeyboard for "hl-virtual-keyboard-wtype", hasconfig: 0
[1;32mDEBUG [0m]: Attempting to create a keymap for layout us with variant  (rules: , model: , options: )
[1;32mDEBUG [0m]: Updating keyboard 55a79f694860's translation state from a provided keymap
[1;32mDEBUG [0m]: xkb: LED index 0 (name Num Lock) got index 1
[1;32mDEBUG [0m]: xkb: LED index 1 (name Caps Lock) got index 0
[1;32mDEBUG [0m]: xkb: LED index 2 (name Scroll Lock) got index 2
[1;32mDEBUG [0m]: xkb: Mod index 0 (name Shift) got index 0
[1;32mDEBUG [0m]: xkb: Mod index 1 (name Lock) got index 1
[1;32mDEBUG [0m]: xkb: Mod index 2 (name Control) got index 2
[1;32mDEBUG [0m]: xkb: Mod index 3 (name Mod1) got index 3
[1;32mDEBUG [0m]: xkb: Mod index 4 (name Mod2) got index 4
[1;32mDEBUG [0m]: xkb: Mod index 5 (name Mod3) got index 5
[1;32mDEBUG [0m]: xkb: Mod index 6 (name Mod4) got index 6
[1;32mDEBUG [0m]: xkb: Mod index 7 (name Mod5) got index 7
[1;32mDEBUG [0m]: Updating keymap fd for keyboard hl-virtual-keyboard-wtype
[1;32mDEBUG [0m]: Updated keymap fd to 93, keymap V1 to: 95
[1;32mDEBUG [0m]: Set the keyboard layout to us and variant to  for keyboard "hl-virtual-keyboard-wtype"
[1;32mDEBUG [0m]: New virtual keyboard created at 55a79f694860
[1;32mDEBUG [0m]: Updating keyboard 55a79f694860's translation state from a provided keymap
[1;32mDEBUG [0m]: Updating keymap fd for keyboard hl-virtual-keyboard-wtype
[1;32mDEBUG [0m]: Updated keymap fd to 93, keymap V1 to: 95
[1;32mDEBUG [0m]: Keyboard at 55a79f694860 removed
[1;32mDEBUG [0m]: Destroyed keyboard 55a79f694860
[1;32mDEBUG [0m]: [CWLSeatProtocol] New seat resource bound at 55a79f4ca910
[1;32mDEBUG [0m]: [CVirtualKeyboardProtocol] New VKeyboard at id 5
[1;32mDEBUG [0m]: ApplyConfigToKeyboard for "hl-virtual-keyboard-wtype", hasconfig: 0
[1;32mDEBUG [0m]: Attempting to create a keymap for layout us with variant  (rules: , model: , options: )
[1;32mDEBUG [0m]: Updating keyboard 55a79f694860's translation state from a provided keymap
[1;32mDEBUG [0m]: xkb: LED index 0 (name Num Lock) got index 1
[1;32mDEBUG [0m]: xkb: LED index 1 (name Caps Lock) got index 0
[1;32mDEBUG [0m]: xkb: LED index 2 (name Scroll Lock) got index 2
[1;32mDEBUG [0m]: xkb: Mod index 0 (name Shift) got index 0
[1;32mDEBUG [0m]: xkb: Mod index 1 (name Lock) got index 1
[1;32mDEBUG [0m]: xkb: Mod index 2 (name Control) got index 2
[1;32mDEBUG [0m]: xkb: Mod index 3 (name Mod1) got index 3
[1;32mDEBUG [0m]: xkb: Mod index 4 (name Mod2) got index 4
[1;32mDEBUG [0m]: xkb: Mod index 5 (name Mod3) got index 5
[1;32mDEBUG [0m]: xkb: Mod index 6 (name Mod4) got index 6
[1;32mDEBUG [0m]: xkb: Mod index 7 (name Mod5) got index 7
[1;32mDEBUG [0m]: Updating keymap fd for keyboard hl-virtual-keyboard-wtype
[1;32mDEBUG [0m]: Updated keymap fd to 93, keymap V1 to: 95
[1;32mDEBUG [0m]: Set the keyboard layout to us and variant to  for keyboard "hl-virtual-keyboard-wtype"
[1;32mDEBUG [0m]: New virtual keyboard created at 55a79f694860
[1;32mDEBUG [0m]: Updating keyboard 55a79f694860's translation state from a provided keymap
[1;32mDEBUG [0m]: Updating keymap fd for keyboard hl-virtual-keyboard-wtype
[1;32mDEBUG [0m]: Updated keymap fd to 93, keymap V1 to: 95
[1;32mDEBUG [0m]: Keyboard at 55a79f694860 removed
[1;32mDEBUG [0m]: Destroyed keyboard 55a79f694860
[1;32mDEBUG [0m]: Hyprctl: new connection from pid 1211
[1;32mDEBUG [0m]: Hyprctl: new connection from pid 1212
[1;32mDEBUG [0m]: Hyprctl: new connection from pid 1213
[1;32mDEBUG [0m]: Hyprctl: new connection from pid 1214
[1;32mDEBUG [0m]: Hyprctl: new connection from pid 1215
[1;32mDEBUG [0m]: Hyprctl: new connection from pid 1216
[1;32mDEBUG [0m]: Hyprctl: new connection from pid 1217
[1;32mDEBUG [0m]: Hyprctl: new connection from pid 1218
[1;32mDEBUG [0m]: [CScreencopyProtocol] Bound client successfully!
[1;32mDEBUG [0m]: [CXDGOutputProtocol] New xdg_output for HEADLESS-1: client 55a79f63a160 (not xwayland)
[1;32mDEBUG [0m]: [CXDGOutputProtocol] New xdg_output for WAYLAND-1: client 55a79f63a160 (not xwayland)
[1;32mDEBUG [0m]: [COutputImageCaptureSourceProtocol] New capture source for monitor: HEADLESS-1
[1;32mDEBUG [0m]: [CImageCopyCaptureProtocol] New image copy capture session for source (monitor): "HEADLESS-1"
[1;32mDEBUG [0m]: Framebuffer "Monitor HEADLESS-1 mirror FB" created, status 36053
[1;32mDEBUG [0m]: Framebuffer "" created, status 36053
[1;32mDEBUG [0m]: [Screenshare] Started screenshare session for (monitor): HEADLESS-1
[1;32mDEBUG [0m]: [Screenshare] Stopped screenshare session for (monitor): HEADLESS-1
[1;32mDEBUG [0m]: [CWLCompositorResource] New wl_region with id 107 at 55a79f145de0
[1;32mDEBUG [0m]: LayerSurface 55a79f6165b0 destroyed
[1;32mDEBUG [0m]: Forcing an unmap of a LS that did a straight destroy!
[1;32mDEBUG [0m]: LayerSurface 55a79f6165b0 unmapped
[1;32mDEBUG [0m]: renderer: making a snapshot of layer 55a79f152540
[1;32mDEBUG [0m]: Framebuffer "layer snapshot" created, status 36053
[1;32mDEBUG [0m]: renderer: cleared a snapshot of layer 55a79f152540
[1;32mDEBUG [0m]: renderer: rendered a snapshot of layer 55a79f152540
[1;32mDEBUG [0m]: renderer: made a snapshot of layer 55a79f152540
[1;32mDEBUG [0m]: CWLSurface 55a79f649d40 called destroy()
[1;32mDEBUG [0m]: Cleanup: removed 1 fadeouts
[1;32mDEBUG [0m]: Hyprctl: new connection from pid 1226
[1;32mDEBUG [0m]: Hyprctl: keyword debug:disable_scale_checks : false
[1;32mDEBUG [0m]: Hyprctl: new connection from pid 1227
[1;32mDEBUG [0m]: Hyprctl: keyword monitor : HEADLESS-1,1920x1080@60,2000x0,1
[1;32mDEBUG [0m]: ApplyConfigToKeyboard for "wl_keyboard", hasconfig: 0
[1;32mDEBUG [0m]: Not applying config to keyboard, it did not change.
[1;33mWARN [0m]: No rule found for WAYLAND-1, trying to use the first.
[1;32mDEBUG [0m]: Applying monitor rule for HEADLESS-1
[1;32mDEBUG [0mfrom aquamarine ]: GBM: Allocated a new buffer with size [Vector2D: x: 1920, y: 1080] and format XR24 with modifier 0x0 : LINEAR
[1;32mDEBUG [0mfrom aquamarine ]: GBM: Allocated a new buffer with size [Vector2D: x: 1920, y: 1080] and format XR24 with modifier 0x0 : LINEAR
[1;32mDEBUG [0mfrom aquamarine ]: GBM: Allocated a new buffer with size [Vector2D: x: 1920, y: 1080] and format XR24 with modifier 0x0 : LINEAR
[1;32mDEBUG [0mfrom aquamarine ]: Swapchain: Reconfigured a swapchain to [Vector2D: x: 1920, y: 1080] XR24 of length 3
[1;32mDEBUG [0m]: Monitor HEADLESS-1: requested 1920x1080@60.00Hz, using preferred mode 1920x1080@60.00Hz
[1;32mDEBUG [0m]: output HEADLESS-1 succeeded basic test on format DRM_FORMAT_XRGB8888
[1;32mDEBUG [0m]: Monitor HEADLESS-1 -> destroyed all render data
[1;32mDEBUG [0m]: CMonitor::updateVCGTRamps: skipping, no gamma ramp for output
[1;32mDEBUG [0m]: Monitor HEADLESS-1 data dump: res 1920x1080@60.00Hz, scale 1.00, transform 0, pos 2000x0, 10b 0
[1;33mWARN [0m]: FIXME: color management protocol is enabled and outputs changed, check preferred image description changes
[1;32mDEBUG [0m]: arrangeMonitors: 2 to arrange
[1;32mDEBUG [0m]: arrangeMonitors: HEADLESS-1 explicit [2000, 0]
[1;32mDEBUG [0m]: arrangeMonitors: WAYLAND-1 auto [3920, 0]
[1;32mDEBUG [0m]: arrangeMonitors: WAYLAND-1 xwayland [0, 0]
[1;32mDEBUG [0m]: arrangeMonitors: HEADLESS-1 xwayland [1920, 0]
[1;32mDEBUG [0m]: [CXDGOutputProtocol] updating all xdg_output heads
[1;32mDEBUG [0m]: [CXDGOutputProtocol] updating all xdg_output heads
[1;32mDEBUG [0m]: [CXDGOutputProtocol] updating all xdg_output heads
[1;32mDEBUG [0m]: Framebuffer "Monitor HEADLESS-1 blur FB" created, status 36053
[1;32mDEBUG [0m]: Framebuffer "Monitor HEADLESS-1 workbuffer" created, status 36053
[1;32mDEBUG [0m]: [CWLCompositorResource] New wl_region with id 83 at 55a79f1465f0
[1;32mDEBUG [0m]: [CLinuxDMABUFParamsResource] Creating a dmabuf, with id 62: size [Vector2D: x: 3840, y: 64], fmt AR24, planes 1
[1;32mDEBUG [0m]: [CLinuxDMABUFParamsResource]  | plane 0: mod 72057594037927952 fd 53 stride 15360 offset 0
[1;32mDEBUG [0m]: [CWLCompositorResource] New wl_region with id 79 at 55a79e644e80
[1;32mDEBUG [0m]: [CLinuxDMABUFParamsResource] Creating a dmabuf, with id 91: size [Vector2D: x: 1366, y: 768], fmt AR24, planes 1
[1;32mDEBUG [0m]: [CLinuxDMABUFParamsResource]  | plane 0: mod 72057594037927952 fd 87 stride 5504 offset 0
[1;32mDEBUG [0m]: Hyprctl: new connection from pid 1228
[1;32mDEBUG [0m]: Hyprctl: new connection from pid 1229
[1;32mDEBUG [0m]: New aquamarine output with name HEADLESS-2
[1;32mDEBUG [0m]: [CMonitorStateTracker] New monitor: HEADLESS-2
[1;33mWARN [0m]: No rule found for HEADLESS-2, trying to use the first.
[1;32mDEBUG [0m]: Applying monitor rule for HEADLESS-2
[1;32mDEBUG [0mfrom aquamarine ]: GBM: Allocated a new buffer with size [Vector2D: x: 1920, y: 1080] and format XR24 with modifier 0x0 : LINEAR
[1;32mDEBUG [0mfrom aquamarine ]: GBM: Allocated a new buffer with size [Vector2D: x: 1920, y: 1080] and format XR24 with modifier 0x0 : LINEAR
[1;32mDEBUG [0mfrom aquamarine ]: GBM: Allocated a new buffer with size [Vector2D: x: 1920, y: 1080] and format XR24 with modifier 0x0 : LINEAR
[1;32mDEBUG [0mfrom aquamarine ]: Swapchain: Reconfigured a swapchain to [Vector2D: x: 1920, y: 1080] XR24 of length 3
[1;32mDEBUG [0m]: CMonitorState::ensureBufferPresent: no buffer or mismatched format, attaching one from the swapchain for modeset being possible
[1;32mDEBUG [0m]: Monitor HEADLESS-2: requested 1920x1080@60.00Hz, using preferred mode 1920x1080@60.00Hz
[1;32mDEBUG [0m]: output HEADLESS-2 succeeded basic test on format DRM_FORMAT_XRGB8888
[1;32mDEBUG [0m]: Monitor HEADLESS-2 -> destroyed all render data
[1;32mDEBUG [0m]: CMonitor::updateVCGTRamps: skipping, no gamma ramp for output
[1;32mDEBUG [0m]: Monitor HEADLESS-2 data dump: res 1920x1080@60.00Hz, scale 1.00, transform 0, pos -1x-1, 10b 0
[1;32mDEBUG [0m]: Added new monitor with name HEADLESS-2 at [-1, -1] with size [1920, 1080], pointer 55a79fcb77e0
[1;32mDEBUG [0m]: New monitor: WORKSPACEID 2, exists: 0
[1;32mDEBUG [0m]: checking if we have seen this monitor before: HEADLESS-2
[1;32mDEBUG [0m]: Monitor HEADLESS-2 was not on any workspace
[1;32mDEBUG [0m]: [IWaylandProtocol] Registered global [WLOutput (HEADLESS-2)]
[1;32mDEBUG [0m]: arrangeMonitors: 3 to arrange
[1;32mDEBUG [0m]: arrangeMonitors: HEADLESS-1 explicit [2000, 0]
[1;32mDEBUG [0m]: arrangeMonitors: WAYLAND-1 auto [3920, 0]
[1;32mDEBUG [0m]: arrangeMonitors: HEADLESS-2 auto [5840, 0]
[1;32mDEBUG [0m]: arrangeMonitors: WAYLAND-1 xwayland [0, 0]
[1;32mDEBUG [0m]: arrangeMonitors: HEADLESS-1 xwayland [1920, 0]
[1;32mDEBUG [0m]: arrangeMonitors: HEADLESS-2 xwayland [3840, 0]
[1;32mDEBUG [0m]: [CXDGOutputProtocol] updating all xdg_output heads
[1;32mDEBUG [0m]: [CXDGOutputProtocol] updating all xdg_output heads
[1;33mWARN [0m]: No rule found for WAYLAND-1, trying to use the first.
[1;33mWARN [0m]: No rule found for HEADLESS-2, trying to use the first.
[1;32mDEBUG [0m]: Framebuffer "Monitor HEADLESS-2 blur FB" created, status 36053
[1;32mDEBUG [0m]: Framebuffer "Monitor HEADLESS-2 workbuffer" created, status 36053
[1;33mWARN [0m]: FIXME: color management protocol is enabled and outputs changed, check preferred image description changes
[1;32mDEBUG [0m]: [CXDGOutputProtocol] New xdg_output for HEADLESS-2: client 55a79f5b0f40 (not xwayland)
[1;32mDEBUG [0m]: [CLinuxDMABUFParamsResource] Creating a dmabuf, with id 94: size [Vector2D: x: 1920, y: 32], fmt AR24, planes 1
[1;32mDEBUG [0m]: [CLinuxDMABUFParamsResource]  | plane 0: mod 72057594037927952 fd 46 stride 7680 offset 0
[1;32mDEBUG [0m]: [CLinuxDMABUFParamsResource] Creating a dmabuf, with id 104: size [Vector2D: x: 1920, y: 1080], fmt AR24, planes 1
[1;32mDEBUG [0m]: [CLinuxDMABUFParamsResource]  | plane 0: mod 72057594037927952 fd 55 stride 7680 offset 0
[1;32mDEBUG [0m]: [CXDGOutputProtocol] New xdg_output for HEADLESS-2: client 55a79f4eb9a0 (not xwayland)
[1;32mDEBUG [0m]: Hyprctl: new connection from pid 34
[1;32mDEBUG [0m]: Hyprctl: new connection from pid 34
[1;32mDEBUG [0m]: Hyprctl: new connection from pid 1230
[1;32mDEBUG [0m]: Hyprctl: new connection from pid 1231
[1;32mDEBUG [0m]: Hyprctl: keyword monitor : HEADLESS-2,1920x1080@60,4000x0,1.5
[1;32mDEBUG [0m]: ApplyConfigToKeyboard for "wl_keyboard", hasconfig: 0
[1;32mDEBUG [0m]: Not applying config to keyboard, it did not change.
[1;33mWARN [0m]: No rule found for WAYLAND-1, trying to use the first.
[1;32mDEBUG [0m]: Applying monitor rule for HEADLESS-2
[1;32mDEBUG [0m]: Monitor HEADLESS-2: requested 1920x1080@60.00Hz, using preferred mode 1920x1080@60.00Hz
[1;32mDEBUG [0m]: output HEADLESS-2 succeeded basic test on format DRM_FORMAT_XRGB8888
[1;32mDEBUG [0m]: CMonitor::updateVCGTRamps: skipping, no gamma ramp for output
[1;32mDEBUG [0m]: Monitor HEADLESS-2 data dump: res 1920x1080@60.00Hz, scale 1.50, transform 0, pos 5840x0, 10b 0
[1;33mWARN [0m]: FIXME: color management protocol is enabled and outputs changed, check preferred image description changes
[1;32mDEBUG [0m]: arrangeMonitors: 3 to arrange
[1;32mDEBUG [0m]: arrangeMonitors: HEADLESS-1 explicit [2000, 0]
[1;32mDEBUG [0m]: arrangeMonitors: HEADLESS-2 explicit [4000, 0]
[1;32mDEBUG [0m]: arrangeMonitors: WAYLAND-1 auto [5280, 0]
[1;32mDEBUG [0m]: arrangeMonitors: WAYLAND-1 xwayland [0, 0]
[1;32mDEBUG [0m]: arrangeMonitors: HEADLESS-1 xwayland [1920, 0]
[1;32mDEBUG [0m]: arrangeMonitors: HEADLESS-2 xwayland [3840, 0]
[1;32mDEBUG [0m]: [CXDGOutputProtocol] updating all xdg_output heads
[1;32mDEBUG [0m]: [CXDGOutputProtocol] updating all xdg_output heads
[1;32mDEBUG [0m]: [CXDGOutputProtocol] updating all xdg_output heads
[1;32mDEBUG [0m]: [CWLCompositorResource] New wl_surface with id 108 at 55a79f9e7e30
[1;32mDEBUG [0m]: [CWLCompositorResource] New wl_surface with id 85 at 55a79f9e7e30
[1;32mDEBUG [0m]: CWLSurface 55a79f9ed900 called init()
[1;32mDEBUG [0m]: LayerSurface 55a79f6165b0 (namespace putkin-bar layer 2) created on monitor HEADLESS-2
[1;32mDEBUG [0m]: [CLayerShellProtocol] New wlr_layer_surface 55a79f6165b0
[1;32mDEBUG [0m]: [CWLCompositorResource] New wl_surface with id 89 at 55a79fde4500
[1;32mDEBUG [0m]: [CWLCompositorResource] New wl_surface with id 98 at 55a79fde4500
[1;32mDEBUG [0m]: CWLSurface 55a79fd08270 called init()
[1;32mDEBUG [0m]: LayerSurface 55a79fb112e0 (namespace putkin-wallpaper layer 0) created on monitor HEADLESS-2
[1;32mDEBUG [0m]: [CLayerShellProtocol] New wlr_layer_surface 55a79fb112e0
[1;32mDEBUG [0m]: [CWLCompositorResource] New wl_region with id 107 at 55a79fff0790
[1;32mDEBUG [0m]: [CLinuxDMABUFParamsResource] Creating a dmabuf, with id 108: size [Vector2D: x: 1920, y: 48], fmt AR24, planes 1
[1;32mDEBUG [0m]: [CLinuxDMABUFParamsResource]  | plane 0: mod 72057594037927952 fd 57 stride 7680 offset 0
[1;32mDEBUG [0m]: [CWLCompositorResource] New wl_region with id 113 at 55a79f1439a0
[1;32mDEBUG [0m]: LayerSurface 55a79f6165b0 mapped
[1;32mDEBUG [0m]: [CWLCompositorResource] New wl_region with id 101 at 55a79f1439a0
[1;32mDEBUG [0m]: [CLinuxDMABUFParamsResource] Creating a dmabuf, with id 114: size [Vector2D: x: 1920, y: 1080], fmt AR24, planes 1
[1;32mDEBUG [0m]: [CLinuxDMABUFParamsResource]  | plane 0: mod 72057594037927952 fd 63 stride 7680 offset 0
[1;32mDEBUG [0m]: LayerSurface 55a79fb112e0 mapped
[1;32mDEBUG [0m]: [CLinuxDMABUFParamsResource] Creating a dmabuf, with id 116: size [Vector2D: x: 1920, y: 48], fmt AR24, planes 1
[1;32mDEBUG [0m]: [CLinuxDMABUFParamsResource]  | plane 0: mod 72057594037927952 fd 90 stride 7680 offset 0
[1;32mDEBUG [0m]: Hyprctl: new connection from pid 1242
[1;32mDEBUG [0m]: Hyprctl: dispatcher focusmonitor : HEADLESS-2
[1;32mDEBUG [0m]: [CLinuxDMABUFParamsResource] Creating a dmabuf, with id 106: size [Vector2D: x: 1920, y: 48], fmt AR24, planes 1
[1;32mDEBUG [0m]: [CLinuxDMABUFParamsResource]  | plane 0: mod 72057594037927952 fd 88 stride 7680 offset 0
[1;32mDEBUG [0m]: [CWLCompositorResource] New wl_surface with id 117 at 55a79f8cf800
[1;32mDEBUG [0m]: [CWLCompositorResource] New wl_surface with id 119 at 55a79f8cf800
[1;32mDEBUG [0m]: [CPrimarySelectionProtocol] CPrimarySelectionProtocol::updateSelection: cannot send selection to a client without a data_device
[1;32mDEBUG [0m]: CWLSurface 55a79fff0420 called init()
[1;32mDEBUG [0m]: LayerSurface 55a79fc69ac0 (namespace putkin-panel layer 3) created on monitor HEADLESS-2
[1;32mDEBUG [0m]: [CLayerShellProtocol] New wlr_layer_surface 55a79fc69ac0
[1;32mDEBUG [0m]: cursorImage request: shape 1 -> default
[1;32mDEBUG [0m]: XCursor scanning theme default
[1;32mDEBUG [0m]: XCursor parsing index.theme /usr/share/icons/default/index.theme
[1;32mDEBUG [0m]: XCursor theme default inherits Adwaita
[1;32mDEBUG [0m]: XCursor scanning theme Adwaita
[1;32mDEBUG [0m]: XCursor using theme path /usr/share/icons/Adwaita/cursors
[1;32mDEBUG [0m]: XCursor parsing index.theme /usr/share/icons/Adwaita/index.theme
[1;32mDEBUG [0m]: XCursor theme Adwaita inherits AdwaitaLegacy
[1;32mDEBUG [0m]: XCursor theme Adwaita inherits hicolor
[1;32mDEBUG [0m]: XCursor scanning theme Adwaita
[1;32mDEBUG [0m]: XCursor using theme path /usr/share/icons/Adwaita/cursors
[1;32mDEBUG [0m]: XCursor parsing index.theme /usr/share/icons/Adwaita/index.theme
[1;32mDEBUG [0m]: XCursor theme Adwaita inherits AdwaitaLegacy
[1;32mDEBUG [0m]: XCursor theme Adwaita inherits hicolor
[1;32mDEBUG [0m]: XCursor scanning theme AdwaitaLegacy
[1;32mDEBUG [0m]: XCursor parsing index.theme /usr/share/icons/AdwaitaLegacy/index.theme
[1;32mDEBUG [0m]: XCursor theme AdwaitaLegacy inherits hicolor
[1;32mDEBUG [0m]: XCursor scanning theme hicolor
[1;32mDEBUG [0m]: XCursor parsing index.theme /usr/share/icons/hicolor/index.theme
[1;32mDEBUG [0m]: XCursor already has a shape default loaded, skipping
[1;32mDEBUG [0m]: XCursor already has a shape context-menu loaded, skipping
[1;32mDEBUG [0m]: XCursor already has a shape help loaded, skipping
[1;32mDEBUG [0m]: XCursor already has a shape pointer loaded, skipping
[1;32mDEBUG [0m]: XCursor already has a shape progress loaded, skipping
[1;32mDEBUG [0m]: XCursor already has a shape wait loaded, skipping
[1;32mDEBUG [0m]: XCursor failed to find a legacy shape with name plus, skipping
[1;32mDEBUG [0m]: XCursor already has a shape crosshair loaded, skipping
[1;32mDEBUG [0m]: XCursor already has a shape text loaded, skipping
[1;32mDEBUG [0m]: XCursor already has a shape vertical-text loaded, skipping
[1;32mDEBUG [0m]: XCursor failed to find a legacy shape with name dnd-link, skipping
[1;32mDEBUG [0m]: XCursor failed to find a legacy shape with name dnd-copy, skipping
[1;32mDEBUG [0m]: XCursor already has a shape move loaded, skipping
[1;32mDEBUG [0m]: XCursor failed to find a legacy shape with name dnd-none, skipping
[1;32mDEBUG [0m]: XCursor failed to find a legacy shape with name crossed_circle, skipping
[1;32mDEBUG [0m]: XCursor already has a shape grab loaded, skipping
[1;32mDEBUG [0m]: XCursor already has a shape grabbing loaded, skipping
[1;32mDEBUG [0m]: XCursor already has a shape e-resize loaded, skipping
[1;32mDEBUG [0m]: XCursor already has a shape n-resize loaded, skipping
[1;32mDEBUG [0m]: XCursor already has a shape ne-resize loaded, skipping
[1;32mDEBUG [0m]: XCursor already has a shape nw-resize loaded, skipping
[1;32mDEBUG [0m]: XCursor already has a shape s-resize loaded, skipping
[1;32mDEBUG [0m]: XCursor already has a shape se-resize loaded, skipping
[1;32mDEBUG [0m]: XCursor already has a shape sw-resize loaded, skipping
[1;32mDEBUG [0m]: XCursor already has a shape w-resize loaded, skipping
[1;32mDEBUG [0m]: XCursor already has a shape ew-resize loaded, skipping
[1;32mDEBUG [0m]: XCursor already has a shape ns-resize loaded, skipping
[1;32mDEBUG [0m]: XCursor already has a shape nesw-resize loaded, skipping
[1;32mDEBUG [0m]: XCursor already has a shape nwse-resize loaded, skipping
[1;32mDEBUG [0m]: XCursor already has a shape col-resize loaded, skipping
[1;32mDEBUG [0m]: XCursor already has a shape row-resize loaded, skipping
[1;32mDEBUG [0m]: XCursor already has a shape all-scroll loaded, skipping
[1;32mDEBUG [0m]: XCursor already has a shape zoom-in loaded, skipping
[1;32mDEBUG [0m]: XCursor already has a shape zoom-out loaded, skipping
[1;32mDEBUG [0m]: XCursor failed to find a legacy shape with name dnd-copy, skipping
[1;32mDEBUG [0m]: XCursor already has a shape all-resize loaded, skipping
[1;33mWARN [0m]: GSettings default schema source does not exist, can't sync GSettings
[1;33mWARN [0m]: GSettings parameter doesn't exist cursor-theme in org.gnome.desktop.interface
[1;33mWARN [0m]: GSettings default schema source does not exist, can't sync GSettings
[1;33mWARN [0m]: GSettings parameter doesn't exist cursor-size in org.gnome.desktop.interface
[1;32mDEBUG [0m]: [CWLCompositorResource] New wl_region with id 117 at 55a79f64e870
[1;32mDEBUG [0m]: [CWLCompositorResource] New wl_region with id 123 at 55a79f64e870
[1;32mDEBUG [0m]: [CLinuxDMABUFParamsResource] Creating a dmabuf, with id 126: size [Vector2D: x: 552, y: 96], fmt AR24, planes 1
[1;32mDEBUG [0m]: [CLinuxDMABUFParamsResource]  | plane 0: mod 72057594037927952 fd 75 stride 2304 offset 0
[1;32mDEBUG [0m]: LayerSurface 55a79fc69ac0 mapped
[1;32mDEBUG [0m]: [CLinuxDMABUFParamsResource] Creating a dmabuf, with id 125: size [Vector2D: x: 552, y: 96], fmt AR24, planes 1
[1;32mDEBUG [0m]: [CLinuxDMABUFParamsResource]  | plane 0: mod 72057594037927952 fd 97 stride 2304 offset 0
[1;32mDEBUG [0m]: Hyprctl: new connection from pid 1253
[1;32mDEBUG [0m]: [CLinuxDMABUFParamsResource] Creating a dmabuf, with id 124: size [Vector2D: x: 552, y: 1068], fmt AR24, planes 1
[1;32mDEBUG [0m]: [CLinuxDMABUFParamsResource]  | plane 0: mod 72057594037927952 fd 101 stride 2304 offset 0
[1;32mDEBUG [0m]: Hyprctl: new connection from pid 1254
[1;32mDEBUG [0m]: Hyprctl: new connection from pid 1255
[1;32mDEBUG [0m]: Hyprctl: new connection from pid 1256
[1;32mDEBUG [0m]: Hyprctl: new connection from pid 1257
[1;32mDEBUG [0m]: Hyprctl: new connection from pid 1258
[1;32mDEBUG [0m]: Hyprctl: new connection from pid 1259
[1;32mDEBUG [0m]: Hyprctl: new connection from pid 1260
[1;32mDEBUG [0m]: Hyprctl: new connection from pid 1261
[1;32mDEBUG [0m]: Hyprctl: new connection from pid 1262
[1;32mDEBUG [0m]: [CScreencopyProtocol] Bound client successfully!
[1;32mDEBUG [0m]: [CXDGOutputProtocol] New xdg_output for HEADLESS-2: client 55a79faf4f60 (not xwayland)
[1;32mDEBUG [0m]: [CXDGOutputProtocol] New xdg_output for HEADLESS-1: client 55a79faf4f60 (not xwayland)
[1;32mDEBUG [0m]: [CXDGOutputProtocol] New xdg_output for WAYLAND-1: client 55a79faf4f60 (not xwayland)
[1;32mDEBUG [0m]: [COutputImageCaptureSourceProtocol] New capture source for monitor: HEADLESS-1
[1;32mDEBUG [0m]: [CImageCopyCaptureProtocol] New image copy capture session for source (monitor): "HEADLESS-1"
[1;32mDEBUG [0m]: Framebuffer "Monitor HEADLESS-1 mirror FB" created, status 36053
[1;32mDEBUG [0m]: Framebuffer "" created, status 36053
[1;32mDEBUG [0m]: [Screenshare] Started screenshare session for (monitor): HEADLESS-1
[1;32mDEBUG [0m]: [Screenshare] Stopped screenshare session for (monitor): HEADLESS-1
[1;32mDEBUG [0m]: Hyprctl: new connection from pid 1264
[1;32mDEBUG [0m]: Hyprctl: new connection from pid 1265
[1;32mDEBUG [0m]: [CScreencopyProtocol] Bound client successfully!
[1;32mDEBUG [0m]: [CXDGOutputProtocol] New xdg_output for HEADLESS-2: client 55a79faf4f60 (not xwayland)
[1;32mDEBUG [0m]: [CXDGOutputProtocol] New xdg_output for HEADLESS-1: client 55a79faf4f60 (not xwayland)
[1;32mDEBUG [0m]: [CXDGOutputProtocol] New xdg_output for WAYLAND-1: client 55a79faf4f60 (not xwayland)
[1;32mDEBUG [0m]: [COutputImageCaptureSourceProtocol] New capture source for monitor: HEADLESS-2
[1;32mDEBUG [0m]: [CImageCopyCaptureProtocol] New image copy capture session for source (monitor): "HEADLESS-2"
[1;32mDEBUG [0m]: Framebuffer "Monitor HEADLESS-2 mirror FB" created, status 36053
[1;32mDEBUG [0m]: Framebuffer "" created, status 36053
[1;32mDEBUG [0m]: [Screenshare] Started screenshare session for (monitor): HEADLESS-2
[1;32mDEBUG [0m]: [Screenshare] Stopped screenshare session for (monitor): HEADLESS-2
[1;32mDEBUG [0m]: [CWLCompositorResource] New wl_region with id 126 at 55a79f6752b0
[1;32mDEBUG [0m]: [CLinuxDMABUFParamsResource] Creating a dmabuf, with id 118: size [Vector2D: x: 552, y: 1068], fmt AR24, planes 1
[1;32mDEBUG [0m]: [CLinuxDMABUFParamsResource]  | plane 0: mod 72057594037927952 fd 106 stride 2304 offset 0
[1;32mDEBUG [0m]: LayerSurface 55a79fc69ac0 destroyed
[1;32mDEBUG [0m]: Forcing an unmap of a LS that did a straight destroy!
[1;32mDEBUG [0m]: LayerSurface 55a79fc69ac0 unmapped
[1;32mDEBUG [0m]: renderer: making a snapshot of layer 55a79f9c7330
[1;32mDEBUG [0m]: Framebuffer "layer snapshot" created, status 36053
[1;32mDEBUG [0m]: renderer: cleared a snapshot of layer 55a79f9c7330
[1;32mDEBUG [0m]: renderer: rendered a snapshot of layer 55a79f9c7330
[1;32mDEBUG [0m]: renderer: made a snapshot of layer 55a79f9c7330
[1;32mDEBUG [0m]: CWLSurface 55a79fff0420 called destroy()
[1;32mDEBUG [0m]: Cleanup: removed 1 fadeouts
[1;32mDEBUG [0m]: [CLinuxDMABUFParamsResource] Creating a dmabuf, with id 121: size [Vector2D: x: 1920, y: 32], fmt AR24, planes 1
[1;32mDEBUG [0m]: [CLinuxDMABUFParamsResource]  | plane 0: mod 72057594037927952 fd 75 stride 7680 offset 0
[1;32mDEBUG [0m]: [CWLCompositorResource] New wl_surface with id 119 at 55a79f8cf800
[1;32mDEBUG [0m]: [CWLCompositorResource] New wl_surface with id 122 at 55a79f8cf800
[1;32mDEBUG [0m]: CWLSurface 55a79f6450f0 called init()
[1;32mDEBUG [0m]: LayerSurface 55a79fc69ac0 (namespace putkin-osd layer 3) created on monitor HEADLESS-2
[1;32mDEBUG [0m]: [CLayerShellProtocol] New wlr_layer_surface 55a79fc69ac0
[1;32mDEBUG [0m]: [CWLCompositorResource] New wl_region with id 113 at 55a79f6753d0
[1;32mDEBUG [0m]: [CLinuxDMABUFParamsResource] Creating a dmabuf, with id 125: size [Vector2D: x: 420, y: 150], fmt AR24, planes 1
[1;32mDEBUG [0m]: [CLinuxDMABUFParamsResource]  | plane 0: mod 72057594037927952 fd 89 stride 1792 offset 0
[1;32mDEBUG [0m]: LayerSurface 55a79fc69ac0 mapped
[1;32mDEBUG [0m]: Hyprctl: new connection from pid 1281
[1;32mDEBUG [0m]: Hyprctl: new connection from pid 1282
[1;32mDEBUG [0m]: [CScreencopyProtocol] Bound client successfully!
[1;32mDEBUG [0m]: [CXDGOutputProtocol] New xdg_output for HEADLESS-2: client 55a79faf4f60 (not xwayland)
[1;32mDEBUG [0m]: [CXDGOutputProtocol] New xdg_output for HEADLESS-1: client 55a79faf4f60 (not xwayland)
[1;32mDEBUG [0m]: [CXDGOutputProtocol] New xdg_output for WAYLAND-1: client 55a79faf4f60 (not xwayland)
[1;32mDEBUG [0m]: [COutputImageCaptureSourceProtocol] New capture source for monitor: HEADLESS-2
[1;32mDEBUG [0m]: [CImageCopyCaptureProtocol] New image copy capture session for source (monitor): "HEADLESS-2"
[1;32mDEBUG [0m]: Framebuffer "Monitor HEADLESS-2 mirror FB" created, status 36053
[1;32mDEBUG [0m]: Framebuffer "" created, status 36053
[1;32mDEBUG [0m]: [Screenshare] Started screenshare session for (monitor): HEADLESS-2
[1;32mDEBUG [0m]: [Screenshare] Stopped screenshare session for (monitor): HEADLESS-2
[1;32mDEBUG [0m]: LayerSurface 55a79fc69ac0 destroyed
[1;32mDEBUG [0m]: Forcing an unmap of a LS that did a straight destroy!
[1;32mDEBUG [0m]: LayerSurface 55a79fc69ac0 unmapped
[1;32mDEBUG [0m]: renderer: making a snapshot of layer 55a79f660240
[1;32mDEBUG [0m]: Framebuffer "layer snapshot" created, status 36053
[1;32mDEBUG [0m]: renderer: cleared a snapshot of layer 55a79f660240
[1;32mDEBUG [0m]: renderer: rendered a snapshot of layer 55a79f660240
[1;32mDEBUG [0m]: renderer: made a snapshot of layer 55a79f660240
[1;32mDEBUG [0m]: CWLSurface 55a79f6450f0 called destroy()
[1;32mDEBUG [0m]: Cleanup: removed 1 fadeouts
[1;32mDEBUG [0m]: [CWLCompositorResource] New wl_surface with id 128 at 55a79f8cf800
[1;32mDEBUG [0m]: [CWLCompositorResource] New wl_surface with id 107 at 55a79f8cf800
[1;32mDEBUG [0m]: [CPrimarySelectionProtocol] CPrimarySelectionProtocol::updateSelection: cannot send selection to a client without a data_device
[1;32mDEBUG [0m]: CWLSurface 55a79f6450f0 called init()
[1;32mDEBUG [0m]: LayerSurface 55a79fc69ac0 (namespace putkin-panel layer 3) created on monitor HEADLESS-2
[1;32mDEBUG [0m]: [CLayerShellProtocol] New wlr_layer_surface 55a79fc69ac0
[1;32mDEBUG [0m]: cursorImage request: shape 1 -> default
[1;32mDEBUG [0m]: [CWLCompositorResource] New wl_region with id 128 at 55a79f694350
[1;32mDEBUG [0m]: [CWLCompositorResource] New wl_region with id 127 at 55a79f694350
[1;32mDEBUG [0m]: [CLinuxDMABUFParamsResource] Creating a dmabuf, with id 131: size [Vector2D: x: 552, y: 96], fmt AR24, planes 1
[1;32mDEBUG [0m]: [CLinuxDMABUFParamsResource]  | plane 0: mod 72057594037927952 fd 89 stride 2304 offset 0
[1;32mDEBUG [0m]: LayerSurface 55a79fc69ac0 mapped
[1;32mDEBUG [0m]: [CLinuxDMABUFParamsResource] Creating a dmabuf, with id 130: size [Vector2D: x: 552, y: 96], fmt AR24, planes 1
[1;32mDEBUG [0m]: [CLinuxDMABUFParamsResource]  | plane 0: mod 72057594037927952 fd 98 stride 2304 offset 0
[1;32mDEBUG [0m]: [CLinuxDMABUFParamsResource] Creating a dmabuf, with id 129: size [Vector2D: x: 552, y: 1068], fmt AR24, planes 1
[1;32mDEBUG [0m]: [CLinuxDMABUFParamsResource]  | plane 0: mod 72057594037927952 fd 103 stride 2304 offset 0
[1;32mDEBUG [0m]: [CWLSeatProtocol] New seat resource bound at 55a79f6365b0
[1;32mDEBUG [0m]: [CVirtualKeyboardProtocol] New VKeyboard at id 5
[1;32mDEBUG [0m]: ApplyConfigToKeyboard for "hl-virtual-keyboard-wtype", hasconfig: 0
[1;32mDEBUG [0m]: Attempting to create a keymap for layout us with variant  (rules: , model: , options: )
[1;32mDEBUG [0m]: Updating keyboard 55a79f694860's translation state from a provided keymap
[1;32mDEBUG [0m]: xkb: LED index 0 (name Num Lock) got index 1
[1;32mDEBUG [0m]: xkb: LED index 1 (name Caps Lock) got index 0
[1;32mDEBUG [0m]: xkb: LED index 2 (name Scroll Lock) got index 2
[1;32mDEBUG [0m]: xkb: Mod index 0 (name Shift) got index 0
[1;32mDEBUG [0m]: xkb: Mod index 1 (name Lock) got index 1
[1;32mDEBUG [0m]: xkb: Mod index 2 (name Control) got index 2
[1;32mDEBUG [0m]: xkb: Mod index 3 (name Mod1) got index 3
[1;32mDEBUG [0m]: xkb: Mod index 4 (name Mod2) got index 4
[1;32mDEBUG [0m]: xkb: Mod index 5 (name Mod3) got index 5
[1;32mDEBUG [0m]: xkb: Mod index 6 (name Mod4) got index 6
[1;32mDEBUG [0m]: xkb: Mod index 7 (name Mod5) got index 7
[1;32mDEBUG [0m]: Updating keymap fd for keyboard hl-virtual-keyboard-wtype
[1;32mDEBUG [0m]: Updated keymap fd to 108, keymap V1 to: 110
[1;32mDEBUG [0m]: Set the keyboard layout to us and variant to  for keyboard "hl-virtual-keyboard-wtype"
[1;32mDEBUG [0m]: New virtual keyboard created at 55a79f694860
[1;32mDEBUG [0m]: Updating keyboard 55a79f694860's translation state from a provided keymap
[1;32mDEBUG [0m]: Updating keymap fd for keyboard hl-virtual-keyboard-wtype
[1;32mDEBUG [0m]: Updated keymap fd to 108, keymap V1 to: 110
[1;32mDEBUG [0m]: [CLinuxDMABUFParamsResource] Creating a dmabuf, with id 127: size [Vector2D: x: 552, y: 1068], fmt AR24, planes 1
[1;32mDEBUG [0m]: [CLinuxDMABUFParamsResource]  | plane 0: mod 72057594037927952 fd 106 stride 2304 offset 0
[1;32mDEBUG [0m]: Keyboard at 55a79f694860 removed
[1;32mDEBUG [0m]: Destroyed keyboard 55a79f694860
[1;32mDEBUG [0m]: Hyprctl: new connection from pid 1299
[1;32mDEBUG [0m]: Destroy called for monitor HEADLESS-2
[1;32mDEBUG [0m]: onDisconnect called for HEADLESS-2
[1;32mDEBUG [0m]: Monitor HEADLESS-2 -> destroyed all render data
[1;32mDEBUG [0m]: Disconnecting Monitor HEADLESS-2 was on workspace 2
[1;32mDEBUG [0m]: Removed monitor HEADLESS-2!
[1;32mDEBUG [0mfrom aquamarine ]: GBM: Allocated a new buffer with size [Vector2D: x: 48, y: 48] and format AR24 with modifier 0x100000000000010 : 4_TILED_LNL_CCS
[1;32mDEBUG [0mfrom aquamarine ]: GBM: Allocated a new buffer with size [Vector2D: x: 48, y: 48] and format AR24 with modifier 0x100000000000010 : 4_TILED_LNL_CCS
[1;32mDEBUG [0mfrom aquamarine ]: Swapchain: Reconfigured a swapchain to [Vector2D: x: 48, y: 48] AR24 of length 2
[1;31mERR [0m]: getConvertedColor: failed to get image description
[1;32mDEBUG [0m]: moveWorkspaceToMonitor: Moving 2 to monitor 0
[1;32mDEBUG [0m]: moveWorkspaceToMonitor: Plugging gap with new 4
[1;32mDEBUG [0m]: moveWorkspaceToMonitor: Plugging gap with existing 4
[1;32mDEBUG [0m]: Destroying workspace ID 4
[1;32mDEBUG [0m]: Destroying workspace ID 2
[1;32mDEBUG [0m]: Monitor HEADLESS-2 -> destroyed all render data
[1;31mERR [0m]: getConvertedColor: failed to get image description
[1;32mDEBUG [0m]: arrangeMonitors: 2 to arrange
[1;32mDEBUG [0m]: arrangeMonitors: HEADLESS-1 explicit [2000, 0]
[1;32mDEBUG [0m]: arrangeMonitors: WAYLAND-1 auto [3920, 0]
[1;32mDEBUG [0m]: arrangeMonitors: WAYLAND-1 xwayland [0, 0]
[1;32mDEBUG [0m]: arrangeMonitors: HEADLESS-1 xwayland [1920, 0]
[1;32mDEBUG [0m]: [CXDGOutputProtocol] updating all xdg_output heads
[1;31mERR [0m]: getConvertedColor: failed to get image description
[1;32mDEBUG [0m]: [CXDGOutputProtocol] updating all xdg_output heads
[1;32mDEBUG [0m]: Hyprctl: new connection from pid 34
[1;32mDEBUG [0m]: Hyprctl: new connection from pid 34
[1;32mDEBUG [0m]: LayerSurface 55a79fb112e0 destroyed
[1;33mWARN [0m]: Layersurface destroyed on an invalid monitor (removed?)
[1;32mDEBUG [0m]: Forcing an unmap of a LS that did a straight destroy!
[1;32mDEBUG [0m]: LayerSurface 55a79fb112e0 unmapped
[1;33mWARN [0m]: Layersurface unmapping on invalid monitor (removed?) ignoring.
[1;32mDEBUG [0m]: CWLSurface 55a79fd08270 called destroy()
[1;32mDEBUG [0m]: LayerSurface 55a79f6165b0 destroyed
[1;33mWARN [0m]: Layersurface destroyed on an invalid monitor (removed?)
[1;32mDEBUG [0m]: Forcing an unmap of a LS that did a straight destroy!
[1;32mDEBUG [0m]: LayerSurface 55a79f6165b0 unmapped
[1;33mWARN [0m]: Layersurface unmapping on invalid monitor (removed?) ignoring.
[1;32mDEBUG [0m]: CWLSurface 55a79f9ed900 called destroy()
[1;32mDEBUG [0m]: XCursor scanning theme default
[1;32mDEBUG [0m]: XCursor parsing index.theme /usr/share/icons/default/index.theme
[1;32mDEBUG [0m]: XCursor theme default inherits Adwaita
[1;32mDEBUG [0m]: XCursor scanning theme Adwaita
[1;32mDEBUG [0m]: XCursor using theme path /usr/share/icons/Adwaita/cursors
[1;32mDEBUG [0m]: XCursor parsing index.theme /usr/share/icons/Adwaita/index.theme
[1;32mDEBUG [0m]: XCursor theme Adwaita inherits AdwaitaLegacy
[1;32mDEBUG [0m]: XCursor theme Adwaita inherits hicolor
[1;32mDEBUG [0m]: XCursor scanning theme Adwaita
[1;32mDEBUG [0m]: XCursor using theme path /usr/share/icons/Adwaita/cursors
[1;32mDEBUG [0m]: XCursor parsing index.theme /usr/share/icons/Adwaita/index.theme
[1;32mDEBUG [0m]: XCursor theme Adwaita inherits AdwaitaLegacy
[1;32mDEBUG [0m]: XCursor theme Adwaita inherits hicolor
[1;32mDEBUG [0m]: XCursor scanning theme AdwaitaLegacy
[1;32mDEBUG [0m]: XCursor parsing index.theme /usr/share/icons/AdwaitaLegacy/index.theme
[1;32mDEBUG [0m]: XCursor theme AdwaitaLegacy inherits hicolor
[1;32mDEBUG [0m]: XCursor scanning theme hicolor
[1;32mDEBUG [0m]: XCursor parsing index.theme /usr/share/icons/hicolor/index.theme
[1;32mDEBUG [0m]: XCursor already has a shape default loaded, skipping
[1;32mDEBUG [0m]: XCursor already has a shape context-menu loaded, skipping
[1;32mDEBUG [0m]: XCursor already has a shape help loaded, skipping
[1;32mDEBUG [0m]: XCursor already has a shape pointer loaded, skipping
[1;32mDEBUG [0m]: XCursor already has a shape progress loaded, skipping
[1;32mDEBUG [0m]: XCursor already has a shape wait loaded, skipping
[1;32mDEBUG [0m]: XCursor failed to find a legacy shape with name plus, skipping
[1;32mDEBUG [0m]: XCursor already has a shape crosshair loaded, skipping
[1;32mDEBUG [0m]: XCursor already has a shape text loaded, skipping
[1;32mDEBUG [0m]: XCursor already has a shape vertical-text loaded, skipping
[1;32mDEBUG [0m]: XCursor failed to find a legacy shape with name dnd-link, skipping
[1;32mDEBUG [0m]: XCursor failed to find a legacy shape with name dnd-copy, skipping
[1;32mDEBUG [0m]: XCursor already has a shape move loaded, skipping
[1;32mDEBUG [0m]: XCursor failed to find a legacy shape with name dnd-none, skipping
[1;32mDEBUG [0m]: XCursor failed to find a legacy shape with name crossed_circle, skipping
[1;32mDEBUG [0m]: XCursor already has a shape grab loaded, skipping
[1;32mDEBUG [0m]: XCursor already has a shape grabbing loaded, skipping
[1;32mDEBUG [0m]: XCursor already has a shape e-resize loaded, skipping
[1;32mDEBUG [0m]: XCursor already has a shape n-resize loaded, skipping
[1;32mDEBUG [0m]: XCursor already has a shape ne-resize loaded, skipping
[1;32mDEBUG [0m]: XCursor already has a shape nw-resize loaded, skipping
[1;32mDEBUG [0m]: XCursor already has a shape s-resize loaded, skipping
[1;32mDEBUG [0m]: XCursor already has a shape se-resize loaded, skipping
[1;32mDEBUG [0m]: XCursor already has a shape sw-resize loaded, skipping
[1;32mDEBUG [0m]: XCursor already has a shape w-resize loaded, skipping
[1;32mDEBUG [0m]: XCursor already has a shape ew-resize loaded, skipping
[1;32mDEBUG [0m]: XCursor already has a shape ns-resize loaded, skipping
[1;32mDEBUG [0m]: XCursor already has a shape nesw-resize loaded, skipping
[1;32mDEBUG [0m]: XCursor already has a shape nwse-resize loaded, skipping
[1;32mDEBUG [0m]: XCursor already has a shape col-resize loaded, skipping
[1;32mDEBUG [0m]: XCursor already has a shape row-resize loaded, skipping
[1;32mDEBUG [0m]: XCursor already has a shape all-scroll loaded, skipping
[1;32mDEBUG [0m]: XCursor already has a shape zoom-in loaded, skipping
[1;32mDEBUG [0m]: XCursor already has a shape zoom-out loaded, skipping
[1;32mDEBUG [0m]: XCursor failed to find a legacy shape with name dnd-copy, skipping
[1;32mDEBUG [0m]: XCursor already has a shape all-resize loaded, skipping
[1;33mWARN [0m]: GSettings default schema source does not exist, can't sync GSettings
[1;33mWARN [0m]: GSettings parameter doesn't exist cursor-theme in org.gnome.desktop.interface
[1;33mWARN [0m]: GSettings default schema source does not exist, can't sync GSettings
[1;33mWARN [0m]: GSettings parameter doesn't exist cursor-size in org.gnome.desktop.interface
[1;32mDEBUG [0mfrom aquamarine ]: GBM: Allocated a new buffer with size [Vector2D: x: 24, y: 24] and format AR24 with modifier 0x100000000000010 : 4_TILED_LNL_CCS
[1;32mDEBUG [0mfrom aquamarine ]: GBM: Allocated a new buffer with size [Vector2D: x: 24, y: 24] and format AR24 with modifier 0x100000000000010 : 4_TILED_LNL_CCS
[1;32mDEBUG [0mfrom aquamarine ]: Swapchain: Reconfigured a swapchain to [Vector2D: x: 24, y: 24] AR24 of length 2
[1;31mERR [0m]: getConvertedColor: failed to get image description
[1;32mDEBUG [0m]: LayerSurface 55a79fc69ac0 destroyed
[1;33mWARN [0m]: Layersurface destroyed on an invalid monitor (removed?)
[1;32mDEBUG [0m]: Forcing an unmap of a LS that did a straight destroy!
[1;32mDEBUG [0m]: LayerSurface 55a79fc69ac0 unmapped
[1;33mWARN [0m]: Layersurface unmapping on invalid monitor (removed?) ignoring.
[1;32mDEBUG [0m]: CWLSurface 55a79f6450f0 called destroy()
[1;32mDEBUG [0m]: Hyprctl: new connection from pid 1306
[1;32mDEBUG [0m]: Hyprctl: new connection from pid 1307
[1;32mDEBUG [0m]: New aquamarine output with name HEADLESS-3
[1;32mDEBUG [0m]: [CMonitorStateTracker] New monitor: HEADLESS-3
[1;33mWARN [0m]: No rule found for HEADLESS-3, trying to use the first.
[1;32mDEBUG [0m]: Applying monitor rule for HEADLESS-3
[1;32mDEBUG [0mfrom aquamarine ]: GBM: Allocated a new buffer with size [Vector2D: x: 1920, y: 1080] and format XR24 with modifier 0x0 : LINEAR
[1;32mDEBUG [0mfrom aquamarine ]: GBM: Allocated a new buffer with size [Vector2D: x: 1920, y: 1080] and format XR24 with modifier 0x0 : LINEAR
[1;32mDEBUG [0mfrom aquamarine ]: GBM: Allocated a new buffer with size [Vector2D: x: 1920, y: 1080] and format XR24 with modifier 0x0 : LINEAR
[1;32mDEBUG [0mfrom aquamarine ]: Swapchain: Reconfigured a swapchain to [Vector2D: x: 1920, y: 1080] XR24 of length 3
[1;32mDEBUG [0m]: CMonitorState::ensureBufferPresent: no buffer or mismatched format, attaching one from the swapchain for modeset being possible
[1;32mDEBUG [0m]: Monitor HEADLESS-3: requested 1920x1080@60.00Hz, using preferred mode 1920x1080@60.00Hz
[1;32mDEBUG [0m]: output HEADLESS-3 succeeded basic test on format DRM_FORMAT_XRGB8888
[1;32mDEBUG [0m]: Monitor HEADLESS-3 -> destroyed all render data
[1;32mDEBUG [0m]: CMonitor::updateVCGTRamps: skipping, no gamma ramp for output
[1;32mDEBUG [0m]: Monitor HEADLESS-3 data dump: res 1920x1080@60.00Hz, scale 1.00, transform 0, pos -1x-1, 10b 0
[1;32mDEBUG [0m]: Added new monitor with name HEADLESS-3 at [-1, -1] with size [1920, 1080], pointer 55a79fcb77e0
[1;32mDEBUG [0m]: New monitor: WORKSPACEID 2, exists: 0
[1;32mDEBUG [0m]: checking if we have seen this monitor before: HEADLESS-3
[1;32mDEBUG [0m]: Monitor HEADLESS-3 was not on any workspace
[1;31mERR [0m]: getConvertedColor: failed to get image description
[1;32mDEBUG [0m]: [IWaylandProtocol] Registered global [WLOutput (HEADLESS-3)]
[1;32mDEBUG [0m]: arrangeMonitors: 3 to arrange
[1;32mDEBUG [0m]: arrangeMonitors: HEADLESS-1 explicit [2000, 0]
[1;32mDEBUG [0m]: arrangeMonitors: WAYLAND-1 auto [3920, 0]
[1;32mDEBUG [0m]: arrangeMonitors: HEADLESS-3 auto [5840, 0]
[1;32mDEBUG [0m]: arrangeMonitors: WAYLAND-1 xwayland [0, 0]
[1;32mDEBUG [0m]: arrangeMonitors: HEADLESS-1 xwayland [1920, 0]
[1;32mDEBUG [0m]: arrangeMonitors: HEADLESS-3 xwayland [3840, 0]
[1;32mDEBUG [0m]: [CXDGOutputProtocol] updating all xdg_output heads
[1;31mERR [0m]: getConvertedColor: failed to get image description
[1;32mDEBUG [0m]: [CXDGOutputProtocol] updating all xdg_output heads
[1;33mWARN [0m]: No rule found for WAYLAND-1, trying to use the first.
[1;33mWARN [0m]: No rule found for HEADLESS-3, trying to use the first.
[1;32mDEBUG [0m]: Framebuffer "Monitor HEADLESS-3 blur FB" created, status 36053
[1;32mDEBUG [0m]: Framebuffer "Monitor HEADLESS-3 workbuffer" created, status 36053
[1;33mWARN [0m]: FIXME: color management protocol is enabled and outputs changed, check preferred image description changes
[1;32mDEBUG [0m]: Hyprctl: new connection from pid 34
[1;32mDEBUG [0m]: Hyprctl: new connection from pid 34
[1;32mDEBUG [0m]: [CXDGOutputProtocol] New xdg_output for HEADLESS-3: client 55a79f5b0f40 (not xwayland)
[1;32mDEBUG [0m]: [CXDGOutputProtocol] New xdg_output for HEADLESS-3: client 55a79f4eb9a0 (not xwayland)
[1;32mDEBUG [0m]: Hyprctl: new connection from pid 1308
[1;32mDEBUG [0m]: Hyprctl: new connection from pid 1309
[1;32mDEBUG [0m]: Hyprctl: keyword monitor : HEADLESS-3,1920x1080@60,4000x0,1.5
[1;32mDEBUG [0m]: ApplyConfigToKeyboard for "wl_keyboard", hasconfig: 0
[1;32mDEBUG [0m]: Not applying config to keyboard, it did not change.
[1;33mWARN [0m]: No rule found for WAYLAND-1, trying to use the first.
[1;32mDEBUG [0m]: Applying monitor rule for HEADLESS-3
[1;32mDEBUG [0m]: Monitor HEADLESS-3: requested 1920x1080@60.00Hz, using preferred mode 1920x1080@60.00Hz
[1;32mDEBUG [0m]: output HEADLESS-3 succeeded basic test on format DRM_FORMAT_XRGB8888
[1;32mDEBUG [0m]: CMonitor::updateVCGTRamps: skipping, no gamma ramp for output
[1;32mDEBUG [0m]: Monitor HEADLESS-3 data dump: res 1920x1080@60.00Hz, scale 1.50, transform 0, pos 5840x0, 10b 0
[1;33mWARN [0m]: FIXME: color management protocol is enabled and outputs changed, check preferred image description changes
[1;32mDEBUG [0m]: arrangeMonitors: 3 to arrange
[1;32mDEBUG [0m]: arrangeMonitors: HEADLESS-1 explicit [2000, 0]
[1;32mDEBUG [0m]: arrangeMonitors: HEADLESS-3 explicit [4000, 0]
[1;32mDEBUG [0m]: arrangeMonitors: WAYLAND-1 auto [5280, 0]
[1;32mDEBUG [0m]: arrangeMonitors: WAYLAND-1 xwayland [0, 0]
[1;32mDEBUG [0m]: arrangeMonitors: HEADLESS-1 xwayland [1920, 0]
[1;32mDEBUG [0m]: arrangeMonitors: HEADLESS-3 xwayland [3840, 0]
[1;32mDEBUG [0m]: [CXDGOutputProtocol] updating all xdg_output heads
[1;31mERR [0m]: getConvertedColor: failed to get image description
[1;32mDEBUG [0m]: [CXDGOutputProtocol] updating all xdg_output heads
[1;31mERR [0m]: getConvertedColor: failed to get image description
[1;32mDEBUG [0m]: [CXDGOutputProtocol] updating all xdg_output heads
[1;31mERR [0m]: getConvertedColor: failed to get image description
[1;32mDEBUG [0m]: [CWLCompositorResource] New wl_surface with id 124 at 55a79f76a750
[1;32mDEBUG [0m]: [CWLCompositorResource] New wl_surface with id 79 at 55a79f76a750
[1;32mDEBUG [0m]: CWLSurface 55a79fff9b30 called init()
[1;32mDEBUG [0m]: LayerSurface 55a79fc69ac0 (namespace putkin-bar layer 2) created on monitor HEADLESS-3
[1;32mDEBUG [0m]: [CLayerShellProtocol] New wlr_layer_surface 55a79fc69ac0
[1;32mDEBUG [0m]: [CWLCompositorResource] New wl_surface with id 127 at 55a79f85d390
[1;32mDEBUG [0m]: [CWLCompositorResource] New wl_surface with id 118 at 55a79f85d390
[1;32mDEBUG [0m]: CWLSurface 55a79fc33d50 called init()
[1;32mDEBUG [0m]: LayerSurface 55a79f6165b0 (namespace putkin-wallpaper layer 0) created on monitor HEADLESS-3
[1;32mDEBUG [0m]: [CLayerShellProtocol] New wlr_layer_surface 55a79f6165b0
[1;32mDEBUG [0m]: [CWLCompositorResource] New wl_region with id 113 at 55a79f613f70
[1;32mDEBUG [0m]: [CLinuxDMABUFParamsResource] Creating a dmabuf, with id 124: size [Vector2D: x: 1920, y: 48], fmt AR24, planes 1
[1;32mDEBUG [0m]: [CLinuxDMABUFParamsResource]  | plane 0: mod 72057594037927952 fd 48 stride 7680 offset 0
[1;32mDEBUG [0m]: LayerSurface 55a79fc69ac0 mapped
[1;32mDEBUG [0m]: [CWLCompositorResource] New wl_region with id 106 at 55a79f1449f0
[1;32mDEBUG [0m]: [CWLCompositorResource] New wl_region with id 96 at 55a79fa537f0
[1;32mDEBUG [0m]: [CLinuxDMABUFParamsResource] Creating a dmabuf, with id 116: size [Vector2D: x: 1920, y: 1080], fmt AR24, planes 1
[1;32mDEBUG [0m]: [CLinuxDMABUFParamsResource]  | plane 0: mod 72057594037927952 fd 52 stride 7680 offset 0
[1;32mDEBUG [0m]: LayerSurface 55a79f6165b0 mapped
[1;32mDEBUG [0m]: [CLinuxDMABUFParamsResource] Creating a dmabuf, with id 96: size [Vector2D: x: 1920, y: 48], fmt AR24, planes 1
[1;32mDEBUG [0m]: [CLinuxDMABUFParamsResource]  | plane 0: mod 72057594037927952 fd 93 stride 7680 offset 0
[1;32mDEBUG [0m]: Hyprctl: new connection from pid 1320
[1;32mDEBUG [0m]: Hyprctl: dispatcher focusmonitor : HEADLESS-3
[1;32mDEBUG [0m]: [CLinuxDMABUFParamsResource] Creating a dmabuf, with id 113: size [Vector2D: x: 1920, y: 48], fmt AR24, planes 1
[1;32mDEBUG [0m]: [CLinuxDMABUFParamsResource]  | plane 0: mod 72057594037927952 fd 95 stride 7680 offset 0
[1;32mDEBUG [0m]: [CWLCompositorResource] New wl_surface with id 110 at 55a79fde4500
[1;32mDEBUG [0m]: [CWLCompositorResource] New wl_surface with id 114 at 55a79fde4500
[1;32mDEBUG [0m]: [CPrimarySelectionProtocol] CPrimarySelectionProtocol::updateSelection: cannot send selection to a client without a data_device
[1;32mDEBUG [0m]: CWLSurface 55a79e762e50 called init()
[1;32mDEBUG [0m]: LayerSurface 55a79fb112e0 (namespace putkin-panel layer 3) created on monitor HEADLESS-3
[1;32mDEBUG [0m]: [CLayerShellProtocol] New wlr_layer_surface 55a79fb112e0
[1;32mDEBUG [0m]: cursorImage request: shape 1 -> default
[1;32mDEBUG [0m]: XCursor scanning theme default
[1;32mDEBUG [0m]: XCursor parsing index.theme /usr/share/icons/default/index.theme
[1;32mDEBUG [0m]: XCursor theme default inherits Adwaita
[1;32mDEBUG [0m]: XCursor scanning theme Adwaita
[1;32mDEBUG [0m]: XCursor using theme path /usr/share/icons/Adwaita/cursors
[1;32mDEBUG [0m]: XCursor parsing index.theme /usr/share/icons/Adwaita/index.theme
[1;32mDEBUG [0m]: XCursor theme Adwaita inherits AdwaitaLegacy
[1;32mDEBUG [0m]: XCursor theme Adwaita inherits hicolor
[1;32mDEBUG [0m]: XCursor scanning theme Adwaita
[1;32mDEBUG [0m]: XCursor using theme path /usr/share/icons/Adwaita/cursors
[1;32mDEBUG [0m]: XCursor parsing index.theme /usr/share/icons/Adwaita/index.theme
[1;32mDEBUG [0m]: XCursor theme Adwaita inherits AdwaitaLegacy
[1;32mDEBUG [0m]: XCursor theme Adwaita inherits hicolor
[1;32mDEBUG [0m]: XCursor scanning theme AdwaitaLegacy
[1;32mDEBUG [0m]: XCursor parsing index.theme /usr/share/icons/AdwaitaLegacy/index.theme
[1;32mDEBUG [0m]: XCursor theme AdwaitaLegacy inherits hicolor
[1;32mDEBUG [0m]: XCursor scanning theme hicolor
[1;32mDEBUG [0m]: XCursor parsing index.theme /usr/share/icons/hicolor/index.theme
[1;32mDEBUG [0m]: XCursor already has a shape default loaded, skipping
[1;32mDEBUG [0m]: XCursor already has a shape context-menu loaded, skipping
[1;32mDEBUG [0m]: XCursor already has a shape help loaded, skipping
[1;32mDEBUG [0m]: XCursor already has a shape pointer loaded, skipping
[1;32mDEBUG [0m]: XCursor already has a shape progress loaded, skipping
[1;32mDEBUG [0m]: XCursor already has a shape wait loaded, skipping
[1;32mDEBUG [0m]: XCursor failed to find a legacy shape with name plus, skipping
[1;32mDEBUG [0m]: XCursor already has a shape crosshair loaded, skipping
[1;32mDEBUG [0m]: XCursor already has a shape text loaded, skipping
[1;32mDEBUG [0m]: XCursor already has a shape vertical-text loaded, skipping
[1;32mDEBUG [0m]: XCursor failed to find a legacy shape with name dnd-link, skipping
[1;32mDEBUG [0m]: XCursor failed to find a legacy shape with name dnd-copy, skipping
[1;32mDEBUG [0m]: XCursor already has a shape move loaded, skipping
[1;32mDEBUG [0m]: XCursor failed to find a legacy shape with name dnd-none, skipping
[1;32mDEBUG [0m]: XCursor failed to find a legacy shape with name crossed_circle, skipping
[1;32mDEBUG [0m]: XCursor already has a shape grab loaded, skipping
[1;32mDEBUG [0m]: XCursor already has a shape grabbing loaded, skipping
[1;32mDEBUG [0m]: XCursor already has a shape e-resize loaded, skipping
[1;32mDEBUG [0m]: XCursor already has a shape n-resize loaded, skipping
[1;32mDEBUG [0m]: XCursor already has a shape ne-resize loaded, skipping
[1;32mDEBUG [0m]: XCursor already has a shape nw-resize loaded, skipping
[1;32mDEBUG [0m]: XCursor already has a shape s-resize loaded, skipping
[1;32mDEBUG [0m]: XCursor already has a shape se-resize loaded, skipping
[1;32mDEBUG [0m]: XCursor already has a shape sw-resize loaded, skipping
[1;32mDEBUG [0m]: XCursor already has a shape w-resize loaded, skipping
[1;32mDEBUG [0m]: XCursor already has a shape ew-resize loaded, skipping
[1;32mDEBUG [0m]: XCursor already has a shape ns-resize loaded, skipping
[1;32mDEBUG [0m]: XCursor already has a shape nesw-resize loaded, skipping
[1;32mDEBUG [0m]: XCursor already has a shape nwse-resize loaded, skipping
[1;32mDEBUG [0m]: XCursor already has a shape col-resize loaded, skipping
[1;32mDEBUG [0m]: XCursor already has a shape row-resize loaded, skipping
[1;32mDEBUG [0m]: XCursor already has a shape all-scroll loaded, skipping
[1;32mDEBUG [0m]: XCursor already has a shape zoom-in loaded, skipping
[1;32mDEBUG [0m]: XCursor already has a shape zoom-out loaded, skipping
[1;32mDEBUG [0m]: XCursor failed to find a legacy shape with name dnd-copy, skipping
[1;32mDEBUG [0m]: XCursor already has a shape all-resize loaded, skipping
[1;33mWARN [0m]: GSettings default schema source does not exist, can't sync GSettings
[1;33mWARN [0m]: GSettings parameter doesn't exist cursor-theme in org.gnome.desktop.interface
[1;33mWARN [0m]: GSettings default schema source does not exist, can't sync GSettings
[1;33mWARN [0m]: GSettings parameter doesn't exist cursor-size in org.gnome.desktop.interface
[1;32mDEBUG [0m]: [CWLCompositorResource] New wl_region with id 110 at 55a79fbf4af0
[1;32mDEBUG [0m]: [CLinuxDMABUFParamsResource] Creating a dmabuf, with id 134: size [Vector2D: x: 552, y: 744], fmt AR24, planes 1
[1;32mDEBUG [0m]: [CLinuxDMABUFParamsResource]  | plane 0: mod 72057594037927952 fd 53 stride 2304 offset 0
[1;32mDEBUG [0m]: LayerSurface 55a79fb112e0 mapped
[1;32mDEBUG [0m]: [CLinuxDMABUFParamsResource] Creating a dmabuf, with id 133: size [Vector2D: x: 552, y: 1008], fmt AR24, planes 1
[1;32mDEBUG [0m]: [CLinuxDMABUFParamsResource]  | plane 0: mod 72057594037927952 fd 96 stride 2304 offset 0
[1;32mDEBUG [0m]: [CLinuxDMABUFParamsResource] Creating a dmabuf, with id 135: size [Vector2D: x: 552, y: 1008], fmt AR24, planes 1
[1;32mDEBUG [0m]: [CLinuxDMABUFParamsResource]  | plane 0: mod 72057594037927952 fd 53 stride 2304 offset 0
[1;32mDEBUG [0m]: Hyprctl: new connection from pid 1336
[1;32mDEBUG [0m]: Destroy called for monitor HEADLESS-3
[1;32mDEBUG [0m]: onDisconnect called for HEADLESS-3
[1;32mDEBUG [0m]: Monitor HEADLESS-3 -> destroyed all render data
[1;32mDEBUG [0m]: Disconnecting Monitor HEADLESS-3 was on workspace 2
[1;32mDEBUG [0m]: Removed monitor HEADLESS-3!
[1;32mDEBUG [0mfrom aquamarine ]: GBM: Allocated a new buffer with size [Vector2D: x: 48, y: 48] and format AR24 with modifier 0x100000000000010 : 4_TILED_LNL_CCS
[1;32mDEBUG [0mfrom aquamarine ]: GBM: Allocated a new buffer with size [Vector2D: x: 48, y: 48] and format AR24 with modifier 0x100000000000010 : 4_TILED_LNL_CCS
[1;32mDEBUG [0mfrom aquamarine ]: Swapchain: Reconfigured a swapchain to [Vector2D: x: 48, y: 48] AR24 of length 2
[1;31mERR [0m]: getConvertedColor: failed to get image description
[1;32mDEBUG [0m]: moveWorkspaceToMonitor: Moving 2 to monitor 0
[1;32mDEBUG [0m]: moveWorkspaceToMonitor: Plugging gap with new 4
[1;32mDEBUG [0m]: moveWorkspaceToMonitor: Plugging gap with existing 4
[1;32mDEBUG [0m]: Destroying workspace ID 4
[1;32mDEBUG [0m]: Destroying workspace ID 2
[1;32mDEBUG [0m]: Monitor HEADLESS-3 -> destroyed all render data
[1;31mERR [0m]: getConvertedColor: failed to get image description
[1;32mDEBUG [0m]: arrangeMonitors: 2 to arrange
[1;32mDEBUG [0m]: arrangeMonitors: HEADLESS-1 explicit [2000, 0]
[1;32mDEBUG [0m]: arrangeMonitors: WAYLAND-1 auto [3920, 0]
[1;32mDEBUG [0m]: arrangeMonitors: WAYLAND-1 xwayland [0, 0]
[1;32mDEBUG [0m]: arrangeMonitors: HEADLESS-1 xwayland [1920, 0]
[1;32mDEBUG [0m]: [CXDGOutputProtocol] updating all xdg_output heads
[1;31mERR [0m]: getConvertedColor: failed to get image description
[1;32mDEBUG [0m]: [CXDGOutputProtocol] updating all xdg_output heads
[1;32mDEBUG [0m]: Hyprctl: new connection from pid 34
[1;32mDEBUG [0m]: Hyprctl: new connection from pid 34
[1;32mDEBUG [0m]: LayerSurface 55a79f6165b0 destroyed
[1;33mWARN [0m]: Layersurface destroyed on an invalid monitor (removed?)
[1;32mDEBUG [0m]: Forcing an unmap of a LS that did a straight destroy!
[1;32mDEBUG [0m]: LayerSurface 55a79f6165b0 unmapped
[1;33mWARN [0m]: Layersurface unmapping on invalid monitor (removed?) ignoring.
[1;32mDEBUG [0m]: CWLSurface 55a79fc33d50 called destroy()
[1;32mDEBUG [0m]: LayerSurface 55a79fc69ac0 destroyed
[1;33mWARN [0m]: Layersurface destroyed on an invalid monitor (removed?)
[1;32mDEBUG [0m]: Forcing an unmap of a LS that did a straight destroy!
[1;32mDEBUG [0m]: LayerSurface 55a79fc69ac0 unmapped
[1;33mWARN [0m]: Layersurface unmapping on invalid monitor (removed?) ignoring.
[1;32mDEBUG [0m]: CWLSurface 55a79fff9b30 called destroy()
[1;32mDEBUG [0m]: XCursor scanning theme default
[1;32mDEBUG [0m]: XCursor parsing index.theme /usr/share/icons/default/index.theme
[1;32mDEBUG [0m]: XCursor theme default inherits Adwaita
[1;32mDEBUG [0m]: XCursor scanning theme Adwaita
[1;32mDEBUG [0m]: XCursor using theme path /usr/share/icons/Adwaita/cursors
[1;32mDEBUG [0m]: XCursor parsing index.theme /usr/share/icons/Adwaita/index.theme
[1;32mDEBUG [0m]: XCursor theme Adwaita inherits AdwaitaLegacy
[1;32mDEBUG [0m]: XCursor theme Adwaita inherits hicolor
[1;32mDEBUG [0m]: XCursor scanning theme Adwaita
[1;32mDEBUG [0m]: XCursor using theme path /usr/share/icons/Adwaita/cursors
[1;32mDEBUG [0m]: XCursor parsing index.theme /usr/share/icons/Adwaita/index.theme
[1;32mDEBUG [0m]: XCursor theme Adwaita inherits AdwaitaLegacy
[1;32mDEBUG [0m]: XCursor theme Adwaita inherits hicolor
[1;32mDEBUG [0m]: XCursor scanning theme AdwaitaLegacy
[1;32mDEBUG [0m]: XCursor parsing index.theme /usr/share/icons/AdwaitaLegacy/index.theme
[1;32mDEBUG [0m]: XCursor theme AdwaitaLegacy inherits hicolor
[1;32mDEBUG [0m]: XCursor scanning theme hicolor
[1;32mDEBUG [0m]: XCursor parsing index.theme /usr/share/icons/hicolor/index.theme
[1;32mDEBUG [0m]: XCursor already has a shape default loaded, skipping
[1;32mDEBUG [0m]: XCursor already has a shape context-menu loaded, skipping
[1;32mDEBUG [0m]: XCursor already has a shape help loaded, skipping
[1;32mDEBUG [0m]: XCursor already has a shape pointer loaded, skipping
[1;32mDEBUG [0m]: XCursor already has a shape progress loaded, skipping
[1;32mDEBUG [0m]: XCursor already has a shape wait loaded, skipping
[1;32mDEBUG [0m]: XCursor failed to find a legacy shape with name plus, skipping
[1;32mDEBUG [0m]: XCursor already has a shape crosshair loaded, skipping
[1;32mDEBUG [0m]: XCursor already has a shape text loaded, skipping
[1;32mDEBUG [0m]: XCursor already has a shape vertical-text loaded, skipping
[1;32mDEBUG [0m]: XCursor failed to find a legacy shape with name dnd-link, skipping
[1;32mDEBUG [0m]: XCursor failed to find a legacy shape with name dnd-copy, skipping
[1;32mDEBUG [0m]: XCursor already has a shape move loaded, skipping
[1;32mDEBUG [0m]: XCursor failed to find a legacy shape with name dnd-none, skipping
[1;32mDEBUG [0m]: XCursor failed to find a legacy shape with name crossed_circle, skipping
[1;32mDEBUG [0m]: XCursor already has a shape grab loaded, skipping
[1;32mDEBUG [0m]: XCursor already has a shape grabbing loaded, skipping
[1;32mDEBUG [0m]: XCursor already has a shape e-resize loaded, skipping
[1;32mDEBUG [0m]: XCursor already has a shape n-resize loaded, skipping
[1;32mDEBUG [0m]: XCursor already has a shape ne-resize loaded, skipping
[1;32mDEBUG [0m]: XCursor already has a shape nw-resize loaded, skipping
[1;32mDEBUG [0m]: XCursor already has a shape s-resize loaded, skipping
[1;32mDEBUG [0m]: XCursor already has a shape se-resize loaded, skipping
[1;32mDEBUG [0m]: XCursor already has a shape sw-resize loaded, skipping
[1;32mDEBUG [0m]: XCursor already has a shape w-resize loaded, skipping
[1;32mDEBUG [0m]: XCursor already has a shape ew-resize loaded, skipping
[1;32mDEBUG [0m]: XCursor already has a shape ns-resize loaded, skipping
[1;32mDEBUG [0m]: XCursor already has a shape nesw-resize loaded, skipping
[1;32mDEBUG [0m]: XCursor already has a shape nwse-resize loaded, skipping
[1;32mDEBUG [0m]: XCursor already has a shape col-resize loaded, skipping
[1;32mDEBUG [0m]: XCursor already has a shape row-resize loaded, skipping
[1;32mDEBUG [0m]: XCursor already has a shape all-scroll loaded, skipping
[1;32mDEBUG [0m]: XCursor already has a shape zoom-in loaded, skipping
[1;32mDEBUG [0m]: XCursor already has a shape zoom-out loaded, skipping
[1;32mDEBUG [0m]: XCursor failed to find a legacy shape with name dnd-copy, skipping
[1;32mDEBUG [0m]: XCursor already has a shape all-resize loaded, skipping
[1;33mWARN [0m]: GSettings default schema source does not exist, can't sync GSettings
[1;33mWARN [0m]: GSettings parameter doesn't exist cursor-theme in org.gnome.desktop.interface
[1;33mWARN [0m]: GSettings default schema source does not exist, can't sync GSettings
[1;33mWARN [0m]: GSettings parameter doesn't exist cursor-size in org.gnome.desktop.interface
[1;32mDEBUG [0mfrom aquamarine ]: GBM: Allocated a new buffer with size [Vector2D: x: 24, y: 24] and format AR24 with modifier 0x100000000000010 : 4_TILED_LNL_CCS
[1;32mDEBUG [0mfrom aquamarine ]: GBM: Allocated a new buffer with size [Vector2D: x: 24, y: 24] and format AR24 with modifier 0x100000000000010 : 4_TILED_LNL_CCS
[1;32mDEBUG [0mfrom aquamarine ]: Swapchain: Reconfigured a swapchain to [Vector2D: x: 24, y: 24] AR24 of length 2
[1;31mERR [0m]: getConvertedColor: failed to get image description
[1;32mDEBUG [0m]: LayerSurface 55a79fb112e0 destroyed
[1;33mWARN [0m]: Layersurface destroyed on an invalid monitor (removed?)
[1;32mDEBUG [0m]: Forcing an unmap of a LS that did a straight destroy!
[1;32mDEBUG [0m]: LayerSurface 55a79fb112e0 unmapped
[1;33mWARN [0m]: Layersurface unmapping on invalid monitor (removed?) ignoring.
[1;32mDEBUG [0m]: CWLSurface 55a79e762e50 called destroy()
[1;32mDEBUG [0m]: Hyprctl: new connection from pid 1341
[1;32mDEBUG [0m]: Hyprctl: new connection from pid 1342
[1;32mDEBUG [0m]: New aquamarine output with name HEADLESS-4
[1;32mDEBUG [0m]: [CMonitorStateTracker] New monitor: HEADLESS-4
[1;33mWARN [0m]: No rule found for HEADLESS-4, trying to use the first.
[1;32mDEBUG [0m]: Applying monitor rule for HEADLESS-4
[1;32mDEBUG [0mfrom aquamarine ]: GBM: Allocated a new buffer with size [Vector2D: x: 1920, y: 1080] and format XR24 with modifier 0x0 : LINEAR
[1;32mDEBUG [0mfrom aquamarine ]: GBM: Allocated a new buffer with size [Vector2D: x: 1920, y: 1080] and format XR24 with modifier 0x0 : LINEAR
[1;32mDEBUG [0mfrom aquamarine ]: GBM: Allocated a new buffer with size [Vector2D: x: 1920, y: 1080] and format XR24 with modifier 0x0 : LINEAR
[1;32mDEBUG [0mfrom aquamarine ]: Swapchain: Reconfigured a swapchain to [Vector2D: x: 1920, y: 1080] XR24 of length 3
[1;32mDEBUG [0m]: CMonitorState::ensureBufferPresent: no buffer or mismatched format, attaching one from the swapchain for modeset being possible
[1;32mDEBUG [0m]: Monitor HEADLESS-4: requested 1920x1080@60.00Hz, using preferred mode 1920x1080@60.00Hz
[1;32mDEBUG [0m]: output HEADLESS-4 succeeded basic test on format DRM_FORMAT_XRGB8888
[1;32mDEBUG [0m]: Monitor HEADLESS-4 -> destroyed all render data
[1;32mDEBUG [0m]: CMonitor::updateVCGTRamps: skipping, no gamma ramp for output
[1;32mDEBUG [0m]: Monitor HEADLESS-4 data dump: res 1920x1080@60.00Hz, scale 1.00, transform 0, pos -1x-1, 10b 0
[1;32mDEBUG [0m]: Added new monitor with name HEADLESS-4 at [-1, -1] with size [1920, 1080], pointer 55a79fcb77e0
[1;32mDEBUG [0m]: New monitor: WORKSPACEID 2, exists: 0
[1;32mDEBUG [0m]: checking if we have seen this monitor before: HEADLESS-4
[1;32mDEBUG [0m]: Monitor HEADLESS-4 was not on any workspace
[1;31mERR [0m]: getConvertedColor: failed to get image description
[1;32mDEBUG [0m]: [IWaylandProtocol] Registered global [WLOutput (HEADLESS-4)]
[1;32mDEBUG [0m]: arrangeMonitors: 3 to arrange
[1;32mDEBUG [0m]: arrangeMonitors: HEADLESS-1 explicit [2000, 0]
[1;32mDEBUG [0m]: arrangeMonitors: WAYLAND-1 auto [3920, 0]
[1;32mDEBUG [0m]: arrangeMonitors: HEADLESS-4 auto [5840, 0]
[1;32mDEBUG [0m]: arrangeMonitors: WAYLAND-1 xwayland [0, 0]
[1;32mDEBUG [0m]: arrangeMonitors: HEADLESS-1 xwayland [1920, 0]
[1;32mDEBUG [0m]: arrangeMonitors: HEADLESS-4 xwayland [3840, 0]
[1;32mDEBUG [0m]: [CXDGOutputProtocol] updating all xdg_output heads
[1;31mERR [0m]: getConvertedColor: failed to get image description
[1;32mDEBUG [0m]: [CXDGOutputProtocol] updating all xdg_output heads
[1;33mWARN [0m]: No rule found for WAYLAND-1, trying to use the first.
[1;33mWARN [0m]: No rule found for HEADLESS-4, trying to use the first.
[1;32mDEBUG [0m]: Framebuffer "Monitor HEADLESS-4 blur FB" created, status 36053
[1;32mDEBUG [0m]: Framebuffer "Monitor HEADLESS-4 workbuffer" created, status 36053
[1;33mWARN [0m]: FIXME: color management protocol is enabled and outputs changed, check preferred image description changes
[1;32mDEBUG [0m]: Hyprctl: new connection from pid 34
[1;32mDEBUG [0m]: Hyprctl: new connection from pid 34
[1;32mDEBUG [0m]: [CXDGOutputProtocol] New xdg_output for HEADLESS-4: client 55a79f5b0f40 (not xwayland)
[1;32mDEBUG [0m]: [CXDGOutputProtocol] New xdg_output for HEADLESS-4: client 55a79f4eb9a0 (not xwayland)
[1;32mDEBUG [0m]: Hyprctl: new connection from pid 1343
[1;32mDEBUG [0m]: Hyprctl: new connection from pid 1344
[1;32mDEBUG [0m]: Hyprctl: keyword monitor : HEADLESS-4,1920x1080@60,4000x0,1.5
[1;32mDEBUG [0m]: ApplyConfigToKeyboard for "wl_keyboard", hasconfig: 0
[1;32mDEBUG [0m]: Not applying config to keyboard, it did not change.
[1;33mWARN [0m]: No rule found for WAYLAND-1, trying to use the first.
[1;32mDEBUG [0m]: Applying monitor rule for HEADLESS-4
[1;32mDEBUG [0m]: Monitor HEADLESS-4: requested 1920x1080@60.00Hz, using preferred mode 1920x1080@60.00Hz
[1;32mDEBUG [0m]: output HEADLESS-4 succeeded basic test on format DRM_FORMAT_XRGB8888
[1;32mDEBUG [0m]: CMonitor::updateVCGTRamps: skipping, no gamma ramp for output
[1;32mDEBUG [0m]: Monitor HEADLESS-4 data dump: res 1920x1080@60.00Hz, scale 1.50, transform 0, pos 5840x0, 10b 0
[1;33mWARN [0m]: FIXME: color management protocol is enabled and outputs changed, check preferred image description changes
[1;32mDEBUG [0m]: arrangeMonitors: 3 to arrange
[1;32mDEBUG [0m]: arrangeMonitors: HEADLESS-1 explicit [2000, 0]
[1;32mDEBUG [0m]: arrangeMonitors: HEADLESS-4 explicit [4000, 0]
[1;32mDEBUG [0m]: arrangeMonitors: WAYLAND-1 auto [5280, 0]
[1;32mDEBUG [0m]: arrangeMonitors: WAYLAND-1 xwayland [0, 0]
[1;32mDEBUG [0m]: arrangeMonitors: HEADLESS-1 xwayland [1920, 0]
[1;32mDEBUG [0m]: arrangeMonitors: HEADLESS-4 xwayland [3840, 0]
[1;32mDEBUG [0m]: [CXDGOutputProtocol] updating all xdg_output heads
[1;31mERR [0m]: getConvertedColor: failed to get image description
[1;32mDEBUG [0m]: [CXDGOutputProtocol] updating all xdg_output heads
[1;31mERR [0m]: getConvertedColor: failed to get image description
[1;32mDEBUG [0m]: [CXDGOutputProtocol] updating all xdg_output heads
[1;31mERR [0m]: getConvertedColor: failed to get image description
[1;32mDEBUG [0m]: [CWLCompositorResource] New wl_surface with id 136 at 55a79f76a750
[1;32mDEBUG [0m]: [CWLCompositorResource] New wl_surface with id 128 at 55a79f76a750
[1;32mDEBUG [0m]: CWLSurface 55a79f644eb0 called init()
[1;32mDEBUG [0m]: LayerSurface 55a79fb112e0 (namespace putkin-bar layer 2) created on monitor HEADLESS-4
[1;32mDEBUG [0m]: [CLayerShellProtocol] New wlr_layer_surface 55a79fb112e0
[1;32mDEBUG [0m]: [CWLCompositorResource] New wl_surface with id 133 at 55a7a00211b0
[1;32mDEBUG [0m]: [CWLCompositorResource] New wl_surface with id 107 at 55a7a00211b0
[1;32mDEBUG [0m]: CWLSurface 55a79f6222b0 called init()
[1;32mDEBUG [0m]: LayerSurface 55a79fc69ac0 (namespace putkin-wallpaper layer 0) created on monitor HEADLESS-4
[1;32mDEBUG [0m]: [CLayerShellProtocol] New wlr_layer_surface 55a79fc69ac0
[1;32mDEBUG [0m]: [CWLCompositorResource] New wl_region with id 101 at 55a79f63d1e0
[1;32mDEBUG [0m]: [CLinuxDMABUFParamsResource] Creating a dmabuf, with id 136: size [Vector2D: x: 1920, y: 48], fmt AR24, planes 1
[1;32mDEBUG [0m]: [CLinuxDMABUFParamsResource]  | plane 0: mod 72057594037927952 fd 49 stride 7680 offset 0
[1;32mDEBUG [0m]: LayerSurface 55a79fb112e0 mapped
[1;32mDEBUG [0m]: [CWLCompositorResource] New wl_region with id 96 at 55a79f64aaa0
[1;32mDEBUG [0m]: [CWLCompositorResource] New wl_region with id 112 at 55a79fd07900
[1;32mDEBUG [0m]: [CLinuxDMABUFParamsResource] Creating a dmabuf, with id 122: size [Vector2D: x: 1920, y: 1080], fmt AR24, planes 1
[1;32mDEBUG [0m]: [CLinuxDMABUFParamsResource]  | plane 0: mod 72057594037927952 fd 57 stride 7680 offset 0
[1;32mDEBUG [0m]: LayerSurface 55a79fc69ac0 mapped
[1;32mDEBUG [0m]: [CLinuxDMABUFParamsResource] Creating a dmabuf, with id 112: size [Vector2D: x: 1920, y: 48], fmt AR24, planes 1
[1;32mDEBUG [0m]: [CLinuxDMABUFParamsResource]  | plane 0: mod 72057594037927952 fd 93 stride 7680 offset 0
[1;32mDEBUG [0m]: Hyprctl: new connection from pid 1355
[1;32mDEBUG [0m]: Hyprctl: dispatcher focusmonitor : HEADLESS-4
[1;32mDEBUG [0m]: [CWLCompositorResource] New wl_surface with id 101 at 55a79e614330
[1;32mDEBUG [0m]: [CWLCompositorResource] New wl_surface with id 89 at 55a79e614330
[1;32mDEBUG [0m]: [CPrimarySelectionProtocol] CPrimarySelectionProtocol::updateSelection: cannot send selection to a client without a data_device
[1;32mDEBUG [0m]: CWLSurface 55a79fb5dc90 called init()
[1;32mDEBUG [0m]: LayerSurface 55a79f6165b0 (namespace putkin-panel layer 3) created on monitor HEADLESS-4
[1;32mDEBUG [0m]: [CLayerShellProtocol] New wlr_layer_surface 55a79f6165b0
[1;32mDEBUG [0m]: cursorImage request: shape 1 -> default
[1;32mDEBUG [0m]: XCursor scanning theme default
[1;32mDEBUG [0m]: XCursor parsing index.theme /usr/share/icons/default/index.theme
[1;32mDEBUG [0m]: XCursor theme default inherits Adwaita
[1;32mDEBUG [0m]: XCursor scanning theme Adwaita
[1;32mDEBUG [0m]: XCursor using theme path /usr/share/icons/Adwaita/cursors
[1;32mDEBUG [0m]: XCursor parsing index.theme /usr/share/icons/Adwaita/index.theme
[1;32mDEBUG [0m]: XCursor theme Adwaita inherits AdwaitaLegacy
[1;32mDEBUG [0m]: XCursor theme Adwaita inherits hicolor
[1;32mDEBUG [0m]: XCursor scanning theme Adwaita
[1;32mDEBUG [0m]: XCursor using theme path /usr/share/icons/Adwaita/cursors
[1;32mDEBUG [0m]: XCursor parsing index.theme /usr/share/icons/Adwaita/index.theme
[1;32mDEBUG [0m]: XCursor theme Adwaita inherits AdwaitaLegacy
[1;32mDEBUG [0m]: XCursor theme Adwaita inherits hicolor
[1;32mDEBUG [0m]: XCursor scanning theme AdwaitaLegacy
[1;32mDEBUG [0m]: XCursor parsing index.theme /usr/share/icons/AdwaitaLegacy/index.theme
[1;32mDEBUG [0m]: XCursor theme AdwaitaLegacy inherits hicolor
[1;32mDEBUG [0m]: XCursor scanning theme hicolor
[1;32mDEBUG [0m]: XCursor parsing index.theme /usr/share/icons/hicolor/index.theme
[1;32mDEBUG [0m]: XCursor already has a shape default loaded, skipping
[1;32mDEBUG [0m]: XCursor already has a shape context-menu loaded, skipping
[1;32mDEBUG [0m]: XCursor already has a shape help loaded, skipping
[1;32mDEBUG [0m]: XCursor already has a shape pointer loaded, skipping
[1;32mDEBUG [0m]: XCursor already has a shape progress loaded, skipping
[1;32mDEBUG [0m]: XCursor already has a shape wait loaded, skipping
[1;32mDEBUG [0m]: XCursor failed to find a legacy shape with name plus, skipping
[1;32mDEBUG [0m]: XCursor already has a shape crosshair loaded, skipping
[1;32mDEBUG [0m]: XCursor already has a shape text loaded, skipping
[1;32mDEBUG [0m]: XCursor already has a shape vertical-text loaded, skipping
[1;32mDEBUG [0m]: XCursor failed to find a legacy shape with name dnd-link, skipping
[1;32mDEBUG [0m]: XCursor failed to find a legacy shape with name dnd-copy, skipping
[1;32mDEBUG [0m]: XCursor already has a shape move loaded, skipping
[1;32mDEBUG [0m]: XCursor failed to find a legacy shape with name dnd-none, skipping
[1;32mDEBUG [0m]: XCursor failed to find a legacy shape with name crossed_circle, skipping
[1;32mDEBUG [0m]: XCursor already has a shape grab loaded, skipping
[1;32mDEBUG [0m]: XCursor already has a shape grabbing loaded, skipping
[1;32mDEBUG [0m]: XCursor already has a shape e-resize loaded, skipping
[1;32mDEBUG [0m]: XCursor already has a shape n-resize loaded, skipping
[1;32mDEBUG [0m]: XCursor already has a shape ne-resize loaded, skipping
[1;32mDEBUG [0m]: XCursor already has a shape nw-resize loaded, skipping
[1;32mDEBUG [0m]: XCursor already has a shape s-resize loaded, skipping
[1;32mDEBUG [0m]: XCursor already has a shape se-resize loaded, skipping
[1;32mDEBUG [0m]: XCursor already has a shape sw-resize loaded, skipping
[1;32mDEBUG [0m]: XCursor already has a shape w-resize loaded, skipping
[1;32mDEBUG [0m]: XCursor already has a shape ew-resize loaded, skipping
[1;32mDEBUG [0m]: XCursor already has a shape ns-resize loaded, skipping
[1;32mDEBUG [0m]: XCursor already has a shape nesw-resize loaded, skipping
[1;32mDEBUG [0m]: XCursor already has a shape nwse-resize loaded, skipping
[1;32mDEBUG [0m]: XCursor already has a shape col-resize loaded, skipping
[1;32mDEBUG [0m]: XCursor already has a shape row-resize loaded, skipping
[1;32mDEBUG [0m]: XCursor already has a shape all-scroll loaded, skipping
[1;32mDEBUG [0m]: XCursor already has a shape zoom-in loaded, skipping
[1;32mDEBUG [0m]: XCursor already has a shape zoom-out loaded, skipping
[1;32mDEBUG [0m]: XCursor failed to find a legacy shape with name dnd-copy, skipping
[1;32mDEBUG [0m]: XCursor already has a shape all-resize loaded, skipping
[1;33mWARN [0m]: GSettings default schema source does not exist, can't sync GSettings
[1;33mWARN [0m]: GSettings parameter doesn't exist cursor-theme in org.gnome.desktop.interface
[1;33mWARN [0m]: GSettings default schema source does not exist, can't sync GSettings
[1;33mWARN [0m]: GSettings parameter doesn't exist cursor-size in org.gnome.desktop.interface
[1;32mDEBUG [0m]: [CWLCompositorResource] New wl_region with id 101 at 55a79fff0790
[1;32mDEBUG [0m]: [CWLCompositorResource] New wl_region with id 136 at 55a79fff0790
[1;32mDEBUG [0m]: [CLinuxDMABUFParamsResource] Creating a dmabuf, with id 140: size [Vector2D: x: 552, y: 96], fmt AR24, planes 1
[1;32mDEBUG [0m]: [CLinuxDMABUFParamsResource]  | plane 0: mod 72057594037927952 fd 49 stride 2304 offset 0
[1;32mDEBUG [0m]: LayerSurface 55a79f6165b0 mapped
[1;32mDEBUG [0m]: [CLinuxDMABUFParamsResource] Creating a dmabuf, with id 139: size [Vector2D: x: 552, y: 96], fmt AR24, planes 1
[1;32mDEBUG [0m]: [CLinuxDMABUFParamsResource]  | plane 0: mod 72057594037927952 fd 92 stride 2304 offset 0
[1;32mDEBUG [0m]: [CLinuxDMABUFParamsResource] Creating a dmabuf, with id 138: size [Vector2D: x: 552, y: 1068], fmt AR24, planes 1
[1;32mDEBUG [0m]: [CLinuxDMABUFParamsResource]  | plane 0: mod 72057594037927952 fd 99 stride 2304 offset 0
[1;32mDEBUG [0m]: [CWLSeatProtocol] New seat resource bound at 55a7a0026e90
[1;32mDEBUG [0m]: [CVirtualKeyboardProtocol] New VKeyboard at id 5
[1;32mDEBUG [0m]: ApplyConfigToKeyboard for "hl-virtual-keyboard-wtype", hasconfig: 0
[1;32mDEBUG [0m]: Attempting to create a keymap for layout us with variant  (rules: , model: , options: )
[1;32mDEBUG [0m]: Updating keyboard 55a79f694860's translation state from a provided keymap
[1;32mDEBUG [0m]: xkb: LED index 0 (name Num Lock) got index 1
[1;32mDEBUG [0m]: xkb: LED index 1 (name Caps Lock) got index 0
[1;32mDEBUG [0m]: xkb: LED index 2 (name Scroll Lock) got index 2
[1;32mDEBUG [0m]: xkb: Mod index 0 (name Shift) got index 0
[1;32mDEBUG [0m]: xkb: Mod index 1 (name Lock) got index 1
[1;32mDEBUG [0m]: xkb: Mod index 2 (name Control) got index 2
[1;32mDEBUG [0m]: xkb: Mod index 3 (name Mod1) got index 3
[1;32mDEBUG [0m]: xkb: Mod index 4 (name Mod2) got index 4
[1;32mDEBUG [0m]: xkb: Mod index 5 (name Mod3) got index 5
[1;32mDEBUG [0m]: xkb: Mod index 6 (name Mod4) got index 6
[1;32mDEBUG [0m]: xkb: Mod index 7 (name Mod5) got index 7
[1;32mDEBUG [0m]: Updating keymap fd for keyboard hl-virtual-keyboard-wtype
[1;32mDEBUG [0m]: Updated keymap fd to 104, keymap V1 to: 106
[1;32mDEBUG [0m]: Set the keyboard layout to us and variant to  for keyboard "hl-virtual-keyboard-wtype"
[1;32mDEBUG [0m]: New virtual keyboard created at 55a79f694860
[1;32mDEBUG [0m]: Updating keyboard 55a79f694860's translation state from a provided keymap
[1;32mDEBUG [0m]: Updating keymap fd for keyboard hl-virtual-keyboard-wtype
[1;32mDEBUG [0m]: Updated keymap fd to 104, keymap V1 to: 106
[1;32mDEBUG [0m]: [CLinuxDMABUFParamsResource] Creating a dmabuf, with id 136: size [Vector2D: x: 552, y: 1068], fmt AR24, planes 1
[1;32mDEBUG [0m]: [CLinuxDMABUFParamsResource]  | plane 0: mod 72057594037927952 fd 102 stride 2304 offset 0
[1;32mDEBUG [0m]: [CWLCompositorResource] New wl_region with id 141 at 55a79fc4c280
[1;32mDEBUG [0m]: [CWLCompositorResource] New wl_region with id 140 at 55a79fd6b240
[1;32mDEBUG [0m]: [CWLCompositorResource] New wl_region with id 141 at 55a79fd6b240
[1;32mDEBUG [0m]: [CLinuxDMABUFParamsResource] Creating a dmabuf, with id 141: size [Vector2D: x: 552, y: 195], fmt AR24, planes 1
[1;32mDEBUG [0m]: [CLinuxDMABUFParamsResource]  | plane 0: mod 72057594037927952 fd 96 stride 2304 offset 0
[1;32mDEBUG [0m]: Keyboard at 55a79f694860 removed
[1;32mDEBUG [0m]: Destroyed keyboard 55a79f694860
[1;32mDEBUG [0m]: [CLinuxDMABUFParamsResource] Creating a dmabuf, with id 139: size [Vector2D: x: 552, y: 195], fmt AR24, planes 1
[1;32mDEBUG [0m]: [CLinuxDMABUFParamsResource]  | plane 0: mod 72057594037927952 fd 49 stride 2304 offset 0
[1;32mDEBUG [0m]: [CWLSeatProtocol] New seat resource bound at 55a79f108a90
[1;32mDEBUG [0m]: [CVirtualKeyboardProtocol] New VKeyboard at id 5
[1;32mDEBUG [0m]: ApplyConfigToKeyboard for "hl-virtual-keyboard-wtype", hasconfig: 0
[1;32mDEBUG [0m]: Attempting to create a keymap for layout us with variant  (rules: , model: , options: )
[1;32mDEBUG [0m]: Updating keyboard 55a79f694860's translation state from a provided keymap
[1;32mDEBUG [0m]: xkb: LED index 0 (name Num Lock) got index 1
[1;32mDEBUG [0m]: xkb: LED index 1 (name Caps Lock) got index 0
[1;32mDEBUG [0m]: xkb: LED index 2 (name Scroll Lock) got index 2
[1;32mDEBUG [0m]: xkb: Mod index 0 (name Shift) got index 0
[1;32mDEBUG [0m]: xkb: Mod index 1 (name Lock) got index 1
[1;32mDEBUG [0m]: xkb: Mod index 2 (name Control) got index 2
[1;32mDEBUG [0m]: xkb: Mod index 3 (name Mod1) got index 3
[1;32mDEBUG [0m]: xkb: Mod index 4 (name Mod2) got index 4
[1;32mDEBUG [0m]: xkb: Mod index 5 (name Mod3) got index 5
[1;32mDEBUG [0m]: xkb: Mod index 6 (name Mod4) got index 6
[1;32mDEBUG [0m]: xkb: Mod index 7 (name Mod5) got index 7
[1;32mDEBUG [0m]: Updating keymap fd for keyboard hl-virtual-keyboard-wtype
[1;32mDEBUG [0m]: Updated keymap fd to 101, keymap V1 to: 104
[1;32mDEBUG [0m]: Set the keyboard layout to us and variant to  for keyboard "hl-virtual-keyboard-wtype"
[1;32mDEBUG [0m]: New virtual keyboard created at 55a79f694860
[1;32mDEBUG [0m]: Updating keyboard 55a79f694860's translation state from a provided keymap
[1;32mDEBUG [0m]: Updating keymap fd for keyboard hl-virtual-keyboard-wtype
[1;32mDEBUG [0m]: Updated keymap fd to 101, keymap V1 to: 104
[1;32mDEBUG [0m]: [CLinuxDMABUFParamsResource] Creating a dmabuf, with id 138: size [Vector2D: x: 552, y: 465], fmt AR24, planes 1
[1;32mDEBUG [0m]: [CLinuxDMABUFParamsResource]  | plane 0: mod 72057594037927952 fd 99 stride 2304 offset 0
[1;32mDEBUG [0m]: Keyboard at 55a79f694860 removed
[1;32mDEBUG [0m]: Destroyed keyboard 55a79f694860
[1;32mDEBUG [0m]: [CWLSeatProtocol] New seat resource bound at 55a79fbf6100
[1;32mDEBUG [0m]: [CVirtualKeyboardProtocol] New VKeyboard at id 5
[1;32mDEBUG [0m]: ApplyConfigToKeyboard for "hl-virtual-keyboard-wtype", hasconfig: 0
[1;32mDEBUG [0m]: Attempting to create a keymap for layout us with variant  (rules: , model: , options: )
[1;32mDEBUG [0m]: Updating keyboard 55a79f694860's translation state from a provided keymap
[1;32mDEBUG [0m]: xkb: LED index 0 (name Num Lock) got index 1
[1;32mDEBUG [0m]: xkb: LED index 1 (name Caps Lock) got index 0
[1;32mDEBUG [0m]: xkb: LED index 2 (name Scroll Lock) got index 2
[1;32mDEBUG [0m]: xkb: Mod index 0 (name Shift) got index 0
[1;32mDEBUG [0m]: xkb: Mod index 1 (name Lock) got index 1
[1;32mDEBUG [0m]: xkb: Mod index 2 (name Control) got index 2
[1;32mDEBUG [0m]: xkb: Mod index 3 (name Mod1) got index 3
[1;32mDEBUG [0m]: xkb: Mod index 4 (name Mod2) got index 4
[1;32mDEBUG [0m]: xkb: Mod index 5 (name Mod3) got index 5
[1;32mDEBUG [0m]: xkb: Mod index 6 (name Mod4) got index 6
[1;32mDEBUG [0m]: xkb: Mod index 7 (name Mod5) got index 7
[1;32mDEBUG [0m]: Updating keymap fd for keyboard hl-virtual-keyboard-wtype
[1;32mDEBUG [0m]: Updated keymap fd to 103, keymap V1 to: 106
[1;32mDEBUG [0m]: Set the keyboard layout to us and variant to  for keyboard "hl-virtual-keyboard-wtype"
[1;32mDEBUG [0m]: New virtual keyboard created at 55a79f694860
[1;32mDEBUG [0m]: Updating keyboard 55a79f694860's translation state from a provided keymap
[1;32mDEBUG [0m]: Updating keymap fd for keyboard hl-virtual-keyboard-wtype
[1;32mDEBUG [0m]: Updated keymap fd to 103, keymap V1 to: 106
[1;32mDEBUG [0m]: [CWLCompositorResource] New wl_region with id 101 at 55a79fa8aeb0
[1;32mDEBUG [0m]: [CWLCompositorResource] New wl_region with id 141 at 55a79fa8aeb0
[1;32mDEBUG [0m]: [CLinuxDMABUFParamsResource] Creating a dmabuf, with id 116: size [Vector2D: x: 552, y: 465], fmt AR24, planes 1
[1;32mDEBUG [0m]: [CLinuxDMABUFParamsResource]  | plane 0: mod 72057594037927952 fd 96 stride 2304 offset 0
[1;32mDEBUG [0m]: [CLinuxDMABUFParamsResource] Creating a dmabuf, with id 136: size [Vector2D: x: 552, y: 267], fmt AR24, planes 1
[1;32mDEBUG [0m]: [CLinuxDMABUFParamsResource]  | plane 0: mod 72057594037927952 fd 98 stride 2304 offset 0
[1;32mDEBUG [0m]: Keyboard at 55a79f694860 removed
[1;32mDEBUG [0m]: Destroyed keyboard 55a79f694860
[1;32mDEBUG [0m]: Hyprctl: new connection from pid 1377
[1;32mDEBUG [0m]: Destroy called for monitor HEADLESS-4
[1;32mDEBUG [0m]: onDisconnect called for HEADLESS-4
[1;32mDEBUG [0m]: Monitor HEADLESS-4 -> destroyed all render data
[1;32mDEBUG [0m]: Disconnecting Monitor HEADLESS-4 was on workspace 2
[1;32mDEBUG [0m]: Removed monitor HEADLESS-4!
[1;32mDEBUG [0mfrom aquamarine ]: GBM: Allocated a new buffer with size [Vector2D: x: 48, y: 48] and format AR24 with modifier 0x100000000000010 : 4_TILED_LNL_CCS
[1;32mDEBUG [0mfrom aquamarine ]: GBM: Allocated a new buffer with size [Vector2D: x: 48, y: 48] and format AR24 with modifier 0x100000000000010 : 4_TILED_LNL_CCS
[1;32mDEBUG [0mfrom aquamarine ]: Swapchain: Reconfigured a swapchain to [Vector2D: x: 48, y: 48] AR24 of length 2
[1;31mERR [0m]: getConvertedColor: failed to get image description
[1;32mDEBUG [0m]: moveWorkspaceToMonitor: Moving 2 to monitor 0
[1;32mDEBUG [0m]: moveWorkspaceToMonitor: Plugging gap with new 4
[1;32mDEBUG [0m]: moveWorkspaceToMonitor: Plugging gap with existing 4
[1;32mDEBUG [0m]: Destroying workspace ID 4
[1;32mDEBUG [0m]: Destroying workspace ID 2
[1;32mDEBUG [0m]: Monitor HEADLESS-4 -> destroyed all render data
[1;31mERR [0m]: getConvertedColor: failed to get image description
[1;32mDEBUG [0m]: arrangeMonitors: 2 to arrange
[1;32mDEBUG [0m]: arrangeMonitors: HEADLESS-1 explicit [2000, 0]
[1;32mDEBUG [0m]: arrangeMonitors: WAYLAND-1 auto [3920, 0]
[1;32mDEBUG [0m]: arrangeMonitors: WAYLAND-1 xwayland [0, 0]
[1;32mDEBUG [0m]: arrangeMonitors: HEADLESS-1 xwayland [1920, 0]
[1;32mDEBUG [0m]: [CXDGOutputProtocol] updating all xdg_output heads
[1;31mERR [0m]: getConvertedColor: failed to get image description
[1;32mDEBUG [0m]: [CXDGOutputProtocol] updating all xdg_output heads
[1;32mDEBUG [0m]: Hyprctl: new connection from pid 34
[1;32mDEBUG [0m]: Hyprctl: new connection from pid 34
[1;32mDEBUG [0m]: LayerSurface 55a79fc69ac0 destroyed
[1;33mWARN [0m]: Layersurface destroyed on an invalid monitor (removed?)
[1;32mDEBUG [0m]: Forcing an unmap of a LS that did a straight destroy!
[1;32mDEBUG [0m]: LayerSurface 55a79fc69ac0 unmapped
[1;33mWARN [0m]: Layersurface unmapping on invalid monitor (removed?) ignoring.
[1;32mDEBUG [0m]: CWLSurface 55a79f6222b0 called destroy()
[1;32mDEBUG [0m]: LayerSurface 55a79fb112e0 destroyed
[1;33mWARN [0m]: Layersurface destroyed on an invalid monitor (removed?)
[1;32mDEBUG [0m]: Forcing an unmap of a LS that did a straight destroy!
[1;32mDEBUG [0m]: LayerSurface 55a79fb112e0 unmapped
[1;33mWARN [0m]: Layersurface unmapping on invalid monitor (removed?) ignoring.
[1;32mDEBUG [0m]: CWLSurface 55a79f644eb0 called destroy()
[1;32mDEBUG [0m]: XCursor scanning theme default
[1;32mDEBUG [0m]: XCursor parsing index.theme /usr/share/icons/default/index.theme
[1;32mDEBUG [0m]: XCursor theme default inherits Adwaita
[1;32mDEBUG [0m]: XCursor scanning theme Adwaita
[1;32mDEBUG [0m]: XCursor using theme path /usr/share/icons/Adwaita/cursors
[1;32mDEBUG [0m]: XCursor parsing index.theme /usr/share/icons/Adwaita/index.theme
[1;32mDEBUG [0m]: XCursor theme Adwaita inherits AdwaitaLegacy
[1;32mDEBUG [0m]: XCursor theme Adwaita inherits hicolor
[1;32mDEBUG [0m]: XCursor scanning theme Adwaita
[1;32mDEBUG [0m]: XCursor using theme path /usr/share/icons/Adwaita/cursors
[1;32mDEBUG [0m]: XCursor parsing index.theme /usr/share/icons/Adwaita/index.theme
[1;32mDEBUG [0m]: XCursor theme Adwaita inherits AdwaitaLegacy
[1;32mDEBUG [0m]: XCursor theme Adwaita inherits hicolor
[1;32mDEBUG [0m]: XCursor scanning theme AdwaitaLegacy
[1;32mDEBUG [0m]: XCursor parsing index.theme /usr/share/icons/AdwaitaLegacy/index.theme
[1;32mDEBUG [0m]: XCursor theme AdwaitaLegacy inherits hicolor
[1;32mDEBUG [0m]: XCursor scanning theme hicolor
[1;32mDEBUG [0m]: XCursor parsing index.theme /usr/share/icons/hicolor/index.theme
[1;32mDEBUG [0m]: XCursor already has a shape default loaded, skipping
[1;32mDEBUG [0m]: XCursor already has a shape context-menu loaded, skipping
[1;32mDEBUG [0m]: XCursor already has a shape help loaded, skipping
[1;32mDEBUG [0m]: XCursor already has a shape pointer loaded, skipping
[1;32mDEBUG [0m]: XCursor already has a shape progress loaded, skipping
[1;32mDEBUG [0m]: XCursor already has a shape wait loaded, skipping
[1;32mDEBUG [0m]: XCursor failed to find a legacy shape with name plus, skipping
[1;32mDEBUG [0m]: XCursor already has a shape crosshair loaded, skipping
[1;32mDEBUG [0m]: XCursor already has a shape text loaded, skipping
[1;32mDEBUG [0m]: XCursor already has a shape vertical-text loaded, skipping
[1;32mDEBUG [0m]: XCursor failed to find a legacy shape with name dnd-link, skipping
[1;32mDEBUG [0m]: XCursor failed to find a legacy shape with name dnd-copy, skipping
[1;32mDEBUG [0m]: XCursor already has a shape move loaded, skipping
[1;32mDEBUG [0m]: XCursor failed to find a legacy shape with name dnd-none, skipping
[1;32mDEBUG [0m]: XCursor failed to find a legacy shape with name crossed_circle, skipping
[1;32mDEBUG [0m]: XCursor already has a shape grab loaded, skipping
[1;32mDEBUG [0m]: XCursor already has a shape grabbing loaded, skipping
[1;32mDEBUG [0m]: XCursor already has a shape e-resize loaded, skipping
[1;32mDEBUG [0m]: XCursor already has a shape n-resize loaded, skipping
[1;32mDEBUG [0m]: XCursor already has a shape ne-resize loaded, skipping
[1;32mDEBUG [0m]: XCursor already has a shape nw-resize loaded, skipping
[1;32mDEBUG [0m]: XCursor already has a shape s-resize loaded, skipping
[1;32mDEBUG [0m]: XCursor already has a shape se-resize loaded, skipping
[1;32mDEBUG [0m]: XCursor already has a shape sw-resize loaded, skipping
[1;32mDEBUG [0m]: XCursor already has a shape w-resize loaded, skipping
[1;32mDEBUG [0m]: XCursor already has a shape ew-resize loaded, skipping
[1;32mDEBUG [0m]: XCursor already has a shape ns-resize loaded, skipping
[1;32mDEBUG [0m]: XCursor already has a shape nesw-resize loaded, skipping
[1;32mDEBUG [0m]: XCursor already has a shape nwse-resize loaded, skipping
[1;32mDEBUG [0m]: XCursor already has a shape col-resize loaded, skipping
[1;32mDEBUG [0m]: XCursor already has a shape row-resize loaded, skipping
[1;32mDEBUG [0m]: XCursor already has a shape all-scroll loaded, skipping
[1;32mDEBUG [0m]: XCursor already has a shape zoom-in loaded, skipping
[1;32mDEBUG [0m]: XCursor already has a shape zoom-out loaded, skipping
[1;32mDEBUG [0m]: XCursor failed to find a legacy shape with name dnd-copy, skipping
[1;32mDEBUG [0m]: XCursor already has a shape all-resize loaded, skipping
[1;33mWARN [0m]: GSettings default schema source does not exist, can't sync GSettings
[1;33mWARN [0m]: GSettings parameter doesn't exist cursor-theme in org.gnome.desktop.interface
[1;33mWARN [0m]: GSettings default schema source does not exist, can't sync GSettings
[1;33mWARN [0m]: GSettings parameter doesn't exist cursor-size in org.gnome.desktop.interface
[1;32mDEBUG [0mfrom aquamarine ]: GBM: Allocated a new buffer with size [Vector2D: x: 24, y: 24] and format AR24 with modifier 0x100000000000010 : 4_TILED_LNL_CCS
[1;32mDEBUG [0mfrom aquamarine ]: GBM: Allocated a new buffer with size [Vector2D: x: 24, y: 24] and format AR24 with modifier 0x100000000000010 : 4_TILED_LNL_CCS
[1;32mDEBUG [0mfrom aquamarine ]: Swapchain: Reconfigured a swapchain to [Vector2D: x: 24, y: 24] AR24 of length 2
[1;31mERR [0m]: getConvertedColor: failed to get image description
[1;32mDEBUG [0m]: LayerSurface 55a79f6165b0 destroyed
[1;33mWARN [0m]: Layersurface destroyed on an invalid monitor (removed?)
[1;32mDEBUG [0m]: Forcing an unmap of a LS that did a straight destroy!
[1;32mDEBUG [0m]: LayerSurface 55a79f6165b0 unmapped
[1;33mWARN [0m]: Layersurface unmapping on invalid monitor (removed?) ignoring.
[1;32mDEBUG [0m]: CWLSurface 55a79fb5dc90 called destroy()
[1;32mDEBUG [0m]: Hyprctl: new connection from pid 1384
[1;32mDEBUG [0m]: Hyprctl: new connection from pid 1385
[1;32mDEBUG [0m]: New aquamarine output with name HEADLESS-5
[1;32mDEBUG [0m]: [CMonitorStateTracker] New monitor: HEADLESS-5
[1;33mWARN [0m]: No rule found for HEADLESS-5, trying to use the first.
[1;32mDEBUG [0m]: Applying monitor rule for HEADLESS-5
[1;32mDEBUG [0mfrom aquamarine ]: GBM: Allocated a new buffer with size [Vector2D: x: 1920, y: 1080] and format XR24 with modifier 0x0 : LINEAR
[1;32mDEBUG [0mfrom aquamarine ]: GBM: Allocated a new buffer with size [Vector2D: x: 1920, y: 1080] and format XR24 with modifier 0x0 : LINEAR
[1;32mDEBUG [0mfrom aquamarine ]: GBM: Allocated a new buffer with size [Vector2D: x: 1920, y: 1080] and format XR24 with modifier 0x0 : LINEAR
[1;32mDEBUG [0mfrom aquamarine ]: Swapchain: Reconfigured a swapchain to [Vector2D: x: 1920, y: 1080] XR24 of length 3
[1;32mDEBUG [0m]: CMonitorState::ensureBufferPresent: no buffer or mismatched format, attaching one from the swapchain for modeset being possible
[1;32mDEBUG [0m]: Monitor HEADLESS-5: requested 1920x1080@60.00Hz, using preferred mode 1920x1080@60.00Hz
[1;32mDEBUG [0m]: output HEADLESS-5 succeeded basic test on format DRM_FORMAT_XRGB8888
[1;32mDEBUG [0m]: Monitor HEADLESS-5 -> destroyed all render data
[1;32mDEBUG [0m]: CMonitor::updateVCGTRamps: skipping, no gamma ramp for output
[1;32mDEBUG [0m]: Monitor HEADLESS-5 data dump: res 1920x1080@60.00Hz, scale 1.00, transform 0, pos -1x-1, 10b 0
[1;32mDEBUG [0m]: Added new monitor with name HEADLESS-5 at [-1, -1] with size [1920, 1080], pointer 55a79fcb77e0
[1;32mDEBUG [0m]: New monitor: WORKSPACEID 2, exists: 0
[1;32mDEBUG [0m]: checking if we have seen this monitor before: HEADLESS-5
[1;32mDEBUG [0m]: Monitor HEADLESS-5 was not on any workspace
[1;31mERR [0m]: getConvertedColor: failed to get image description
[1;32mDEBUG [0m]: [IWaylandProtocol] Registered global [WLOutput (HEADLESS-5)]
[1;32mDEBUG [0m]: arrangeMonitors: 3 to arrange
[1;32mDEBUG [0m]: arrangeMonitors: HEADLESS-1 explicit [2000, 0]
[1;32mDEBUG [0m]: arrangeMonitors: WAYLAND-1 auto [3920, 0]
[1;32mDEBUG [0m]: arrangeMonitors: HEADLESS-5 auto [5840, 0]
[1;32mDEBUG [0m]: arrangeMonitors: WAYLAND-1 xwayland [0, 0]
[1;32mDEBUG [0m]: arrangeMonitors: HEADLESS-1 xwayland [1920, 0]
[1;32mDEBUG [0m]: arrangeMonitors: HEADLESS-5 xwayland [3840, 0]
[1;32mDEBUG [0m]: [CXDGOutputProtocol] updating all xdg_output heads
[1;31mERR [0m]: getConvertedColor: failed to get image description
[1;32mDEBUG [0m]: [CXDGOutputProtocol] updating all xdg_output heads
[1;33mWARN [0m]: No rule found for WAYLAND-1, trying to use the first.
[1;33mWARN [0m]: No rule found for HEADLESS-5, trying to use the first.
[1;32mDEBUG [0m]: Framebuffer "Monitor HEADLESS-5 blur FB" created, status 36053
[1;32mDEBUG [0m]: Framebuffer "Monitor HEADLESS-5 workbuffer" created, status 36053
[1;33mWARN [0m]: FIXME: color management protocol is enabled and outputs changed, check preferred image description changes
[1;32mDEBUG [0m]: Hyprctl: new connection from pid 34
[1;32mDEBUG [0m]: [CXDGOutputProtocol] New xdg_output for HEADLESS-5: client 55a79f5b0f40 (not xwayland)
[1;32mDEBUG [0m]: Hyprctl: new connection from pid 34
[1;32mDEBUG [0m]: [CXDGOutputProtocol] New xdg_output for HEADLESS-5: client 55a79f4eb9a0 (not xwayland)
[1;32mDEBUG [0m]: Hyprctl: new connection from pid 1386
[1;32mDEBUG [0m]: Hyprctl: new connection from pid 1387
[1;32mDEBUG [0m]: Hyprctl: keyword monitor : HEADLESS-5,1920x1080@60,4000x0,1.5
[1;32mDEBUG [0m]: ApplyConfigToKeyboard for "wl_keyboard", hasconfig: 0
[1;32mDEBUG [0m]: Not applying config to keyboard, it did not change.
[1;33mWARN [0m]: No rule found for WAYLAND-1, trying to use the first.
[1;32mDEBUG [0m]: Applying monitor rule for HEADLESS-5
[1;32mDEBUG [0m]: Monitor HEADLESS-5: requested 1920x1080@60.00Hz, using preferred mode 1920x1080@60.00Hz
[1;32mDEBUG [0m]: output HEADLESS-5 succeeded basic test on format DRM_FORMAT_XRGB8888
[1;32mDEBUG [0m]: CMonitor::updateVCGTRamps: skipping, no gamma ramp for output
[1;32mDEBUG [0m]: Monitor HEADLESS-5 data dump: res 1920x1080@60.00Hz, scale 1.50, transform 0, pos 5840x0, 10b 0
[1;33mWARN [0m]: FIXME: color management protocol is enabled and outputs changed, check preferred image description changes
[1;32mDEBUG [0m]: arrangeMonitors: 3 to arrange
[1;32mDEBUG [0m]: arrangeMonitors: HEADLESS-1 explicit [2000, 0]
[1;32mDEBUG [0m]: arrangeMonitors: HEADLESS-5 explicit [4000, 0]
[1;32mDEBUG [0m]: arrangeMonitors: WAYLAND-1 auto [5280, 0]
[1;32mDEBUG [0m]: arrangeMonitors: WAYLAND-1 xwayland [0, 0]
[1;32mDEBUG [0m]: arrangeMonitors: HEADLESS-1 xwayland [1920, 0]
[1;32mDEBUG [0m]: arrangeMonitors: HEADLESS-5 xwayland [3840, 0]
[1;32mDEBUG [0m]: [CXDGOutputProtocol] updating all xdg_output heads
[1;31mERR [0m]: getConvertedColor: failed to get image description
[1;32mDEBUG [0m]: [CXDGOutputProtocol] updating all xdg_output heads
[1;31mERR [0m]: getConvertedColor: failed to get image description
[1;32mDEBUG [0m]: [CXDGOutputProtocol] updating all xdg_output heads
[1;31mERR [0m]: getConvertedColor: failed to get image description
[1;32mDEBUG [0m]: [CWLCompositorResource] New wl_surface with id 85 at 55a79fa529e0
[1;32mDEBUG [0m]: [CWLCompositorResource] New wl_surface with id 110 at 55a79fa529e0
[1;32mDEBUG [0m]: CWLSurface 55a79fff9b30 called init()
[1;32mDEBUG [0m]: LayerSurface 55a79f6165b0 (namespace putkin-bar layer 2) created on monitor HEADLESS-5
[1;32mDEBUG [0m]: [CLayerShellProtocol] New wlr_layer_surface 55a79f6165b0
[1;32mDEBUG [0m]: [CWLCompositorResource] New wl_surface with id 116 at 55a79f76a750
[1;32mDEBUG [0m]: [CWLCompositorResource] New wl_surface with id 98 at 55a79f76a750
[1;32mDEBUG [0m]: CWLSurface 55a79f514a70 called init()
[1;32mDEBUG [0m]: LayerSurface 55a79fb112e0 (namespace putkin-wallpaper layer 0) created on monitor HEADLESS-5
[1;32mDEBUG [0m]: [CLayerShellProtocol] New wlr_layer_surface 55a79fb112e0
[1;32mDEBUG [0m]: [CWLCompositorResource] New wl_region with id 96 at 55a79e6dbe80
[1;32mDEBUG [0m]: [CLinuxDMABUFParamsResource] Creating a dmabuf, with id 132: size [Vector2D: x: 1920, y: 48], fmt AR24, planes 1
[1;32mDEBUG [0m]: [CLinuxDMABUFParamsResource]  | plane 0: mod 72057594037927952 fd 48 stride 7680 offset 0
[1;32mDEBUG [0m]: LayerSurface 55a79f6165b0 mapped
[1;32mDEBUG [0m]: [CWLCompositorResource] New wl_region with id 135 at 55a79f6947c0
[1;32mDEBUG [0m]: [CWLCompositorResource] New wl_region with id 116 at 55a79f6947c0
[1;32mDEBUG [0m]: [CLinuxDMABUFParamsResource] Creating a dmabuf, with id 127: size [Vector2D: x: 1920, y: 1080], fmt AR24, planes 1
[1;32mDEBUG [0m]: [CLinuxDMABUFParamsResource]  | plane 0: mod 72057594037927952 fd 57 stride 7680 offset 0
[1;32mDEBUG [0m]: LayerSurface 55a79fb112e0 mapped
[1;32mDEBUG [0m]: [CLinuxDMABUFParamsResource] Creating a dmabuf, with id 122: size [Vector2D: x: 1920, y: 48], fmt AR24, planes 1
[1;32mDEBUG [0m]: [CLinuxDMABUFParamsResource]  | plane 0: mod 72057594037927952 fd 92 stride 7680 offset 0
[1;32mDEBUG [0m]: Hyprctl: new connection from pid 1398
[1;32mDEBUG [0m]: Hyprctl: dispatcher focusmonitor : HEADLESS-5
[1;32mDEBUG [0m]: [CWLCompositorResource] New wl_surface with id 116 at 55a7a00211b0
[1;32mDEBUG [0m]: [CWLCompositorResource] New wl_surface with id 141 at 55a7a00211b0
[1;32mDEBUG [0m]: [CPrimarySelectionProtocol] CPrimarySelectionProtocol::updateSelection: cannot send selection to a client without a data_device
[1;32mDEBUG [0m]: CWLSurface 55a79fbf4a10 called init()
[1;32mDEBUG [0m]: LayerSurface 55a79fc69ac0 (namespace putkin-panel layer 3) created on monitor HEADLESS-5
[1;32mDEBUG [0m]: [CLayerShellProtocol] New wlr_layer_surface 55a79fc69ac0
[1;32mDEBUG [0m]: cursorImage request: shape 1 -> default
[1;32mDEBUG [0m]: XCursor scanning theme default
[1;32mDEBUG [0m]: XCursor parsing index.theme /usr/share/icons/default/index.theme
[1;32mDEBUG [0m]: XCursor theme default inherits Adwaita
[1;32mDEBUG [0m]: XCursor scanning theme Adwaita
[1;32mDEBUG [0m]: XCursor using theme path /usr/share/icons/Adwaita/cursors
[1;32mDEBUG [0m]: XCursor parsing index.theme /usr/share/icons/Adwaita/index.theme
[1;32mDEBUG [0m]: XCursor theme Adwaita inherits AdwaitaLegacy
[1;32mDEBUG [0m]: XCursor theme Adwaita inherits hicolor
[1;32mDEBUG [0m]: XCursor scanning theme Adwaita
[1;32mDEBUG [0m]: XCursor using theme path /usr/share/icons/Adwaita/cursors
[1;32mDEBUG [0m]: XCursor parsing index.theme /usr/share/icons/Adwaita/index.theme
[1;32mDEBUG [0m]: XCursor theme Adwaita inherits AdwaitaLegacy
[1;32mDEBUG [0m]: XCursor theme Adwaita inherits hicolor
[1;32mDEBUG [0m]: XCursor scanning theme AdwaitaLegacy
[1;32mDEBUG [0m]: XCursor parsing index.theme /usr/share/icons/AdwaitaLegacy/index.theme
[1;32mDEBUG [0m]: XCursor theme AdwaitaLegacy inherits hicolor
[1;32mDEBUG [0m]: XCursor scanning theme hicolor
[1;32mDEBUG [0m]: XCursor parsing index.theme /usr/share/icons/hicolor/index.theme
[1;32mDEBUG [0m]: XCursor already has a shape default loaded, skipping
[1;32mDEBUG [0m]: XCursor already has a shape context-menu loaded, skipping
[1;32mDEBUG [0m]: XCursor already has a shape help loaded, skipping
[1;32mDEBUG [0m]: XCursor already has a shape pointer loaded, skipping
[1;32mDEBUG [0m]: XCursor already has a shape progress loaded, skipping
[1;32mDEBUG [0m]: XCursor already has a shape wait loaded, skipping
[1;32mDEBUG [0m]: XCursor failed to find a legacy shape with name plus, skipping
[1;32mDEBUG [0m]: XCursor already has a shape crosshair loaded, skipping
[1;32mDEBUG [0m]: XCursor already has a shape text loaded, skipping
[1;32mDEBUG [0m]: XCursor already has a shape vertical-text loaded, skipping
[1;32mDEBUG [0m]: XCursor failed to find a legacy shape with name dnd-link, skipping
[1;32mDEBUG [0m]: XCursor failed to find a legacy shape with name dnd-copy, skipping
[1;32mDEBUG [0m]: XCursor already has a shape move loaded, skipping
[1;32mDEBUG [0m]: XCursor failed to find a legacy shape with name dnd-none, skipping
[1;32mDEBUG [0m]: XCursor failed to find a legacy shape with name crossed_circle, skipping
[1;32mDEBUG [0m]: XCursor already has a shape grab loaded, skipping
[1;32mDEBUG [0m]: XCursor already has a shape grabbing loaded, skipping
[1;32mDEBUG [0m]: XCursor already has a shape e-resize loaded, skipping
[1;32mDEBUG [0m]: XCursor already has a shape n-resize loaded, skipping
[1;32mDEBUG [0m]: XCursor already has a shape ne-resize loaded, skipping
[1;32mDEBUG [0m]: XCursor already has a shape nw-resize loaded, skipping
[1;32mDEBUG [0m]: XCursor already has a shape s-resize loaded, skipping
[1;32mDEBUG [0m]: XCursor already has a shape se-resize loaded, skipping
[1;32mDEBUG [0m]: XCursor already has a shape sw-resize loaded, skipping
[1;32mDEBUG [0m]: XCursor already has a shape w-resize loaded, skipping
[1;32mDEBUG [0m]: XCursor already has a shape ew-resize loaded, skipping
[1;32mDEBUG [0m]: XCursor already has a shape ns-resize loaded, skipping
[1;32mDEBUG [0m]: XCursor already has a shape nesw-resize loaded, skipping
[1;32mDEBUG [0m]: XCursor already has a shape nwse-resize loaded, skipping
[1;32mDEBUG [0m]: XCursor already has a shape col-resize loaded, skipping
[1;32mDEBUG [0m]: XCursor already has a shape row-resize loaded, skipping
[1;32mDEBUG [0m]: XCursor already has a shape all-scroll loaded, skipping
[1;32mDEBUG [0m]: XCursor already has a shape zoom-in loaded, skipping
[1;32mDEBUG [0m]: XCursor already has a shape zoom-out loaded, skipping
[1;32mDEBUG [0m]: XCursor failed to find a legacy shape with name dnd-copy, skipping
[1;32mDEBUG [0m]: XCursor already has a shape all-resize loaded, skipping
[1;33mWARN [0m]: GSettings default schema source does not exist, can't sync GSettings
[1;33mWARN [0m]: GSettings parameter doesn't exist cursor-theme in org.gnome.desktop.interface
[1;33mWARN [0m]: GSettings default schema source does not exist, can't sync GSettings
[1;33mWARN [0m]: GSettings parameter doesn't exist cursor-size in org.gnome.desktop.interface
[1;32mDEBUG [0m]: [CWLCompositorResource] New wl_region with id 116 at 55a79e6e3ba0
[1;32mDEBUG [0m]: [CLinuxDMABUFParamsResource] Creating a dmabuf, with id 146: size [Vector2D: x: 1230, y: 608], fmt AR24, planes 1
[1;32mDEBUG [0m]: [CLinuxDMABUFParamsResource]  | plane 0: mod 72057594037927952 fd 48 stride 4992 offset 0
[1;32mDEBUG [0m]: LayerSurface 55a79fc69ac0 mapped
[1;32mDEBUG [0m]: [CLinuxDMABUFParamsResource] Creating a dmabuf, with id 145: size [Vector2D: x: 1230, y: 752], fmt AR24, planes 1
[1;32mDEBUG [0m]: [CLinuxDMABUFParamsResource]  | plane 0: mod 72057594037927952 fd 91 stride 4992 offset 0
[1;32mDEBUG [0m]: [CWLSeatProtocol] New seat resource bound at 55a79f9ed850
[1;32mDEBUG [0m]: [CVirtualKeyboardProtocol] New VKeyboard at id 5
[1;32mDEBUG [0m]: ApplyConfigToKeyboard for "hl-virtual-keyboard-wtype", hasconfig: 0
[1;32mDEBUG [0m]: Attempting to create a keymap for layout us with variant  (rules: , model: , options: )
[1;32mDEBUG [0m]: Updating keyboard 55a79f694860's translation state from a provided keymap
[1;32mDEBUG [0m]: xkb: LED index 0 (name Num Lock) got index 1
[1;32mDEBUG [0m]: xkb: LED index 1 (name Caps Lock) got index 0
[1;32mDEBUG [0m]: xkb: LED index 2 (name Scroll Lock) got index 2
[1;32mDEBUG [0m]: xkb: Mod index 0 (name Shift) got index 0
[1;32mDEBUG [0m]: xkb: Mod index 1 (name Lock) got index 1
[1;32mDEBUG [0m]: xkb: Mod index 2 (name Control) got index 2
[1;32mDEBUG [0m]: xkb: Mod index 3 (name Mod1) got index 3
[1;32mDEBUG [0m]: xkb: Mod index 4 (name Mod2) got index 4
[1;32mDEBUG [0m]: xkb: Mod index 5 (name Mod3) got index 5
[1;32mDEBUG [0m]: xkb: Mod index 6 (name Mod4) got index 6
[1;32mDEBUG [0m]: xkb: Mod index 7 (name Mod5) got index 7
[1;32mDEBUG [0m]: Updating keymap fd for keyboard hl-virtual-keyboard-wtype
[1;32mDEBUG [0m]: Updated keymap fd to 103, keymap V1 to: 105
[1;32mDEBUG [0m]: Set the keyboard layout to us and variant to  for keyboard "hl-virtual-keyboard-wtype"
[1;32mDEBUG [0m]: New virtual keyboard created at 55a79f694860
[1;32mDEBUG [0m]: Updating keyboard 55a79f694860's translation state from a provided keymap
[1;32mDEBUG [0m]: Updating keymap fd for keyboard hl-virtual-keyboard-wtype
[1;32mDEBUG [0m]: Updated keymap fd to 103, keymap V1 to: 105
[1;32mDEBUG [0m]: [CLinuxDMABUFParamsResource] Creating a dmabuf, with id 147: size [Vector2D: x: 1230, y: 752], fmt AR24, planes 1
[1;32mDEBUG [0m]: [CLinuxDMABUFParamsResource]  | plane 0: mod 72057594037927952 fd 100 stride 4992 offset 0
[1;32mDEBUG [0m]: [CWLCompositorResource] New wl_region with id 146 at 55a7a002d9e0
[1;32mDEBUG [0m]: [CLinuxDMABUFParamsResource] Creating a dmabuf, with id 116: size [Vector2D: x: 1230, y: 680], fmt AR24, planes 1
[1;32mDEBUG [0m]: [CLinuxDMABUFParamsResource]  | plane 0: mod 72057594037927952 fd 95 stride 4992 offset 0
[1;32mDEBUG [0m]: Keyboard at 55a79f694860 removed
[1;32mDEBUG [0m]: Destroyed keyboard 55a79f694860
[1;32mDEBUG [0m]: Hyprctl: new connection from pid 1414
[1;32mDEBUG [0m]: Destroy called for monitor HEADLESS-5
[1;32mDEBUG [0m]: onDisconnect called for HEADLESS-5
[1;32mDEBUG [0m]: Monitor HEADLESS-5 -> destroyed all render data
[1;32mDEBUG [0m]: Disconnecting Monitor HEADLESS-5 was on workspace 2
[1;32mDEBUG [0m]: Removed monitor HEADLESS-5!
[1;32mDEBUG [0mfrom aquamarine ]: GBM: Allocated a new buffer with size [Vector2D: x: 48, y: 48] and format AR24 with modifier 0x100000000000010 : 4_TILED_LNL_CCS
[1;32mDEBUG [0mfrom aquamarine ]: GBM: Allocated a new buffer with size [Vector2D: x: 48, y: 48] and format AR24 with modifier 0x100000000000010 : 4_TILED_LNL_CCS
[1;32mDEBUG [0mfrom aquamarine ]: Swapchain: Reconfigured a swapchain to [Vector2D: x: 48, y: 48] AR24 of length 2
[1;31mERR [0m]: getConvertedColor: failed to get image description
[1;32mDEBUG [0m]: moveWorkspaceToMonitor: Moving 2 to monitor 0
[1;32mDEBUG [0m]: moveWorkspaceToMonitor: Plugging gap with new 4
[1;32mDEBUG [0m]: moveWorkspaceToMonitor: Plugging gap with existing 4
[1;32mDEBUG [0m]: Destroying workspace ID 4
[1;32mDEBUG [0m]: Destroying workspace ID 2
[1;32mDEBUG [0m]: Monitor HEADLESS-5 -> destroyed all render data
[1;31mERR [0m]: getConvertedColor: failed to get image description
[1;32mDEBUG [0m]: arrangeMonitors: 2 to arrange
[1;32mDEBUG [0m]: arrangeMonitors: HEADLESS-1 explicit [2000, 0]
[1;32mDEBUG [0m]: arrangeMonitors: WAYLAND-1 auto [3920, 0]
[1;32mDEBUG [0m]: arrangeMonitors: WAYLAND-1 xwayland [0, 0]
[1;32mDEBUG [0m]: arrangeMonitors: HEADLESS-1 xwayland [1920, 0]
[1;32mDEBUG [0m]: [CXDGOutputProtocol] updating all xdg_output heads
[1;31mERR [0m]: getConvertedColor: failed to get image description
[1;32mDEBUG [0m]: [CXDGOutputProtocol] updating all xdg_output heads
[1;32mDEBUG [0m]: Hyprctl: new connection from pid 34
[1;32mDEBUG [0m]: Hyprctl: new connection from pid 34
[1;32mDEBUG [0m]: LayerSurface 55a79fb112e0 destroyed
[1;33mWARN [0m]: Layersurface destroyed on an invalid monitor (removed?)
[1;32mDEBUG [0m]: Forcing an unmap of a LS that did a straight destroy!
[1;32mDEBUG [0m]: LayerSurface 55a79fb112e0 unmapped
[1;33mWARN [0m]: Layersurface unmapping on invalid monitor (removed?) ignoring.
[1;32mDEBUG [0m]: CWLSurface 55a79f514a70 called destroy()
[1;32mDEBUG [0m]: LayerSurface 55a79f6165b0 destroyed
[1;33mWARN [0m]: Layersurface destroyed on an invalid monitor (removed?)
[1;32mDEBUG [0m]: Forcing an unmap of a LS that did a straight destroy!
[1;32mDEBUG [0m]: LayerSurface 55a79f6165b0 unmapped
[1;33mWARN [0m]: Layersurface unmapping on invalid monitor (removed?) ignoring.
[1;32mDEBUG [0m]: CWLSurface 55a79fff9b30 called destroy()
[1;32mDEBUG [0m]: XCursor scanning theme default
[1;32mDEBUG [0m]: XCursor parsing index.theme /usr/share/icons/default/index.theme
[1;32mDEBUG [0m]: XCursor theme default inherits Adwaita
[1;32mDEBUG [0m]: XCursor scanning theme Adwaita
[1;32mDEBUG [0m]: XCursor using theme path /usr/share/icons/Adwaita/cursors
[1;32mDEBUG [0m]: XCursor parsing index.theme /usr/share/icons/Adwaita/index.theme
[1;32mDEBUG [0m]: XCursor theme Adwaita inherits AdwaitaLegacy
[1;32mDEBUG [0m]: XCursor theme Adwaita inherits hicolor
[1;32mDEBUG [0m]: XCursor scanning theme Adwaita
[1;32mDEBUG [0m]: XCursor using theme path /usr/share/icons/Adwaita/cursors
[1;32mDEBUG [0m]: XCursor parsing index.theme /usr/share/icons/Adwaita/index.theme
[1;32mDEBUG [0m]: XCursor theme Adwaita inherits AdwaitaLegacy
[1;32mDEBUG [0m]: XCursor theme Adwaita inherits hicolor
[1;32mDEBUG [0m]: XCursor scanning theme AdwaitaLegacy
[1;32mDEBUG [0m]: XCursor parsing index.theme /usr/share/icons/AdwaitaLegacy/index.theme
[1;32mDEBUG [0m]: XCursor theme AdwaitaLegacy inherits hicolor
[1;32mDEBUG [0m]: XCursor scanning theme hicolor
[1;32mDEBUG [0m]: XCursor parsing index.theme /usr/share/icons/hicolor/index.theme
[1;32mDEBUG [0m]: XCursor already has a shape default loaded, skipping
[1;32mDEBUG [0m]: XCursor already has a shape context-menu loaded, skipping
[1;32mDEBUG [0m]: XCursor already has a shape help loaded, skipping
[1;32mDEBUG [0m]: XCursor already has a shape pointer loaded, skipping
[1;32mDEBUG [0m]: XCursor already has a shape progress loaded, skipping
[1;32mDEBUG [0m]: XCursor already has a shape wait loaded, skipping
[1;32mDEBUG [0m]: XCursor failed to find a legacy shape with name plus, skipping
[1;32mDEBUG [0m]: XCursor already has a shape crosshair loaded, skipping
[1;32mDEBUG [0m]: XCursor already has a shape text loaded, skipping
[1;32mDEBUG [0m]: XCursor already has a shape vertical-text loaded, skipping
[1;32mDEBUG [0m]: XCursor failed to find a legacy shape with name dnd-link, skipping
[1;32mDEBUG [0m]: XCursor failed to find a legacy shape with name dnd-copy, skipping
[1;32mDEBUG [0m]: XCursor already has a shape move loaded, skipping
[1;32mDEBUG [0m]: XCursor failed to find a legacy shape with name dnd-none, skipping
[1;32mDEBUG [0m]: XCursor failed to find a legacy shape with name crossed_circle, skipping
[1;32mDEBUG [0m]: XCursor already has a shape grab loaded, skipping
[1;32mDEBUG [0m]: XCursor already has a shape grabbing loaded, skipping
[1;32mDEBUG [0m]: XCursor already has a shape e-resize loaded, skipping
[1;32mDEBUG [0m]: XCursor already has a shape n-resize loaded, skipping
[1;32mDEBUG [0m]: XCursor already has a shape ne-resize loaded, skipping
[1;32mDEBUG [0m]: XCursor already has a shape nw-resize loaded, skipping
[1;32mDEBUG [0m]: XCursor already has a shape s-resize loaded, skipping
[1;32mDEBUG [0m]: XCursor already has a shape se-resize loaded, skipping
[1;32mDEBUG [0m]: XCursor already has a shape sw-resize loaded, skipping
[1;32mDEBUG [0m]: XCursor already has a shape w-resize loaded, skipping
[1;32mDEBUG [0m]: XCursor already has a shape ew-resize loaded, skipping
[1;32mDEBUG [0m]: XCursor already has a shape ns-resize loaded, skipping
[1;32mDEBUG [0m]: XCursor already has a shape nesw-resize loaded, skipping
[1;32mDEBUG [0m]: XCursor already has a shape nwse-resize loaded, skipping
[1;32mDEBUG [0m]: XCursor already has a shape col-resize loaded, skipping
[1;32mDEBUG [0m]: XCursor already has a shape row-resize loaded, skipping
[1;32mDEBUG [0m]: XCursor already has a shape all-scroll loaded, skipping
[1;32mDEBUG [0m]: XCursor already has a shape zoom-in loaded, skipping
[1;32mDEBUG [0m]: XCursor already has a shape zoom-out loaded, skipping
[1;32mDEBUG [0m]: XCursor failed to find a legacy shape with name dnd-copy, skipping
[1;32mDEBUG [0m]: XCursor already has a shape all-resize loaded, skipping
[1;33mWARN [0m]: GSettings default schema source does not exist, can't sync GSettings
[1;33mWARN [0m]: GSettings parameter doesn't exist cursor-theme in org.gnome.desktop.interface
[1;33mWARN [0m]: GSettings default schema source does not exist, can't sync GSettings
[1;33mWARN [0m]: GSettings parameter doesn't exist cursor-size in org.gnome.desktop.interface
[1;32mDEBUG [0mfrom aquamarine ]: GBM: Allocated a new buffer with size [Vector2D: x: 24, y: 24] and format AR24 with modifier 0x100000000000010 : 4_TILED_LNL_CCS
[1;32mDEBUG [0mfrom aquamarine ]: GBM: Allocated a new buffer with size [Vector2D: x: 24, y: 24] and format AR24 with modifier 0x100000000000010 : 4_TILED_LNL_CCS
[1;32mDEBUG [0mfrom aquamarine ]: Swapchain: Reconfigured a swapchain to [Vector2D: x: 24, y: 24] AR24 of length 2
[1;31mERR [0m]: getConvertedColor: failed to get image description
[1;32mDEBUG [0m]: LayerSurface 55a79fc69ac0 destroyed
[1;33mWARN [0m]: Layersurface destroyed on an invalid monitor (removed?)
[1;32mDEBUG [0m]: Forcing an unmap of a LS that did a straight destroy!
[1;32mDEBUG [0m]: LayerSurface 55a79fc69ac0 unmapped
[1;33mWARN [0m]: Layersurface unmapping on invalid monitor (removed?) ignoring.
[1;32mDEBUG [0m]: CWLSurface 55a79fbf4a10 called destroy()
[1;32mDEBUG [0m]: Hyprctl: new connection from pid 1421
[1;32mDEBUG [0m]: Hyprctl: new connection from pid 1422
[1;32mDEBUG [0m]: New aquamarine output with name HEADLESS-6
[1;32mDEBUG [0m]: [CMonitorStateTracker] New monitor: HEADLESS-6
[1;33mWARN [0m]: No rule found for HEADLESS-6, trying to use the first.
[1;32mDEBUG [0m]: Applying monitor rule for HEADLESS-6
[1;32mDEBUG [0mfrom aquamarine ]: GBM: Allocated a new buffer with size [Vector2D: x: 1920, y: 1080] and format XR24 with modifier 0x0 : LINEAR
[1;32mDEBUG [0mfrom aquamarine ]: GBM: Allocated a new buffer with size [Vector2D: x: 1920, y: 1080] and format XR24 with modifier 0x0 : LINEAR
[1;32mDEBUG [0mfrom aquamarine ]: GBM: Allocated a new buffer with size [Vector2D: x: 1920, y: 1080] and format XR24 with modifier 0x0 : LINEAR
[1;32mDEBUG [0mfrom aquamarine ]: Swapchain: Reconfigured a swapchain to [Vector2D: x: 1920, y: 1080] XR24 of length 3
[1;32mDEBUG [0m]: CMonitorState::ensureBufferPresent: no buffer or mismatched format, attaching one from the swapchain for modeset being possible
[1;32mDEBUG [0m]: Monitor HEADLESS-6: requested 1920x1080@60.00Hz, using preferred mode 1920x1080@60.00Hz
[1;32mDEBUG [0m]: output HEADLESS-6 succeeded basic test on format DRM_FORMAT_XRGB8888
[1;32mDEBUG [0m]: Monitor HEADLESS-6 -> destroyed all render data
[1;32mDEBUG [0m]: CMonitor::updateVCGTRamps: skipping, no gamma ramp for output
[1;32mDEBUG [0m]: Monitor HEADLESS-6 data dump: res 1920x1080@60.00Hz, scale 1.00, transform 0, pos -1x-1, 10b 0
[1;32mDEBUG [0m]: Added new monitor with name HEADLESS-6 at [-1, -1] with size [1920, 1080], pointer 55a79fcb77e0
[1;32mDEBUG [0m]: New monitor: WORKSPACEID 2, exists: 0
[1;32mDEBUG [0m]: checking if we have seen this monitor before: HEADLESS-6
[1;32mDEBUG [0m]: Monitor HEADLESS-6 was not on any workspace
[1;31mERR [0m]: getConvertedColor: failed to get image description
[1;32mDEBUG [0m]: [IWaylandProtocol] Registered global [WLOutput (HEADLESS-6)]
[1;32mDEBUG [0m]: arrangeMonitors: 3 to arrange
[1;32mDEBUG [0m]: arrangeMonitors: HEADLESS-1 explicit [2000, 0]
[1;32mDEBUG [0m]: arrangeMonitors: WAYLAND-1 auto [3920, 0]
[1;32mDEBUG [0m]: arrangeMonitors: HEADLESS-6 auto [5840, 0]
[1;32mDEBUG [0m]: arrangeMonitors: WAYLAND-1 xwayland [0, 0]
[1;32mDEBUG [0m]: arrangeMonitors: HEADLESS-1 xwayland [1920, 0]
[1;32mDEBUG [0m]: arrangeMonitors: HEADLESS-6 xwayland [3840, 0]
[1;32mDEBUG [0m]: [CXDGOutputProtocol] updating all xdg_output heads
[1;31mERR [0m]: getConvertedColor: failed to get image description
[1;32mDEBUG [0m]: [CXDGOutputProtocol] updating all xdg_output heads
[1;33mWARN [0m]: No rule found for WAYLAND-1, trying to use the first.
[1;33mWARN [0m]: No rule found for HEADLESS-6, trying to use the first.
[1;32mDEBUG [0m]: Framebuffer "Monitor HEADLESS-6 blur FB" created, status 36053
[1;32mDEBUG [0m]: Framebuffer "Monitor HEADLESS-6 workbuffer" created, status 36053
[1;33mWARN [0m]: FIXME: color management protocol is enabled and outputs changed, check preferred image description changes
[1;32mDEBUG [0m]: Hyprctl: new connection from pid 34
[1;32mDEBUG [0m]: Hyprctl: new connection from pid 34
[1;32mDEBUG [0m]: [CXDGOutputProtocol] New xdg_output for HEADLESS-6: client 55a79f5b0f40 (not xwayland)
[1;32mDEBUG [0m]: [CXDGOutputProtocol] New xdg_output for HEADLESS-6: client 55a79f4eb9a0 (not xwayland)
[1;32mDEBUG [0m]: Hyprctl: new connection from pid 1423
[1;32mDEBUG [0m]: Hyprctl: new connection from pid 1424
[1;32mDEBUG [0m]: Hyprctl: keyword monitor : HEADLESS-6,1920x1080@60,4000x0,1.5
[1;32mDEBUG [0m]: ApplyConfigToKeyboard for "wl_keyboard", hasconfig: 0
[1;32mDEBUG [0m]: Not applying config to keyboard, it did not change.
[1;33mWARN [0m]: No rule found for WAYLAND-1, trying to use the first.
[1;32mDEBUG [0m]: Applying monitor rule for HEADLESS-6
[1;32mDEBUG [0m]: Monitor HEADLESS-6: requested 1920x1080@60.00Hz, using preferred mode 1920x1080@60.00Hz
[1;32mDEBUG [0m]: output HEADLESS-6 succeeded basic test on format DRM_FORMAT_XRGB8888
[1;32mDEBUG [0m]: CMonitor::updateVCGTRamps: skipping, no gamma ramp for output
[1;32mDEBUG [0m]: Monitor HEADLESS-6 data dump: res 1920x1080@60.00Hz, scale 1.50, transform 0, pos 5840x0, 10b 0
[1;33mWARN [0m]: FIXME: color management protocol is enabled and outputs changed, check preferred image description changes
[1;32mDEBUG [0m]: arrangeMonitors: 3 to arrange
[1;32mDEBUG [0m]: arrangeMonitors: HEADLESS-1 explicit [2000, 0]
[1;32mDEBUG [0m]: arrangeMonitors: HEADLESS-6 explicit [4000, 0]
[1;32mDEBUG [0m]: arrangeMonitors: WAYLAND-1 auto [5280, 0]
[1;32mDEBUG [0m]: arrangeMonitors: WAYLAND-1 xwayland [0, 0]
[1;32mDEBUG [0m]: arrangeMonitors: HEADLESS-1 xwayland [1920, 0]
[1;32mDEBUG [0m]: arrangeMonitors: HEADLESS-6 xwayland [3840, 0]
[1;32mDEBUG [0m]: [CXDGOutputProtocol] updating all xdg_output heads
[1;31mERR [0m]: getConvertedColor: failed to get image description
[1;32mDEBUG [0m]: [CXDGOutputProtocol] updating all xdg_output heads
[1;31mERR [0m]: getConvertedColor: failed to get image description
[1;32mDEBUG [0m]: [CXDGOutputProtocol] updating all xdg_output heads
[1;31mERR [0m]: getConvertedColor: failed to get image description
[1;32mDEBUG [0m]: [CWLCompositorResource] New wl_surface with id 96 at 55a79fa529e0
[1;32mDEBUG [0m]: [CWLCompositorResource] New wl_surface with id 143 at 55a79fa529e0
[1;32mDEBUG [0m]: CWLSurface 55a79e75f950 called init()
[1;32mDEBUG [0m]: LayerSurface 55a79fc69ac0 (namespace putkin-bar layer 2) created on monitor HEADLESS-6
[1;32mDEBUG [0m]: [CLayerShellProtocol] New wlr_layer_surface 55a79fc69ac0
[1;32mDEBUG [0m]: [CWLCompositorResource] New wl_surface with id 145 at 55a7a00211b0
[1;32mDEBUG [0m]: [CWLCompositorResource] New wl_surface with id 118 at 55a7a00211b0
[1;32mDEBUG [0m]: CWLSurface 55a79fce8ae0 called init()
[1;32mDEBUG [0m]: LayerSurface 55a79f6165b0 (namespace putkin-wallpaper layer 0) created on monitor HEADLESS-6
[1;32mDEBUG [0m]: [CLayerShellProtocol] New wlr_layer_surface 55a79f6165b0
[1;32mDEBUG [0m]: [CWLCompositorResource] New wl_region with id 135 at 55a79e6fd210
[1;32mDEBUG [0m]: [CLinuxDMABUFParamsResource] Creating a dmabuf, with id 96: size [Vector2D: x: 1920, y: 48], fmt AR24, planes 1
[1;32mDEBUG [0m]: [CLinuxDMABUFParamsResource]  | plane 0: mod 72057594037927952 fd 48 stride 7680 offset 0
[1;32mDEBUG [0m]: LayerSurface 55a79fc69ac0 mapped
[1;32mDEBUG [0m]: [CWLCompositorResource] New wl_region with id 136 at 55a79f142960
[1;32mDEBUG [0m]: [CWLCompositorResource] New wl_region with id 83 at 55a79e6186f0
[1;32mDEBUG [0m]: [CLinuxDMABUFParamsResource] Creating a dmabuf, with id 133: size [Vector2D: x: 1920, y: 1080], fmt AR24, planes 1
[1;32mDEBUG [0m]: [CLinuxDMABUFParamsResource]  | plane 0: mod 72057594037927952 fd 52 stride 7680 offset 0
[1;32mDEBUG [0m]: LayerSurface 55a79f6165b0 mapped
[1;32mDEBUG [0m]: [CLinuxDMABUFParamsResource] Creating a dmabuf, with id 83: size [Vector2D: x: 1920, y: 48], fmt AR24, planes 1
[1;32mDEBUG [0m]: [CLinuxDMABUFParamsResource]  | plane 0: mod 72057594037927952 fd 93 stride 7680 offset 0
[1;32mDEBUG [0m]: Hyprctl: new connection from pid 1435
[1;32mDEBUG [0m]: Hyprctl: dispatcher focusmonitor : HEADLESS-6
[1;32mDEBUG [0m]: Hyprctl: new connection from pid 1438
[1;32mDEBUG [0m]: Hyprctl: dispatcher focusmonitor : HEADLESS-1
[1;32mDEBUG [0m]: [CWLCompositorResource] New wl_surface with id 147 at 55a79fb75e80
[1;32mDEBUG [0m]: [CWLCompositorResource] New wl_surface with id 132 at 55a79fb75e80
[1;32mDEBUG [0m]: [CPrimarySelectionProtocol] CPrimarySelectionProtocol::updateSelection: cannot send selection to a client without a data_device
[1;32mDEBUG [0m]: CWLSurface 55a79fc33d50 called init()
[1;32mDEBUG [0m]: LayerSurface 55a79fb112e0 (namespace putkin-panel layer 3) created on monitor HEADLESS-1
[1;32mDEBUG [0m]: [CLayerShellProtocol] New wlr_layer_surface 55a79fb112e0
[1;32mDEBUG [0m]: cursorImage request: shape 1 -> default
[1;32mDEBUG [0m]: XCursor scanning theme default
[1;32mDEBUG [0m]: XCursor parsing index.theme /usr/share/icons/default/index.theme
[1;32mDEBUG [0m]: XCursor theme default inherits Adwaita
[1;32mDEBUG [0m]: XCursor scanning theme Adwaita
[1;32mDEBUG [0m]: XCursor using theme path /usr/share/icons/Adwaita/cursors
[1;32mDEBUG [0m]: XCursor parsing index.theme /usr/share/icons/Adwaita/index.theme
[1;32mDEBUG [0m]: XCursor theme Adwaita inherits AdwaitaLegacy
[1;32mDEBUG [0m]: XCursor theme Adwaita inherits hicolor
[1;32mDEBUG [0m]: XCursor scanning theme Adwaita
[1;32mDEBUG [0m]: XCursor using theme path /usr/share/icons/Adwaita/cursors
[1;32mDEBUG [0m]: XCursor parsing index.theme /usr/share/icons/Adwaita/index.theme
[1;32mDEBUG [0m]: XCursor theme Adwaita inherits AdwaitaLegacy
[1;32mDEBUG [0m]: XCursor theme Adwaita inherits hicolor
[1;32mDEBUG [0m]: XCursor scanning theme AdwaitaLegacy
[1;32mDEBUG [0m]: XCursor parsing index.theme /usr/share/icons/AdwaitaLegacy/index.theme
[1;32mDEBUG [0m]: XCursor theme AdwaitaLegacy inherits hicolor
[1;32mDEBUG [0m]: XCursor scanning theme hicolor
[1;32mDEBUG [0m]: XCursor parsing index.theme /usr/share/icons/hicolor/index.theme
[1;32mDEBUG [0m]: XCursor already has a shape default loaded, skipping
[1;32mDEBUG [0m]: XCursor already has a shape context-menu loaded, skipping
[1;32mDEBUG [0m]: XCursor already has a shape help loaded, skipping
[1;32mDEBUG [0m]: XCursor already has a shape pointer loaded, skipping
[1;32mDEBUG [0m]: XCursor already has a shape progress loaded, skipping
[1;32mDEBUG [0m]: XCursor already has a shape wait loaded, skipping
[1;32mDEBUG [0m]: XCursor failed to find a legacy shape with name plus, skipping
[1;32mDEBUG [0m]: XCursor already has a shape crosshair loaded, skipping
[1;32mDEBUG [0m]: XCursor already has a shape text loaded, skipping
[1;32mDEBUG [0m]: XCursor already has a shape vertical-text loaded, skipping
[1;32mDEBUG [0m]: XCursor failed to find a legacy shape with name dnd-link, skipping
[1;32mDEBUG [0m]: XCursor failed to find a legacy shape with name dnd-copy, skipping
[1;32mDEBUG [0m]: XCursor already has a shape move loaded, skipping
[1;32mDEBUG [0m]: XCursor failed to find a legacy shape with name dnd-none, skipping
[1;32mDEBUG [0m]: XCursor failed to find a legacy shape with name crossed_circle, skipping
[1;32mDEBUG [0m]: XCursor already has a shape grab loaded, skipping
[1;32mDEBUG [0m]: XCursor already has a shape grabbing loaded, skipping
[1;32mDEBUG [0m]: XCursor already has a shape e-resize loaded, skipping
[1;32mDEBUG [0m]: XCursor already has a shape n-resize loaded, skipping
[1;32mDEBUG [0m]: XCursor already has a shape ne-resize loaded, skipping
[1;32mDEBUG [0m]: XCursor already has a shape nw-resize loaded, skipping
[1;32mDEBUG [0m]: XCursor already has a shape s-resize loaded, skipping
[1;32mDEBUG [0m]: XCursor already has a shape se-resize loaded, skipping
[1;32mDEBUG [0m]: XCursor already has a shape sw-resize loaded, skipping
[1;32mDEBUG [0m]: XCursor already has a shape w-resize loaded, skipping
[1;32mDEBUG [0m]: XCursor already has a shape ew-resize loaded, skipping
[1;32mDEBUG [0m]: XCursor already has a shape ns-resize loaded, skipping
[1;32mDEBUG [0m]: XCursor already has a shape nesw-resize loaded, skipping
[1;32mDEBUG [0m]: XCursor already has a shape nwse-resize loaded, skipping
[1;32mDEBUG [0m]: XCursor already has a shape col-resize loaded, skipping
[1;32mDEBUG [0m]: XCursor already has a shape row-resize loaded, skipping
[1;32mDEBUG [0m]: XCursor already has a shape all-scroll loaded, skipping
[1;32mDEBUG [0m]: XCursor already has a shape zoom-in loaded, skipping
[1;32mDEBUG [0m]: XCursor already has a shape zoom-out loaded, skipping
[1;32mDEBUG [0m]: XCursor failed to find a legacy shape with name dnd-copy, skipping
[1;32mDEBUG [0m]: XCursor already has a shape all-resize loaded, skipping
[1;33mWARN [0m]: GSettings default schema source does not exist, can't sync GSettings
[1;33mWARN [0m]: GSettings parameter doesn't exist cursor-theme in org.gnome.desktop.interface
[1;33mWARN [0m]: GSettings default schema source does not exist, can't sync GSettings
[1;33mWARN [0m]: GSettings parameter doesn't exist cursor-size in org.gnome.desktop.interface
[1;32mDEBUG [0m]: cursorImage request: shape 1 -> default
[1;32mDEBUG [0m]: [CWLCompositorResource] New wl_region with id 147 at 55a79e72ae50
[1;32mDEBUG [0m]: [CWLCompositorResource] New wl_region with id 150 at 55a79e72ae50
[1;32mDEBUG [0m]: [CLinuxDMABUFParamsResource] Creating a dmabuf, with id 153: size [Vector2D: x: 368, y: 64], fmt AR24, planes 1
[1;32mDEBUG [0m]: [CLinuxDMABUFParamsResource]  | plane 0: mod 72057594037927952 fd 91 stride 1536 offset 0
[1;32mDEBUG [0m]: LayerSurface 55a79fb112e0 mapped
[1;32mDEBUG [0m]: [CLinuxDMABUFParamsResource] Creating a dmabuf, with id 152: size [Vector2D: x: 368, y: 64], fmt AR24, planes 1
[1;32mDEBUG [0m]: [CLinuxDMABUFParamsResource]  | plane 0: mod 72057594037927952 fd 95 stride 1536 offset 0
[1;32mDEBUG [0m]: [CLinuxDMABUFParamsResource] Creating a dmabuf, with id 151: size [Vector2D: x: 368, y: 1058], fmt AR24, planes 1
[1;32mDEBUG [0m]: [CLinuxDMABUFParamsResource]  | plane 0: mod 72057594037927952 fd 101 stride 1536 offset 0
[1;32mDEBUG [0m]: [CWLSeatProtocol] New seat resource bound at 55a7a0026e90
[1;32mDEBUG [0m]: [CVirtualKeyboardProtocol] New VKeyboard at id 5
[1;32mDEBUG [0m]: ApplyConfigToKeyboard for "hl-virtual-keyboard-wtype", hasconfig: 0
[1;32mDEBUG [0m]: Attempting to create a keymap for layout us with variant  (rules: , model: , options: )
[1;32mDEBUG [0m]: Updating keyboard 55a79f694860's translation state from a provided keymap
[1;32mDEBUG [0m]: xkb: LED index 0 (name Num Lock) got index 1
[1;32mDEBUG [0m]: xkb: LED index 1 (name Caps Lock) got index 0
[1;32mDEBUG [0m]: xkb: LED index 2 (name Scroll Lock) got index 2
[1;32mDEBUG [0m]: xkb: Mod index 0 (name Shift) got index 0
[1;32mDEBUG [0m]: xkb: Mod index 1 (name Lock) got index 1
[1;32mDEBUG [0m]: xkb: Mod index 2 (name Control) got index 2
[1;32mDEBUG [0m]: xkb: Mod index 3 (name Mod1) got index 3
[1;32mDEBUG [0m]: xkb: Mod index 4 (name Mod2) got index 4
[1;32mDEBUG [0m]: xkb: Mod index 5 (name Mod3) got index 5
[1;32mDEBUG [0m]: xkb: Mod index 6 (name Mod4) got index 6
[1;32mDEBUG [0m]: xkb: Mod index 7 (name Mod5) got index 7
[1;32mDEBUG [0m]: Updating keymap fd for keyboard hl-virtual-keyboard-wtype
[1;32mDEBUG [0m]: Updated keymap fd to 106, keymap V1 to: 108
[1;32mDEBUG [0m]: Set the keyboard layout to us and variant to  for keyboard "hl-virtual-keyboard-wtype"
[1;32mDEBUG [0m]: New virtual keyboard created at 55a79f694860
[1;32mDEBUG [0m]: Updating keyboard 55a79f694860's translation state from a provided keymap
[1;32mDEBUG [0m]: Updating keymap fd for keyboard hl-virtual-keyboard-wtype
[1;32mDEBUG [0m]: Updated keymap fd to 106, keymap V1 to: 108
[1;32mDEBUG [0m]: [CLinuxDMABUFParamsResource] Creating a dmabuf, with id 150: size [Vector2D: x: 368, y: 1058], fmt AR24, planes 1
[1;32mDEBUG [0m]: [CLinuxDMABUFParamsResource]  | plane 0: mod 72057594037927952 fd 104 stride 1536 offset 0
[1;32mDEBUG [0m]: [CWLCompositorResource] New wl_region with id 154 at 55a79fc643b0
[1;32mDEBUG [0m]: [CLinuxDMABUFParamsResource] Creating a dmabuf, with id 154: size [Vector2D: x: 368, y: 1072], fmt AR24, planes 1
[1;32mDEBUG [0m]: [CLinuxDMABUFParamsResource]  | plane 0: mod 72057594037927952 fd 98 stride 1536 offset 0
[1;32mDEBUG [0m]: Keyboard at 55a79f694860 removed
[1;32mDEBUG [0m]: Destroyed keyboard 55a79f694860
[1;32mDEBUG [0m]: [CWLCompositorResource] New wl_region with id 153 at 55a79f673df0
[1;32mDEBUG [0m]: [CLinuxDMABUFParamsResource] Creating a dmabuf, with id 150: size [Vector2D: x: 368, y: 1072], fmt AR24, planes 1
[1;32mDEBUG [0m]: [CLinuxDMABUFParamsResource]  | plane 0: mod 72057594037927952 fd 95 stride 1536 offset 0
[1;32mDEBUG [0m]: [CLinuxDMABUFParamsResource] Creating a dmabuf, with id 152: size [Vector2D: x: 368, y: 672], fmt AR24, planes 1
[1;32mDEBUG [0m]: [CLinuxDMABUFParamsResource]  | plane 0: mod 72057594037927952 fd 91 stride 1536 offset 0
[1;32mDEBUG [0m]: [CLinuxDMABUFParamsResource] Creating a dmabuf, with id 112: size [Vector2D: x: 368, y: 672], fmt AR24, planes 1
[1;32mDEBUG [0m]: [CLinuxDMABUFParamsResource]  | plane 0: mod 72057594037927952 fd 95 stride 1536 offset 0
[1;32mDEBUG [0m]: [CLinuxDMABUFParamsResource] Creating a dmabuf, with id 156: size [Vector2D: x: 1920, y: 48], fmt AR24, planes 1
[1;32mDEBUG [0m]: [CLinuxDMABUFParamsResource]  | plane 0: mod 72057594037927952 fd 48 stride 7680 offset 0
[1;32mDEBUG [0m]: [CWLCompositorResource] New wl_region with id 154 at 55a79f711a20
[1;32mDEBUG [0m]: [CLinuxDMABUFParamsResource] Creating a dmabuf, with id 157: size [Vector2D: x: 1140, y: 681], fmt AR24, planes 1
[1;32mDEBUG [0m]: [CLinuxDMABUFParamsResource]  | plane 0: mod 72057594037927952 fd 92 stride 4608 offset 0
[1;32mDEBUG [0m]: [CWLCompositorResource] New wl_region with id 154 at 55a79e611b00
[1;32mDEBUG [0m]: [CLinuxDMABUFParamsResource] Creating a dmabuf, with id 153: size [Vector2D: x: 1140, y: 681], fmt AR24, planes 1
[1;32mDEBUG [0m]: [CLinuxDMABUFParamsResource]  | plane 0: mod 72057594037927952 fd 96 stride 4608 offset 0
[1;32mDEBUG [0m]: [CLinuxDMABUFParamsResource] Creating a dmabuf, with id 155: size [Vector2D: x: 368, y: 1072], fmt AR24, planes 1
[1;32mDEBUG [0m]: [CLinuxDMABUFParamsResource]  | plane 0: mod 72057594037927952 fd 98 stride 1536 offset 0
[1;32mDEBUG [0m]: [CWLCompositorResource] New wl_region with id 147 at 55a79f631b90
[1;32mDEBUG [0m]: [CLinuxDMABUFParamsResource] Creating a dmabuf, with id 112: size [Vector2D: x: 368, y: 1072], fmt AR24, planes 1
[1;32mDEBUG [0m]: [CLinuxDMABUFParamsResource]  | plane 0: mod 72057594037927952 fd 95 stride 1536 offset 0
[1;32mDEBUG [0m]: LayerSurface 55a79fb112e0 destroyed
[1;32mDEBUG [0m]: Forcing an unmap of a LS that did a straight destroy!
[1;32mDEBUG [0m]: LayerSurface 55a79fb112e0 unmapped
[1;32mDEBUG [0m]: renderer: making a snapshot of layer 55a79f61e950
[1;32mDEBUG [0m]: Framebuffer "layer snapshot" created, status 36053
[1;32mDEBUG [0m]: renderer: cleared a snapshot of layer 55a79f61e950
[1;32mDEBUG [0m]: renderer: rendered a snapshot of layer 55a79f61e950
[1;32mDEBUG [0m]: renderer: made a snapshot of layer 55a79f61e950
[1;32mDEBUG [0m]: CWLSurface 55a79fc33d50 called destroy()
[1;32mDEBUG [0m]: Cleanup: removed 1 fadeouts
[1;32mDEBUG [0m]: [CWLCompositorResource] New wl_surface with id 151 at 55a79fb75e80
[1;32mDEBUG [0m]: [CWLCompositorResource] New wl_surface with id 136 at 55a79fb75e80
[1;32mDEBUG [0m]: [CPrimarySelectionProtocol] CPrimarySelectionProtocol::updateSelection: cannot send selection to a client without a data_device
[1;32mDEBUG [0m]: CWLSurface 55a79f9ed900 called init()
[1;32mDEBUG [0m]: LayerSurface 55a79fb112e0 (namespace putkin-panel layer 3) created on monitor HEADLESS-1
[1;32mDEBUG [0m]: [CLayerShellProtocol] New wlr_layer_surface 55a79fb112e0
[1;32mDEBUG [0m]: cursorImage request: shape 1 -> default
[1;32mDEBUG [0m]: [CWLCompositorResource] New wl_region with id 151 at 55a79e6fca90
[1;32mDEBUG [0m]: [CWLCompositorResource] New wl_region with id 135 at 55a79e6fca90
[1;32mDEBUG [0m]: [CLinuxDMABUFParamsResource] Creating a dmabuf, with id 147: size [Vector2D: x: 368, y: 64], fmt AR24, planes 1
[1;32mDEBUG [0m]: [CLinuxDMABUFParamsResource]  | plane 0: mod 72057594037927952 fd 91 stride 1536 offset 0
[1;32mDEBUG [0m]: LayerSurface 55a79fb112e0 mapped
[1;32mDEBUG [0m]: [CLinuxDMABUFParamsResource] Creating a dmabuf, with id 153: size [Vector2D: x: 368, y: 64], fmt AR24, planes 1
[1;32mDEBUG [0m]: [CLinuxDMABUFParamsResource]  | plane 0: mod 72057594037927952 fd 92 stride 1536 offset 0
[1;32mDEBUG [0m]: [CLinuxDMABUFParamsResource] Creating a dmabuf, with id 152: size [Vector2D: x: 368, y: 1058], fmt AR24, planes 1
[1;32mDEBUG [0m]: [CLinuxDMABUFParamsResource]  | plane 0: mod 72057594037927952 fd 100 stride 1536 offset 0
[1;32mDEBUG [0m]: [CWLSeatProtocol] New seat resource bound at 55a79f6385d0
[1;32mDEBUG [0m]: [CVirtualKeyboardProtocol] New VKeyboard at id 5
[1;32mDEBUG [0m]: ApplyConfigToKeyboard for "hl-virtual-keyboard-wtype", hasconfig: 0
[1;32mDEBUG [0m]: Attempting to create a keymap for layout us with variant  (rules: , model: , options: )
[1;32mDEBUG [0m]: Updating keyboard 55a79f694860's translation state from a provided keymap
[1;32mDEBUG [0m]: xkb: LED index 0 (name Num Lock) got index 1
[1;32mDEBUG [0m]: xkb: LED index 1 (name Caps Lock) got index 0
[1;32mDEBUG [0m]: xkb: LED index 2 (name Scroll Lock) got index 2
[1;32mDEBUG [0m]: xkb: Mod index 0 (name Shift) got index 0
[1;32mDEBUG [0m]: xkb: Mod index 1 (name Lock) got index 1
[1;32mDEBUG [0m]: xkb: Mod index 2 (name Control) got index 2
[1;32mDEBUG [0m]: xkb: Mod index 3 (name Mod1) got index 3
[1;32mDEBUG [0m]: xkb: Mod index 4 (name Mod2) got index 4
[1;32mDEBUG [0m]: xkb: Mod index 5 (name Mod3) got index 5
[1;32mDEBUG [0m]: xkb: Mod index 6 (name Mod4) got index 6
[1;32mDEBUG [0m]: xkb: Mod index 7 (name Mod5) got index 7
[1;32mDEBUG [0m]: Updating keymap fd for keyboard hl-virtual-keyboard-wtype
[1;32mDEBUG [0m]: Updated keymap fd to 106, keymap V1 to: 108
[1;32mDEBUG [0m]: Set the keyboard layout to us and variant to  for keyboard "hl-virtual-keyboard-wtype"
[1;32mDEBUG [0m]: New virtual keyboard created at 55a79f694860
[1;32mDEBUG [0m]: Updating keyboard 55a79f694860's translation state from a provided keymap
[1;32mDEBUG [0m]: Updating keymap fd for keyboard hl-virtual-keyboard-wtype
[1;32mDEBUG [0m]: Updated keymap fd to 106, keymap V1 to: 108
[1;32mDEBUG [0m]: [CLinuxDMABUFParamsResource] Creating a dmabuf, with id 135: size [Vector2D: x: 368, y: 1058], fmt AR24, planes 1
[1;32mDEBUG [0m]: [CLinuxDMABUFParamsResource]  | plane 0: mod 72057594037927952 fd 104 stride 1536 offset 0
[1;32mDEBUG [0m]: [CWLCompositorResource] New wl_region with id 154 at 55a79f98ecf0
[1;32mDEBUG [0m]: [CLinuxDMABUFParamsResource] Creating a dmabuf, with id 151: size [Vector2D: x: 368, y: 1072], fmt AR24, planes 1
[1;32mDEBUG [0m]: [CLinuxDMABUFParamsResource]  | plane 0: mod 72057594037927952 fd 96 stride 1536 offset 0
[1;32mDEBUG [0m]: Keyboard at 55a79f694860 removed
[1;32mDEBUG [0m]: Destroyed keyboard 55a79f694860
[1;32mDEBUG [0m]: [CWLCompositorResource] New wl_region with id 135 at 55a79e617400
[1;32mDEBUG [0m]: [CLinuxDMABUFParamsResource] Creating a dmabuf, with id 153: size [Vector2D: x: 368, y: 1072], fmt AR24, planes 1
[1;32mDEBUG [0m]: [CLinuxDMABUFParamsResource]  | plane 0: mod 72057594037927952 fd 92 stride 1536 offset 0
[1;32mDEBUG [0m]: [CLinuxDMABUFParamsResource] Creating a dmabuf, with id 154: size [Vector2D: x: 368, y: 672], fmt AR24, planes 1
[1;32mDEBUG [0m]: [CLinuxDMABUFParamsResource]  | plane 0: mod 72057594037927952 fd 91 stride 1536 offset 0
[1;32mDEBUG [0m]: [CLinuxDMABUFParamsResource] Creating a dmabuf, with id 148: size [Vector2D: x: 368, y: 672], fmt AR24, planes 1
[1;32mDEBUG [0m]: [CLinuxDMABUFParamsResource]  | plane 0: mod 72057594037927952 fd 92 stride 1536 offset 0
[1;32mDEBUG [0m]: [CWLCompositorResource] New wl_region with id 150 at 55a79f9c7110
[1;32mDEBUG [0m]: [CLinuxDMABUFParamsResource] Creating a dmabuf, with id 151: size [Vector2D: x: 1140, y: 681], fmt AR24, planes 1
[1;32mDEBUG [0m]: [CLinuxDMABUFParamsResource]  | plane 0: mod 72057594037927952 fd 92 stride 4608 offset 0
[1;32mDEBUG [0m]: [CWLCompositorResource] New wl_region with id 135 at 55a79f63a060
[1;32mDEBUG [0m]: [CLinuxDMABUFParamsResource] Creating a dmabuf, with id 150: size [Vector2D: x: 1140, y: 681], fmt AR24, planes 1
[1;32mDEBUG [0m]: [CLinuxDMABUFParamsResource]  | plane 0: mod 72057594037927952 fd 100 stride 4608 offset 0
[1;32mDEBUG [0m]: [CLinuxDMABUFParamsResource] Creating a dmabuf, with id 147: size [Vector2D: x: 368, y: 1072], fmt AR24, planes 1
[1;32mDEBUG [0m]: [CLinuxDMABUFParamsResource]  | plane 0: mod 72057594037927952 fd 96 stride 1536 offset 0
[1;32mDEBUG [0m]: [CWLCompositorResource] New wl_region with id 96 at 55a79fdc6e90
[1;32mDEBUG [0m]: [CLinuxDMABUFParamsResource] Creating a dmabuf, with id 148: size [Vector2D: x: 368, y: 1072], fmt AR24, planes 1
[1;32mDEBUG [0m]: [CLinuxDMABUFParamsResource]  | plane 0: mod 72057594037927952 fd 95 stride 1536 offset 0
[1;32mDEBUG [0m]: LayerSurface 55a79fb112e0 destroyed
[1;32mDEBUG [0m]: Forcing an unmap of a LS that did a straight destroy!
[1;32mDEBUG [0m]: LayerSurface 55a79fb112e0 unmapped
[1;32mDEBUG [0m]: renderer: making a snapshot of layer 55a79f67cf20
[1;32mDEBUG [0m]: Framebuffer "layer snapshot" created, status 36053
[1;32mDEBUG [0m]: renderer: cleared a snapshot of layer 55a79f67cf20
[1;32mDEBUG [0m]: renderer: rendered a snapshot of layer 55a79f67cf20
[1;32mDEBUG [0m]: renderer: made a snapshot of layer 55a79f67cf20
[1;32mDEBUG [0m]: CWLSurface 55a79f9ed900 called destroy()
[1;32mDEBUG [0m]: Cleanup: removed 1 fadeouts
[1;32mDEBUG [0m]: [CWLCompositorResource] New wl_surface with id 152 at 55a79e614330
[1;32mDEBUG [0m]: [CWLCompositorResource] New wl_surface with id 112 at 55a79e614330
[1;32mDEBUG [0m]: [CPrimarySelectionProtocol] CPrimarySelectionProtocol::updateSelection: cannot send selection to a client without a data_device
[1;32mDEBUG [0m]: CWLSurface 55a79fc83bc0 called init()
[1;32mDEBUG [0m]: LayerSurface 55a79fb112e0 (namespace putkin-panel layer 3) created on monitor HEADLESS-1
[1;32mDEBUG [0m]: [CLayerShellProtocol] New wlr_layer_surface 55a79fb112e0
[1;32mDEBUG [0m]: cursorImage request: shape 1 -> default
[1;32mDEBUG [0m]: [CWLCompositorResource] New wl_region with id 152 at 55a79f643c70
[1;32mDEBUG [0m]: [CWLCompositorResource] New wl_region with id 132 at 55a79f643c70
[1;32mDEBUG [0m]: [CLinuxDMABUFParamsResource] Creating a dmabuf, with id 96: size [Vector2D: x: 368, y: 64], fmt AR24, planes 1
[1;32mDEBUG [0m]: [CLinuxDMABUFParamsResource]  | plane 0: mod 72057594037927952 fd 91 stride 1536 offset 0
[1;32mDEBUG [0m]: LayerSurface 55a79fb112e0 mapped
[1;32mDEBUG [0m]: [CLinuxDMABUFParamsResource] Creating a dmabuf, with id 150: size [Vector2D: x: 368, y: 64], fmt AR24, planes 1
[1;32mDEBUG [0m]: [CLinuxDMABUFParamsResource]  | plane 0: mod 72057594037927952 fd 92 stride 1536 offset 0
[1;32mDEBUG [0m]: [CLinuxDMABUFParamsResource] Creating a dmabuf, with id 154: size [Vector2D: x: 368, y: 1058], fmt AR24, planes 1
[1;32mDEBUG [0m]: [CLinuxDMABUFParamsResource]  | plane 0: mod 72057594037927952 fd 100 stride 1536 offset 0
[1;32mDEBUG [0m]: [CWLSeatProtocol] New seat resource bound at 55a79fffa1d0
[1;32mDEBUG [0m]: [CVirtualKeyboardProtocol] New VKeyboard at id 5
[1;32mDEBUG [0m]: ApplyConfigToKeyboard for "hl-virtual-keyboard-wtype", hasconfig: 0
[1;32mDEBUG [0m]: Attempting to create a keymap for layout us with variant  (rules: , model: , options: )
[1;32mDEBUG [0m]: Updating keyboard 55a79f694860's translation state from a provided keymap
[1;32mDEBUG [0m]: xkb: LED index 0 (name Num Lock) got index 1
[1;32mDEBUG [0m]: xkb: LED index 1 (name Caps Lock) got index 0
[1;32mDEBUG [0m]: xkb: LED index 2 (name Scroll Lock) got index 2
[1;32mDEBUG [0m]: xkb: Mod index 0 (name Shift) got index 0
[1;32mDEBUG [0m]: xkb: Mod index 1 (name Lock) got index 1
[1;32mDEBUG [0m]: xkb: Mod index 2 (name Control) got index 2
[1;32mDEBUG [0m]: xkb: Mod index 3 (name Mod1) got index 3
[1;32mDEBUG [0m]: xkb: Mod index 4 (name Mod2) got index 4
[1;32mDEBUG [0m]: xkb: Mod index 5 (name Mod3) got index 5
[1;32mDEBUG [0m]: xkb: Mod index 6 (name Mod4) got index 6
[1;32mDEBUG [0m]: xkb: Mod index 7 (name Mod5) got index 7
[1;32mDEBUG [0m]: Updating keymap fd for keyboard hl-virtual-keyboard-wtype
[1;32mDEBUG [0m]: Updated keymap fd to 106, keymap V1 to: 108
[1;32mDEBUG [0m]: Set the keyboard layout to us and variant to  for keyboard "hl-virtual-keyboard-wtype"
[1;32mDEBUG [0m]: New virtual keyboard created at 55a79f694860
[1;32mDEBUG [0m]: Updating keyboard 55a79f694860's translation state from a provided keymap
[1;32mDEBUG [0m]: Updating keymap fd for keyboard hl-virtual-keyboard-wtype
[1;32mDEBUG [0m]: Updated keymap fd to 106, keymap V1 to: 108
[1;32mDEBUG [0m]: [CLinuxDMABUFParamsResource] Creating a dmabuf, with id 132: size [Vector2D: x: 368, y: 1058], fmt AR24, planes 1
[1;32mDEBUG [0m]: [CLinuxDMABUFParamsResource]  | plane 0: mod 72057594037927952 fd 104 stride 1536 offset 0
[1;32mDEBUG [0m]: [CWLCompositorResource] New wl_region with id 135 at 55a79f9c9b60
[1;32mDEBUG [0m]: [CLinuxDMABUFParamsResource] Creating a dmabuf, with id 152: size [Vector2D: x: 368, y: 1072], fmt AR24, planes 1
[1;32mDEBUG [0m]: [CLinuxDMABUFParamsResource]  | plane 0: mod 72057594037927952 fd 96 stride 1536 offset 0
[1;32mDEBUG [0m]: Keyboard at 55a79f694860 removed
[1;32mDEBUG [0m]: Destroyed keyboard 55a79f694860
[1;32mDEBUG [0m]: [CWLCompositorResource] New wl_region with id 132 at 55a79f7ed960
[1;32mDEBUG [0m]: [CLinuxDMABUFParamsResource] Creating a dmabuf, with id 150: size [Vector2D: x: 368, y: 1072], fmt AR24, planes 1
[1;32mDEBUG [0m]: [CLinuxDMABUFParamsResource]  | plane 0: mod 72057594037927952 fd 92 stride 1536 offset 0
[1;32mDEBUG [0m]: [CLinuxDMABUFParamsResource] Creating a dmabuf, with id 135: size [Vector2D: x: 368, y: 672], fmt AR24, planes 1
[1;32mDEBUG [0m]: [CLinuxDMABUFParamsResource]  | plane 0: mod 72057594037927952 fd 91 stride 1536 offset 0
[1;32mDEBUG [0m]: [CLinuxDMABUFParamsResource] Creating a dmabuf, with id 149: size [Vector2D: x: 368, y: 672], fmt AR24, planes 1
[1;32mDEBUG [0m]: [CLinuxDMABUFParamsResource]  | plane 0: mod 72057594037927952 fd 92 stride 1536 offset 0
[1;32mDEBUG [0m]: [CWLCompositorResource] New wl_region with id 150 at 55a79f6379c0
[1;32mDEBUG [0m]: [CLinuxDMABUFParamsResource] Creating a dmabuf, with id 159: size [Vector2D: x: 1140, y: 681], fmt AR24, planes 1
[1;32mDEBUG [0m]: [CLinuxDMABUFParamsResource]  | plane 0: mod 72057594037927952 fd 92 stride 4608 offset 0
[1;32mDEBUG [0m]: [CWLCompositorResource] New wl_region with id 158 at 55a79f183260
[1;32mDEBUG [0m]: [CLinuxDMABUFParamsResource] Creating a dmabuf, with id 152: size [Vector2D: x: 1140, y: 681], fmt AR24, planes 1
[1;32mDEBUG [0m]: [CLinuxDMABUFParamsResource]  | plane 0: mod 72057594037927952 fd 100 stride 4608 offset 0
[1;32mDEBUG [0m]: [CLinuxDMABUFParamsResource] Creating a dmabuf, with id 149: size [Vector2D: x: 368, y: 1072], fmt AR24, planes 1
[1;32mDEBUG [0m]: [CLinuxDMABUFParamsResource]  | plane 0: mod 72057594037927952 fd 96 stride 1536 offset 0
[1;32mDEBUG [0m]: [CWLCompositorResource] New wl_region with id 152 at 55a79f9c9b60
[1;32mDEBUG [0m]: [CLinuxDMABUFParamsResource] Creating a dmabuf, with id 96: size [Vector2D: x: 368, y: 1072], fmt AR24, planes 1
[1;32mDEBUG [0m]: [CLinuxDMABUFParamsResource]  | plane 0: mod 72057594037927952 fd 91 stride 1536 offset 0
[1;32mDEBUG [0m]: LayerSurface 55a79fb112e0 destroyed
[1;32mDEBUG [0m]: Forcing an unmap of a LS that did a straight destroy!
[1;32mDEBUG [0m]: LayerSurface 55a79fb112e0 unmapped
[1;32mDEBUG [0m]: renderer: making a snapshot of layer 55a79f61e950
[1;32mDEBUG [0m]: Framebuffer "layer snapshot" created, status 36053
[1;32mDEBUG [0m]: renderer: cleared a snapshot of layer 55a79f61e950
[1;32mDEBUG [0m]: renderer: rendered a snapshot of layer 55a79f61e950
[1;32mDEBUG [0m]: renderer: made a snapshot of layer 55a79f61e950
[1;32mDEBUG [0m]: CWLSurface 55a79fc83bc0 called destroy()
[1;32mDEBUG [0m]: Cleanup: removed 1 fadeouts
[1;32mDEBUG [0m]: [CWLCompositorResource] New wl_surface with id 132 at 55a79e614330
[1;32mDEBUG [0m]: [CWLCompositorResource] New wl_surface with id 148 at 55a79e614330
[1;32mDEBUG [0m]: [CPrimarySelectionProtocol] CPrimarySelectionProtocol::updateSelection: cannot send selection to a client without a data_device
[1;32mDEBUG [0m]: CWLSurface 55a79fd490d0 called init()
[1;32mDEBUG [0m]: LayerSurface 55a79fb112e0 (namespace putkin-panel layer 3) created on monitor HEADLESS-1
[1;32mDEBUG [0m]: [CLayerShellProtocol] New wlr_layer_surface 55a79fb112e0
[1;32mDEBUG [0m]: cursorImage request: shape 1 -> default
[1;32mDEBUG [0m]: [CWLCompositorResource] New wl_region with id 132 at 55a79e72ae50
[1;32mDEBUG [0m]: [CWLCompositorResource] New wl_region with id 136 at 55a79e72ae50
[1;32mDEBUG [0m]: [CLinuxDMABUFParamsResource] Creating a dmabuf, with id 152: size [Vector2D: x: 368, y: 64], fmt AR24, planes 1
[1;32mDEBUG [0m]: [CLinuxDMABUFParamsResource]  | plane 0: mod 72057594037927952 fd 91 stride 1536 offset 0
[1;32mDEBUG [0m]: LayerSurface 55a79fb112e0 mapped
[1;32mDEBUG [0m]: [CLinuxDMABUFParamsResource] Creating a dmabuf, with id 159: size [Vector2D: x: 368, y: 64], fmt AR24, planes 1
[1;32mDEBUG [0m]: [CLinuxDMABUFParamsResource]  | plane 0: mod 72057594037927952 fd 95 stride 1536 offset 0
[1;32mDEBUG [0m]: [CLinuxDMABUFParamsResource] Creating a dmabuf, with id 150: size [Vector2D: x: 368, y: 1058], fmt AR24, planes 1
[1;32mDEBUG [0m]: [CLinuxDMABUFParamsResource]  | plane 0: mod 72057594037927952 fd 100 stride 1536 offset 0
[1;32mDEBUG [0m]: [CWLSeatProtocol] New seat resource bound at 55a79fa56070
[1;32mDEBUG [0m]: [CVirtualKeyboardProtocol] New VKeyboard at id 5
[1;32mDEBUG [0m]: ApplyConfigToKeyboard for "hl-virtual-keyboard-wtype", hasconfig: 0
[1;32mDEBUG [0m]: Attempting to create a keymap for layout us with variant  (rules: , model: , options: )
[1;32mDEBUG [0m]: Updating keyboard 55a79f694860's translation state from a provided keymap
[1;32mDEBUG [0m]: xkb: LED index 0 (name Num Lock) got index 1
[1;32mDEBUG [0m]: xkb: LED index 1 (name Caps Lock) got index 0
[1;32mDEBUG [0m]: xkb: LED index 2 (name Scroll Lock) got index 2
[1;32mDEBUG [0m]: xkb: Mod index 0 (name Shift) got index 0
[1;32mDEBUG [0m]: xkb: Mod index 1 (name Lock) got index 1
[1;32mDEBUG [0m]: xkb: Mod index 2 (name Control) got index 2
[1;32mDEBUG [0m]: xkb: Mod index 3 (name Mod1) got index 3
[1;32mDEBUG [0m]: xkb: Mod index 4 (name Mod2) got index 4
[1;32mDEBUG [0m]: xkb: Mod index 5 (name Mod3) got index 5
[1;32mDEBUG [0m]: xkb: Mod index 6 (name Mod4) got index 6
[1;32mDEBUG [0m]: xkb: Mod index 7 (name Mod5) got index 7
[1;32mDEBUG [0m]: Updating keymap fd for keyboard hl-virtual-keyboard-wtype
[1;32mDEBUG [0m]: Updated keymap fd to 106, keymap V1 to: 108
[1;32mDEBUG [0m]: Set the keyboard layout to us and variant to  for keyboard "hl-virtual-keyboard-wtype"
[1;32mDEBUG [0m]: New virtual keyboard created at 55a79f694860
[1;32mDEBUG [0m]: Updating keyboard 55a79f694860's translation state from a provided keymap
[1;32mDEBUG [0m]: Updating keymap fd for keyboard hl-virtual-keyboard-wtype
[1;32mDEBUG [0m]: Updated keymap fd to 106, keymap V1 to: 108
[1;32mDEBUG [0m]: [CLinuxDMABUFParamsResource] Creating a dmabuf, with id 152: size [Vector2D: x: 368, y: 1058], fmt AR24, planes 1
[1;32mDEBUG [0m]: [CLinuxDMABUFParamsResource]  | plane 0: mod 72057594037927952 fd 104 stride 1536 offset 0
[1;32mDEBUG [0m]: [CWLCompositorResource] New wl_region with id 158 at 55a79f8caa50
[1;32mDEBUG [0m]: [CLinuxDMABUFParamsResource] Creating a dmabuf, with id 158: size [Vector2D: x: 368, y: 1072], fmt AR24, planes 1
[1;32mDEBUG [0m]: [CLinuxDMABUFParamsResource]  | plane 0: mod 72057594037927952 fd 92 stride 1536 offset 0
[1;32mDEBUG [0m]: Keyboard at 55a79f694860 removed
[1;32mDEBUG [0m]: Destroyed keyboard 55a79f694860
[1;32mDEBUG [0m]: [CWLCompositorResource] New wl_region with id 132 at 55a79fc34830
[1;32mDEBUG [0m]: [CLinuxDMABUFParamsResource] Creating a dmabuf, with id 152: size [Vector2D: x: 368, y: 1072], fmt AR24, planes 1
[1;32mDEBUG [0m]: [CLinuxDMABUFParamsResource]  | plane 0: mod 72057594037927952 fd 91 stride 1536 offset 0
[1;32mDEBUG [0m]: [CLinuxDMABUFParamsResource] Creating a dmabuf, with id 159: size [Vector2D: x: 368, y: 672], fmt AR24, planes 1
[1;32mDEBUG [0m]: [CLinuxDMABUFParamsResource]  | plane 0: mod 72057594037927952 fd 96 stride 1536 offset 0
[1;32mDEBUG [0m]: [CLinuxDMABUFParamsResource] Creating a dmabuf, with id 157: size [Vector2D: x: 368, y: 672], fmt AR24, planes 1
[1;32mDEBUG [0m]: [CLinuxDMABUFParamsResource]  | plane 0: mod 72057594037927952 fd 91 stride 1536 offset 0
[1;32mDEBUG [0m]: [CWLCompositorResource] New wl_region with id 154 at 55a79e72ae50
[1;32mDEBUG [0m]: [CLinuxDMABUFParamsResource] Creating a dmabuf, with id 132: size [Vector2D: x: 1140, y: 681], fmt AR24, planes 1
[1;32mDEBUG [0m]: [CLinuxDMABUFParamsResource]  | plane 0: mod 72057594037927952 fd 91 stride 4608 offset 0
[1;32mDEBUG [0m]: [CWLCompositorResource] New wl_region with id 150 at 55a79f8cea20
[1;32mDEBUG [0m]: [CLinuxDMABUFParamsResource] Creating a dmabuf, with id 158: size [Vector2D: x: 1140, y: 681], fmt AR24, planes 1
[1;32mDEBUG [0m]: [CLinuxDMABUFParamsResource]  | plane 0: mod 72057594037927952 fd 100 stride 4608 offset 0
[1;32mDEBUG [0m]: [CLinuxDMABUFParamsResource] Creating a dmabuf, with id 154: size [Vector2D: x: 368, y: 1072], fmt AR24, planes 1
[1;32mDEBUG [0m]: [CLinuxDMABUFParamsResource]  | plane 0: mod 72057594037927952 fd 92 stride 1536 offset 0
[1;32mDEBUG [0m]: [CWLCompositorResource] New wl_region with id 136 at 55a79f643fd0
[1;32mDEBUG [0m]: [CLinuxDMABUFParamsResource] Creating a dmabuf, with id 157: size [Vector2D: x: 368, y: 1072], fmt AR24, planes 1
[1;32mDEBUG [0m]: [CLinuxDMABUFParamsResource]  | plane 0: mod 72057594037927952 fd 95 stride 1536 offset 0
[1;32mDEBUG [0m]: LayerSurface 55a79fb112e0 destroyed
[1;32mDEBUG [0m]: Forcing an unmap of a LS that did a straight destroy!
[1;32mDEBUG [0m]: LayerSurface 55a79fb112e0 unmapped
[1;32mDEBUG [0m]: renderer: making a snapshot of layer 55a79f67cf20
[1;32mDEBUG [0m]: Framebuffer "layer snapshot" created, status 36053
[1;32mDEBUG [0m]: renderer: cleared a snapshot of layer 55a79f67cf20
[1;32mDEBUG [0m]: renderer: rendered a snapshot of layer 55a79f67cf20
[1;32mDEBUG [0m]: renderer: made a snapshot of layer 55a79f67cf20
[1;32mDEBUG [0m]: CWLSurface 55a79fd490d0 called destroy()
[1;32mDEBUG [0m]: Cleanup: removed 1 fadeouts
[1;32mDEBUG [0m]: [CWLCompositorResource] New wl_surface with id 152 at 55a79e614330
[1;32mDEBUG [0m]: [CWLCompositorResource] New wl_surface with id 96 at 55a79e614330
[1;32mDEBUG [0m]: [CPrimarySelectionProtocol] CPrimarySelectionProtocol::updateSelection: cannot send selection to a client without a data_device
[1;32mDEBUG [0m]: CWLSurface 55a79f5b28b0 called init()
[1;32mDEBUG [0m]: LayerSurface 55a79fb112e0 (namespace putkin-panel layer 3) created on monitor HEADLESS-1
[1;32mDEBUG [0m]: [CLayerShellProtocol] New wlr_layer_surface 55a79fb112e0
[1;32mDEBUG [0m]: cursorImage request: shape 1 -> default
[1;32mDEBUG [0m]: [CWLCompositorResource] New wl_region with id 152 at 55a79f6379c0
[1;32mDEBUG [0m]: [CWLCompositorResource] New wl_region with id 112 at 55a79f6379c0
[1;32mDEBUG [0m]: [CLinuxDMABUFParamsResource] Creating a dmabuf, with id 136: size [Vector2D: x: 368, y: 64], fmt AR24, planes 1
[1;32mDEBUG [0m]: [CLinuxDMABUFParamsResource]  | plane 0: mod 72057594037927952 fd 91 stride 1536 offset 0
[1;32mDEBUG [0m]: LayerSurface 55a79fb112e0 mapped
[1;32mDEBUG [0m]: [CLinuxDMABUFParamsResource] Creating a dmabuf, with id 158: size [Vector2D: x: 368, y: 64], fmt AR24, planes 1
[1;32mDEBUG [0m]: [CLinuxDMABUFParamsResource]  | plane 0: mod 72057594037927952 fd 92 stride 1536 offset 0
[1;32mDEBUG [0m]: [CLinuxDMABUFParamsResource] Creating a dmabuf, with id 159: size [Vector2D: x: 368, y: 1058], fmt AR24, planes 1
[1;32mDEBUG [0m]: [CLinuxDMABUFParamsResource]  | plane 0: mod 72057594037927952 fd 100 stride 1536 offset 0
[1;32mDEBUG [0m]: [CWLSeatProtocol] New seat resource bound at 55a79fd40540
[1;32mDEBUG [0m]: [CVirtualKeyboardProtocol] New VKeyboard at id 5
[1;32mDEBUG [0m]: ApplyConfigToKeyboard for "hl-virtual-keyboard-wtype", hasconfig: 0
[1;32mDEBUG [0m]: Attempting to create a keymap for layout us with variant  (rules: , model: , options: )
[1;32mDEBUG [0m]: Updating keyboard 55a79f694860's translation state from a provided keymap
[1;32mDEBUG [0m]: xkb: LED index 0 (name Num Lock) got index 1
[1;32mDEBUG [0m]: xkb: LED index 1 (name Caps Lock) got index 0
[1;32mDEBUG [0m]: xkb: LED index 2 (name Scroll Lock) got index 2
[1;32mDEBUG [0m]: xkb: Mod index 0 (name Shift) got index 0
[1;32mDEBUG [0m]: xkb: Mod index 1 (name Lock) got index 1
[1;32mDEBUG [0m]: xkb: Mod index 2 (name Control) got index 2
[1;32mDEBUG [0m]: xkb: Mod index 3 (name Mod1) got index 3
[1;32mDEBUG [0m]: xkb: Mod index 4 (name Mod2) got index 4
[1;32mDEBUG [0m]: xkb: Mod index 5 (name Mod3) got index 5
[1;32mDEBUG [0m]: xkb: Mod index 6 (name Mod4) got index 6
[1;32mDEBUG [0m]: xkb: Mod index 7 (name Mod5) got index 7
[1;32mDEBUG [0m]: Updating keymap fd for keyboard hl-virtual-keyboard-wtype
[1;32mDEBUG [0m]: Updated keymap fd to 106, keymap V1 to: 108
[1;32mDEBUG [0m]: Set the keyboard layout to us and variant to  for keyboard "hl-virtual-keyboard-wtype"
[1;32mDEBUG [0m]: New virtual keyboard created at 55a79f694860
[1;32mDEBUG [0m]: Updating keyboard 55a79f694860's translation state from a provided keymap
[1;32mDEBUG [0m]: Updating keymap fd for keyboard hl-virtual-keyboard-wtype
[1;32mDEBUG [0m]: Updated keymap fd to 106, keymap V1 to: 108
[1;32mDEBUG [0m]: [CLinuxDMABUFParamsResource] Creating a dmabuf, with id 112: size [Vector2D: x: 368, y: 1058], fmt AR24, planes 1
[1;32mDEBUG [0m]: [CLinuxDMABUFParamsResource]  | plane 0: mod 72057594037927952 fd 104 stride 1536 offset 0
[1;32mDEBUG [0m]: [CWLCompositorResource] New wl_region with id 150 at 55a79f8cadb0
[1;32mDEBUG [0m]: [CLinuxDMABUFParamsResource] Creating a dmabuf, with id 150: size [Vector2D: x: 368, y: 1072], fmt AR24, planes 1
[1;32mDEBUG [0m]: [CLinuxDMABUFParamsResource]  | plane 0: mod 72057594037927952 fd 96 stride 1536 offset 0
[1;32mDEBUG [0m]: Keyboard at 55a79f694860 removed
[1;32mDEBUG [0m]: Destroyed keyboard 55a79f694860
[1;32mDEBUG [0m]: [CWLCompositorResource] New wl_region with id 152 at 55a79f6455c0
[1;32mDEBUG [0m]: [CLinuxDMABUFParamsResource] Creating a dmabuf, with id 112: size [Vector2D: x: 368, y: 1072], fmt AR24, planes 1
[1;32mDEBUG [0m]: [CLinuxDMABUFParamsResource]  | plane 0: mod 72057594037927952 fd 92 stride 1536 offset 0
[1;32mDEBUG [0m]: [CLinuxDMABUFParamsResource] Creating a dmabuf, with id 158: size [Vector2D: x: 368, y: 672], fmt AR24, planes 1
[1;32mDEBUG [0m]: [CLinuxDMABUFParamsResource]  | plane 0: mod 72057594037927952 fd 91 stride 1536 offset 0
[1;32mDEBUG [0m]: [CLinuxDMABUFParamsResource] Creating a dmabuf, with id 151: size [Vector2D: x: 368, y: 672], fmt AR24, planes 1
[1;32mDEBUG [0m]: [CLinuxDMABUFParamsResource]  | plane 0: mod 72057594037927952 fd 92 stride 1536 offset 0
[1;32mDEBUG [0m]: [CWLCompositorResource] New wl_region with id 153 at 55a79e638db0
[1;32mDEBUG [0m]: [CLinuxDMABUFParamsResource] Creating a dmabuf, with id 85: size [Vector2D: x: 1140, y: 681], fmt AR24, planes 1
[1;32mDEBUG [0m]: [CLinuxDMABUFParamsResource]  | plane 0: mod 72057594037927952 fd 92 stride 4608 offset 0
[1;32mDEBUG [0m]: [CWLCompositorResource] New wl_region with id 151 at 55a79e65b7b0
[1;32mDEBUG [0m]: [CLinuxDMABUFParamsResource] Creating a dmabuf, with id 152: size [Vector2D: x: 1140, y: 681], fmt AR24, planes 1
[1;32mDEBUG [0m]: [CLinuxDMABUFParamsResource]  | plane 0: mod 72057594037927952 fd 100 stride 4608 offset 0
[1;32mDEBUG [0m]: [CLinuxDMABUFParamsResource] Creating a dmabuf, with id 153: size [Vector2D: x: 368, y: 1072], fmt AR24, planes 1
[1;32mDEBUG [0m]: [CLinuxDMABUFParamsResource]  | plane 0: mod 72057594037927952 fd 96 stride 1536 offset 0
[1;32mDEBUG [0m]: [CWLCompositorResource] New wl_region with id 152 at 55a79f65a2f0
[1;32mDEBUG [0m]: [CLinuxDMABUFParamsResource] Creating a dmabuf, with id 160: size [Vector2D: x: 368, y: 1072], fmt AR24, planes 1
[1;32mDEBUG [0m]: [CLinuxDMABUFParamsResource]  | plane 0: mod 72057594037927952 fd 91 stride 1536 offset 0
[1;32mDEBUG [0m]: LayerSurface 55a79fb112e0 destroyed
[1;32mDEBUG [0m]: Forcing an unmap of a LS that did a straight destroy!
[1;32mDEBUG [0m]: LayerSurface 55a79fb112e0 unmapped
[1;32mDEBUG [0m]: renderer: making a snapshot of layer 55a79f61e950
[1;32mDEBUG [0m]: Framebuffer "layer snapshot" created, status 36053
[1;32mDEBUG [0m]: renderer: cleared a snapshot of layer 55a79f61e950
[1;32mDEBUG [0m]: renderer: rendered a snapshot of layer 55a79f61e950
[1;32mDEBUG [0m]: renderer: made a snapshot of layer 55a79f61e950
[1;32mDEBUG [0m]: CWLSurface 55a79f5b28b0 called destroy()
[1;32mDEBUG [0m]: Cleanup: removed 1 fadeouts
[1;32mDEBUG [0m]: [CWLCompositorResource] New wl_surface with id 112 at 55a79e614330
[1;32mDEBUG [0m]: [CWLCompositorResource] New wl_surface with id 157 at 55a79e614330
[1;32mDEBUG [0m]: [CPrimarySelectionProtocol] CPrimarySelectionProtocol::updateSelection: cannot send selection to a client without a data_device
[1;32mDEBUG [0m]: CWLSurface 55a79f644eb0 called init()
[1;32mDEBUG [0m]: LayerSurface 55a79fb112e0 (namespace putkin-panel layer 3) created on monitor HEADLESS-1
[1;32mDEBUG [0m]: [CLayerShellProtocol] New wlr_layer_surface 55a79fb112e0
[1;32mDEBUG [0m]: cursorImage request: shape 1 -> default
[1;32mDEBUG [0m]: [CWLCompositorResource] New wl_region with id 112 at 55a79fc33b10
[1;32mDEBUG [0m]: [CWLCompositorResource] New wl_region with id 148 at 55a79fc33b10
[1;32mDEBUG [0m]: [CLinuxDMABUFParamsResource] Creating a dmabuf, with id 152: size [Vector2D: x: 368, y: 64], fmt AR24, planes 1
[1;32mDEBUG [0m]: [CLinuxDMABUFParamsResource]  | plane 0: mod 72057594037927952 fd 91 stride 1536 offset 0
[1;32mDEBUG [0m]: LayerSurface 55a79fb112e0 mapped
[1;32mDEBUG [0m]: [CLinuxDMABUFParamsResource] Creating a dmabuf, with id 85: size [Vector2D: x: 368, y: 64], fmt AR24, planes 1
[1;32mDEBUG [0m]: [CLinuxDMABUFParamsResource]  | plane 0: mod 72057594037927952 fd 95 stride 1536 offset 0
[1;32mDEBUG [0m]: [CLinuxDMABUFParamsResource] Creating a dmabuf, with id 136: size [Vector2D: x: 368, y: 1058], fmt AR24, planes 1
[1;32mDEBUG [0m]: [CLinuxDMABUFParamsResource]  | plane 0: mod 72057594037927952 fd 100 stride 1536 offset 0
[1;32mDEBUG [0m]: [CWLSeatProtocol] New seat resource bound at 55a79fd23dc0
[1;32mDEBUG [0m]: [CVirtualKeyboardProtocol] New VKeyboard at id 5
[1;32mDEBUG [0m]: ApplyConfigToKeyboard for "hl-virtual-keyboard-wtype", hasconfig: 0
[1;32mDEBUG [0m]: Attempting to create a keymap for layout us with variant  (rules: , model: , options: )
[1;32mDEBUG [0m]: Updating keyboard 55a79f694860's translation state from a provided keymap
[1;32mDEBUG [0m]: xkb: LED index 0 (name Num Lock) got index 1
[1;32mDEBUG [0m]: xkb: LED index 1 (name Caps Lock) got index 0
[1;32mDEBUG [0m]: xkb: LED index 2 (name Scroll Lock) got index 2
[1;32mDEBUG [0m]: xkb: Mod index 0 (name Shift) got index 0
[1;32mDEBUG [0m]: xkb: Mod index 1 (name Lock) got index 1
[1;32mDEBUG [0m]: xkb: Mod index 2 (name Control) got index 2
[1;32mDEBUG [0m]: xkb: Mod index 3 (name Mod1) got index 3
[1;32mDEBUG [0m]: xkb: Mod index 4 (name Mod2) got index 4
[1;32mDEBUG [0m]: xkb: Mod index 5 (name Mod3) got index 5
[1;32mDEBUG [0m]: xkb: Mod index 6 (name Mod4) got index 6
[1;32mDEBUG [0m]: xkb: Mod index 7 (name Mod5) got index 7
[1;32mDEBUG [0m]: Updating keymap fd for keyboard hl-virtual-keyboard-wtype
[1;32mDEBUG [0m]: Updated keymap fd to 106, keymap V1 to: 108
[1;32mDEBUG [0m]: Set the keyboard layout to us and variant to  for keyboard "hl-virtual-keyboard-wtype"
[1;32mDEBUG [0m]: New virtual keyboard created at 55a79f694860
[1;32mDEBUG [0m]: Updating keyboard 55a79f694860's translation state from a provided keymap
[1;32mDEBUG [0m]: Updating keymap fd for keyboard hl-virtual-keyboard-wtype
[1;32mDEBUG [0m]: Updated keymap fd to 106, keymap V1 to: 108
[1;32mDEBUG [0m]: [CLinuxDMABUFParamsResource] Creating a dmabuf, with id 148: size [Vector2D: x: 368, y: 1058], fmt AR24, planes 1
[1;32mDEBUG [0m]: [CLinuxDMABUFParamsResource]  | plane 0: mod 72057594037927952 fd 104 stride 1536 offset 0
[1;32mDEBUG [0m]: [CWLCompositorResource] New wl_region with id 151 at 55a79f85e540
[1;32mDEBUG [0m]: [CLinuxDMABUFParamsResource] Creating a dmabuf, with id 151: size [Vector2D: x: 368, y: 1072], fmt AR24, planes 1
[1;32mDEBUG [0m]: [CLinuxDMABUFParamsResource]  | plane 0: mod 72057594037927952 fd 96 stride 1536 offset 0
[1;32mDEBUG [0m]: Keyboard at 55a79f694860 removed
[1;32mDEBUG [0m]: Destroyed keyboard 55a79f694860
[1;32mDEBUG [0m]: [CWLCompositorResource] New wl_region with id 112 at 55a79f635880
[1;32mDEBUG [0m]: [CLinuxDMABUFParamsResource] Creating a dmabuf, with id 148: size [Vector2D: x: 368, y: 1072], fmt AR24, planes 1
[1;32mDEBUG [0m]: [CLinuxDMABUFParamsResource]  | plane 0: mod 72057594037927952 fd 92 stride 1536 offset 0
[1;32mDEBUG [0m]: [CLinuxDMABUFParamsResource] Creating a dmabuf, with id 85: size [Vector2D: x: 368, y: 672], fmt AR24, planes 1
[1;32mDEBUG [0m]: [CLinuxDMABUFParamsResource]  | plane 0: mod 72057594037927952 fd 91 stride 1536 offset 0
[1;32mDEBUG [0m]: [CLinuxDMABUFParamsResource] Creating a dmabuf, with id 135: size [Vector2D: x: 368, y: 672], fmt AR24, planes 1
[1;32mDEBUG [0m]: [CLinuxDMABUFParamsResource]  | plane 0: mod 72057594037927952 fd 92 stride 1536 offset 0
[1;32mDEBUG [0m]: [CWLCompositorResource] New wl_region with id 161 at 55a79f635880
[1;32mDEBUG [0m]: [CLinuxDMABUFParamsResource] Creating a dmabuf, with id 150: size [Vector2D: x: 1140, y: 681], fmt AR24, planes 1
[1;32mDEBUG [0m]: [CLinuxDMABUFParamsResource]  | plane 0: mod 72057594037927952 fd 92 stride 4608 offset 0
[1;32mDEBUG [0m]: [CWLCompositorResource] New wl_region with id 135 at 55a79e6892b0
[1;32mDEBUG [0m]: [CLinuxDMABUFParamsResource] Creating a dmabuf, with id 161: size [Vector2D: x: 1140, y: 681], fmt AR24, planes 1
[1;32mDEBUG [0m]: [CLinuxDMABUFParamsResource]  | plane 0: mod 72057594037927952 fd 100 stride 4608 offset 0
[1;32mDEBUG [0m]: [CLinuxDMABUFParamsResource] Creating a dmabuf, with id 159: size [Vector2D: x: 368, y: 1072], fmt AR24, planes 1
[1;32mDEBUG [0m]: [CLinuxDMABUFParamsResource]  | plane 0: mod 72057594037927952 fd 96 stride 1536 offset 0
[1;32mDEBUG [0m]: [CWLCompositorResource] New wl_region with id 152 at 55a79f85db00
[1;32mDEBUG [0m]: [CLinuxDMABUFParamsResource] Creating a dmabuf, with id 151: size [Vector2D: x: 368, y: 1072], fmt AR24, planes 1
[1;32mDEBUG [0m]: [CLinuxDMABUFParamsResource]  | plane 0: mod 72057594037927952 fd 95 stride 1536 offset 0
[1;32mDEBUG [0m]: LayerSurface 55a79fb112e0 destroyed
[1;32mDEBUG [0m]: Forcing an unmap of a LS that did a straight destroy!
[1;32mDEBUG [0m]: LayerSurface 55a79fb112e0 unmapped
[1;32mDEBUG [0m]: renderer: making a snapshot of layer 55a79f67cf20
[1;32mDEBUG [0m]: Framebuffer "layer snapshot" created, status 36053
[1;32mDEBUG [0m]: renderer: cleared a snapshot of layer 55a79f67cf20
[1;32mDEBUG [0m]: renderer: rendered a snapshot of layer 55a79f67cf20
[1;32mDEBUG [0m]: renderer: made a snapshot of layer 55a79f67cf20
[1;32mDEBUG [0m]: CWLSurface 55a79f644eb0 called destroy()
[1;32mDEBUG [0m]: Cleanup: removed 1 fadeouts
[1;32mDEBUG [0m]: [CWLCompositorResource] New wl_surface with id 148 at 55a79e614330
[1;32mDEBUG [0m]: [CWLCompositorResource] New wl_surface with id 160 at 55a79e614330
[1;32mDEBUG [0m]: [CPrimarySelectionProtocol] CPrimarySelectionProtocol::updateSelection: cannot send selection to a client without a data_device
[1;32mDEBUG [0m]: CWLSurface 55a79f6f1bc0 called init()
[1;32mDEBUG [0m]: LayerSurface 55a79fb112e0 (namespace putkin-panel layer 3) created on monitor HEADLESS-1
[1;32mDEBUG [0m]: [CLayerShellProtocol] New wlr_layer_surface 55a79fb112e0
[1;32mDEBUG [0m]: cursorImage request: shape 1 -> default
[1;32mDEBUG [0m]: [CWLCompositorResource] New wl_region with id 148 at 55a79fb73f00
[1;32mDEBUG [0m]: [CWLCompositorResource] New wl_region with id 96 at 55a79fb73f00
[1;32mDEBUG [0m]: [CLinuxDMABUFParamsResource] Creating a dmabuf, with id 152: size [Vector2D: x: 368, y: 64], fmt AR24, planes 1
[1;32mDEBUG [0m]: [CLinuxDMABUFParamsResource]  | plane 0: mod 72057594037927952 fd 91 stride 1536 offset 0
[1;32mDEBUG [0m]: LayerSurface 55a79fb112e0 mapped
[1;32mDEBUG [0m]: [CLinuxDMABUFParamsResource] Creating a dmabuf, with id 161: size [Vector2D: x: 368, y: 64], fmt AR24, planes 1
[1;32mDEBUG [0m]: [CLinuxDMABUFParamsResource]  | plane 0: mod 72057594037927952 fd 92 stride 1536 offset 0
[1;32mDEBUG [0m]: [CLinuxDMABUFParamsResource] Creating a dmabuf, with id 85: size [Vector2D: x: 368, y: 1058], fmt AR24, planes 1
[1;32mDEBUG [0m]: [CLinuxDMABUFParamsResource]  | plane 0: mod 72057594037927952 fd 100 stride 1536 offset 0
[1;32mDEBUG [0m]: [CWLSeatProtocol] New seat resource bound at 55a79fcbb130
[1;32mDEBUG [0m]: [CVirtualKeyboardProtocol] New VKeyboard at id 5
[1;32mDEBUG [0m]: ApplyConfigToKeyboard for "hl-virtual-keyboard-wtype", hasconfig: 0
[1;32mDEBUG [0m]: Attempting to create a keymap for layout us with variant  (rules: , model: , options: )
[1;32mDEBUG [0m]: Updating keyboard 55a79f694860's translation state from a provided keymap
[1;32mDEBUG [0m]: xkb: LED index 0 (name Num Lock) got index 1
[1;32mDEBUG [0m]: xkb: LED index 1 (name Caps Lock) got index 0
[1;32mDEBUG [0m]: xkb: LED index 2 (name Scroll Lock) got index 2
[1;32mDEBUG [0m]: xkb: Mod index 0 (name Shift) got index 0
[1;32mDEBUG [0m]: xkb: Mod index 1 (name Lock) got index 1
[1;32mDEBUG [0m]: xkb: Mod index 2 (name Control) got index 2
[1;32mDEBUG [0m]: xkb: Mod index 3 (name Mod1) got index 3
[1;32mDEBUG [0m]: xkb: Mod index 4 (name Mod2) got index 4
[1;32mDEBUG [0m]: xkb: Mod index 5 (name Mod3) got index 5
[1;32mDEBUG [0m]: xkb: Mod index 6 (name Mod4) got index 6
[1;32mDEBUG [0m]: xkb: Mod index 7 (name Mod5) got index 7
[1;32mDEBUG [0m]: Updating keymap fd for keyboard hl-virtual-keyboard-wtype
[1;32mDEBUG [0m]: Updated keymap fd to 106, keymap V1 to: 108
[1;32mDEBUG [0m]: Set the keyboard layout to us and variant to  for keyboard "hl-virtual-keyboard-wtype"
[1;32mDEBUG [0m]: New virtual keyboard created at 55a79f694860
[1;32mDEBUG [0m]: Updating keyboard 55a79f694860's translation state from a provided keymap
[1;32mDEBUG [0m]: Updating keymap fd for keyboard hl-virtual-keyboard-wtype
[1;32mDEBUG [0m]: Updated keymap fd to 106, keymap V1 to: 108
[1;32mDEBUG [0m]: [CLinuxDMABUFParamsResource] Creating a dmabuf, with id 148: size [Vector2D: x: 368, y: 1058], fmt AR24, planes 1
[1;32mDEBUG [0m]: [CLinuxDMABUFParamsResource]  | plane 0: mod 72057594037927952 fd 104 stride 1536 offset 0
[1;32mDEBUG [0m]: [CWLCompositorResource] New wl_region with id 135 at 55a79fcf8590
[1;32mDEBUG [0m]: [CLinuxDMABUFParamsResource] Creating a dmabuf, with id 161: size [Vector2D: x: 368, y: 1072], fmt AR24, planes 1
[1;32mDEBUG [0m]: [CLinuxDMABUFParamsResource]  | plane 0: mod 72057594037927952 fd 92 stride 1536 offset 0
[1;32mDEBUG [0m]: Keyboard at 55a79f694860 removed
[1;32mDEBUG [0m]: Destroyed keyboard 55a79f694860
[1;32mDEBUG [0m]: [CWLCompositorResource] New wl_region with id 152 at 55a79fa8aeb0
[1;32mDEBUG [0m]: [CLinuxDMABUFParamsResource] Creating a dmabuf, with id 148: size [Vector2D: x: 368, y: 1072], fmt AR24, planes 1
[1;32mDEBUG [0m]: [CLinuxDMABUFParamsResource]  | plane 0: mod 72057594037927952 fd 91 stride 1536 offset 0
[1;32mDEBUG [0m]: [CLinuxDMABUFParamsResource] Creating a dmabuf, with id 135: size [Vector2D: x: 368, y: 672], fmt AR24, planes 1
[1;32mDEBUG [0m]: [CLinuxDMABUFParamsResource]  | plane 0: mod 72057594037927952 fd 96 stride 1536 offset 0
[1;32mDEBUG [0m]: [CLinuxDMABUFParamsResource] Creating a dmabuf, with id 132: size [Vector2D: x: 368, y: 672], fmt AR24, planes 1
[1;32mDEBUG [0m]: [CLinuxDMABUFParamsResource]  | plane 0: mod 72057594037927952 fd 91 stride 1536 offset 0
[1;32mDEBUG [0m]: [CWLCompositorResource] New wl_region with id 112 at 55a79f6444e0
[1;32mDEBUG [0m]: [CLinuxDMABUFParamsResource] Creating a dmabuf, with id 148: size [Vector2D: x: 1140, y: 681], fmt AR24, planes 1
[1;32mDEBUG [0m]: [CLinuxDMABUFParamsResource]  | plane 0: mod 72057594037927952 fd 91 stride 4608 offset 0
[1;32mDEBUG [0m]: [CWLCompositorResource] New wl_region with id 162 at 55a79f7fb5c0
[1;32mDEBUG [0m]: [CLinuxDMABUFParamsResource] Creating a dmabuf, with id 161: size [Vector2D: x: 1140, y: 681], fmt AR24, planes 1
[1;32mDEBUG [0m]: [CLinuxDMABUFParamsResource]  | plane 0: mod 72057594037927952 fd 100 stride 4608 offset 0
[1;32mDEBUG [0m]: [CLinuxDMABUFParamsResource] Creating a dmabuf, with id 112: size [Vector2D: x: 368, y: 1072], fmt AR24, planes 1
[1;32mDEBUG [0m]: [CLinuxDMABUFParamsResource]  | plane 0: mod 72057594037927952 fd 92 stride 1536 offset 0
[1;32mDEBUG [0m]: [CWLCompositorResource] New wl_region with id 96 at 55a79fc40510
[1;32mDEBUG [0m]: [CLinuxDMABUFParamsResource] Creating a dmabuf, with id 132: size [Vector2D: x: 368, y: 1072], fmt AR24, planes 1
[1;32mDEBUG [0m]: [CLinuxDMABUFParamsResource]  | plane 0: mod 72057594037927952 fd 95 stride 1536 offset 0
[1;32mDEBUG [0m]: LayerSurface 55a79fb112e0 destroyed
[1;32mDEBUG [0m]: Forcing an unmap of a LS that did a straight destroy!
[1;32mDEBUG [0m]: LayerSurface 55a79fb112e0 unmapped
[1;32mDEBUG [0m]: renderer: making a snapshot of layer 55a79f61e950
[1;32mDEBUG [0m]: Framebuffer "layer snapshot" created, status 36053
[1;32mDEBUG [0m]: renderer: cleared a snapshot of layer 55a79f61e950
[1;32mDEBUG [0m]: renderer: rendered a snapshot of layer 55a79f61e950
[1;32mDEBUG [0m]: renderer: made a snapshot of layer 55a79f61e950
[1;32mDEBUG [0m]: CWLSurface 55a79f6f1bc0 called destroy()
[1;32mDEBUG [0m]: Cleanup: removed 1 fadeouts
[1;32mDEBUG [0m]: [CWLCompositorResource] New wl_surface with id 152 at 55a79e614330
[1;32mDEBUG [0m]: [CWLCompositorResource] New wl_surface with id 151 at 55a79e614330
[1;32mDEBUG [0m]: [CPrimarySelectionProtocol] CPrimarySelectionProtocol::updateSelection: cannot send selection to a client without a data_device
[1;32mDEBUG [0m]: CWLSurface 55a79fc83bc0 called init()
[1;32mDEBUG [0m]: LayerSurface 55a79fb112e0 (namespace putkin-panel layer 3) created on monitor HEADLESS-1
[1;32mDEBUG [0m]: [CLayerShellProtocol] New wlr_layer_surface 55a79fb112e0
[1;32mDEBUG [0m]: cursorImage request: shape 1 -> default
[1;32mDEBUG [0m]: [CWLCompositorResource] New wl_region with id 152 at 55a79f12fe60
[1;32mDEBUG [0m]: [CWLCompositorResource] New wl_region with id 157 at 55a79f12fe60
[1;32mDEBUG [0m]: [CLinuxDMABUFParamsResource] Creating a dmabuf, with id 96: size [Vector2D: x: 368, y: 64], fmt AR24, planes 1
[1;32mDEBUG [0m]: [CLinuxDMABUFParamsResource]  | plane 0: mod 72057594037927952 fd 91 stride 1536 offset 0
[1;32mDEBUG [0m]: LayerSurface 55a79fb112e0 mapped
[1;32mDEBUG [0m]: [CLinuxDMABUFParamsResource] Creating a dmabuf, with id 161: size [Vector2D: x: 368, y: 64], fmt AR24, planes 1
[1;32mDEBUG [0m]: [CLinuxDMABUFParamsResource]  | plane 0: mod 72057594037927952 fd 92 stride 1536 offset 0
[1;32mDEBUG [0m]: [CLinuxDMABUFParamsResource] Creating a dmabuf, with id 135: size [Vector2D: x: 368, y: 1058], fmt AR24, planes 1
[1;32mDEBUG [0m]: [CLinuxDMABUFParamsResource]  | plane 0: mod 72057594037927952 fd 100 stride 1536 offset 0
[1;32mDEBUG [0m]: [CWLSeatProtocol] New seat resource bound at 55a79f4db7f0
[1;32mDEBUG [0m]: [CVirtualKeyboardProtocol] New VKeyboard at id 5
[1;32mDEBUG [0m]: ApplyConfigToKeyboard for "hl-virtual-keyboard-wtype", hasconfig: 0
[1;32mDEBUG [0m]: Attempting to create a keymap for layout us with variant  (rules: , model: , options: )
[1;32mDEBUG [0m]: Updating keyboard 55a79f694860's translation state from a provided keymap
[1;32mDEBUG [0m]: xkb: LED index 0 (name Num Lock) got index 1
[1;32mDEBUG [0m]: xkb: LED index 1 (name Caps Lock) got index 0
[1;32mDEBUG [0m]: xkb: LED index 2 (name Scroll Lock) got index 2
[1;32mDEBUG [0m]: xkb: Mod index 0 (name Shift) got index 0
[1;32mDEBUG [0m]: xkb: Mod index 1 (name Lock) got index 1
[1;32mDEBUG [0m]: xkb: Mod index 2 (name Control) got index 2
[1;32mDEBUG [0m]: xkb: Mod index 3 (name Mod1) got index 3
[1;32mDEBUG [0m]: xkb: Mod index 4 (name Mod2) got index 4
[1;32mDEBUG [0m]: xkb: Mod index 5 (name Mod3) got index 5
[1;32mDEBUG [0m]: xkb: Mod index 6 (name Mod4) got index 6
[1;32mDEBUG [0m]: xkb: Mod index 7 (name Mod5) got index 7
[1;32mDEBUG [0m]: Updating keymap fd for keyboard hl-virtual-keyboard-wtype
[1;32mDEBUG [0m]: Updated keymap fd to 106, keymap V1 to: 108
[1;32mDEBUG [0m]: Set the keyboard layout to us and variant to  for keyboard "hl-virtual-keyboard-wtype"
[1;32mDEBUG [0m]: New virtual keyboard created at 55a79f694860
[1;32mDEBUG [0m]: Updating keyboard 55a79f694860's translation state from a provided keymap
[1;32mDEBUG [0m]: Updating keymap fd for keyboard hl-virtual-keyboard-wtype
[1;32mDEBUG [0m]: Updated keymap fd to 106, keymap V1 to: 108
[1;32mDEBUG [0m]: [CLinuxDMABUFParamsResource] Creating a dmabuf, with id 157: size [Vector2D: x: 368, y: 1058], fmt AR24, planes 1
[1;32mDEBUG [0m]: [CLinuxDMABUFParamsResource]  | plane 0: mod 72057594037927952 fd 104 stride 1536 offset 0
[1;32mDEBUG [0m]: [CWLCompositorResource] New wl_region with id 162 at 55a79f9e86d0
[1;32mDEBUG [0m]: [CLinuxDMABUFParamsResource] Creating a dmabuf, with id 152: size [Vector2D: x: 368, y: 1072], fmt AR24, planes 1
[1;32mDEBUG [0m]: [CLinuxDMABUFParamsResource]  | plane 0: mod 72057594037927952 fd 96 stride 1536 offset 0
[1;32mDEBUG [0m]: Keyboard at 55a79f694860 removed
[1;32mDEBUG [0m]: Destroyed keyboard 55a79f694860
[1;32mDEBUG [0m]: [CWLCompositorResource] New wl_region with id 157 at 55a79f8cbdc0
[1;32mDEBUG [0m]: [CLinuxDMABUFParamsResource] Creating a dmabuf, with id 161: size [Vector2D: x: 368, y: 1072], fmt AR24, planes 1
[1;32mDEBUG [0m]: [CLinuxDMABUFParamsResource]  | plane 0: mod 72057594037927952 fd 92 stride 1536 offset 0
[1;32mDEBUG [0m]: [CLinuxDMABUFParamsResource] Creating a dmabuf, with id 162: size [Vector2D: x: 368, y: 672], fmt AR24, planes 1
[1;32mDEBUG [0m]: [CLinuxDMABUFParamsResource]  | plane 0: mod 72057594037927952 fd 91 stride 1536 offset 0
[1;32mDEBUG [0m]: [CLinuxDMABUFParamsResource] Creating a dmabuf, with id 158: size [Vector2D: x: 368, y: 672], fmt AR24, planes 1
[1;32mDEBUG [0m]: [CLinuxDMABUFParamsResource]  | plane 0: mod 72057594037927952 fd 92 stride 1536 offset 0
[1;32mDEBUG [0m]: [CWLCompositorResource] New wl_region with id 157 at 55a79f12fe60
[1;32mDEBUG [0m]: [CLinuxDMABUFParamsResource] Creating a dmabuf, with id 152: size [Vector2D: x: 1140, y: 681], fmt AR24, planes 1
[1;32mDEBUG [0m]: [CLinuxDMABUFParamsResource]  | plane 0: mod 72057594037927952 fd 92 stride 4608 offset 0
[1;32mDEBUG [0m]: [CWLCompositorResource] New wl_region with id 158 at 55a79f84e650
[1;32mDEBUG [0m]: [CLinuxDMABUFParamsResource] Creating a dmabuf, with id 157: size [Vector2D: x: 1140, y: 681], fmt AR24, planes 1
[1;32mDEBUG [0m]: [CLinuxDMABUFParamsResource]  | plane 0: mod 72057594037927952 fd 100 stride 4608 offset 0
[1;32mDEBUG [0m]: [CLinuxDMABUFParamsResource] Creating a dmabuf, with id 96: size [Vector2D: x: 368, y: 1072], fmt AR24, planes 1
[1;32mDEBUG [0m]: [CLinuxDMABUFParamsResource]  | plane 0: mod 72057594037927952 fd 96 stride 1536 offset 0
[1;32mDEBUG [0m]: [CWLCompositorResource] New wl_region with id 163 at 55a79f714390
[1;32mDEBUG [0m]: [CLinuxDMABUFParamsResource] Creating a dmabuf, with id 135: size [Vector2D: x: 368, y: 1072], fmt AR24, planes 1
[1;32mDEBUG [0m]: [CLinuxDMABUFParamsResource]  | plane 0: mod 72057594037927952 fd 91 stride 1536 offset 0
[1;32mDEBUG [0m]: LayerSurface 55a79fb112e0 destroyed
[1;32mDEBUG [0m]: Forcing an unmap of a LS that did a straight destroy!
[1;32mDEBUG [0m]: LayerSurface 55a79fb112e0 unmapped
[1;32mDEBUG [0m]: renderer: making a snapshot of layer 55a79f67cf20
[1;32mDEBUG [0m]: Framebuffer "layer snapshot" created, status 36053
[1;32mDEBUG [0m]: renderer: cleared a snapshot of layer 55a79f67cf20
[1;32mDEBUG [0m]: renderer: rendered a snapshot of layer 55a79f67cf20
[1;32mDEBUG [0m]: renderer: made a snapshot of layer 55a79f67cf20
[1;32mDEBUG [0m]: CWLSurface 55a79fc83bc0 called destroy()
[1;32mDEBUG [0m]: Cleanup: removed 1 fadeouts
[1;32mDEBUG [0m]: [CWLCompositorResource] New wl_surface with id 161 at 55a79e614330
[1;32mDEBUG [0m]: [CWLCompositorResource] New wl_surface with id 132 at 55a79e614330
[1;32mDEBUG [0m]: [CPrimarySelectionProtocol] CPrimarySelectionProtocol::updateSelection: cannot send selection to a client without a data_device
[1;32mDEBUG [0m]: CWLSurface 55a79fc33d50 called init()
[1;32mDEBUG [0m]: LayerSurface 55a79fb112e0 (namespace putkin-panel layer 3) created on monitor HEADLESS-1
[1;32mDEBUG [0m]: [CLayerShellProtocol] New wlr_layer_surface 55a79fb112e0
[1;32mDEBUG [0m]: cursorImage request: shape 1 -> default
[1;32mDEBUG [0m]: [CWLCompositorResource] New wl_region with id 161 at 55a79fd6a060
[1;32mDEBUG [0m]: [CWLCompositorResource] New wl_region with id 160 at 55a79fd6a060
[1;32mDEBUG [0m]: [CLinuxDMABUFParamsResource] Creating a dmabuf, with id 163: size [Vector2D: x: 368, y: 64], fmt AR24, planes 1
[1;32mDEBUG [0m]: [CLinuxDMABUFParamsResource]  | plane 0: mod 72057594037927952 fd 91 stride 1536 offset 0
[1;32mDEBUG [0m]: LayerSurface 55a79fb112e0 mapped
[1;32mDEBUG [0m]: [CLinuxDMABUFParamsResource] Creating a dmabuf, with id 160: size [Vector2D: x: 368, y: 64], fmt AR24, planes 1
[1;32mDEBUG [0m]: [CLinuxDMABUFParamsResource]  | plane 0: mod 72057594037927952 fd 95 stride 1536 offset 0
[1;32mDEBUG [0m]: [CLinuxDMABUFParamsResource] Creating a dmabuf, with id 162: size [Vector2D: x: 368, y: 1058], fmt AR24, planes 1
[1;32mDEBUG [0m]: [CLinuxDMABUFParamsResource]  | plane 0: mod 72057594037927952 fd 100 stride 1536 offset 0
[1;32mDEBUG [0m]: [CWLSeatProtocol] New seat resource bound at 55a79f625420
[1;32mDEBUG [0m]: [CVirtualKeyboardProtocol] New VKeyboard at id 5
[1;32mDEBUG [0m]: ApplyConfigToKeyboard for "hl-virtual-keyboard-wtype", hasconfig: 0
[1;32mDEBUG [0m]: Attempting to create a keymap for layout us with variant  (rules: , model: , options: )
[1;32mDEBUG [0m]: Updating keyboard 55a79f694860's translation state from a provided keymap
[1;32mDEBUG [0m]: xkb: LED index 0 (name Num Lock) got index 1
[1;32mDEBUG [0m]: xkb: LED index 1 (name Caps Lock) got index 0
[1;32mDEBUG [0m]: xkb: LED index 2 (name Scroll Lock) got index 2
[1;32mDEBUG [0m]: xkb: Mod index 0 (name Shift) got index 0
[1;32mDEBUG [0m]: xkb: Mod index 1 (name Lock) got index 1
[1;32mDEBUG [0m]: xkb: Mod index 2 (name Control) got index 2
[1;32mDEBUG [0m]: xkb: Mod index 3 (name Mod1) got index 3
[1;32mDEBUG [0m]: xkb: Mod index 4 (name Mod2) got index 4
[1;32mDEBUG [0m]: xkb: Mod index 5 (name Mod3) got index 5
[1;32mDEBUG [0m]: xkb: Mod index 6 (name Mod4) got index 6
[1;32mDEBUG [0m]: xkb: Mod index 7 (name Mod5) got index 7
[1;32mDEBUG [0m]: Updating keymap fd for keyboard hl-virtual-keyboard-wtype
[1;32mDEBUG [0m]: Updated keymap fd to 106, keymap V1 to: 108
[1;32mDEBUG [0m]: Set the keyboard layout to us and variant to  for keyboard "hl-virtual-keyboard-wtype"
[1;32mDEBUG [0m]: New virtual keyboard created at 55a79f694860
[1;32mDEBUG [0m]: Updating keyboard 55a79f694860's translation state from a provided keymap
[1;32mDEBUG [0m]: Updating keymap fd for keyboard hl-virtual-keyboard-wtype
[1;32mDEBUG [0m]: Updated keymap fd to 106, keymap V1 to: 108
[1;32mDEBUG [0m]: [CLinuxDMABUFParamsResource] Creating a dmabuf, with id 152: size [Vector2D: x: 368, y: 1058], fmt AR24, planes 1
[1;32mDEBUG [0m]: [CLinuxDMABUFParamsResource]  | plane 0: mod 72057594037927952 fd 104 stride 1536 offset 0
[1;32mDEBUG [0m]: [CWLCompositorResource] New wl_region with id 158 at 55a79f9e86d0
[1;32mDEBUG [0m]: [CLinuxDMABUFParamsResource] Creating a dmabuf, with id 161: size [Vector2D: x: 368, y: 1072], fmt AR24, planes 1
[1;32mDEBUG [0m]: [CLinuxDMABUFParamsResource]  | plane 0: mod 72057594037927952 fd 96 stride 1536 offset 0
[1;32mDEBUG [0m]: Keyboard at 55a79f694860 removed
[1;32mDEBUG [0m]: Destroyed keyboard 55a79f694860
[1;32mDEBUG [0m]: [CWLCompositorResource] New wl_region with id 152 at 55a79e61d0d0
[1;32mDEBUG [0m]: [CLinuxDMABUFParamsResource] Creating a dmabuf, with id 160: size [Vector2D: x: 368, y: 1072], fmt AR24, planes 1
[1;32mDEBUG [0m]: [CLinuxDMABUFParamsResource]  | plane 0: mod 72057594037927952 fd 92 stride 1536 offset 0
[1;32mDEBUG [0m]: [CLinuxDMABUFParamsResource] Creating a dmabuf, with id 158: size [Vector2D: x: 368, y: 672], fmt AR24, planes 1
[1;32mDEBUG [0m]: [CLinuxDMABUFParamsResource]  | plane 0: mod 72057594037927952 fd 91 stride 1536 offset 0
[1;32mDEBUG [0m]: [CLinuxDMABUFParamsResource] Creating a dmabuf, with id 150: size [Vector2D: x: 368, y: 672], fmt AR24, planes 1
[1;32mDEBUG [0m]: [CLinuxDMABUFParamsResource]  | plane 0: mod 72057594037927952 fd 92 stride 1536 offset 0
[1;32mDEBUG [0m]: [CWLCompositorResource] New wl_region with id 136 at 55a79f9e86d0
[1;32mDEBUG [0m]: [CLinuxDMABUFParamsResource] Creating a dmabuf, with id 161: size [Vector2D: x: 1140, y: 681], fmt AR24, planes 1
[1;32mDEBUG [0m]: [CLinuxDMABUFParamsResource]  | plane 0: mod 72057594037927952 fd 92 stride 4608 offset 0
[1;32mDEBUG [0m]: [CWLCompositorResource] New wl_region with id 150 at 55a79f6444e0
[1;32mDEBUG [0m]: [CLinuxDMABUFParamsResource] Creating a dmabuf, with id 136: size [Vector2D: x: 1140, y: 681], fmt AR24, planes 1
[1;32mDEBUG [0m]: [CLinuxDMABUFParamsResource]  | plane 0: mod 72057594037927952 fd 100 stride 4608 offset 0
[1;32mDEBUG [0m]: [CLinuxDMABUFParamsResource] Creating a dmabuf, with id 163: size [Vector2D: x: 368, y: 1072], fmt AR24, planes 1
[1;32mDEBUG [0m]: [CLinuxDMABUFParamsResource]  | plane 0: mod 72057594037927952 fd 96 stride 1536 offset 0
[1;32mDEBUG [0m]: [CWLCompositorResource] New wl_region with id 164 at 55a79f6444e0
[1;32mDEBUG [0m]: [CLinuxDMABUFParamsResource] Creating a dmabuf, with id 152: size [Vector2D: x: 368, y: 1072], fmt AR24, planes 1
[1;32mDEBUG [0m]: [CLinuxDMABUFParamsResource]  | plane 0: mod 72057594037927952 fd 91 stride 1536 offset 0
[1;32mDEBUG [0m]: LayerSurface 55a79fb112e0 destroyed
[1;32mDEBUG [0m]: Forcing an unmap of a LS that did a straight destroy!
[1;32mDEBUG [0m]: LayerSurface 55a79fb112e0 unmapped
[1;32mDEBUG [0m]: renderer: making a snapshot of layer 55a79f61e950
[1;32mDEBUG [0m]: Framebuffer "layer snapshot" created, status 36053
[1;32mDEBUG [0m]: renderer: cleared a snapshot of layer 55a79f61e950
[1;32mDEBUG [0m]: renderer: rendered a snapshot of layer 55a79f61e950
[1;32mDEBUG [0m]: renderer: made a snapshot of layer 55a79f61e950
[1;32mDEBUG [0m]: CWLSurface 55a79fc33d50 called destroy()
[1;32mDEBUG [0m]: Cleanup: removed 1 fadeouts
[1;32mDEBUG [0m]: [CWLCompositorResource] New wl_surface with id 162 at 55a79e614330
[1;32mDEBUG [0m]: [CWLCompositorResource] New wl_surface with id 135 at 55a79e614330
[1;32mDEBUG [0m]: [CPrimarySelectionProtocol] CPrimarySelectionProtocol::updateSelection: cannot send selection to a client without a data_device
[1;32mDEBUG [0m]: CWLSurface 55a79fbf3630 called init()
[1;32mDEBUG [0m]: LayerSurface 55a79fb112e0 (namespace putkin-panel layer 3) created on monitor HEADLESS-1
[1;32mDEBUG [0m]: [CLayerShellProtocol] New wlr_layer_surface 55a79fb112e0
[1;32mDEBUG [0m]: cursorImage request: shape 1 -> default
[1;32mDEBUG [0m]: [CWLCompositorResource] New wl_region with id 162 at 55a79f7ed720
[1;32mDEBUG [0m]: [CWLCompositorResource] New wl_region with id 151 at 55a79f7ed720
[1;32mDEBUG [0m]: [CLinuxDMABUFParamsResource] Creating a dmabuf, with id 164: size [Vector2D: x: 368, y: 64], fmt AR24, planes 1
[1;32mDEBUG [0m]: [CLinuxDMABUFParamsResource]  | plane 0: mod 72057594037927952 fd 91 stride 1536 offset 0
[1;32mDEBUG [0m]: LayerSurface 55a79fb112e0 mapped
[1;32mDEBUG [0m]: [CLinuxDMABUFParamsResource] Creating a dmabuf, with id 161: size [Vector2D: x: 368, y: 64], fmt AR24, planes 1
[1;32mDEBUG [0m]: [CLinuxDMABUFParamsResource]  | plane 0: mod 72057594037927952 fd 95 stride 1536 offset 0
[1;32mDEBUG [0m]: [CLinuxDMABUFParamsResource] Creating a dmabuf, with id 158: size [Vector2D: x: 368, y: 1058], fmt AR24, planes 1
[1;32mDEBUG [0m]: [CLinuxDMABUFParamsResource]  | plane 0: mod 72057594037927952 fd 100 stride 1536 offset 0
[1;32mDEBUG [0m]: [CWLSeatProtocol] New seat resource bound at 55a7a00260a0
[1;32mDEBUG [0m]: [CVirtualKeyboardProtocol] New VKeyboard at id 5
[1;32mDEBUG [0m]: ApplyConfigToKeyboard for "hl-virtual-keyboard-wtype", hasconfig: 0
[1;32mDEBUG [0m]: Attempting to create a keymap for layout us with variant  (rules: , model: , options: )
[1;32mDEBUG [0m]: Updating keyboard 55a79f694860's translation state from a provided keymap
[1;32mDEBUG [0m]: xkb: LED index 0 (name Num Lock) got index 1
[1;32mDEBUG [0m]: xkb: LED index 1 (name Caps Lock) got index 0
[1;32mDEBUG [0m]: xkb: LED index 2 (name Scroll Lock) got index 2
[1;32mDEBUG [0m]: xkb: Mod index 0 (name Shift) got index 0
[1;32mDEBUG [0m]: xkb: Mod index 1 (name Lock) got index 1
[1;32mDEBUG [0m]: xkb: Mod index 2 (name Control) got index 2
[1;32mDEBUG [0m]: xkb: Mod index 3 (name Mod1) got index 3
[1;32mDEBUG [0m]: xkb: Mod index 4 (name Mod2) got index 4
[1;32mDEBUG [0m]: xkb: Mod index 5 (name Mod3) got index 5
[1;32mDEBUG [0m]: xkb: Mod index 6 (name Mod4) got index 6
[1;32mDEBUG [0m]: xkb: Mod index 7 (name Mod5) got index 7
[1;32mDEBUG [0m]: Updating keymap fd for keyboard hl-virtual-keyboard-wtype
[1;32mDEBUG [0m]: Updated keymap fd to 106, keymap V1 to: 108
[1;32mDEBUG [0m]: Set the keyboard layout to us and variant to  for keyboard "hl-virtual-keyboard-wtype"
[1;32mDEBUG [0m]: New virtual keyboard created at 55a79f694860
[1;32mDEBUG [0m]: Updating keyboard 55a79f694860's translation state from a provided keymap
[1;32mDEBUG [0m]: Updating keymap fd for keyboard hl-virtual-keyboard-wtype
[1;32mDEBUG [0m]: Updated keymap fd to 106, keymap V1 to: 108
[1;32mDEBUG [0m]: [CLinuxDMABUFParamsResource] Creating a dmabuf, with id 151: size [Vector2D: x: 368, y: 1058], fmt AR24, planes 1
[1;32mDEBUG [0m]: [CLinuxDMABUFParamsResource]  | plane 0: mod 72057594037927952 fd 104 stride 1536 offset 0
[1;32mDEBUG [0m]: [CWLCompositorResource] New wl_region with id 150 at 55a7a0026930
[1;32mDEBUG [0m]: [CLinuxDMABUFParamsResource] Creating a dmabuf, with id 164: size [Vector2D: x: 368, y: 1072], fmt AR24, planes 1
[1;32mDEBUG [0m]: [CLinuxDMABUFParamsResource]  | plane 0: mod 72057594037927952 fd 96 stride 1536 offset 0
[1;32mDEBUG [0m]: Keyboard at 55a79f694860 removed
[1;32mDEBUG [0m]: Destroyed keyboard 55a79f694860
[1;32mDEBUG [0m]: [CWLCompositorResource] New wl_region with id 151 at 55a79fb72790
[1;32mDEBUG [0m]: [CLinuxDMABUFParamsResource] Creating a dmabuf, with id 161: size [Vector2D: x: 368, y: 1072], fmt AR24, planes 1
[1;32mDEBUG [0m]: [CLinuxDMABUFParamsResource]  | plane 0: mod 72057594037927952 fd 92 stride 1536 offset 0
[1;32mDEBUG [0m]: [CLinuxDMABUFParamsResource] Creating a dmabuf, with id 150: size [Vector2D: x: 368, y: 672], fmt AR24, planes 1
[1;32mDEBUG [0m]: [CLinuxDMABUFParamsResource]  | plane 0: mod 72057594037927952 fd 91 stride 1536 offset 0
[1;32mDEBUG [0m]: [CLinuxDMABUFParamsResource] Creating a dmabuf, with id 148: size [Vector2D: x: 368, y: 672], fmt AR24, planes 1
[1;32mDEBUG [0m]: [CLinuxDMABUFParamsResource]  | plane 0: mod 72057594037927952 fd 92 stride 1536 offset 0
[1;32mDEBUG [0m]: [CWLCompositorResource] New wl_region with id 164 at 55a79f641050
[1;32mDEBUG [0m]: [CLinuxDMABUFParamsResource] Creating a dmabuf, with id 166: size [Vector2D: x: 1140, y: 681], fmt AR24, planes 1
[1;32mDEBUG [0m]: [CLinuxDMABUFParamsResource]  | plane 0: mod 72057594037927952 fd 92 stride 4608 offset 0
[1;32mDEBUG [0m]: [CWLCompositorResource] New wl_region with id 148 at 55a79f9e86d0
[1;32mDEBUG [0m]: [CLinuxDMABUFParamsResource] Creating a dmabuf, with id 162: size [Vector2D: x: 1140, y: 681], fmt AR24, planes 1
[1;32mDEBUG [0m]: [CLinuxDMABUFParamsResource]  | plane 0: mod 72057594037927952 fd 100 stride 4608 offset 0
[1;32mDEBUG [0m]: [CLinuxDMABUFParamsResource] Creating a dmabuf, with id 165: size [Vector2D: x: 368, y: 1072], fmt AR24, planes 1
[1;32mDEBUG [0m]: [CLinuxDMABUFParamsResource]  | plane 0: mod 72057594037927952 fd 96 stride 1536 offset 0
[1;32mDEBUG [0m]: [CWLCompositorResource] New wl_region with id 161 at 55a79f649100
[1;32mDEBUG [0m]: [CLinuxDMABUFParamsResource] Creating a dmabuf, with id 164: size [Vector2D: x: 368, y: 1072], fmt AR24, planes 1
[1;32mDEBUG [0m]: [CLinuxDMABUFParamsResource]  | plane 0: mod 72057594037927952 fd 91 stride 1536 offset 0
[1;32mDEBUG [0m]: LayerSurface 55a79fb112e0 destroyed
[1;32mDEBUG [0m]: Forcing an unmap of a LS that did a straight destroy!
[1;32mDEBUG [0m]: LayerSurface 55a79fb112e0 unmapped
[1;32mDEBUG [0m]: renderer: making a snapshot of layer 55a79f67cf20
[1;32mDEBUG [0m]: Framebuffer "layer snapshot" created, status 36053
[1;32mDEBUG [0m]: renderer: cleared a snapshot of layer 55a79f67cf20
[1;32mDEBUG [0m]: renderer: rendered a snapshot of layer 55a79f67cf20
[1;32mDEBUG [0m]: renderer: made a snapshot of layer 55a79f67cf20
[1;32mDEBUG [0m]: CWLSurface 55a79fbf3630 called destroy()
[1;32mDEBUG [0m]: Cleanup: removed 1 fadeouts
[1;32mDEBUG [0m]: [CWLCompositorResource] New wl_surface with id 151 at 55a79e614330
[1;32mDEBUG [0m]: [CWLCompositorResource] New wl_surface with id 152 at 55a79e614330
[1;32mDEBUG [0m]: [CPrimarySelectionProtocol] CPrimarySelectionProtocol::updateSelection: cannot send selection to a client without a data_device
[1;32mDEBUG [0m]: CWLSurface 55a79fd490d0 called init()
[1;32mDEBUG [0m]: LayerSurface 55a79fb112e0 (namespace putkin-panel layer 3) created on monitor HEADLESS-1
[1;32mDEBUG [0m]: [CLayerShellProtocol] New wlr_layer_surface 55a79fb112e0
[1;32mDEBUG [0m]: cursorImage request: shape 1 -> default
[1;32mDEBUG [0m]: [CWLCompositorResource] New wl_region with id 151 at 55a79e719b00
[1;32mDEBUG [0m]: [CWLCompositorResource] New wl_region with id 132 at 55a79e719b00
[1;32mDEBUG [0m]: [CLinuxDMABUFParamsResource] Creating a dmabuf, with id 161: size [Vector2D: x: 368, y: 64], fmt AR24, planes 1
[1;32mDEBUG [0m]: [CLinuxDMABUFParamsResource]  | plane 0: mod 72057594037927952 fd 91 stride 1536 offset 0
[1;32mDEBUG [0m]: LayerSurface 55a79fb112e0 mapped
[1;32mDEBUG [0m]: [CLinuxDMABUFParamsResource] Creating a dmabuf, with id 166: size [Vector2D: x: 368, y: 64], fmt AR24, planes 1
[1;32mDEBUG [0m]: [CLinuxDMABUFParamsResource]  | plane 0: mod 72057594037927952 fd 95 stride 1536 offset 0
[1;32mDEBUG [0m]: [CLinuxDMABUFParamsResource] Creating a dmabuf, with id 150: size [Vector2D: x: 368, y: 1058], fmt AR24, planes 1
[1;32mDEBUG [0m]: [CLinuxDMABUFParamsResource]  | plane 0: mod 72057594037927952 fd 100 stride 1536 offset 0
[1;32mDEBUG [0m]: [CWLSeatProtocol] New seat resource bound at 55a79fdd9230
[1;32mDEBUG [0m]: [CVirtualKeyboardProtocol] New VKeyboard at id 5
[1;32mDEBUG [0m]: ApplyConfigToKeyboard for "hl-virtual-keyboard-wtype", hasconfig: 0
[1;32mDEBUG [0m]: Attempting to create a keymap for layout us with variant  (rules: , model: , options: )
[1;32mDEBUG [0m]: Updating keyboard 55a79f694860's translation state from a provided keymap
[1;32mDEBUG [0m]: xkb: LED index 0 (name Num Lock) got index 1
[1;32mDEBUG [0m]: xkb: LED index 1 (name Caps Lock) got index 0
[1;32mDEBUG [0m]: xkb: LED index 2 (name Scroll Lock) got index 2
[1;32mDEBUG [0m]: xkb: Mod index 0 (name Shift) got index 0
[1;32mDEBUG [0m]: xkb: Mod index 1 (name Lock) got index 1
[1;32mDEBUG [0m]: xkb: Mod index 2 (name Control) got index 2
[1;32mDEBUG [0m]: xkb: Mod index 3 (name Mod1) got index 3
[1;32mDEBUG [0m]: xkb: Mod index 4 (name Mod2) got index 4
[1;32mDEBUG [0m]: xkb: Mod index 5 (name Mod3) got index 5
[1;32mDEBUG [0m]: xkb: Mod index 6 (name Mod4) got index 6
[1;32mDEBUG [0m]: xkb: Mod index 7 (name Mod5) got index 7
[1;32mDEBUG [0m]: Updating keymap fd for keyboard hl-virtual-keyboard-wtype
[1;32mDEBUG [0m]: Updated keymap fd to 106, keymap V1 to: 108
[1;32mDEBUG [0m]: Set the keyboard layout to us and variant to  for keyboard "hl-virtual-keyboard-wtype"
[1;32mDEBUG [0m]: New virtual keyboard created at 55a79f694860
[1;32mDEBUG [0m]: Updating keyboard 55a79f694860's translation state from a provided keymap
[1;32mDEBUG [0m]: Updating keymap fd for keyboard hl-virtual-keyboard-wtype
[1;32mDEBUG [0m]: Updated keymap fd to 106, keymap V1 to: 108
[1;32mDEBUG [0m]: [CLinuxDMABUFParamsResource] Creating a dmabuf, with id 132: size [Vector2D: x: 368, y: 1058], fmt AR24, planes 1
[1;32mDEBUG [0m]: [CLinuxDMABUFParamsResource]  | plane 0: mod 72057594037927952 fd 104 stride 1536 offset 0
[1;32mDEBUG [0m]: [CWLCompositorResource] New wl_region with id 148 at 55a79f9e86d0
[1;32mDEBUG [0m]: [CLinuxDMABUFParamsResource] Creating a dmabuf, with id 151: size [Vector2D: x: 368, y: 1072], fmt AR24, planes 1
[1;32mDEBUG [0m]: [CLinuxDMABUFParamsResource]  | plane 0: mod 72057594037927952 fd 96 stride 1536 offset 0
[1;32mDEBUG [0m]: Keyboard at 55a79f694860 removed
[1;32mDEBUG [0m]: Destroyed keyboard 55a79f694860
[1;32mDEBUG [0m]: [CWLCompositorResource] New wl_region with id 132 at 55a79f636910
[1;32mDEBUG [0m]: [CLinuxDMABUFParamsResource] Creating a dmabuf, with id 166: size [Vector2D: x: 368, y: 1072], fmt AR24, planes 1
[1;32mDEBUG [0m]: [CLinuxDMABUFParamsResource]  | plane 0: mod 72057594037927952 fd 92 stride 1536 offset 0
[1;32mDEBUG [0m]: [CLinuxDMABUFParamsResource] Creating a dmabuf, with id 148: size [Vector2D: x: 368, y: 672], fmt AR24, planes 1
[1;32mDEBUG [0m]: [CLinuxDMABUFParamsResource]  | plane 0: mod 72057594037927952 fd 91 stride 1536 offset 0
[1;32mDEBUG [0m]: [CLinuxDMABUFParamsResource] Creating a dmabuf, with id 157: size [Vector2D: x: 368, y: 672], fmt AR24, planes 1
[1;32mDEBUG [0m]: [CLinuxDMABUFParamsResource]  | plane 0: mod 72057594037927952 fd 92 stride 1536 offset 0
[1;32mDEBUG [0m]: [CWLCompositorResource] New wl_region with id 158 at 55a79fc4c890
[1;32mDEBUG [0m]: [CLinuxDMABUFParamsResource] Creating a dmabuf, with id 160: size [Vector2D: x: 1140, y: 681], fmt AR24, planes 1
[1;32mDEBUG [0m]: [CLinuxDMABUFParamsResource]  | plane 0: mod 72057594037927952 fd 92 stride 4608 offset 0
[1;32mDEBUG [0m]: [CWLCompositorResource] New wl_region with id 157 at 55a79fc68880
[1;32mDEBUG [0m]: [CLinuxDMABUFParamsResource] Creating a dmabuf, with id 158: size [Vector2D: x: 1140, y: 681], fmt AR24, planes 1
[1;32mDEBUG [0m]: [CLinuxDMABUFParamsResource]  | plane 0: mod 72057594037927952 fd 100 stride 4608 offset 0
[1;32mDEBUG [0m]: [CLinuxDMABUFParamsResource] Creating a dmabuf, with id 151: size [Vector2D: x: 368, y: 1072], fmt AR24, planes 1
[1;32mDEBUG [0m]: [CLinuxDMABUFParamsResource]  | plane 0: mod 72057594037927952 fd 96 stride 1536 offset 0
[1;32mDEBUG [0m]: [CWLCompositorResource] New wl_region with id 161 at 55a79e719b00
[1;32mDEBUG [0m]: [CLinuxDMABUFParamsResource] Creating a dmabuf, with id 158: size [Vector2D: x: 368, y: 1072], fmt AR24, planes 1
[1;32mDEBUG [0m]: [CLinuxDMABUFParamsResource]  | plane 0: mod 72057594037927952 fd 91 stride 1536 offset 0
[1;32mDEBUG [0m]: LayerSurface 55a79fb112e0 destroyed
[1;32mDEBUG [0m]: Forcing an unmap of a LS that did a straight destroy!
[1;32mDEBUG [0m]: LayerSurface 55a79fb112e0 unmapped
[1;32mDEBUG [0m]: renderer: making a snapshot of layer 55a79f61e950
[1;32mDEBUG [0m]: Framebuffer "layer snapshot" created, status 36053
[1;32mDEBUG [0m]: renderer: cleared a snapshot of layer 55a79f61e950
[1;32mDEBUG [0m]: renderer: rendered a snapshot of layer 55a79f61e950
[1;32mDEBUG [0m]: renderer: made a snapshot of layer 55a79f61e950
[1;32mDEBUG [0m]: CWLSurface 55a79fd490d0 called destroy()
[1;32mDEBUG [0m]: Cleanup: removed 1 fadeouts
[1;32mDEBUG [0m]: [CWLCompositorResource] New wl_surface with id 166 at 55a79e614330
[1;32mDEBUG [0m]: [CWLCompositorResource] New wl_surface with id 164 at 55a79e614330
[1;32mDEBUG [0m]: [CPrimarySelectionProtocol] CPrimarySelectionProtocol::updateSelection: cannot send selection to a client without a data_device
[1;32mDEBUG [0m]: CWLSurface 55a79f9ed900 called init()
[1;32mDEBUG [0m]: LayerSurface 55a79fb112e0 (namespace putkin-panel layer 3) created on monitor HEADLESS-1
[1;32mDEBUG [0m]: [CLayerShellProtocol] New wlr_layer_surface 55a79fb112e0
[1;32mDEBUG [0m]: cursorImage request: shape 1 -> default
[1;32mDEBUG [0m]: [CWLCompositorResource] New wl_region with id 166 at 55a79f9ed520
[1;32mDEBUG [0m]: [CWLCompositorResource] New wl_region with id 135 at 55a79f9ed520
[1;32mDEBUG [0m]: [CLinuxDMABUFParamsResource] Creating a dmabuf, with id 161: size [Vector2D: x: 368, y: 64], fmt AR24, planes 1
[1;32mDEBUG [0m]: [CLinuxDMABUFParamsResource]  | plane 0: mod 72057594037927952 fd 91 stride 1536 offset 0
[1;32mDEBUG [0m]: LayerSurface 55a79fb112e0 mapped
[1;32mDEBUG [0m]: [CLinuxDMABUFParamsResource] Creating a dmabuf, with id 160: size [Vector2D: x: 368, y: 64], fmt AR24, planes 1
[1;32mDEBUG [0m]: [CLinuxDMABUFParamsResource]  | plane 0: mod 72057594037927952 fd 95 stride 1536 offset 0
[1;32mDEBUG [0m]: [CLinuxDMABUFParamsResource] Creating a dmabuf, with id 85: size [Vector2D: x: 368, y: 1058], fmt AR24, planes 1
[1;32mDEBUG [0m]: [CLinuxDMABUFParamsResource]  | plane 0: mod 72057594037927952 fd 100 stride 1536 offset 0
[1;32mDEBUG [0m]: [CWLSeatProtocol] New seat resource bound at 55a79fff17d0
[1;32mDEBUG [0m]: [CVirtualKeyboardProtocol] New VKeyboard at id 5
[1;32mDEBUG [0m]: ApplyConfigToKeyboard for "hl-virtual-keyboard-wtype", hasconfig: 0
[1;32mDEBUG [0m]: Attempting to create a keymap for layout us with variant  (rules: , model: , options: )
[1;32mDEBUG [0m]: Updating keyboard 55a79f694860's translation state from a provided keymap
[1;32mDEBUG [0m]: xkb: LED index 0 (name Num Lock) got index 1
[1;32mDEBUG [0m]: xkb: LED index 1 (name Caps Lock) got index 0
[1;32mDEBUG [0m]: xkb: LED index 2 (name Scroll Lock) got index 2
[1;32mDEBUG [0m]: xkb: Mod index 0 (name Shift) got index 0
[1;32mDEBUG [0m]: xkb: Mod index 1 (name Lock) got index 1
[1;32mDEBUG [0m]: xkb: Mod index 2 (name Control) got index 2
[1;32mDEBUG [0m]: xkb: Mod index 3 (name Mod1) got index 3
[1;32mDEBUG [0m]: xkb: Mod index 4 (name Mod2) got index 4
[1;32mDEBUG [0m]: xkb: Mod index 5 (name Mod3) got index 5
[1;32mDEBUG [0m]: xkb: Mod index 6 (name Mod4) got index 6
[1;32mDEBUG [0m]: xkb: Mod index 7 (name Mod5) got index 7
[1;32mDEBUG [0m]: Updating keymap fd for keyboard hl-virtual-keyboard-wtype
[1;32mDEBUG [0m]: Updated keymap fd to 106, keymap V1 to: 108
[1;32mDEBUG [0m]: Set the keyboard layout to us and variant to  for keyboard "hl-virtual-keyboard-wtype"
[1;32mDEBUG [0m]: New virtual keyboard created at 55a79f694860
[1;32mDEBUG [0m]: Updating keyboard 55a79f694860's translation state from a provided keymap
[1;32mDEBUG [0m]: Updating keymap fd for keyboard hl-virtual-keyboard-wtype
[1;32mDEBUG [0m]: Updated keymap fd to 106, keymap V1 to: 108
[1;32mDEBUG [0m]: [CLinuxDMABUFParamsResource] Creating a dmabuf, with id 135: size [Vector2D: x: 368, y: 1058], fmt AR24, planes 1
[1;32mDEBUG [0m]: [CLinuxDMABUFParamsResource]  | plane 0: mod 72057594037927952 fd 104 stride 1536 offset 0
[1;32mDEBUG [0m]: [CWLCompositorResource] New wl_region with id 157 at 55a79fd46050
[1;32mDEBUG [0m]: [CLinuxDMABUFParamsResource] Creating a dmabuf, with id 166: size [Vector2D: x: 368, y: 1072], fmt AR24, planes 1
[1;32mDEBUG [0m]: [CLinuxDMABUFParamsResource]  | plane 0: mod 72057594037927952 fd 96 stride 1536 offset 0
[1;32mDEBUG [0m]: Keyboard at 55a79f694860 removed
[1;32mDEBUG [0m]: Destroyed keyboard 55a79f694860
[1;32mDEBUG [0m]: [CWLCompositorResource] New wl_region with id 135 at 55a79f9c7670
[1;32mDEBUG [0m]: [CLinuxDMABUFParamsResource] Creating a dmabuf, with id 160: size [Vector2D: x: 368, y: 1072], fmt AR24, planes 1
[1;32mDEBUG [0m]: [CLinuxDMABUFParamsResource]  | plane 0: mod 72057594037927952 fd 92 stride 1536 offset 0
[1;32mDEBUG [0m]: [CLinuxDMABUFParamsResource] Creating a dmabuf, with id 157: size [Vector2D: x: 368, y: 672], fmt AR24, planes 1
[1;32mDEBUG [0m]: [CLinuxDMABUFParamsResource]  | plane 0: mod 72057594037927952 fd 91 stride 1536 offset 0
[1;32mDEBUG [0m]: [CLinuxDMABUFParamsResource] Creating a dmabuf, with id 136: size [Vector2D: x: 368, y: 672], fmt AR24, planes 1
[1;32mDEBUG [0m]: [CLinuxDMABUFParamsResource]  | plane 0: mod 72057594037927952 fd 92 stride 1536 offset 0
[1;32mDEBUG [0m]: [CWLCompositorResource] New wl_region with id 167 at 55a79f633060
[1;32mDEBUG [0m]: [CLinuxDMABUFParamsResource] Creating a dmabuf, with id 132: size [Vector2D: x: 1140, y: 681], fmt AR24, planes 1
[1;32mDEBUG [0m]: [CLinuxDMABUFParamsResource]  | plane 0: mod 72057594037927952 fd 92 stride 4608 offset 0
[1;32mDEBUG [0m]: [CWLCompositorResource] New wl_region with id 166 at 55a79e61e610
[1;32mDEBUG [0m]: [CLinuxDMABUFParamsResource] Creating a dmabuf, with id 150: size [Vector2D: x: 1140, y: 681], fmt AR24, planes 1
[1;32mDEBUG [0m]: [CLinuxDMABUFParamsResource]  | plane 0: mod 72057594037927952 fd 100 stride 4608 offset 0
[1;32mDEBUG [0m]: [CLinuxDMABUFParamsResource] Creating a dmabuf, with id 167: size [Vector2D: x: 368, y: 1072], fmt AR24, planes 1
[1;32mDEBUG [0m]: [CLinuxDMABUFParamsResource]  | plane 0: mod 72057594037927952 fd 96 stride 1536 offset 0
[1;32mDEBUG [0m]: [CWLCompositorResource] New wl_region with id 161 at 55a79fb72790
[1;32mDEBUG [0m]: [CLinuxDMABUFParamsResource] Creating a dmabuf, with id 136: size [Vector2D: x: 368, y: 1072], fmt AR24, planes 1
[1;32mDEBUG [0m]: [CLinuxDMABUFParamsResource]  | plane 0: mod 72057594037927952 fd 91 stride 1536 offset 0
[1;32mDEBUG [0m]: LayerSurface 55a79fb112e0 destroyed
[1;32mDEBUG [0m]: Forcing an unmap of a LS that did a straight destroy!
[1;32mDEBUG [0m]: LayerSurface 55a79fb112e0 unmapped
[1;32mDEBUG [0m]: renderer: making a snapshot of layer 55a79f67cf20
[1;32mDEBUG [0m]: Framebuffer "layer snapshot" created, status 36053
[1;32mDEBUG [0m]: renderer: cleared a snapshot of layer 55a79f67cf20
[1;32mDEBUG [0m]: renderer: rendered a snapshot of layer 55a79f67cf20
[1;32mDEBUG [0m]: renderer: made a snapshot of layer 55a79f67cf20
[1;32mDEBUG [0m]: CWLSurface 55a79f9ed900 called destroy()
[1;32mDEBUG [0m]: Cleanup: removed 1 fadeouts
[1;32mDEBUG [0m]: [CWLCompositorResource] New wl_surface with id 160 at 55a79e614330
[1;32mDEBUG [0m]: [CWLCompositorResource] New wl_surface with id 158 at 55a79e614330
[1;32mDEBUG [0m]: [CPrimarySelectionProtocol] CPrimarySelectionProtocol::updateSelection: cannot send selection to a client without a data_device
[1;32mDEBUG [0m]: CWLSurface 55a79f644eb0 called init()
[1;32mDEBUG [0m]: LayerSurface 55a79fb112e0 (namespace putkin-panel layer 3) created on monitor HEADLESS-1
[1;32mDEBUG [0m]: [CLayerShellProtocol] New wlr_layer_surface 55a79fb112e0
[1;32mDEBUG [0m]: cursorImage request: shape 1 -> default
[1;32mDEBUG [0m]: [CWLCompositorResource] New wl_region with id 160 at 55a79f152540
[1;32mDEBUG [0m]: [CWLCompositorResource] New wl_region with id 152 at 55a79f152540
[1;32mDEBUG [0m]: [CLinuxDMABUFParamsResource] Creating a dmabuf, with id 161: size [Vector2D: x: 368, y: 64], fmt AR24, planes 1
[1;32mDEBUG [0m]: [CLinuxDMABUFParamsResource]  | plane 0: mod 72057594037927952 fd 91 stride 1536 offset 0
[1;32mDEBUG [0m]: LayerSurface 55a79fb112e0 mapped
[1;32mDEBUG [0m]: [CLinuxDMABUFParamsResource] Creating a dmabuf, with id 132: size [Vector2D: x: 368, y: 64], fmt AR24, planes 1
[1;32mDEBUG [0m]: [CLinuxDMABUFParamsResource]  | plane 0: mod 72057594037927952 fd 95 stride 1536 offset 0
[1;32mDEBUG [0m]: [CLinuxDMABUFParamsResource] Creating a dmabuf, with id 157: size [Vector2D: x: 368, y: 1058], fmt AR24, planes 1
[1;32mDEBUG [0m]: [CLinuxDMABUFParamsResource]  | plane 0: mod 72057594037927952 fd 100 stride 1536 offset 0
[1;32mDEBUG [0m]: [CWLSeatProtocol] New seat resource bound at 55a79f8cc3f0
[1;32mDEBUG [0m]: [CVirtualKeyboardProtocol] New VKeyboard at id 5
[1;32mDEBUG [0m]: ApplyConfigToKeyboard for "hl-virtual-keyboard-wtype", hasconfig: 0
[1;32mDEBUG [0m]: Attempting to create a keymap for layout us with variant  (rules: , model: , options: )
[1;32mDEBUG [0m]: Updating keyboard 55a79f694860's translation state from a provided keymap
[1;32mDEBUG [0m]: xkb: LED index 0 (name Num Lock) got index 1
[1;32mDEBUG [0m]: xkb: LED index 1 (name Caps Lock) got index 0
[1;32mDEBUG [0m]: xkb: LED index 2 (name Scroll Lock) got index 2
[1;32mDEBUG [0m]: xkb: Mod index 0 (name Shift) got index 0
[1;32mDEBUG [0m]: xkb: Mod index 1 (name Lock) got index 1
[1;32mDEBUG [0m]: xkb: Mod index 2 (name Control) got index 2
[1;32mDEBUG [0m]: xkb: Mod index 3 (name Mod1) got index 3
[1;32mDEBUG [0m]: xkb: Mod index 4 (name Mod2) got index 4
[1;32mDEBUG [0m]: xkb: Mod index 5 (name Mod3) got index 5
[1;32mDEBUG [0m]: xkb: Mod index 6 (name Mod4) got index 6
[1;32mDEBUG [0m]: xkb: Mod index 7 (name Mod5) got index 7
[1;32mDEBUG [0m]: Updating keymap fd for keyboard hl-virtual-keyboard-wtype
[1;32mDEBUG [0m]: Updated keymap fd to 106, keymap V1 to: 108
[1;32mDEBUG [0m]: Set the keyboard layout to us and variant to  for keyboard "hl-virtual-keyboard-wtype"
[1;32mDEBUG [0m]: New virtual keyboard created at 55a79f694860
[1;32mDEBUG [0m]: Updating keyboard 55a79f694860's translation state from a provided keymap
[1;32mDEBUG [0m]: Updating keymap fd for keyboard hl-virtual-keyboard-wtype
[1;32mDEBUG [0m]: Updated keymap fd to 106, keymap V1 to: 108
[1;32mDEBUG [0m]: [CLinuxDMABUFParamsResource] Creating a dmabuf, with id 161: size [Vector2D: x: 368, y: 1058], fmt AR24, planes 1
[1;32mDEBUG [0m]: [CLinuxDMABUFParamsResource]  | plane 0: mod 72057594037927952 fd 104 stride 1536 offset 0
[1;32mDEBUG [0m]: [CWLCompositorResource] New wl_region with id 166 at 55a79fb868d0
[1;32mDEBUG [0m]: [CLinuxDMABUFParamsResource] Creating a dmabuf, with id 166: size [Vector2D: x: 368, y: 1072], fmt AR24, planes 1
[1;32mDEBUG [0m]: [CLinuxDMABUFParamsResource]  | plane 0: mod 72057594037927952 fd 92 stride 1536 offset 0
[1;32mDEBUG [0m]: Keyboard at 55a79f694860 removed
[1;32mDEBUG [0m]: Destroyed keyboard 55a79f694860
[1;32mDEBUG [0m]: [CWLCompositorResource] New wl_region with id 160 at 55a79e72bab0
[1;32mDEBUG [0m]: [CLinuxDMABUFParamsResource] Creating a dmabuf, with id 161: size [Vector2D: x: 368, y: 1072], fmt AR24, planes 1
[1;32mDEBUG [0m]: [CLinuxDMABUFParamsResource]  | plane 0: mod 72057594037927952 fd 91 stride 1536 offset 0
[1;32mDEBUG [0m]: [CLinuxDMABUFParamsResource] Creating a dmabuf, with id 132: size [Vector2D: x: 368, y: 672], fmt AR24, planes 1
[1;32mDEBUG [0m]: [CLinuxDMABUFParamsResource]  | plane 0: mod 72057594037927952 fd 96 stride 1536 offset 0
[1;32mDEBUG [0m]: [CLinuxDMABUFParamsResource] Creating a dmabuf, with id 162: size [Vector2D: x: 368, y: 672], fmt AR24, planes 1
[1;32mDEBUG [0m]: [CLinuxDMABUFParamsResource]  | plane 0: mod 72057594037927952 fd 91 stride 1536 offset 0
[1;32mDEBUG [0m]: [CWLCompositorResource] New wl_region with id 85 at 55a79f65f940
[1;32mDEBUG [0m]: [CLinuxDMABUFParamsResource] Creating a dmabuf, with id 157: size [Vector2D: x: 1140, y: 681], fmt AR24, planes 1
[1;32mDEBUG [0m]: [CLinuxDMABUFParamsResource]  | plane 0: mod 72057594037927952 fd 91 stride 4608 offset 0
[1;32mDEBUG [0m]: [CWLCompositorResource] New wl_region with id 162 at 55a79fa54bc0
[1;32mDEBUG [0m]: [CLinuxDMABUFParamsResource] Creating a dmabuf, with id 166: size [Vector2D: x: 1140, y: 681], fmt AR24, planes 1
[1;32mDEBUG [0m]: [CLinuxDMABUFParamsResource]  | plane 0: mod 72057594037927952 fd 100 stride 4608 offset 0
[1;32mDEBUG [0m]: [CLinuxDMABUFParamsResource] Creating a dmabuf, with id 152: size [Vector2D: x: 368, y: 1072], fmt AR24, planes 1
[1;32mDEBUG [0m]: [CLinuxDMABUFParamsResource]  | plane 0: mod 72057594037927952 fd 92 stride 1536 offset 0
[1;32mDEBUG [0m]: [CWLCompositorResource] New wl_region with id 168 at 55a79fd470f0
[1;32mDEBUG [0m]: [CLinuxDMABUFParamsResource] Creating a dmabuf, with id 85: size [Vector2D: x: 368, y: 1072], fmt AR24, planes 1
[1;32mDEBUG [0m]: [CLinuxDMABUFParamsResource]  | plane 0: mod 72057594037927952 fd 95 stride 1536 offset 0
[1;32mDEBUG [0m]: LayerSurface 55a79fb112e0 destroyed
[1;32mDEBUG [0m]: Forcing an unmap of a LS that did a straight destroy!
[1;32mDEBUG [0m]: LayerSurface 55a79fb112e0 unmapped
[1;32mDEBUG [0m]: renderer: making a snapshot of layer 55a79f61e950
[1;32mDEBUG [0m]: Framebuffer "layer snapshot" created, status 36053
[1;32mDEBUG [0m]: renderer: cleared a snapshot of layer 55a79f61e950
[1;32mDEBUG [0m]: renderer: rendered a snapshot of layer 55a79f61e950
[1;32mDEBUG [0m]: renderer: made a snapshot of layer 55a79f61e950
[1;32mDEBUG [0m]: CWLSurface 55a79f644eb0 called destroy()
[1;32mDEBUG [0m]: Cleanup: removed 1 fadeouts
[1;32mDEBUG [0m]: [CWLCompositorResource] New wl_surface with id 161 at 55a79e614330
[1;32mDEBUG [0m]: [CWLCompositorResource] New wl_surface with id 136 at 55a79e614330
[1;32mDEBUG [0m]: [CPrimarySelectionProtocol] CPrimarySelectionProtocol::updateSelection: cannot send selection to a client without a data_device
[1;32mDEBUG [0m]: CWLSurface 55a79f6f1bc0 called init()
[1;32mDEBUG [0m]: LayerSurface 55a79fb112e0 (namespace putkin-panel layer 3) created on monitor HEADLESS-1
[1;32mDEBUG [0m]: [CLayerShellProtocol] New wlr_layer_surface 55a79fb112e0
[1;32mDEBUG [0m]: cursorImage request: shape 1 -> default
[1;32mDEBUG [0m]: [CWLCompositorResource] New wl_region with id 161 at 55a79f9ed480
[1;32mDEBUG [0m]: [CWLCompositorResource] New wl_region with id 164 at 55a79f9ed480
[1;32mDEBUG [0m]: [CLinuxDMABUFParamsResource] Creating a dmabuf, with id 168: size [Vector2D: x: 368, y: 64], fmt AR24, planes 1
[1;32mDEBUG [0m]: [CLinuxDMABUFParamsResource]  | plane 0: mod 72057594037927952 fd 91 stride 1536 offset 0
[1;32mDEBUG [0m]: LayerSurface 55a79fb112e0 mapped
[1;32mDEBUG [0m]: [CLinuxDMABUFParamsResource] Creating a dmabuf, with id 166: size [Vector2D: x: 368, y: 64], fmt AR24, planes 1
[1;32mDEBUG [0m]: [CLinuxDMABUFParamsResource]  | plane 0: mod 72057594037927952 fd 92 stride 1536 offset 0
[1;32mDEBUG [0m]: [CLinuxDMABUFParamsResource] Creating a dmabuf, with id 132: size [Vector2D: x: 368, y: 1058], fmt AR24, planes 1
[1;32mDEBUG [0m]: [CLinuxDMABUFParamsResource]  | plane 0: mod 72057594037927952 fd 101 stride 1536 offset 0
[1;32mDEBUG [0m]: [CWLSeatProtocol] New seat resource bound at 55a79f1525a0
[1;32mDEBUG [0m]: [CVirtualKeyboardProtocol] New VKeyboard at id 5
[1;32mDEBUG [0m]: ApplyConfigToKeyboard for "hl-virtual-keyboard-wtype", hasconfig: 0
[1;32mDEBUG [0m]: Attempting to create a keymap for layout us with variant  (rules: , model: , options: )
[1;32mDEBUG [0m]: Updating keyboard 55a79f694860's translation state from a provided keymap
[1;32mDEBUG [0m]: xkb: LED index 0 (name Num Lock) got index 1
[1;32mDEBUG [0m]: xkb: LED index 1 (name Caps Lock) got index 0
[1;32mDEBUG [0m]: xkb: LED index 2 (name Scroll Lock) got index 2
[1;32mDEBUG [0m]: xkb: Mod index 0 (name Shift) got index 0
[1;32mDEBUG [0m]: xkb: Mod index 1 (name Lock) got index 1
[1;32mDEBUG [0m]: xkb: Mod index 2 (name Control) got index 2
[1;32mDEBUG [0m]: xkb: Mod index 3 (name Mod1) got index 3
[1;32mDEBUG [0m]: xkb: Mod index 4 (name Mod2) got index 4
[1;32mDEBUG [0m]: xkb: Mod index 5 (name Mod3) got index 5
[1;32mDEBUG [0m]: xkb: Mod index 6 (name Mod4) got index 6
[1;32mDEBUG [0m]: xkb: Mod index 7 (name Mod5) got index 7
[1;32mDEBUG [0m]: Updating keymap fd for keyboard hl-virtual-keyboard-wtype
[1;32mDEBUG [0m]: Updated keymap fd to 106, keymap V1 to: 108
[1;32mDEBUG [0m]: Set the keyboard layout to us and variant to  for keyboard "hl-virtual-keyboard-wtype"
[1;32mDEBUG [0m]: New virtual keyboard created at 55a79f694860
[1;32mDEBUG [0m]: Updating keyboard 55a79f694860's translation state from a provided keymap
[1;32mDEBUG [0m]: Updating keymap fd for keyboard hl-virtual-keyboard-wtype
[1;32mDEBUG [0m]: Updated keymap fd to 106, keymap V1 to: 108
[1;32mDEBUG [0m]: [CLinuxDMABUFParamsResource] Creating a dmabuf, with id 161: size [Vector2D: x: 368, y: 1058], fmt AR24, planes 1
[1;32mDEBUG [0m]: [CLinuxDMABUFParamsResource]  | plane 0: mod 72057594037927952 fd 104 stride 1536 offset 0
[1;32mDEBUG [0m]: [CWLCompositorResource] New wl_region with id 162 at 55a79fd46f00
[1;32mDEBUG [0m]: [CLinuxDMABUFParamsResource] Creating a dmabuf, with id 168: size [Vector2D: x: 368, y: 1072], fmt AR24, planes 1
[1;32mDEBUG [0m]: [CLinuxDMABUFParamsResource]  | plane 0: mod 72057594037927952 fd 92 stride 1536 offset 0
[1;32mDEBUG [0m]: Keyboard at 55a79f694860 removed
[1;32mDEBUG [0m]: Destroyed keyboard 55a79f694860
[1;32mDEBUG [0m]: [CWLCompositorResource] New wl_region with id 161 at 55a79f9aaaf0
[1;32mDEBUG [0m]: [CLinuxDMABUFParamsResource] Creating a dmabuf, with id 162: size [Vector2D: x: 368, y: 1072], fmt AR24, planes 1
[1;32mDEBUG [0m]: [CLinuxDMABUFParamsResource]  | plane 0: mod 72057594037927952 fd 91 stride 1536 offset 0
[1;32mDEBUG [0m]: [CLinuxDMABUFParamsResource] Creating a dmabuf, with id 166: size [Vector2D: x: 368, y: 672], fmt AR24, planes 1
[1;32mDEBUG [0m]: [CLinuxDMABUFParamsResource]  | plane 0: mod 72057594037927952 fd 96 stride 1536 offset 0
[1;32mDEBUG [0m]: [CLinuxDMABUFParamsResource] Creating a dmabuf, with id 148: size [Vector2D: x: 368, y: 672], fmt AR24, planes 1
[1;32mDEBUG [0m]: [CLinuxDMABUFParamsResource]  | plane 0: mod 72057594037927952 fd 91 stride 1536 offset 0
[1;32mDEBUG [0m]: [CWLCompositorResource] New wl_region with id 169 at 55a79fd49e20
[1;32mDEBUG [0m]: [CLinuxDMABUFParamsResource] Creating a dmabuf, with id 160: size [Vector2D: x: 1140, y: 681], fmt AR24, planes 1
[1;32mDEBUG [0m]: [CLinuxDMABUFParamsResource]  | plane 0: mod 72057594037927952 fd 91 stride 4608 offset 0
[1;32mDEBUG [0m]: [CWLCompositorResource] New wl_region with id 169 at 55a79f7ee900
[1;32mDEBUG [0m]: [CLinuxDMABUFParamsResource] Creating a dmabuf, with id 135: size [Vector2D: x: 1140, y: 681], fmt AR24, planes 1
[1;32mDEBUG [0m]: [CLinuxDMABUFParamsResource]  | plane 0: mod 72057594037927952 fd 101 stride 4608 offset 0
[1;32mDEBUG [0m]: [CLinuxDMABUFParamsResource] Creating a dmabuf, with id 168: size [Vector2D: x: 368, y: 1072], fmt AR24, planes 1
[1;32mDEBUG [0m]: [CLinuxDMABUFParamsResource]  | plane 0: mod 72057594037927952 fd 92 stride 1536 offset 0
[1;32mDEBUG [0m]: [CWLCompositorResource] New wl_region with id 164 at 55a79f641050
[1;32mDEBUG [0m]: [CLinuxDMABUFParamsResource] Creating a dmabuf, with id 148: size [Vector2D: x: 368, y: 1072], fmt AR24, planes 1
[1;32mDEBUG [0m]: [CLinuxDMABUFParamsResource]  | plane 0: mod 72057594037927952 fd 96 stride 1536 offset 0
[1;32mDEBUG [0m]: LayerSurface 55a79fb112e0 destroyed
[1;32mDEBUG [0m]: Forcing an unmap of a LS that did a straight destroy!
[1;32mDEBUG [0m]: LayerSurface 55a79fb112e0 unmapped
[1;32mDEBUG [0m]: renderer: making a snapshot of layer 55a79f67cf20
[1;32mDEBUG [0m]: Framebuffer "layer snapshot" created, status 36053
[1;32mDEBUG [0m]: renderer: cleared a snapshot of layer 55a79f67cf20
[1;32mDEBUG [0m]: renderer: rendered a snapshot of layer 55a79f67cf20
[1;32mDEBUG [0m]: renderer: made a snapshot of layer 55a79f67cf20
[1;32mDEBUG [0m]: CWLSurface 55a79f6f1bc0 called destroy()
[1;32mDEBUG [0m]: Cleanup: removed 1 fadeouts
[1;32mDEBUG [0m]: [CWLCompositorResource] New wl_surface with id 162 at 55a79e614330
[1;32mDEBUG [0m]: [CWLCompositorResource] New wl_surface with id 85 at 55a79e614330
[1;32mDEBUG [0m]: [CPrimarySelectionProtocol] CPrimarySelectionProtocol::updateSelection: cannot send selection to a client without a data_device
[1;32mDEBUG [0m]: CWLSurface 55a79fbf3630 called init()
[1;32mDEBUG [0m]: LayerSurface 55a79fb112e0 (namespace putkin-panel layer 3) created on monitor HEADLESS-1
[1;32mDEBUG [0m]: [CLayerShellProtocol] New wlr_layer_surface 55a79fb112e0
[1;32mDEBUG [0m]: cursorImage request: shape 1 -> default
[1;32mDEBUG [0m]: [CWLCompositorResource] New wl_region with id 162 at 55a79fce8940
[1;32mDEBUG [0m]: [CWLCompositorResource] New wl_region with id 158 at 55a79fce8940
[1;32mDEBUG [0m]: [CLinuxDMABUFParamsResource] Creating a dmabuf, with id 164: size [Vector2D: x: 368, y: 64], fmt AR24, planes 1
[1;32mDEBUG [0m]: [CLinuxDMABUFParamsResource]  | plane 0: mod 72057594037927952 fd 91 stride 1536 offset 0
[1;32mDEBUG [0m]: LayerSurface 55a79fb112e0 mapped
[1;32mDEBUG [0m]: [CLinuxDMABUFParamsResource] Creating a dmabuf, with id 160: size [Vector2D: x: 368, y: 64], fmt AR24, planes 1
[1;32mDEBUG [0m]: [CLinuxDMABUFParamsResource]  | plane 0: mod 72057594037927952 fd 95 stride 1536 offset 0
[1;32mDEBUG [0m]: [CLinuxDMABUFParamsResource] Creating a dmabuf, with id 166: size [Vector2D: x: 368, y: 1058], fmt AR24, planes 1
[1;32mDEBUG [0m]: [CLinuxDMABUFParamsResource]  | plane 0: mod 72057594037927952 fd 100 stride 1536 offset 0
[1;32mDEBUG [0m]: [CWLSeatProtocol] New seat resource bound at 55a79e613be0
[1;32mDEBUG [0m]: [CVirtualKeyboardProtocol] New VKeyboard at id 5
[1;32mDEBUG [0m]: ApplyConfigToKeyboard for "hl-virtual-keyboard-wtype", hasconfig: 0
[1;32mDEBUG [0m]: Attempting to create a keymap for layout us with variant  (rules: , model: , options: )
[1;32mDEBUG [0m]: Updating keyboard 55a79f694860's translation state from a provided keymap
[1;32mDEBUG [0m]: xkb: LED index 0 (name Num Lock) got index 1
[1;32mDEBUG [0m]: xkb: LED index 1 (name Caps Lock) got index 0
[1;32mDEBUG [0m]: xkb: LED index 2 (name Scroll Lock) got index 2
[1;32mDEBUG [0m]: xkb: Mod index 0 (name Shift) got index 0
[1;32mDEBUG [0m]: xkb: Mod index 1 (name Lock) got index 1
[1;32mDEBUG [0m]: xkb: Mod index 2 (name Control) got index 2
[1;32mDEBUG [0m]: xkb: Mod index 3 (name Mod1) got index 3
[1;32mDEBUG [0m]: xkb: Mod index 4 (name Mod2) got index 4
[1;32mDEBUG [0m]: xkb: Mod index 5 (name Mod3) got index 5
[1;32mDEBUG [0m]: xkb: Mod index 6 (name Mod4) got index 6
[1;32mDEBUG [0m]: xkb: Mod index 7 (name Mod5) got index 7
[1;32mDEBUG [0m]: Updating keymap fd for keyboard hl-virtual-keyboard-wtype
[1;32mDEBUG [0m]: Updated keymap fd to 106, keymap V1 to: 108
[1;32mDEBUG [0m]: Set the keyboard layout to us and variant to  for keyboard "hl-virtual-keyboard-wtype"
[1;32mDEBUG [0m]: New virtual keyboard created at 55a79f694860
[1;32mDEBUG [0m]: Updating keyboard 55a79f694860's translation state from a provided keymap
[1;32mDEBUG [0m]: Updating keymap fd for keyboard hl-virtual-keyboard-wtype
[1;32mDEBUG [0m]: Updated keymap fd to 106, keymap V1 to: 108
[1;32mDEBUG [0m]: [CLinuxDMABUFParamsResource] Creating a dmabuf, with id 158: size [Vector2D: x: 368, y: 1058], fmt AR24, planes 1
[1;32mDEBUG [0m]: [CLinuxDMABUFParamsResource]  | plane 0: mod 72057594037927952 fd 104 stride 1536 offset 0
[1;32mDEBUG [0m]: [CWLCompositorResource] New wl_region with id 169 at 55a79fd49e80
[1;32mDEBUG [0m]: [CLinuxDMABUFParamsResource] Creating a dmabuf, with id 162: size [Vector2D: x: 368, y: 1072], fmt AR24, planes 1
[1;32mDEBUG [0m]: [CLinuxDMABUFParamsResource]  | plane 0: mod 72057594037927952 fd 96 stride 1536 offset 0
[1;32mDEBUG [0m]: Keyboard at 55a79f694860 removed
[1;32mDEBUG [0m]: Destroyed keyboard 55a79f694860
[1;32mDEBUG [0m]: [CWLCompositorResource] New wl_region with id 158 at 55a79f6490b0
[1;32mDEBUG [0m]: [CLinuxDMABUFParamsResource] Creating a dmabuf, with id 160: size [Vector2D: x: 368, y: 1072], fmt AR24, planes 1
[1;32mDEBUG [0m]: [CLinuxDMABUFParamsResource]  | plane 0: mod 72057594037927952 fd 92 stride 1536 offset 0
[1;32mDEBUG [0m]: [CLinuxDMABUFParamsResource] Creating a dmabuf, with id 169: size [Vector2D: x: 368, y: 672], fmt AR24, planes 1
[1;32mDEBUG [0m]: [CLinuxDMABUFParamsResource]  | plane 0: mod 72057594037927952 fd 91 stride 1536 offset 0
[1;32mDEBUG [0m]: [CLinuxDMABUFParamsResource] Creating a dmabuf, with id 150: size [Vector2D: x: 368, y: 672], fmt AR24, planes 1
[1;32mDEBUG [0m]: [CLinuxDMABUFParamsResource]  | plane 0: mod 72057594037927952 fd 92 stride 1536 offset 0
[1;32mDEBUG [0m]: [CWLCompositorResource] New wl_region with id 170 at 55a79fd34a40
[1;32mDEBUG [0m]: [CLinuxDMABUFParamsResource] Creating a dmabuf, with id 161: size [Vector2D: x: 1140, y: 681], fmt AR24, planes 1
[1;32mDEBUG [0m]: [CLinuxDMABUFParamsResource]  | plane 0: mod 72057594037927952 fd 92 stride 4608 offset 0
[1;32mDEBUG [0m]: [CWLCompositorResource] New wl_region with id 158 at 55a79fc67730
[1;32mDEBUG [0m]: [CLinuxDMABUFParamsResource] Creating a dmabuf, with id 132: size [Vector2D: x: 1140, y: 681], fmt AR24, planes 1
[1;32mDEBUG [0m]: [CLinuxDMABUFParamsResource]  | plane 0: mod 72057594037927952 fd 95 stride 4608 offset 0
[1;32mDEBUG [0m]: [CLinuxDMABUFParamsResource] Creating a dmabuf, with id 170: size [Vector2D: x: 368, y: 1072], fmt AR24, planes 1
[1;32mDEBUG [0m]: [CLinuxDMABUFParamsResource]  | plane 0: mod 72057594037927952 fd 96 stride 1536 offset 0
[1;32mDEBUG [0m]: [CWLCompositorResource] New wl_region with id 164 at 55a79f1844b0
[1;32mDEBUG [0m]: [CLinuxDMABUFParamsResource] Creating a dmabuf, with id 150: size [Vector2D: x: 368, y: 1072], fmt AR24, planes 1
[1;32mDEBUG [0m]: [CLinuxDMABUFParamsResource]  | plane 0: mod 72057594037927952 fd 100 stride 1536 offset 0
[1;32mDEBUG [0m]: LayerSurface 55a79fb112e0 destroyed
[1;32mDEBUG [0m]: Forcing an unmap of a LS that did a straight destroy!
[1;32mDEBUG [0m]: LayerSurface 55a79fb112e0 unmapped
[1;32mDEBUG [0m]: renderer: making a snapshot of layer 55a79f61e950
[1;32mDEBUG [0m]: Framebuffer "layer snapshot" created, status 36053
[1;32mDEBUG [0m]: renderer: cleared a snapshot of layer 55a79f61e950
[1;32mDEBUG [0m]: renderer: rendered a snapshot of layer 55a79f61e950
[1;32mDEBUG [0m]: renderer: made a snapshot of layer 55a79f61e950
[1;32mDEBUG [0m]: CWLSurface 55a79fbf3630 called destroy()
[1;32mDEBUG [0m]: Cleanup: removed 1 fadeouts
[1;32mDEBUG [0m]: [CWLCompositorResource] New wl_surface with id 162 at 55a79e614330
[1;32mDEBUG [0m]: [CWLCompositorResource] New wl_surface with id 148 at 55a79e614330
[1;32mDEBUG [0m]: [CPrimarySelectionProtocol] CPrimarySelectionProtocol::updateSelection: cannot send selection to a client without a data_device
[1;32mDEBUG [0m]: CWLSurface 55a79f9ed900 called init()
[1;32mDEBUG [0m]: LayerSurface 55a79fb112e0 (namespace putkin-panel layer 3) created on monitor HEADLESS-1
[1;32mDEBUG [0m]: [CLayerShellProtocol] New wlr_layer_surface 55a79fb112e0
[1;32mDEBUG [0m]: cursorImage request: shape 1 -> default
[1;32mDEBUG [0m]: [CWLCompositorResource] New wl_region with id 162 at 55a79e72ae50
[1;32mDEBUG [0m]: [CWLCompositorResource] New wl_region with id 136 at 55a79e72ae50
[1;32mDEBUG [0m]: [CLinuxDMABUFParamsResource] Creating a dmabuf, with id 164: size [Vector2D: x: 368, y: 64], fmt AR24, planes 1
[1;32mDEBUG [0m]: [CLinuxDMABUFParamsResource]  | plane 0: mod 72057594037927952 fd 91 stride 1536 offset 0
[1;32mDEBUG [0m]: LayerSurface 55a79fb112e0 mapped
[1;32mDEBUG [0m]: [CLinuxDMABUFParamsResource] Creating a dmabuf, with id 132: size [Vector2D: x: 368, y: 1058], fmt AR24, planes 1
[1;32mDEBUG [0m]: [CLinuxDMABUFParamsResource]  | plane 0: mod 72057594037927952 fd 92 stride 1536 offset 0
[1;32mDEBUG [0m]: [CWLSeatProtocol] New seat resource bound at 55a79fb765d0
[1;32mDEBUG [0m]: [CVirtualKeyboardProtocol] New VKeyboard at id 5
[1;32mDEBUG [0m]: ApplyConfigToKeyboard for "hl-virtual-keyboard-wtype", hasconfig: 0
[1;32mDEBUG [0m]: Attempting to create a keymap for layout us with variant  (rules: , model: , options: )
[1;32mDEBUG [0m]: Updating keyboard 55a79f694860's translation state from a provided keymap
[1;32mDEBUG [0m]: xkb: LED index 0 (name Num Lock) got index 1
[1;32mDEBUG [0m]: xkb: LED index 1 (name Caps Lock) got index 0
[1;32mDEBUG [0m]: xkb: LED index 2 (name Scroll Lock) got index 2
[1;32mDEBUG [0m]: xkb: Mod index 0 (name Shift) got index 0
[1;32mDEBUG [0m]: xkb: Mod index 1 (name Lock) got index 1
[1;32mDEBUG [0m]: xkb: Mod index 2 (name Control) got index 2
[1;32mDEBUG [0m]: xkb: Mod index 3 (name Mod1) got index 3
[1;32mDEBUG [0m]: xkb: Mod index 4 (name Mod2) got index 4
[1;32mDEBUG [0m]: xkb: Mod index 5 (name Mod3) got index 5
[1;32mDEBUG [0m]: xkb: Mod index 6 (name Mod4) got index 6
[1;32mDEBUG [0m]: xkb: Mod index 7 (name Mod5) got index 7
[1;32mDEBUG [0m]: Updating keymap fd for keyboard hl-virtual-keyboard-wtype
[1;32mDEBUG [0m]: Updated keymap fd to 106, keymap V1 to: 108
[1;32mDEBUG [0m]: Set the keyboard layout to us and variant to  for keyboard "hl-virtual-keyboard-wtype"
[1;32mDEBUG [0m]: New virtual keyboard created at 55a79f694860
[1;32mDEBUG [0m]: Updating keyboard 55a79f694860's translation state from a provided keymap
[1;32mDEBUG [0m]: Updating keymap fd for keyboard hl-virtual-keyboard-wtype
[1;32mDEBUG [0m]: Updated keymap fd to 106, keymap V1 to: 108
[1;32mDEBUG [0m]: [CLinuxDMABUFParamsResource] Creating a dmabuf, with id 169: size [Vector2D: x: 368, y: 1058], fmt AR24, planes 1
[1;32mDEBUG [0m]: [CLinuxDMABUFParamsResource]  | plane 0: mod 72057594037927952 fd 104 stride 1536 offset 0
[1;32mDEBUG [0m]: [CWLCompositorResource] New wl_region with id 158 at 55a79fa53ff0
[1;32mDEBUG [0m]: [CLinuxDMABUFParamsResource] Creating a dmabuf, with id 158: size [Vector2D: x: 368, y: 1072], fmt AR24, planes 1
[1;32mDEBUG [0m]: [CLinuxDMABUFParamsResource]  | plane 0: mod 72057594037927952 fd 95 stride 1536 offset 0
[1;32mDEBUG [0m]: Keyboard at 55a79f694860 removed
[1;32mDEBUG [0m]: Destroyed keyboard 55a79f694860
[1;32mDEBUG [0m]: [CWLCompositorResource] New wl_region with id 136 at 55a79f17f2b0
[1;32mDEBUG [0m]: [CLinuxDMABUFParamsResource] Creating a dmabuf, with id 169: size [Vector2D: x: 368, y: 1072], fmt AR24, planes 1
[1;32mDEBUG [0m]: [CLinuxDMABUFParamsResource]  | plane 0: mod 72057594037927952 fd 91 stride 1536 offset 0
[1;32mDEBUG [0m]: [CLinuxDMABUFParamsResource] Creating a dmabuf, with id 164: size [Vector2D: x: 368, y: 672], fmt AR24, planes 1
[1;32mDEBUG [0m]: [CLinuxDMABUFParamsResource]  | plane 0: mod 72057594037927952 fd 96 stride 1536 offset 0
[1;32mDEBUG [0m]: [CLinuxDMABUFParamsResource] Creating a dmabuf, with id 157: size [Vector2D: x: 368, y: 672], fmt AR24, planes 1
[1;32mDEBUG [0m]: [CLinuxDMABUFParamsResource]  | plane 0: mod 72057594037927952 fd 91 stride 1536 offset 0
[1;32mDEBUG [0m]: [CWLCompositorResource] New wl_region with id 171 at 55a79f65f940
[1;32mDEBUG [0m]: [CLinuxDMABUFParamsResource] Creating a dmabuf, with id 166: size [Vector2D: x: 1140, y: 681], fmt AR24, planes 1
[1;32mDEBUG [0m]: [CLinuxDMABUFParamsResource]  | plane 0: mod 72057594037927952 fd 91 stride 4608 offset 0
[1;32mDEBUG [0m]: [CWLCompositorResource] New wl_region with id 171 at 55a79f64cd70
[1;32mDEBUG [0m]: [CLinuxDMABUFParamsResource] Creating a dmabuf, with id 162: size [Vector2D: x: 1140, y: 681], fmt AR24, planes 1
[1;32mDEBUG [0m]: [CLinuxDMABUFParamsResource]  | plane 0: mod 72057594037927952 fd 100 stride 4608 offset 0
[1;32mDEBUG [0m]: [CLinuxDMABUFParamsResource] Creating a dmabuf, with id 157: size [Vector2D: x: 368, y: 1072], fmt AR24, planes 1
[1;32mDEBUG [0m]: [CLinuxDMABUFParamsResource]  | plane 0: mod 72057594037927952 fd 95 stride 1536 offset 0
[1;32mDEBUG [0m]: [CWLCompositorResource] New wl_region with id 162 at 55a79f9ed5f0
[1;32mDEBUG [0m]: [CLinuxDMABUFParamsResource] Creating a dmabuf, with id 158: size [Vector2D: x: 368, y: 1072], fmt AR24, planes 1
[1;32mDEBUG [0m]: [CLinuxDMABUFParamsResource]  | plane 0: mod 72057594037927952 fd 96 stride 1536 offset 0
[1;32mDEBUG [0m]: LayerSurface 55a79fb112e0 destroyed
[1;32mDEBUG [0m]: Forcing an unmap of a LS that did a straight destroy!
[1;32mDEBUG [0m]: LayerSurface 55a79fb112e0 unmapped
[1;32mDEBUG [0m]: renderer: making a snapshot of layer 55a79f67cf20
[1;32mDEBUG [0m]: Framebuffer "layer snapshot" created, status 36053
[1;32mDEBUG [0m]: renderer: cleared a snapshot of layer 55a79f67cf20
[1;32mDEBUG [0m]: renderer: rendered a snapshot of layer 55a79f67cf20
[1;32mDEBUG [0m]: renderer: made a snapshot of layer 55a79f67cf20
[1;32mDEBUG [0m]: CWLSurface 55a79f9ed900 called destroy()
[1;32mDEBUG [0m]: Cleanup: removed 1 fadeouts
[1;32mDEBUG [0m]: [CWLCompositorResource] New wl_surface with id 132 at 55a79e614330
[1;32mDEBUG [0m]: [CWLCompositorResource] New wl_surface with id 150 at 55a79e614330
[1;32mDEBUG [0m]: [CPrimarySelectionProtocol] CPrimarySelectionProtocol::updateSelection: cannot send selection to a client without a data_device
[1;32mDEBUG [0m]: CWLSurface 55a79f6f1bc0 called init()
[1;32mDEBUG [0m]: LayerSurface 55a79fb112e0 (namespace putkin-panel layer 3) created on monitor HEADLESS-1
[1;32mDEBUG [0m]: [CLayerShellProtocol] New wlr_layer_surface 55a79fb112e0
[1;32mDEBUG [0m]: cursorImage request: shape 1 -> default
[1;32mDEBUG [0m]: [CWLCompositorResource] New wl_region with id 132 at 55a79f67a9f0
[1;32mDEBUG [0m]: [CWLCompositorResource] New wl_region with id 85 at 55a79f67a9f0
[1;32mDEBUG [0m]: [CLinuxDMABUFParamsResource] Creating a dmabuf, with id 162: size [Vector2D: x: 368, y: 64], fmt AR24, planes 1
[1;32mDEBUG [0m]: [CLinuxDMABUFParamsResource]  | plane 0: mod 72057594037927952 fd 91 stride 1536 offset 0
[1;32mDEBUG [0m]: LayerSurface 55a79fb112e0 mapped
[1;32mDEBUG [0m]: [CLinuxDMABUFParamsResource] Creating a dmabuf, with id 166: size [Vector2D: x: 368, y: 64], fmt AR24, planes 1
[1;32mDEBUG [0m]: [CLinuxDMABUFParamsResource]  | plane 0: mod 72057594037927952 fd 95 stride 1536 offset 0
[1;32mDEBUG [0m]: [CLinuxDMABUFParamsResource] Creating a dmabuf, with id 136: size [Vector2D: x: 368, y: 1058], fmt AR24, planes 1
[1;32mDEBUG [0m]: [CLinuxDMABUFParamsResource]  | plane 0: mod 72057594037927952 fd 100 stride 1536 offset 0
[1;32mDEBUG [0m]: [CWLSeatProtocol] New seat resource bound at 55a79e4f1eb0
[1;32mDEBUG [0m]: [CVirtualKeyboardProtocol] New VKeyboard at id 5
[1;32mDEBUG [0m]: ApplyConfigToKeyboard for "hl-virtual-keyboard-wtype", hasconfig: 0
[1;32mDEBUG [0m]: Attempting to create a keymap for layout us with variant  (rules: , model: , options: )
[1;32mDEBUG [0m]: Updating keyboard 55a79f694860's translation state from a provided keymap
[1;32mDEBUG [0m]: xkb: LED index 0 (name Num Lock) got index 1
[1;32mDEBUG [0m]: xkb: LED index 1 (name Caps Lock) got index 0
[1;32mDEBUG [0m]: xkb: LED index 2 (name Scroll Lock) got index 2
[1;32mDEBUG [0m]: xkb: Mod index 0 (name Shift) got index 0
[1;32mDEBUG [0m]: xkb: Mod index 1 (name Lock) got index 1
[1;32mDEBUG [0m]: xkb: Mod index 2 (name Control) got index 2
[1;32mDEBUG [0m]: xkb: Mod index 3 (name Mod1) got index 3
[1;32mDEBUG [0m]: xkb: Mod index 4 (name Mod2) got index 4
[1;32mDEBUG [0m]: xkb: Mod index 5 (name Mod3) got index 5
[1;32mDEBUG [0m]: xkb: Mod index 6 (name Mod4) got index 6
[1;32mDEBUG [0m]: xkb: Mod index 7 (name Mod5) got index 7
[1;32mDEBUG [0m]: Updating keymap fd for keyboard hl-virtual-keyboard-wtype
[1;32mDEBUG [0m]: Updated keymap fd to 106, keymap V1 to: 108
[1;32mDEBUG [0m]: Set the keyboard layout to us and variant to  for keyboard "hl-virtual-keyboard-wtype"
[1;32mDEBUG [0m]: New virtual keyboard created at 55a79f694860
[1;32mDEBUG [0m]: Updating keyboard 55a79f694860's translation state from a provided keymap
[1;32mDEBUG [0m]: Updating keymap fd for keyboard hl-virtual-keyboard-wtype
[1;32mDEBUG [0m]: Updated keymap fd to 106, keymap V1 to: 108
[1;32mDEBUG [0m]: [CLinuxDMABUFParamsResource] Creating a dmabuf, with id 85: size [Vector2D: x: 368, y: 1058], fmt AR24, planes 1
[1;32mDEBUG [0m]: [CLinuxDMABUFParamsResource]  | plane 0: mod 72057594037927952 fd 104 stride 1536 offset 0
[1;32mDEBUG [0m]: [CWLCompositorResource] New wl_region with id 171 at 55a79f662c50
[1;32mDEBUG [0m]: [CLinuxDMABUFParamsResource] Creating a dmabuf, with id 171: size [Vector2D: x: 368, y: 1072], fmt AR24, planes 1
[1;32mDEBUG [0m]: [CLinuxDMABUFParamsResource]  | plane 0: mod 72057594037927952 fd 96 stride 1536 offset 0
[1;32mDEBUG [0m]: Keyboard at 55a79f694860 removed
[1;32mDEBUG [0m]: Destroyed keyboard 55a79f694860
[1;32mDEBUG [0m]: [CWLCompositorResource] New wl_region with id 132 at 55a79fc67fd0
[1;32mDEBUG [0m]: [CLinuxDMABUFParamsResource] Creating a dmabuf, with id 85: size [Vector2D: x: 368, y: 1072], fmt AR24, planes 1
[1;32mDEBUG [0m]: [CLinuxDMABUFParamsResource]  | plane 0: mod 72057594037927952 fd 92 stride 1536 offset 0
[1;32mDEBUG [0m]: [CLinuxDMABUFParamsResource] Creating a dmabuf, with id 166: size [Vector2D: x: 368, y: 672], fmt AR24, planes 1
[1;32mDEBUG [0m]: [CLinuxDMABUFParamsResource]  | plane 0: mod 72057594037927952 fd 91 stride 1536 offset 0
[1;32mDEBUG [0m]: [CLinuxDMABUFParamsResource] Creating a dmabuf, with id 135: size [Vector2D: x: 368, y: 672], fmt AR24, planes 1
[1;32mDEBUG [0m]: [CLinuxDMABUFParamsResource]  | plane 0: mod 72057594037927952 fd 92 stride 1536 offset 0
[1;32mDEBUG [0m]: [CWLCompositorResource] New wl_region with id 172 at 55a79fd07330
[1;32mDEBUG [0m]: [CLinuxDMABUFParamsResource] Creating a dmabuf, with id 160: size [Vector2D: x: 1140, y: 681], fmt AR24, planes 1
[1;32mDEBUG [0m]: [CLinuxDMABUFParamsResource]  | plane 0: mod 72057594037927952 fd 92 stride 4608 offset 0
[1;32mDEBUG [0m]: [CWLCompositorResource] New wl_region with id 135 at 55a79fce7690
[1;32mDEBUG [0m]: [CLinuxDMABUFParamsResource] Creating a dmabuf, with id 172: size [Vector2D: x: 1140, y: 681], fmt AR24, planes 1
[1;32mDEBUG [0m]: [CLinuxDMABUFParamsResource]  | plane 0: mod 72057594037927952 fd 100 stride 4608 offset 0
[1;32mDEBUG [0m]: [CLinuxDMABUFParamsResource] Creating a dmabuf, with id 171: size [Vector2D: x: 368, y: 1072], fmt AR24, planes 1
[1;32mDEBUG [0m]: [CLinuxDMABUFParamsResource]  | plane 0: mod 72057594037927952 fd 96 stride 1536 offset 0
[1;32mDEBUG [0m]: [CWLCompositorResource] New wl_region with id 162 at 55a79f67a9f0
[1;32mDEBUG [0m]: [CLinuxDMABUFParamsResource] Creating a dmabuf, with id 132: size [Vector2D: x: 368, y: 1072], fmt AR24, planes 1
[1;32mDEBUG [0m]: [CLinuxDMABUFParamsResource]  | plane 0: mod 72057594037927952 fd 95 stride 1536 offset 0
[1;32mDEBUG [0m]: LayerSurface 55a79fb112e0 destroyed
[1;32mDEBUG [0m]: Forcing an unmap of a LS that did a straight destroy!
[1;32mDEBUG [0m]: LayerSurface 55a79fb112e0 unmapped
[1;32mDEBUG [0m]: renderer: making a snapshot of layer 55a79f61e950
[1;32mDEBUG [0m]: Framebuffer "layer snapshot" created, status 36053
[1;32mDEBUG [0m]: renderer: cleared a snapshot of layer 55a79f61e950
[1;32mDEBUG [0m]: renderer: rendered a snapshot of layer 55a79f61e950
[1;32mDEBUG [0m]: renderer: made a snapshot of layer 55a79f61e950
[1;32mDEBUG [0m]: CWLSurface 55a79f6f1bc0 called destroy()
[1;32mDEBUG [0m]: Cleanup: removed 1 fadeouts
[1;32mDEBUG [0m]: [CWLCompositorResource] New wl_surface with id 136 at 55a79e614330
[1;32mDEBUG [0m]: [CWLCompositorResource] New wl_surface with id 158 at 55a79e614330
[1;32mDEBUG [0m]: [CPrimarySelectionProtocol] CPrimarySelectionProtocol::updateSelection: cannot send selection to a client without a data_device
[1;32mDEBUG [0m]: CWLSurface 55a79f644eb0 called init()
[1;32mDEBUG [0m]: LayerSurface 55a79fb112e0 (namespace putkin-panel layer 3) created on monitor HEADLESS-1
[1;32mDEBUG [0m]: [CLayerShellProtocol] New wlr_layer_surface 55a79fb112e0
[1;32mDEBUG [0m]: cursorImage request: shape 1 -> default
[1;32mDEBUG [0m]: [CWLCompositorResource] New wl_region with id 136 at 55a79f65f940
[1;32mDEBUG [0m]: [CWLCompositorResource] New wl_region with id 148 at 55a79f65f940
[1;32mDEBUG [0m]: [CLinuxDMABUFParamsResource] Creating a dmabuf, with id 162: size [Vector2D: x: 368, y: 64], fmt AR24, planes 1
[1;32mDEBUG [0m]: [CLinuxDMABUFParamsResource]  | plane 0: mod 72057594037927952 fd 91 stride 1536 offset 0
[1;32mDEBUG [0m]: LayerSurface 55a79fb112e0 mapped
[1;32mDEBUG [0m]: [CLinuxDMABUFParamsResource] Creating a dmabuf, with id 172: size [Vector2D: x: 368, y: 64], fmt AR24, planes 1
[1;32mDEBUG [0m]: [CLinuxDMABUFParamsResource]  | plane 0: mod 72057594037927952 fd 92 stride 1536 offset 0
[1;32mDEBUG [0m]: [CLinuxDMABUFParamsResource] Creating a dmabuf, with id 166: size [Vector2D: x: 368, y: 1058], fmt AR24, planes 1
[1;32mDEBUG [0m]: [CLinuxDMABUFParamsResource]  | plane 0: mod 72057594037927952 fd 100 stride 1536 offset 0
[1;32mDEBUG [0m]: [CWLSeatProtocol] New seat resource bound at 55a79f625420
[1;32mDEBUG [0m]: [CVirtualKeyboardProtocol] New VKeyboard at id 5
[1;32mDEBUG [0m]: ApplyConfigToKeyboard for "hl-virtual-keyboard-wtype", hasconfig: 0
[1;32mDEBUG [0m]: Attempting to create a keymap for layout us with variant  (rules: , model: , options: )
[1;32mDEBUG [0m]: Updating keyboard 55a79f694860's translation state from a provided keymap
[1;32mDEBUG [0m]: xkb: LED index 0 (name Num Lock) got index 1
[1;32mDEBUG [0m]: xkb: LED index 1 (name Caps Lock) got index 0
[1;32mDEBUG [0m]: xkb: LED index 2 (name Scroll Lock) got index 2
[1;32mDEBUG [0m]: xkb: Mod index 0 (name Shift) got index 0
[1;32mDEBUG [0m]: xkb: Mod index 1 (name Lock) got index 1
[1;32mDEBUG [0m]: xkb: Mod index 2 (name Control) got index 2
[1;32mDEBUG [0m]: xkb: Mod index 3 (name Mod1) got index 3
[1;32mDEBUG [0m]: xkb: Mod index 4 (name Mod2) got index 4
[1;32mDEBUG [0m]: xkb: Mod index 5 (name Mod3) got index 5
[1;32mDEBUG [0m]: xkb: Mod index 6 (name Mod4) got index 6
[1;32mDEBUG [0m]: xkb: Mod index 7 (name Mod5) got index 7
[1;32mDEBUG [0m]: Updating keymap fd for keyboard hl-virtual-keyboard-wtype
[1;32mDEBUG [0m]: Updated keymap fd to 106, keymap V1 to: 108
[1;32mDEBUG [0m]: Set the keyboard layout to us and variant to  for keyboard "hl-virtual-keyboard-wtype"
[1;32mDEBUG [0m]: New virtual keyboard created at 55a79f694860
[1;32mDEBUG [0m]: Updating keyboard 55a79f694860's translation state from a provided keymap
[1;32mDEBUG [0m]: Updating keymap fd for keyboard hl-virtual-keyboard-wtype
[1;32mDEBUG [0m]: Updated keymap fd to 106, keymap V1 to: 108
[1;32mDEBUG [0m]: [CLinuxDMABUFParamsResource] Creating a dmabuf, with id 148: size [Vector2D: x: 368, y: 1058], fmt AR24, planes 1
[1;32mDEBUG [0m]: [CLinuxDMABUFParamsResource]  | plane 0: mod 72057594037927952 fd 104 stride 1536 offset 0
[1;32mDEBUG [0m]: [CWLCompositorResource] New wl_region with id 135 at 55a79fc80750
[1;32mDEBUG [0m]: [CLinuxDMABUFParamsResource] Creating a dmabuf, with id 136: size [Vector2D: x: 368, y: 1072], fmt AR24, planes 1
[1;32mDEBUG [0m]: [CLinuxDMABUFParamsResource]  | plane 0: mod 72057594037927952 fd 96 stride 1536 offset 0
[1;32mDEBUG [0m]: Keyboard at 55a79f694860 removed
[1;32mDEBUG [0m]: Destroyed keyboard 55a79f694860
[1;32mDEBUG [0m]: [CWLCompositorResource] New wl_region with id 148 at 55a79f64ffc0
[1;32mDEBUG [0m]: [CLinuxDMABUFParamsResource] Creating a dmabuf, with id 172: size [Vector2D: x: 368, y: 1072], fmt AR24, planes 1
[1;32mDEBUG [0m]: [CLinuxDMABUFParamsResource]  | plane 0: mod 72057594037927952 fd 92 stride 1536 offset 0
[1;32mDEBUG [0m]: [CLinuxDMABUFParamsResource] Creating a dmabuf, with id 135: size [Vector2D: x: 368, y: 672], fmt AR24, planes 1
[1;32mDEBUG [0m]: [CLinuxDMABUFParamsResource]  | plane 0: mod 72057594037927952 fd 91 stride 1536 offset 0
[1;32mDEBUG [0m]: [CLinuxDMABUFParamsResource] Creating a dmabuf, with id 161: size [Vector2D: x: 368, y: 672], fmt AR24, planes 1
[1;32mDEBUG [0m]: [CLinuxDMABUFParamsResource]  | plane 0: mod 72057594037927952 fd 92 stride 1536 offset 0
[1;32mDEBUG [0m]: [CWLCompositorResource] New wl_region with id 136 at 55a79f639230
[1;32mDEBUG [0m]: [CLinuxDMABUFParamsResource] Creating a dmabuf, with id 172: size [Vector2D: x: 1140, y: 681], fmt AR24, planes 1
[1;32mDEBUG [0m]: [CLinuxDMABUFParamsResource]  | plane 0: mod 72057594037927952 fd 92 stride 4608 offset 0
[1;32mDEBUG [0m]: [CWLCompositorResource] New wl_region with id 136 at 55a79f716110
[1;32mDEBUG [0m]: [CLinuxDMABUFParamsResource] Creating a dmabuf, with id 162: size [Vector2D: x: 1140, y: 681], fmt AR24, planes 1
[1;32mDEBUG [0m]: [CLinuxDMABUFParamsResource]  | plane 0: mod 72057594037927952 fd 100 stride 4608 offset 0
[1;32mDEBUG [0m]: [CLinuxDMABUFParamsResource] Creating a dmabuf, with id 162: size [Vector2D: x: 368, y: 1072], fmt AR24, planes 1
[1;32mDEBUG [0m]: [CLinuxDMABUFParamsResource]  | plane 0: mod 72057594037927952 fd 96 stride 1536 offset 0
[1;32mDEBUG [0m]: [CWLCompositorResource] New wl_region with id 173 at 55a79fd07b10
[1;32mDEBUG [0m]: [CLinuxDMABUFParamsResource] Creating a dmabuf, with id 161: size [Vector2D: x: 368, y: 1072], fmt AR24, planes 1
[1;32mDEBUG [0m]: [CLinuxDMABUFParamsResource]  | plane 0: mod 72057594037927952 fd 91 stride 1536 offset 0
[1;32mDEBUG [0m]: LayerSurface 55a79fb112e0 destroyed
[1;32mDEBUG [0m]: Forcing an unmap of a LS that did a straight destroy!
[1;32mDEBUG [0m]: LayerSurface 55a79fb112e0 unmapped
[1;32mDEBUG [0m]: renderer: making a snapshot of layer 55a79f67cf20
[1;32mDEBUG [0m]: Framebuffer "layer snapshot" created, status 36053
[1;32mDEBUG [0m]: renderer: cleared a snapshot of layer 55a79f67cf20
[1;32mDEBUG [0m]: renderer: rendered a snapshot of layer 55a79f67cf20
[1;32mDEBUG [0m]: renderer: made a snapshot of layer 55a79f67cf20
[1;32mDEBUG [0m]: CWLSurface 55a79f644eb0 called destroy()
[1;32mDEBUG [0m]: Cleanup: removed 1 fadeouts
[1;32mDEBUG [0m]: [CWLCompositorResource] New wl_surface with id 166 at 55a79e614330
[1;32mDEBUG [0m]: [CWLCompositorResource] New wl_surface with id 132 at 55a79e614330
[1;32mDEBUG [0m]: [CPrimarySelectionProtocol] CPrimarySelectionProtocol::updateSelection: cannot send selection to a client without a data_device
[1;32mDEBUG [0m]: CWLSurface 55a79fd490d0 called init()
[1;32mDEBUG [0m]: LayerSurface 55a79fb112e0 (namespace putkin-panel layer 3) created on monitor HEADLESS-1
[1;32mDEBUG [0m]: [CLayerShellProtocol] New wlr_layer_surface 55a79fb112e0
[1;32mDEBUG [0m]: cursorImage request: shape 1 -> default
[1;32mDEBUG [0m]: [CWLCompositorResource] New wl_region with id 166 at 55a79f65fb70
[1;32mDEBUG [0m]: [CWLCompositorResource] New wl_region with id 150 at 55a79f65fb70
[1;32mDEBUG [0m]: [CLinuxDMABUFParamsResource] Creating a dmabuf, with id 173: size [Vector2D: x: 368, y: 64], fmt AR24, planes 1
[1;32mDEBUG [0m]: [CLinuxDMABUFParamsResource]  | plane 0: mod 72057594037927952 fd 91 stride 1536 offset 0
[1;32mDEBUG [0m]: LayerSurface 55a79fb112e0 mapped
[1;32mDEBUG [0m]: [CLinuxDMABUFParamsResource] Creating a dmabuf, with id 172: size [Vector2D: x: 368, y: 64], fmt AR24, planes 1
[1;32mDEBUG [0m]: [CLinuxDMABUFParamsResource]  | plane 0: mod 72057594037927952 fd 95 stride 1536 offset 0
[1;32mDEBUG [0m]: [CLinuxDMABUFParamsResource] Creating a dmabuf, with id 148: size [Vector2D: x: 368, y: 1058], fmt AR24, planes 1
[1;32mDEBUG [0m]: [CLinuxDMABUFParamsResource]  | plane 0: mod 72057594037927952 fd 100 stride 1536 offset 0
[1;32mDEBUG [0m]: [CWLSeatProtocol] New seat resource bound at 55a79f633720
[1;32mDEBUG [0m]: [CVirtualKeyboardProtocol] New VKeyboard at id 5
[1;32mDEBUG [0m]: ApplyConfigToKeyboard for "hl-virtual-keyboard-wtype", hasconfig: 0
[1;32mDEBUG [0m]: Attempting to create a keymap for layout us with variant  (rules: , model: , options: )
[1;32mDEBUG [0m]: Updating keyboard 55a79f694860's translation state from a provided keymap
[1;32mDEBUG [0m]: xkb: LED index 0 (name Num Lock) got index 1
[1;32mDEBUG [0m]: xkb: LED index 1 (name Caps Lock) got index 0
[1;32mDEBUG [0m]: xkb: LED index 2 (name Scroll Lock) got index 2
[1;32mDEBUG [0m]: xkb: Mod index 0 (name Shift) got index 0
[1;32mDEBUG [0m]: xkb: Mod index 1 (name Lock) got index 1
[1;32mDEBUG [0m]: xkb: Mod index 2 (name Control) got index 2
[1;32mDEBUG [0m]: xkb: Mod index 3 (name Mod1) got index 3
[1;32mDEBUG [0m]: xkb: Mod index 4 (name Mod2) got index 4
[1;32mDEBUG [0m]: xkb: Mod index 5 (name Mod3) got index 5
[1;32mDEBUG [0m]: xkb: Mod index 6 (name Mod4) got index 6
[1;32mDEBUG [0m]: xkb: Mod index 7 (name Mod5) got index 7
[1;32mDEBUG [0m]: Updating keymap fd for keyboard hl-virtual-keyboard-wtype
[1;32mDEBUG [0m]: Updated keymap fd to 106, keymap V1 to: 108
[1;32mDEBUG [0m]: Set the keyboard layout to us and variant to  for keyboard "hl-virtual-keyboard-wtype"
[1;32mDEBUG [0m]: New virtual keyboard created at 55a79f694860
[1;32mDEBUG [0m]: Updating keyboard 55a79f694860's translation state from a provided keymap
[1;32mDEBUG [0m]: Updating keymap fd for keyboard hl-virtual-keyboard-wtype
[1;32mDEBUG [0m]: Updated keymap fd to 106, keymap V1 to: 108
[1;32mDEBUG [0m]: [CLinuxDMABUFParamsResource] Creating a dmabuf, with id 150: size [Vector2D: x: 368, y: 1058], fmt AR24, planes 1
[1;32mDEBUG [0m]: [CLinuxDMABUFParamsResource]  | plane 0: mod 72057594037927952 fd 104 stride 1536 offset 0
[1;32mDEBUG [0m]: [CWLCompositorResource] New wl_region with id 136 at 55a79f63a610
[1;32mDEBUG [0m]: [CLinuxDMABUFParamsResource] Creating a dmabuf, with id 136: size [Vector2D: x: 368, y: 1072], fmt AR24, planes 1
[1;32mDEBUG [0m]: [CLinuxDMABUFParamsResource]  | plane 0: mod 72057594037927952 fd 96 stride 1536 offset 0
[1;32mDEBUG [0m]: Keyboard at 55a79f694860 removed
[1;32mDEBUG [0m]: Destroyed keyboard 55a79f694860
[1;32mDEBUG [0m]: [CWLCompositorResource] New wl_region with id 166 at 55a79e644c20
[1;32mDEBUG [0m]: [CLinuxDMABUFParamsResource] Creating a dmabuf, with id 150: size [Vector2D: x: 368, y: 1072], fmt AR24, planes 1
[1;32mDEBUG [0m]: [CLinuxDMABUFParamsResource]  | plane 0: mod 72057594037927952 fd 92 stride 1536 offset 0
[1;32mDEBUG [0m]: [CLinuxDMABUFParamsResource] Creating a dmabuf, with id 172: size [Vector2D: x: 368, y: 672], fmt AR24, planes 1
[1;32mDEBUG [0m]: [CLinuxDMABUFParamsResource]  | plane 0: mod 72057594037927952 fd 91 stride 1536 offset 0
[1;32mDEBUG [0m]: [CLinuxDMABUFParamsResource] Creating a dmabuf, with id 164: size [Vector2D: x: 368, y: 672], fmt AR24, planes 1
[1;32mDEBUG [0m]: [CLinuxDMABUFParamsResource]  | plane 0: mod 72057594037927952 fd 92 stride 1536 offset 0
[1;32mDEBUG [0m]: [CWLCompositorResource] New wl_region with id 136 at 55a79fd9ed90
[1;32mDEBUG [0m]: [CLinuxDMABUFParamsResource] Creating a dmabuf, with id 169: size [Vector2D: x: 1140, y: 681], fmt AR24, planes 1
[1;32mDEBUG [0m]: [CLinuxDMABUFParamsResource]  | plane 0: mod 72057594037927952 fd 92 stride 4608 offset 0
[1;32mDEBUG [0m]: [CWLCompositorResource] New wl_region with id 136 at 55a79fa53340
[1;32mDEBUG [0m]: [CLinuxDMABUFParamsResource] Creating a dmabuf, with id 166: size [Vector2D: x: 1140, y: 681], fmt AR24, planes 1
[1;32mDEBUG [0m]: [CLinuxDMABUFParamsResource]  | plane 0: mod 72057594037927952 fd 100 stride 4608 offset 0
[1;32mDEBUG [0m]: [CLinuxDMABUFParamsResource] Creating a dmabuf, with id 164: size [Vector2D: x: 368, y: 1072], fmt AR24, planes 1
[1;32mDEBUG [0m]: [CLinuxDMABUFParamsResource]  | plane 0: mod 72057594037927952 fd 96 stride 1536 offset 0
[1;32mDEBUG [0m]: [CWLCompositorResource] New wl_region with id 174 at 55a79fc64550
[1;32mDEBUG [0m]: [CLinuxDMABUFParamsResource] Creating a dmabuf, with id 166: size [Vector2D: x: 368, y: 1072], fmt AR24, planes 1
[1;32mDEBUG [0m]: [CLinuxDMABUFParamsResource]  | plane 0: mod 72057594037927952 fd 91 stride 1536 offset 0
[1;32mDEBUG [0m]: LayerSurface 55a79fb112e0 destroyed
[1;32mDEBUG [0m]: Forcing an unmap of a LS that did a straight destroy!
[1;32mDEBUG [0m]: LayerSurface 55a79fb112e0 unmapped
[1;32mDEBUG [0m]: renderer: making a snapshot of layer 55a79f61e950
[1;32mDEBUG [0m]: Framebuffer "layer snapshot" created, status 36053
[1;32mDEBUG [0m]: renderer: cleared a snapshot of layer 55a79f61e950
[1;32mDEBUG [0m]: renderer: rendered a snapshot of layer 55a79f61e950
[1;32mDEBUG [0m]: renderer: made a snapshot of layer 55a79f61e950
[1;32mDEBUG [0m]: CWLSurface 55a79fd490d0 called destroy()
[1;32mDEBUG [0m]: Cleanup: removed 1 fadeouts
[1;32mDEBUG [0m]: [CWLCompositorResource] New wl_surface with id 132 at 55a79e614330
[1;32mDEBUG [0m]: [CWLCompositorResource] New wl_surface with id 161 at 55a79e614330
[1;32mDEBUG [0m]: [CPrimarySelectionProtocol] CPrimarySelectionProtocol::updateSelection: cannot send selection to a client without a data_device
[1;32mDEBUG [0m]: CWLSurface 55a79fc83bc0 called init()
[1;32mDEBUG [0m]: LayerSurface 55a79fb112e0 (namespace putkin-panel layer 3) created on monitor HEADLESS-1
[1;32mDEBUG [0m]: [CLayerShellProtocol] New wlr_layer_surface 55a79fb112e0
[1;32mDEBUG [0m]: cursorImage request: shape 1 -> default
[1;32mDEBUG [0m]: [CWLCompositorResource] New wl_region with id 132 at 55a79f96d000
[1;32mDEBUG [0m]: [CWLCompositorResource] New wl_region with id 158 at 55a79f96d000
[1;32mDEBUG [0m]: [CLinuxDMABUFParamsResource] Creating a dmabuf, with id 174: size [Vector2D: x: 368, y: 64], fmt AR24, planes 1
[1;32mDEBUG [0m]: [CLinuxDMABUFParamsResource]  | plane 0: mod 72057594037927952 fd 91 stride 1536 offset 0
[1;32mDEBUG [0m]: LayerSurface 55a79fb112e0 mapped
[1;32mDEBUG [0m]: [CLinuxDMABUFParamsResource] Creating a dmabuf, with id 169: size [Vector2D: x: 368, y: 64], fmt AR24, planes 1
[1;32mDEBUG [0m]: [CLinuxDMABUFParamsResource]  | plane 0: mod 72057594037927952 fd 95 stride 1536 offset 0
[1;32mDEBUG [0m]: [CLinuxDMABUFParamsResource] Creating a dmabuf, with id 173: size [Vector2D: x: 368, y: 1058], fmt AR24, planes 1
[1;32mDEBUG [0m]: [CLinuxDMABUFParamsResource]  | plane 0: mod 72057594037927952 fd 100 stride 1536 offset 0
[1;32mDEBUG [0m]: [CWLSeatProtocol] New seat resource bound at 55a79f64f420
[1;32mDEBUG [0m]: [CVirtualKeyboardProtocol] New VKeyboard at id 5
[1;32mDEBUG [0m]: ApplyConfigToKeyboard for "hl-virtual-keyboard-wtype", hasconfig: 0
[1;32mDEBUG [0m]: Attempting to create a keymap for layout us with variant  (rules: , model: , options: )
[1;32mDEBUG [0m]: Updating keyboard 55a79f694860's translation state from a provided keymap
[1;32mDEBUG [0m]: xkb: LED index 0 (name Num Lock) got index 1
[1;32mDEBUG [0m]: xkb: LED index 1 (name Caps Lock) got index 0
[1;32mDEBUG [0m]: xkb: LED index 2 (name Scroll Lock) got index 2
[1;32mDEBUG [0m]: xkb: Mod index 0 (name Shift) got index 0
[1;32mDEBUG [0m]: xkb: Mod index 1 (name Lock) got index 1
[1;32mDEBUG [0m]: xkb: Mod index 2 (name Control) got index 2
[1;32mDEBUG [0m]: xkb: Mod index 3 (name Mod1) got index 3
[1;32mDEBUG [0m]: xkb: Mod index 4 (name Mod2) got index 4
[1;32mDEBUG [0m]: xkb: Mod index 5 (name Mod3) got index 5
[1;32mDEBUG [0m]: xkb: Mod index 6 (name Mod4) got index 6
[1;32mDEBUG [0m]: xkb: Mod index 7 (name Mod5) got index 7
[1;32mDEBUG [0m]: Updating keymap fd for keyboard hl-virtual-keyboard-wtype
[1;32mDEBUG [0m]: Updated keymap fd to 106, keymap V1 to: 108
[1;32mDEBUG [0m]: Set the keyboard layout to us and variant to  for keyboard "hl-virtual-keyboard-wtype"
[1;32mDEBUG [0m]: New virtual keyboard created at 55a79f694860
[1;32mDEBUG [0m]: Updating keyboard 55a79f694860's translation state from a provided keymap
[1;32mDEBUG [0m]: Updating keymap fd for keyboard hl-virtual-keyboard-wtype
[1;32mDEBUG [0m]: Updated keymap fd to 106, keymap V1 to: 108
[1;32mDEBUG [0m]: [CLinuxDMABUFParamsResource] Creating a dmabuf, with id 174: size [Vector2D: x: 368, y: 1058], fmt AR24, planes 1
[1;32mDEBUG [0m]: [CLinuxDMABUFParamsResource]  | plane 0: mod 72057594037927952 fd 104 stride 1536 offset 0
[1;32mDEBUG [0m]: [CWLCompositorResource] New wl_region with id 136 at 55a79f151750
[1;32mDEBUG [0m]: [CLinuxDMABUFParamsResource] Creating a dmabuf, with id 132: size [Vector2D: x: 368, y: 1072], fmt AR24, planes 1
[1;32mDEBUG [0m]: [CLinuxDMABUFParamsResource]  | plane 0: mod 72057594037927952 fd 92 stride 1536 offset 0
[1;32mDEBUG [0m]: Keyboard at 55a79f694860 removed
[1;32mDEBUG [0m]: Destroyed keyboard 55a79f694860
[1;32mDEBUG [0m]: [CWLCompositorResource] New wl_region with id 174 at 55a79f632d00
[1;32mDEBUG [0m]: [CLinuxDMABUFParamsResource] Creating a dmabuf, with id 169: size [Vector2D: x: 368, y: 1072], fmt AR24, planes 1
[1;32mDEBUG [0m]: [CLinuxDMABUFParamsResource]  | plane 0: mod 72057594037927952 fd 91 stride 1536 offset 0
[1;32mDEBUG [0m]: [CLinuxDMABUFParamsResource] Creating a dmabuf, with id 136: size [Vector2D: x: 368, y: 672], fmt AR24, planes 1
[1;32mDEBUG [0m]: [CLinuxDMABUFParamsResource]  | plane 0: mod 72057594037927952 fd 96 stride 1536 offset 0
[1;32mDEBUG [0m]: [CLinuxDMABUFParamsResource] Creating a dmabuf, with id 160: size [Vector2D: x: 368, y: 672], fmt AR24, planes 1
[1;32mDEBUG [0m]: [CLinuxDMABUFParamsResource]  | plane 0: mod 72057594037927952 fd 91 stride 1536 offset 0
[1;32mDEBUG [0m]: [CWLCompositorResource] New wl_region with id 175 at 55a79f9c6d60
[1;32mDEBUG [0m]: [CLinuxDMABUFParamsResource] Creating a dmabuf, with id 85: size [Vector2D: x: 1140, y: 681], fmt AR24, planes 1
[1;32mDEBUG [0m]: [CLinuxDMABUFParamsResource]  | plane 0: mod 72057594037927952 fd 91 stride 4608 offset 0
[1;32mDEBUG [0m]: [CWLCompositorResource] New wl_region with id 160 at 55a79fb73f00
[1;32mDEBUG [0m]: [CLinuxDMABUFParamsResource] Creating a dmabuf, with id 132: size [Vector2D: x: 1140, y: 681], fmt AR24, planes 1
[1;32mDEBUG [0m]: [CLinuxDMABUFParamsResource]  | plane 0: mod 72057594037927952 fd 100 stride 4608 offset 0
[1;32mDEBUG [0m]: [CLinuxDMABUFParamsResource] Creating a dmabuf, with id 175: size [Vector2D: x: 368, y: 1072], fmt AR24, planes 1
[1;32mDEBUG [0m]: [CLinuxDMABUFParamsResource]  | plane 0: mod 72057594037927952 fd 92 stride 1536 offset 0
[1;32mDEBUG [0m]: [CWLCompositorResource] New wl_region with id 158 at 55a79e644c20
[1;32mDEBUG [0m]: [CLinuxDMABUFParamsResource] Creating a dmabuf, with id 174: size [Vector2D: x: 368, y: 1072], fmt AR24, planes 1
[1;32mDEBUG [0m]: [CLinuxDMABUFParamsResource]  | plane 0: mod 72057594037927952 fd 96 stride 1536 offset 0
[1;32mDEBUG [0m]: LayerSurface 55a79fb112e0 destroyed
[1;32mDEBUG [0m]: Forcing an unmap of a LS that did a straight destroy!
[1;32mDEBUG [0m]: LayerSurface 55a79fb112e0 unmapped
[1;32mDEBUG [0m]: renderer: making a snapshot of layer 55a79f67cf20
[1;32mDEBUG [0m]: Framebuffer "layer snapshot" created, status 36053
[1;32mDEBUG [0m]: renderer: cleared a snapshot of layer 55a79f67cf20
[1;32mDEBUG [0m]: renderer: rendered a snapshot of layer 55a79f67cf20
[1;32mDEBUG [0m]: renderer: made a snapshot of layer 55a79f67cf20
[1;32mDEBUG [0m]: CWLSurface 55a79fc83bc0 called destroy()
[1;32mDEBUG [0m]: Cleanup: removed 1 fadeouts
[1;32mDEBUG [0m]: [CWLCompositorResource] New wl_surface with id 173 at 55a79e614330
[1;32mDEBUG [0m]: [CWLCompositorResource] New wl_surface with id 166 at 55a79e614330
[1;32mDEBUG [0m]: [CPrimarySelectionProtocol] CPrimarySelectionProtocol::updateSelection: cannot send selection to a client without a data_device
[1;32mDEBUG [0m]: CWLSurface 55a79f3a1010 called init()
[1;32mDEBUG [0m]: LayerSurface 55a79fb112e0 (namespace putkin-panel layer 3) created on monitor HEADLESS-1
[1;32mDEBUG [0m]: [CLayerShellProtocol] New wlr_layer_surface 55a79fb112e0
[1;32mDEBUG [0m]: cursorImage request: shape 1 -> default
[1;32mDEBUG [0m]: [CWLCompositorResource] New wl_region with id 173 at 55a79e61d120
[1;32mDEBUG [0m]: [CWLCompositorResource] New wl_region with id 150 at 55a79e61d120
[1;32mDEBUG [0m]: [CLinuxDMABUFParamsResource] Creating a dmabuf, with id 158: size [Vector2D: x: 368, y: 64], fmt AR24, planes 1
[1;32mDEBUG [0m]: [CLinuxDMABUFParamsResource]  | plane 0: mod 72057594037927952 fd 91 stride 1536 offset 0
[1;32mDEBUG [0m]: LayerSurface 55a79fb112e0 mapped
[1;32mDEBUG [0m]: [CLinuxDMABUFParamsResource] Creating a dmabuf, with id 85: size [Vector2D: x: 368, y: 64], fmt AR24, planes 1
[1;32mDEBUG [0m]: [CLinuxDMABUFParamsResource]  | plane 0: mod 72057594037927952 fd 95 stride 1536 offset 0
[1;32mDEBUG [0m]: [CLinuxDMABUFParamsResource] Creating a dmabuf, with id 136: size [Vector2D: x: 368, y: 1058], fmt AR24, planes 1
[1;32mDEBUG [0m]: [CLinuxDMABUFParamsResource]  | plane 0: mod 72057594037927952 fd 100 stride 1536 offset 0
[1;32mDEBUG [0m]: [CWLSeatProtocol] New seat resource bound at 55a79f4c70f0
[1;32mDEBUG [0m]: [CVirtualKeyboardProtocol] New VKeyboard at id 5
[1;32mDEBUG [0m]: ApplyConfigToKeyboard for "hl-virtual-keyboard-wtype", hasconfig: 0
[1;32mDEBUG [0m]: Attempting to create a keymap for layout us with variant  (rules: , model: , options: )
[1;32mDEBUG [0m]: Updating keyboard 55a79f694860's translation state from a provided keymap
[1;32mDEBUG [0m]: xkb: LED index 0 (name Num Lock) got index 1
[1;32mDEBUG [0m]: xkb: LED index 1 (name Caps Lock) got index 0
[1;32mDEBUG [0m]: xkb: LED index 2 (name Scroll Lock) got index 2
[1;32mDEBUG [0m]: xkb: Mod index 0 (name Shift) got index 0
[1;32mDEBUG [0m]: xkb: Mod index 1 (name Lock) got index 1
[1;32mDEBUG [0m]: xkb: Mod index 2 (name Control) got index 2
[1;32mDEBUG [0m]: xkb: Mod index 3 (name Mod1) got index 3
[1;32mDEBUG [0m]: xkb: Mod index 4 (name Mod2) got index 4
[1;32mDEBUG [0m]: xkb: Mod index 5 (name Mod3) got index 5
[1;32mDEBUG [0m]: xkb: Mod index 6 (name Mod4) got index 6
[1;32mDEBUG [0m]: xkb: Mod index 7 (name Mod5) got index 7
[1;32mDEBUG [0m]: Updating keymap fd for keyboard hl-virtual-keyboard-wtype
[1;32mDEBUG [0m]: Updated keymap fd to 106, keymap V1 to: 108
[1;32mDEBUG [0m]: Set the keyboard layout to us and variant to  for keyboard "hl-virtual-keyboard-wtype"
[1;32mDEBUG [0m]: New virtual keyboard created at 55a79f694860
[1;32mDEBUG [0m]: Updating keyboard 55a79f694860's translation state from a provided keymap
[1;32mDEBUG [0m]: Updating keymap fd for keyboard hl-virtual-keyboard-wtype
[1;32mDEBUG [0m]: Updated keymap fd to 106, keymap V1 to: 108
[1;32mDEBUG [0m]: [CLinuxDMABUFParamsResource] Creating a dmabuf, with id 150: size [Vector2D: x: 368, y: 1058], fmt AR24, planes 1
[1;32mDEBUG [0m]: [CLinuxDMABUFParamsResource]  | plane 0: mod 72057594037927952 fd 104 stride 1536 offset 0
[1;32mDEBUG [0m]: [CWLCompositorResource] New wl_region with id 160 at 55a79f65e2a0
[1;32mDEBUG [0m]: [CLinuxDMABUFParamsResource] Creating a dmabuf, with id 173: size [Vector2D: x: 368, y: 1072], fmt AR24, planes 1
[1;32mDEBUG [0m]: [CLinuxDMABUFParamsResource]  | plane 0: mod 72057594037927952 fd 96 stride 1536 offset 0
[1;32mDEBUG [0m]: Keyboard at 55a79f694860 removed
[1;32mDEBUG [0m]: Destroyed keyboard 55a79f694860
[1;32mDEBUG [0m]: Socket2 accepted a new client at FD 92
[1;32mDEBUG [0m]: [CLinuxDMABUFParamsResource] Creating a dmabuf, with id 85: size [Vector2D: x: 1920, y: 1080], fmt AR24, planes 1
[1;32mDEBUG [0m]: [CLinuxDMABUFParamsResource]  | plane 0: mod 72057594037927952 fd 102 stride 7680 offset 0
[1;32mDEBUG [0m]: [CLinuxDMABUFParamsResource] Creating a dmabuf, with id 177: size [Vector2D: x: 1920, y: 1080], fmt AR24, planes 1
[1;32mDEBUG [0m]: [CLinuxDMABUFParamsResource]  | plane 0: mod 72057594037927952 fd 106 stride 7680 offset 0
[1;32mDEBUG [0m]: [CLinuxDMABUFParamsResource] Creating a dmabuf, with id 179: size [Vector2D: x: 1920, y: 1080], fmt AR24, planes 1
[1;32mDEBUG [0m]: [CLinuxDMABUFParamsResource]  | plane 0: mod 72057594037927952 fd 54 stride 7680 offset 0
[1;32mDEBUG [0m]: Socket2 fd 41 hung up
[1;32mDEBUG [0m]: LayerSurface 55a79fb112e0 destroyed
[1;32mDEBUG [0m]: Forcing an unmap of a LS that did a straight destroy!
[1;32mDEBUG [0m]: LayerSurface 55a79fb112e0 unmapped
[1;32mDEBUG [0m]: renderer: making a snapshot of layer 55a79f61e950
[1;32mDEBUG [0m]: Framebuffer "layer snapshot" created, status 36053
[1;32mDEBUG [0m]: renderer: cleared a snapshot of layer 55a79f61e950
[1;32mDEBUG [0m]: renderer: rendered a snapshot of layer 55a79f61e950
[1;32mDEBUG [0m]: renderer: made a snapshot of layer 55a79f61e950
[1;32mDEBUG [0m]: CWLSurface 55a79f3a1010 called destroy()
[1;32mDEBUG [0m]: Cleanup: removed 1 fadeouts
[1;32mDEBUG [0m]: [CWLCompositorResource] New wl_surface with id 75 at 55a79e614330
[1;32mDEBUG [0m]: [CWLCompositorResource] New wl_surface with id 175 at 55a79e614330
[1;32mDEBUG [0m]: [CPrimarySelectionProtocol] CPrimarySelectionProtocol::updateSelection: cannot send selection to a client without a data_device
[1;32mDEBUG [0m]: CWLSurface 55a79fd490d0 called init()
[1;32mDEBUG [0m]: LayerSurface 55a79fb112e0 (namespace putkin-panel layer 3) created on monitor HEADLESS-1
[1;32mDEBUG [0m]: [CLayerShellProtocol] New wlr_layer_surface 55a79fb112e0
[1;32mDEBUG [0m]: cursorImage request: shape 1 -> default
[1;32mDEBUG [0m]: [CWLCompositorResource] New wl_region with id 75 at 55a79f662770
[1;32mDEBUG [0m]: [CWLCompositorResource] New wl_region with id 132 at 55a79f662770
[1;32mDEBUG [0m]: [CLinuxDMABUFParamsResource] Creating a dmabuf, with id 158: size [Vector2D: x: 368, y: 64], fmt AR24, planes 1
[1;32mDEBUG [0m]: [CLinuxDMABUFParamsResource]  | plane 0: mod 72057594037927952 fd 41 stride 1536 offset 0
[1;32mDEBUG [0m]: LayerSurface 55a79fb112e0 mapped
[1;32mDEBUG [0m]: [CLinuxDMABUFParamsResource] Creating a dmabuf, with id 176: size [Vector2D: x: 368, y: 64], fmt AR24, planes 1
[1;32mDEBUG [0m]: [CLinuxDMABUFParamsResource]  | plane 0: mod 72057594037927952 fd 51 stride 1536 offset 0
[1;32mDEBUG [0m]: [CLinuxDMABUFParamsResource] Creating a dmabuf, with id 98: size [Vector2D: x: 368, y: 672], fmt AR24, planes 1
[1;32mDEBUG [0m]: [CLinuxDMABUFParamsResource]  | plane 0: mod 72057594037927952 fd 96 stride 1536 offset 0
[1;32mDEBUG [0m]: [CLinuxDMABUFParamsResource] Creating a dmabuf, with id 132: size [Vector2D: x: 368, y: 672], fmt AR24, planes 1
[1;32mDEBUG [0m]: [CLinuxDMABUFParamsResource]  | plane 0: mod 72057594037927952 fd 98 stride 1536 offset 0
[1;32mDEBUG [0m]: Socket2 accepted a new client at FD 91
[1;32mDEBUG [0m]: [CLinuxDMABUFParamsResource] Creating a dmabuf, with id 176: size [Vector2D: x: 1920, y: 1080], fmt AR24, planes 1
[1;32mDEBUG [0m]: [CLinuxDMABUFParamsResource]  | plane 0: mod 72057594037927952 fd 108 stride 7680 offset 0
[1;32mDEBUG [0m]: [CLinuxDMABUFParamsResource] Creating a dmabuf, with id 180: size [Vector2D: x: 1920, y: 1080], fmt AR24, planes 1
[1;32mDEBUG [0m]: [CLinuxDMABUFParamsResource]  | plane 0: mod 72057594037927952 fd 60 stride 7680 offset 0
[1;32mDEBUG [0m]: Socket2 fd 92 hung up
[1;32mDEBUG [0m]: LayerSurface 55a79fb112e0 destroyed
[1;32mDEBUG [0m]: Forcing an unmap of a LS that did a straight destroy!
[1;32mDEBUG [0m]: LayerSurface 55a79fb112e0 unmapped
[1;32mDEBUG [0m]: renderer: making a snapshot of layer 55a79f67cf20
[1;32mDEBUG [0m]: Framebuffer "layer snapshot" created, status 36053
[1;32mDEBUG [0m]: renderer: cleared a snapshot of layer 55a79f67cf20
[1;32mDEBUG [0m]: renderer: rendered a snapshot of layer 55a79f67cf20
[1;32mDEBUG [0m]: renderer: made a snapshot of layer 55a79f67cf20
[1;32mDEBUG [0m]: CWLSurface 55a79fd490d0 called destroy()
[1;32mDEBUG [0m]: Cleanup: removed 1 fadeouts
[1;32mDEBUG [0m]: [CWLCompositorResource] New wl_surface with id 133 at 55a79e614330
[1;32mDEBUG [0m]: [CWLCompositorResource] New wl_surface with id 172 at 55a79e614330
[1;32mDEBUG [0m]: [CPrimarySelectionProtocol] CPrimarySelectionProtocol::updateSelection: cannot send selection to a client without a data_device
[1;32mDEBUG [0m]: CWLSurface 55a79fdb50a0 called init()
[1;32mDEBUG [0m]: LayerSurface 55a79fb112e0 (namespace putkin-panel layer 3) created on monitor HEADLESS-1
[1;32mDEBUG [0m]: [CLayerShellProtocol] New wlr_layer_surface 55a79fb112e0
[1;32mDEBUG [0m]: cursorImage request: shape 1 -> default
[1;32mDEBUG [0m]: [CWLCompositorResource] New wl_region with id 133 at 55a79f9c6d60
[1;32mDEBUG [0m]: [CWLCompositorResource] New wl_region with id 136 at 55a79f9c6d60
[1;32mDEBUG [0m]: [CLinuxDMABUFParamsResource] Creating a dmabuf, with id 150: size [Vector2D: x: 368, y: 64], fmt AR24, planes 1
[1;32mDEBUG [0m]: [CLinuxDMABUFParamsResource]  | plane 0: mod 72057594037927952 fd 41 stride 1536 offset 0
[1;32mDEBUG [0m]: LayerSurface 55a79fb112e0 mapped
[1;32mDEBUG [0m]: [CLinuxDMABUFParamsResource] Creating a dmabuf, with id 161: size [Vector2D: x: 368, y: 64], fmt AR24, planes 1
[1;32mDEBUG [0m]: [CLinuxDMABUFParamsResource]  | plane 0: mod 72057594037927952 fd 53 stride 1536 offset 0
[1;32mDEBUG [0m]: [CLinuxDMABUFParamsResource] Creating a dmabuf, with id 55: size [Vector2D: x: 368, y: 1040], fmt AR24, planes 1
[1;32mDEBUG [0m]: [CLinuxDMABUFParamsResource]  | plane 0: mod 72057594037927952 fd 98 stride 1536 offset 0
[1;32mDEBUG [0m]: [CWLSeatProtocol] New seat resource bound at 55a79f4d9000
[1;32mDEBUG [0m]: [CVirtualKeyboardProtocol] New VKeyboard at id 5
[1;32mDEBUG [0m]: ApplyConfigToKeyboard for "hl-virtual-keyboard-wtype", hasconfig: 0
[1;32mDEBUG [0m]: Attempting to create a keymap for layout us with variant  (rules: , model: , options: )
[1;32mDEBUG [0m]: Updating keyboard 55a79f694860's translation state from a provided keymap
[1;32mDEBUG [0m]: xkb: LED index 0 (name Num Lock) got index 1
[1;32mDEBUG [0m]: xkb: LED index 1 (name Caps Lock) got index 0
[1;32mDEBUG [0m]: xkb: LED index 2 (name Scroll Lock) got index 2
[1;32mDEBUG [0m]: xkb: Mod index 0 (name Shift) got index 0
[1;32mDEBUG [0m]: xkb: Mod index 1 (name Lock) got index 1
[1;32mDEBUG [0m]: xkb: Mod index 2 (name Control) got index 2
[1;32mDEBUG [0m]: xkb: Mod index 3 (name Mod1) got index 3
[1;32mDEBUG [0m]: xkb: Mod index 4 (name Mod2) got index 4
[1;32mDEBUG [0m]: xkb: Mod index 5 (name Mod3) got index 5
[1;32mDEBUG [0m]: xkb: Mod index 6 (name Mod4) got index 6
[1;32mDEBUG [0m]: xkb: Mod index 7 (name Mod5) got index 7
[1;32mDEBUG [0m]: Updating keymap fd for keyboard hl-virtual-keyboard-wtype
[1;32mDEBUG [0m]: Updated keymap fd to 110, keymap V1 to: 112
[1;32mDEBUG [0m]: Set the keyboard layout to us and variant to  for keyboard "hl-virtual-keyboard-wtype"
[1;32mDEBUG [0m]: New virtual keyboard created at 55a79f694860
[1;32mDEBUG [0m]: Updating keyboard 55a79f694860's translation state from a provided keymap
[1;32mDEBUG [0m]: Updating keymap fd for keyboard hl-virtual-keyboard-wtype
[1;32mDEBUG [0m]: Updated keymap fd to 110, keymap V1 to: 112
[1;32mDEBUG [0m]: [CLinuxDMABUFParamsResource] Creating a dmabuf, with id 136: size [Vector2D: x: 368, y: 1040], fmt AR24, planes 1
[1;32mDEBUG [0m]: [CLinuxDMABUFParamsResource]  | plane 0: mod 72057594037927952 fd 107 stride 1536 offset 0
[1;32mDEBUG [0m]: [CWLCompositorResource] New wl_region with id 178 at 55a79f711340
[1;32mDEBUG [0m]: [CLinuxDMABUFParamsResource] Creating a dmabuf, with id 133: size [Vector2D: x: 368, y: 1072], fmt AR24, planes 1
[1;32mDEBUG [0m]: [CLinuxDMABUFParamsResource]  | plane 0: mod 72057594037927952 fd 92 stride 1536 offset 0
[1;32mDEBUG [0m]: Keyboard at 55a79f694860 removed
[1;32mDEBUG [0m]: Destroyed keyboard 55a79f694860
[1;32mDEBUG [0m]: Socket2 accepted a new client at FD 53
[1;32mDEBUG [0m]: [CWLCompositorResource] New wl_surface with id 136 at 55a79f67a0a0
[1;32mDEBUG [0m]: [CWLCompositorResource] New wl_surface with id 158 at 55a79f67a0a0
[1;32mDEBUG [0m]: CWLSurface 55a79f3546c0 called init()
[1;32mDEBUG [0m]: LayerSurface 55a79f8cc1a0 (namespace putkin-wallpaper layer 0) created on monitor WAYLAND-1
[1;32mDEBUG [0m]: [CLayerShellProtocol] New wlr_layer_surface 55a79f8cc1a0
[1;32mDEBUG [0m]: [CWLCompositorResource] New wl_surface with id 184 at 55a79fd18050
[1;32mDEBUG [0m]: [CWLCompositorResource] New wl_surface with id 187 at 55a79fd18050
[1;32mDEBUG [0m]: CWLSurface 55a79fd6b260 called init()
[1;32mDEBUG [0m]: LayerSurface 55a79fd08350 (namespace putkin-wallpaper layer 0) created on monitor HEADLESS-1
[1;32mDEBUG [0m]: [CLayerShellProtocol] New wlr_layer_surface 55a79fd08350
[1;32mDEBUG [0m]: [CWLCompositorResource] New wl_surface with id 191 at 55a79f9e7fe0
[1;32mDEBUG [0m]: [CWLCompositorResource] New wl_surface with id 194 at 55a79f9e7fe0
[1;32mDEBUG [0m]: CWLSurface 55a79f64d740 called init()
[1;32mDEBUG [0m]: LayerSurface 55a79f663740 (namespace putkin-wallpaper layer 0) created on monitor HEADLESS-6
[1;32mDEBUG [0m]: [CLayerShellProtocol] New wlr_layer_surface 55a79f663740
[1;32mDEBUG [0m]: [CWLCompositorResource] New wl_surface with id 198 at 55a79fc67fd0
[1;32mDEBUG [0m]: [CWLCompositorResource] New wl_surface with id 201 at 55a79fc67fd0
[1;32mDEBUG [0m]: CWLSurface 55a79f618030 called init()
[1;32mDEBUG [0m]: LayerSurface 55a79fff0140 (namespace putkin-bar layer 2) created on monitor WAYLAND-1
[1;32mDEBUG [0m]: [CLayerShellProtocol] New wlr_layer_surface 55a79fff0140
[1;32mDEBUG [0m]: [CWLCompositorResource] New wl_surface with id 205 at 55a79fe87af0
[1;32mDEBUG [0m]: [CWLCompositorResource] New wl_surface with id 208 at 55a79e637ff0
[1;32mDEBUG [0m]: CWLSurface 55a79f8cfd20 called init()
[1;32mDEBUG [0m]: LayerSurface 55a79f7ee120 (namespace putkin-bar layer 2) created on monitor HEADLESS-1
[1;32mDEBUG [0m]: [CLayerShellProtocol] New wlr_layer_surface 55a79f7ee120
[1;32mDEBUG [0m]: [CWLCompositorResource] New wl_surface with id 212 at 55a79f710720
[1;32mDEBUG [0m]: [CWLCompositorResource] New wl_surface with id 215 at 55a79fe87af0
[1;32mDEBUG [0m]: CWLSurface 55a79e761a00 called init()
[1;32mDEBUG [0m]: LayerSurface 55a79fd8c2e0 (namespace putkin-bar layer 2) created on monitor HEADLESS-6
[1;32mDEBUG [0m]: [CLayerShellProtocol] New wlr_layer_surface 55a79fd8c2e0
[1;32mDEBUG [0m]: Socket2 fd 91 hung up
[1;32mDEBUG [0m]: [CWLCompositorResource] New wl_region with id 214 at 55a79f716160
[1;32mDEBUG [0m]: [CWLCompositorResource] New wl_region with id 207 at 55a79f6358d0
[1;32mDEBUG [0m]: [CLinuxDMABUFParamsResource] Creating a dmabuf, with id 205: size [Vector2D: x: 1920, y: 1080], fmt AR24, planes 1
[1;32mDEBUG [0m]: [CLinuxDMABUFParamsResource]  | plane 0: mod 72057594037927952 fd 51 stride 7680 offset 0
[1;32mDEBUG [0m]: LayerSurface 55a79f8cc1a0 mapped
[1;32mDEBUG [0m]: [CWLCompositorResource] New wl_region with id 198 at 55a79f632f90
[1;32mDEBUG [0m]: [CWLCompositorResource] New wl_region with id 214 at 55a79fc423b0
[1;32mDEBUG [0m]: [CLinuxDMABUFParamsResource] Creating a dmabuf, with id 207: size [Vector2D: x: 1920, y: 1080], fmt AR24, planes 1
[1;32mDEBUG [0m]: [CLinuxDMABUFParamsResource]  | plane 0: mod 72057594037927952 fd 100 stride 7680 offset 0
[1;32mDEBUG [0m]: LayerSurface 55a79fd08350 mapped
[1;32mDEBUG [0m]: [CWLCompositorResource] New wl_region with id 198 at 55a79f632e20
[1;32mDEBUG [0m]: [CWLCompositorResource] New wl_region with id 132 at 55a79f632e20
[1;32mDEBUG [0m]: [CLinuxDMABUFParamsResource] Creating a dmabuf, with id 191: size [Vector2D: x: 1920, y: 1080], fmt AR24, planes 1
[1;32mDEBUG [0m]: [CLinuxDMABUFParamsResource]  | plane 0: mod 72057594037927952 fd 91 stride 7680 offset 0
[1;32mDEBUG [0m]: LayerSurface 55a79f663740 mapped
[1;32mDEBUG [0m]: [CWLCompositorResource] New wl_region with id 184 at 55a79f632e20
[1;32mDEBUG [0m]: [CLinuxDMABUFParamsResource] Creating a dmabuf, with id 214: size [Vector2D: x: 1920, y: 32], fmt AR24, planes 1
[1;32mDEBUG [0m]: [CLinuxDMABUFParamsResource]  | plane 0: mod 72057594037927952 fd 104 stride 7680 offset 0
[1;32mDEBUG [0m]: LayerSurface 55a79fff0140 mapped
[1;32mDEBUG [0m]: [CWLCompositorResource] New wl_region with id 161 at 55a79f6358d0
[1;32mDEBUG [0m]: [CLinuxDMABUFParamsResource] Creating a dmabuf, with id 184: size [Vector2D: x: 1920, y: 32], fmt AR24, planes 1
[1;32mDEBUG [0m]: [CLinuxDMABUFParamsResource]  | plane 0: mod 72057594037927952 fd 112 stride 7680 offset 0
[1;32mDEBUG [0m]: LayerSurface 55a79f7ee120 mapped
[1;32mDEBUG [0m]: [CWLCompositorResource] New wl_region with id 198 at 55a79f17f2e0
[1;32mDEBUG [0m]: [CLinuxDMABUFParamsResource] Creating a dmabuf, with id 219: size [Vector2D: x: 1920, y: 48], fmt AR24, planes 1
[1;32mDEBUG [0m]: [CLinuxDMABUFParamsResource]  | plane 0: mod 72057594037927952 fd 111 stride 7680 offset 0
[1;32mDEBUG [0m]: LayerSurface 55a79fd8c2e0 mapped
[1;32mDEBUG [0m]: LayerSurface 55a79f4ca370 destroyed
[1;32mDEBUG [0m]: Forcing an unmap of a LS that did a straight destroy!
[1;32mDEBUG [0m]: LayerSurface 55a79f4ca370 unmapped
[1;32mDEBUG [0m]: renderer: making a snapshot of layer 55a79f4dc2f0
[1;32mDEBUG [0m]: Framebuffer "layer snapshot" created, status 36053
[1;32mDEBUG [0m]: renderer: cleared a snapshot of layer 55a79f4dc2f0
[1;32mDEBUG [0m]: renderer: rendered a snapshot of layer 55a79f4dc2f0
[1;32mDEBUG [0m]: renderer: made a snapshot of layer 55a79f4dc2f0
[1;32mDEBUG [0m]: CWLSurface 55a79f626af0 called destroy()
[1;32mDEBUG [0m]: LayerSurface 55a79f4dbd70 destroyed
[1;32mDEBUG [0m]: Forcing an unmap of a LS that did a straight destroy!
[1;32mDEBUG [0m]: LayerSurface 55a79f4dbd70 unmapped
[1;32mDEBUG [0m]: renderer: making a snapshot of layer 55a79e6529c0
[1;32mDEBUG [0m]: Framebuffer "layer snapshot" created, status 36053
[1;32mDEBUG [0m]: renderer: cleared a snapshot of layer 55a79e6529c0
[1;32mDEBUG [0m]: renderer: rendered a snapshot of layer 55a79e6529c0
[1;32mDEBUG [0m]: renderer: made a snapshot of layer 55a79e6529c0
[1;32mDEBUG [0m]: CWLSurface 55a79f6277e0 called destroy()
[1;32mDEBUG [0m]: LayerSurface 55a79f6165b0 destroyed
[1;32mDEBUG [0m]: Forcing an unmap of a LS that did a straight destroy!
[1;32mDEBUG [0m]: LayerSurface 55a79f6165b0 unmapped
[1;32mDEBUG [0m]: renderer: making a snapshot of layer 55a79e617850
[1;32mDEBUG [0m]: Framebuffer "layer snapshot" created, status 36053
[1;32mDEBUG [0m]: renderer: cleared a snapshot of layer 55a79e617850
[1;32mDEBUG [0m]: renderer: rendered a snapshot of layer 55a79e617850
[1;32mDEBUG [0m]: renderer: made a snapshot of layer 55a79e617850
[1;32mDEBUG [0m]: CWLSurface 55a79fce8ae0 called destroy()
[1;32mDEBUG [0m]: LayerSurface 55a79fb112e0 destroyed
[1;32mDEBUG [0m]: Forcing an unmap of a LS that did a straight destroy!
[1;32mDEBUG [0m]: LayerSurface 55a79fb112e0 unmapped
[1;32mDEBUG [0m]: renderer: making a snapshot of layer 55a79f61e950
[1;32mDEBUG [0m]: Framebuffer "layer snapshot" created, status 36053
[1;32mDEBUG [0m]: renderer: cleared a snapshot of layer 55a79f61e950
[1;32mDEBUG [0m]: renderer: rendered a snapshot of layer 55a79f61e950
[1;32mDEBUG [0m]: renderer: made a snapshot of layer 55a79f61e950
[1;32mDEBUG [0m]: CWLSurface 55a79fdb50a0 called destroy()
[1;32mDEBUG [0m]: LayerSurface 55a79e653ae0 destroyed
[1;32mDEBUG [0m]: Forcing an unmap of a LS that did a straight destroy!
[1;32mDEBUG [0m]: LayerSurface 55a79e653ae0 unmapped
[1;32mDEBUG [0m]: renderer: making a snapshot of layer 55a79e653f40
[1;32mDEBUG [0m]: Framebuffer "layer snapshot" created, status 36053
[1;32mDEBUG [0m]: renderer: cleared a snapshot of layer 55a79e653f40
[1;32mDEBUG [0m]: renderer: rendered a snapshot of layer 55a79e653f40
[1;32mDEBUG [0m]: renderer: made a snapshot of layer 55a79e653f40
[1;32mDEBUG [0m]: CWLSurface 55a79e6546c0 called destroy()
[1;32mDEBUG [0m]: LayerSurface 55a79f647680 destroyed
[1;32mDEBUG [0m]: Forcing an unmap of a LS that did a straight destroy!
[1;32mDEBUG [0m]: LayerSurface 55a79f647680 unmapped
[1;32mDEBUG [0m]: renderer: making a snapshot of layer 55a79f647b30
[1;32mDEBUG [0m]: Framebuffer "layer snapshot" created, status 36053
[1;32mDEBUG [0m]: renderer: cleared a snapshot of layer 55a79f647b30
[1;32mDEBUG [0m]: renderer: rendered a snapshot of layer 55a79f647b30
[1;32mDEBUG [0m]: renderer: made a snapshot of layer 55a79f647b30
[1;32mDEBUG [0m]: CWLSurface 55a79e654540 called destroy()
[1;32mDEBUG [0m]: LayerSurface 55a79fc69ac0 destroyed
[1;32mDEBUG [0m]: Forcing an unmap of a LS that did a straight destroy!
[1;32mDEBUG [0m]: LayerSurface 55a79fc69ac0 unmapped
[1;32mDEBUG [0m]: renderer: making a snapshot of layer 55a79f9c7330
[1;32mDEBUG [0m]: Framebuffer "layer snapshot" created, status 36053
[1;32mDEBUG [0m]: renderer: cleared a snapshot of layer 55a79f9c7330
[1;32mDEBUG [0m]: renderer: rendered a snapshot of layer 55a79f9c7330
[1;32mDEBUG [0m]: renderer: made a snapshot of layer 55a79f9c7330
[1;32mDEBUG [0m]: CWLSurface 55a79e75f950 called destroy()
[1;32mDEBUG [0m]: [CLinuxDMABUFParamsResource] Creating a dmabuf, with id 181: size [Vector2D: x: 1920, y: 32], fmt AR24, planes 1
[1;32mDEBUG [0m]: [CLinuxDMABUFParamsResource]  | plane 0: mod 72057594037927952 fd 115 stride 7680 offset 0
[1;32mDEBUG [0m]: Cleanup: removed 2 fadeouts
[1;32mDEBUG [0m]: Cleanup: removed 3 fadeouts
[1;32mDEBUG [0m]: Cleanup: removed 2 fadeouts
[1;32mDEBUG [0m]: [CLinuxDMABUFParamsResource] Creating a dmabuf, with id 173: size [Vector2D: x: 1920, y: 32], fmt AR24, planes 1
[1;32mDEBUG [0m]: [CLinuxDMABUFParamsResource]  | plane 0: mod 72057594037927952 fd 41 stride 7680 offset 0
[1;32mDEBUG [0m]: [CLinuxDMABUFParamsResource] Creating a dmabuf, with id 94: size [Vector2D: x: 1920, y: 48], fmt AR24, planes 1
[1;32mDEBUG [0m]: [CLinuxDMABUFParamsResource]  | plane 0: mod 72057594037927952 fd 62 stride 7680 offset 0
[1;32mDEBUG [0m]: [CLinuxDMABUFParamsResource] Creating a dmabuf, with id 169: size [Vector2D: x: 1920, y: 32], fmt AR24, planes 1
[1;32mDEBUG [0m]: [CLinuxDMABUFParamsResource]  | plane 0: mod 72057594037927952 fd 55 stride 7680 offset 0
[1;32mDEBUG [0m]: [CLinuxDMABUFParamsResource] Creating a dmabuf, with id 143: size [Vector2D: x: 1920, y: 32], fmt AR24, planes 1
[1;32mDEBUG [0m]: [CLinuxDMABUFParamsResource]  | plane 0: mod 72057594037927952 fd 48 stride 7680 offset 0
[1;32mDEBUG [0m]: [CWLCompositorResource] New wl_surface with id 141 at 55a79e651ef0
[1;32mDEBUG [0m]: [CWLCompositorResource] New wl_surface with id 180 at 55a79e651ef0
[1;32mDEBUG [0m]: [CPrimarySelectionProtocol] CPrimarySelectionProtocol::updateSelection: cannot send selection to a client without a data_device
[1;32mDEBUG [0m]: CWLSurface 55a79fc341d0 called init()
[1;32mDEBUG [0m]: LayerSurface 55a79e652b60 (namespace putkin-panel layer 3) created on monitor HEADLESS-1
[1;32mDEBUG [0m]: [CLayerShellProtocol] New wlr_layer_surface 55a79e652b60
[1;32mDEBUG [0m]: cursorImage request: shape 1 -> default
[1;32mDEBUG [0m]: [CWLCompositorResource] New wl_region with id 141 at 55a79e71cd30
[1;32mDEBUG [0m]: [CWLCompositorResource] New wl_region with id 178 at 55a79e71cd30
[1;32mDEBUG [0m]: [CLinuxDMABUFParamsResource] Creating a dmabuf, with id 83: size [Vector2D: x: 368, y: 64], fmt AR24, planes 1
[1;32mDEBUG [0m]: [CLinuxDMABUFParamsResource]  | plane 0: mod 72057594037927952 fd 58 stride 1536 offset 0
[1;32mDEBUG [0m]: LayerSurface 55a79e652b60 mapped
[1;32mDEBUG [0m]: [CLinuxDMABUFParamsResource] Creating a dmabuf, with id 145: size [Vector2D: x: 368, y: 64], fmt AR24, planes 1
[1;32mDEBUG [0m]: [CLinuxDMABUFParamsResource]  | plane 0: mod 72057594037927952 fd 61 stride 1536 offset 0
[1;32mDEBUG [0m]: [CLinuxDMABUFParamsResource] Creating a dmabuf, with id 113: size [Vector2D: x: 368, y: 672], fmt AR24, planes 1
[1;32mDEBUG [0m]: [CLinuxDMABUFParamsResource]  | plane 0: mod 72057594037927952 fd 73 stride 1536 offset 0
[1;32mDEBUG [0m]: [CLinuxDMABUFParamsResource] Creating a dmabuf, with id 178: size [Vector2D: x: 368, y: 672], fmt AR24, planes 1
[1;32mDEBUG [0m]: [CLinuxDMABUFParamsResource]  | plane 0: mod 72057594037927952 fd 70 stride 1536 offset 0
[1;32mDEBUG [0m]: [CLinuxDMABUFParamsResource] Creating a dmabuf, with id 70: size [Vector2D: x: 1920, y: 48], fmt AR24, planes 1
[1;32mDEBUG [0m]: [CLinuxDMABUFParamsResource]  | plane 0: mod 72057594037927952 fd 71 stride 7680 offset 0
[1;32mDEBUG [0m]: Socket2 accepted a new client at FD 60
[1;32mDEBUG [0m]: [CWLCompositorResource] New wl_surface with id 141 at 55a79f646d20
[1;32mDEBUG [0m]: [CWLCompositorResource] New wl_surface with id 219 at 55a79f646d20
[1;32mDEBUG [0m]: CWLSurface 55a79f6f1bc0 called init()
[1;32mDEBUG [0m]: LayerSurface 55a79fc69ac0 (namespace putkin-wallpaper layer 0) created on monitor WAYLAND-1
[1;32mDEBUG [0m]: [CLayerShellProtocol] New wlr_layer_surface 55a79fc69ac0
[1;32mDEBUG [0m]: [CWLCompositorResource] New wl_surface with id 121 at 55a79e614330
[1;32mDEBUG [0m]: [CWLCompositorResource] New wl_surface with id 64 at 55a79e614330
[1;32mDEBUG [0m]: CWLSurface 55a79fff9b30 called init()
[1;32mDEBUG [0m]: LayerSurface 55a79f647680 (namespace putkin-wallpaper layer 0) created on monitor HEADLESS-1
[1;32mDEBUG [0m]: [CLayerShellProtocol] New wlr_layer_surface 55a79f647680
[1;32mDEBUG [0m]: [CWLCompositorResource] New wl_surface with id 66 at 55a79f627160
[1;32mDEBUG [0m]: [CWLCompositorResource] New wl_surface with id 148 at 55a79f627160
[1;32mDEBUG [0m]: CWLSurface 55a79e6546c0 called init()
[1;32mDEBUG [0m]: LayerSurface 55a79e653ae0 (namespace putkin-wallpaper layer 0) created on monitor HEADLESS-6
[1;32mDEBUG [0m]: [CLayerShellProtocol] New wlr_layer_surface 55a79e653ae0
[1;32mDEBUG [0m]: [CWLCompositorResource] New wl_surface with id 118 at 55a7a00211b0
[1;32mDEBUG [0m]: [CWLCompositorResource] New wl_surface with id 146 at 55a7a00211b0
[1;32mDEBUG [0m]: CWLSurface 55a79fce8ae0 called init()
[1;32mDEBUG [0m]: LayerSurface 55a79fb112e0 (namespace putkin-bar layer 2) created on monitor WAYLAND-1
[1;32mDEBUG [0m]: [CLayerShellProtocol] New wlr_layer_surface 55a79fb112e0
[1;32mDEBUG [0m]: [CWLCompositorResource] New wl_surface with id 57 at 55a79f75d2d0
[1;32mDEBUG [0m]: [CWLCompositorResource] New wl_surface with id 177 at 55a79f75d2d0
[1;32mDEBUG [0m]: CWLSurface 55a79f626af0 called init()
[1;32mDEBUG [0m]: LayerSurface 55a79f6165b0 (namespace putkin-bar layer 2) created on monitor HEADLESS-1
[1;32mDEBUG [0m]: [CLayerShellProtocol] New wlr_layer_surface 55a79f6165b0
[1;32mDEBUG [0m]: [CWLCompositorResource] New wl_surface with id 51 at 55a79f151d00
[1;32mDEBUG [0m]: [CWLCompositorResource] New wl_surface with id 52 at 55a79f151d00
[1;32mDEBUG [0m]: CWLSurface 55a79f9c74d0 called init()
[1;32mDEBUG [0m]: LayerSurface 55a79f4dbd70 (namespace putkin-bar layer 2) created on monitor HEADLESS-6
[1;32mDEBUG [0m]: [CLayerShellProtocol] New wlr_layer_surface 55a79f4dbd70
[1;32mDEBUG [0m]: Socket2 fd 53 hung up
[1;32mDEBUG [0m]: [CWLCompositorResource] New wl_region with id 85 at 55a79fc63450
[1;32mDEBUG [0m]: [CWLCompositorResource] New wl_region with id 51 at 55a79e6ecdb0
[1;32mDEBUG [0m]: [CLinuxDMABUFParamsResource] Creating a dmabuf, with id 53: size [Vector2D: x: 1920, y: 1080], fmt AR24, planes 1
[1;32mDEBUG [0m]: [CLinuxDMABUFParamsResource]  | plane 0: mod 72057594037927952 fd 53 stride 7680 offset 0
[1;32mDEBUG [0m]: LayerSurface 55a79fc69ac0 mapped
[1;32mDEBUG [0m]: [CWLCompositorResource] New wl_region with id 139 at 55a79e72ae50
[1;32mDEBUG [0m]: [CWLCompositorResource] New wl_region with id 85 at 55a79e6de690
[1;32mDEBUG [0m]: [CLinuxDMABUFParamsResource] Creating a dmabuf, with id 51: size [Vector2D: x: 1920, y: 1080], fmt AR24, planes 1
[1;32mDEBUG [0m]: [CLinuxDMABUFParamsResource]  | plane 0: mod 72057594037927952 fd 94 stride 7680 offset 0
[1;32mDEBUG [0m]: [CWLCompositorResource] New wl_region with id 174 at 55a79e72ae50
[1;32mDEBUG [0m]: LayerSurface 55a79f647680 mapped
[1;32mDEBUG [0m]: [CWLCompositorResource] New wl_region with id 139 at 55a79f65bf90
[1;32mDEBUG [0m]: [CLinuxDMABUFParamsResource] Creating a dmabuf, with id 85: size [Vector2D: x: 1920, y: 1080], fmt AR24, planes 1
[1;32mDEBUG [0m]: [CLinuxDMABUFParamsResource]  | plane 0: mod 72057594037927952 fd 92 stride 7680 offset 0
[1;32mDEBUG [0m]: LayerSurface 55a79e653ae0 mapped
[1;32mDEBUG [0m]: [CWLCompositorResource] New wl_region with id 63 at 55a79e72bd40
[1;32mDEBUG [0m]: [CLinuxDMABUFParamsResource] Creating a dmabuf, with id 214: size [Vector2D: x: 1920, y: 32], fmt AR24, planes 1
[1;32mDEBUG [0m]: [CLinuxDMABUFParamsResource]  | plane 0: mod 72057594037927952 fd 98 stride 7680 offset 0
[1;32mDEBUG [0m]: LayerSurface 55a79fb112e0 mapped
[1;32mDEBUG [0m]: [CWLCompositorResource] New wl_region with id 121 at 55a79e6ecdb0
[1;32mDEBUG [0m]: [CLinuxDMABUFParamsResource] Creating a dmabuf, with id 63: size [Vector2D: x: 1920, y: 32], fmt AR24, planes 1
[1;32mDEBUG [0m]: [CLinuxDMABUFParamsResource]  | plane 0: mod 72057594037927952 fd 103 stride 7680 offset 0
[1;32mDEBUG [0m]: LayerSurface 55a79f6165b0 mapped
[1;32mDEBUG [0m]: [CWLCompositorResource] New wl_region with id 174 at 55a79e70f800
[1;32mDEBUG [0m]: [CLinuxDMABUFParamsResource] Creating a dmabuf, with id 141: size [Vector2D: x: 1920, y: 48], fmt AR24, planes 1
[1;32mDEBUG [0m]: [CLinuxDMABUFParamsResource]  | plane 0: mod 72057594037927952 fd 102 stride 7680 offset 0
[1;32mDEBUG [0m]: LayerSurface 55a79f4dbd70 mapped
[1;32mDEBUG [0m]: LayerSurface 55a79f8cc1a0 destroyed
[1;32mDEBUG [0m]: Forcing an unmap of a LS that did a straight destroy!
[1;32mDEBUG [0m]: LayerSurface 55a79f8cc1a0 unmapped
[1;32mDEBUG [0m]: renderer: making a snapshot of layer 55a79fd8c140
[1;32mDEBUG [0m]: Framebuffer "layer snapshot" created, status 36053
[1;32mDEBUG [0m]: renderer: cleared a snapshot of layer 55a79fd8c140
[1;32mDEBUG [0m]: renderer: rendered a snapshot of layer 55a79fd8c140
[1;32mDEBUG [0m]: renderer: made a snapshot of layer 55a79fd8c140
[1;32mDEBUG [0m]: CWLSurface 55a79f3546c0 called destroy()
[1;32mDEBUG [0m]: LayerSurface 55a79fd08350 destroyed
[1;32mDEBUG [0m]: Forcing an unmap of a LS that did a straight destroy!
[1;32mDEBUG [0m]: LayerSurface 55a79fd08350 unmapped
[1;32mDEBUG [0m]: renderer: making a snapshot of layer 55a79fc64250
[1;32mDEBUG [0m]: Framebuffer "layer snapshot" created, status 36053
[1;32mDEBUG [0m]: renderer: cleared a snapshot of layer 55a79fc64250
[1;32mDEBUG [0m]: renderer: rendered a snapshot of layer 55a79fc64250
[1;32mDEBUG [0m]: renderer: made a snapshot of layer 55a79fc64250
[1;32mDEBUG [0m]: CWLSurface 55a79fd6b260 called destroy()
[1;32mDEBUG [0m]: LayerSurface 55a79f663740 destroyed
[1;32mDEBUG [0m]: Forcing an unmap of a LS that did a straight destroy!
[1;32mDEBUG [0m]: LayerSurface 55a79f663740 unmapped
[1;32mDEBUG [0m]: renderer: making a snapshot of layer 55a79fce7890
[1;32mDEBUG [0m]: Framebuffer "layer snapshot" created, status 36053
[1;32mDEBUG [0m]: renderer: cleared a snapshot of layer 55a79fce7890
[1;32mDEBUG [0m]: renderer: rendered a snapshot of layer 55a79fce7890
[1;32mDEBUG [0m]: renderer: made a snapshot of layer 55a79fce7890
[1;32mDEBUG [0m]: CWLSurface 55a79f64d740 called destroy()
[1;32mDEBUG [0m]: LayerSurface 55a79e652b60 destroyed
[1;32mDEBUG [0m]: Forcing an unmap of a LS that did a straight destroy!
[1;32mDEBUG [0m]: LayerSurface 55a79e652b60 unmapped
[1;32mDEBUG [0m]: renderer: making a snapshot of layer 55a79f660240
[1;32mDEBUG [0m]: Framebuffer "layer snapshot" created, status 36053
[1;32mDEBUG [0m]: renderer: cleared a snapshot of layer 55a79f660240
[1;32mDEBUG [0m]: renderer: rendered a snapshot of layer 55a79f660240
[1;32mDEBUG [0m]: renderer: made a snapshot of layer 55a79f660240
[1;32mDEBUG [0m]: CWLSurface 55a79fc341d0 called destroy()
[1;32mDEBUG [0m]: LayerSurface 55a79fff0140 destroyed
[1;32mDEBUG [0m]: Forcing an unmap of a LS that did a straight destroy!
[1;32mDEBUG [0m]: LayerSurface 55a79fff0140 unmapped
[1;32mDEBUG [0m]: renderer: making a snapshot of layer 55a79f692e60
[1;32mDEBUG [0m]: Framebuffer "layer snapshot" created, status 36053
[1;32mDEBUG [0m]: renderer: cleared a snapshot of layer 55a79f692e60
[1;32mDEBUG [0m]: renderer: rendered a snapshot of layer 55a79f692e60
[1;32mDEBUG [0m]: renderer: made a snapshot of layer 55a79f692e60
[1;32mDEBUG [0m]: CWLSurface 55a79f618030 called destroy()
[1;32mDEBUG [0m]: LayerSurface 55a79f7ee120 destroyed
[1;32mDEBUG [0m]: Forcing an unmap of a LS that did a straight destroy!
[1;32mDEBUG [0m]: LayerSurface 55a79f7ee120 unmapped
[1;32mDEBUG [0m]: renderer: making a snapshot of layer 55a79fff10d0
[1;32mDEBUG [0m]: Framebuffer "layer snapshot" created, status 36053
[1;32mDEBUG [0m]: renderer: cleared a snapshot of layer 55a79fff10d0
[1;32mDEBUG [0m]: renderer: rendered a snapshot of layer 55a79fff10d0
[1;32mDEBUG [0m]: renderer: made a snapshot of layer 55a79fff10d0
[1;32mDEBUG [0m]: CWLSurface 55a79f8cfd20 called destroy()
[1;32mDEBUG [0m]: LayerSurface 55a79fd8c2e0 destroyed
[1;32mDEBUG [0m]: Forcing an unmap of a LS that did a straight destroy!
[1;32mDEBUG [0m]: LayerSurface 55a79fd8c2e0 unmapped
[1;32mDEBUG [0m]: renderer: making a snapshot of layer 55a79f964fd0
[1;32mDEBUG [0m]: Framebuffer "layer snapshot" created, status 36053
[1;32mDEBUG [0m]: renderer: cleared a snapshot of layer 55a79f964fd0
[1;32mDEBUG [0m]: renderer: rendered a snapshot of layer 55a79f964fd0
[1;32mDEBUG [0m]: renderer: made a snapshot of layer 55a79f964fd0
[1;32mDEBUG [0m]: CWLSurface 55a79e761a00 called destroy()
[1;32mDEBUG [0m]: [CLinuxDMABUFParamsResource] Creating a dmabuf, with id 121: size [Vector2D: x: 1920, y: 32], fmt AR24, planes 1
[1;32mDEBUG [0m]: [CLinuxDMABUFParamsResource]  | plane 0: mod 72057594037927952 fd 107 stride 7680 offset 0
[1;32mDEBUG [0m]: Cleanup: removed 2 fadeouts
[1;32mDEBUG [0m]: Cleanup: removed 3 fadeouts
[1;32mDEBUG [0m]: Cleanup: removed 2 fadeouts
[1;32mDEBUG [0m]: [CLinuxDMABUFParamsResource] Creating a dmabuf, with id 181: size [Vector2D: x: 1920, y: 32], fmt AR24, planes 1
[1;32mDEBUG [0m]: [CLinuxDMABUFParamsResource]  | plane 0: mod 72057594037927952 fd 48 stride 7680 offset 0
[1;32mDEBUG [0m]: [CLinuxDMABUFParamsResource] Creating a dmabuf, with id 173: size [Vector2D: x: 1920, y: 48], fmt AR24, planes 1
[1;32mDEBUG [0m]: [CLinuxDMABUFParamsResource]  | plane 0: mod 72057594037927952 fd 91 stride 7680 offset 0
[1;32mDEBUG [0m]: [CLinuxDMABUFParamsResource] Creating a dmabuf, with id 174: size [Vector2D: x: 1920, y: 32], fmt AR24, planes 1
[1;32mDEBUG [0m]: [CLinuxDMABUFParamsResource]  | plane 0: mod 72057594037927952 fd 55 stride 7680 offset 0
[1;32mDEBUG [0m]: Hyprctl: new connection from pid 2217
[1;32mDEBUG [0m]: Hyprctl: new connection from pid 2218
[1;32mDEBUG [0m]: Hyprctl: new connection from pid 2219
[1;32mDEBUG [0m]: Hyprctl: new connection from pid 2220
[1;32mDEBUG [0m]: Hyprctl: new connection from pid 2221
[1;32mDEBUG [0m]: Hyprctl: new connection from pid 2222
[1;32mDEBUG [0m]: Hyprctl: new connection from pid 2223
[1;32mDEBUG [0m]: Hyprctl: new connection from pid 2224
[1;32mDEBUG [0m]: Socket2 fd 60 hung up
[1;32mDEBUG [0m]: Socket2 fd 43 hung up
[1;32mDEBUG [0m]: LayerSurface 55a79f6165b0 destroyed
[1;32mDEBUG [0m]: Forcing an unmap of a LS that did a straight destroy!
[1;32mDEBUG [0m]: LayerSurface 55a79f6165b0 unmapped
[1;32mDEBUG [0m]: renderer: making a snapshot of layer 55a79e652570
[1;32mDEBUG [0m]: Framebuffer "layer snapshot" created, status 36053
[1;32mDEBUG [0m]: renderer: cleared a snapshot of layer 55a79e652570
[1;32mDEBUG [0m]: renderer: rendered a snapshot of layer 55a79e652570
[1;32mDEBUG [0m]: renderer: made a snapshot of layer 55a79e652570
[1;32mDEBUG [0m]: CWLSurface 55a79f626af0 called destroy()
[1;32mDEBUG [0m]: LayerSurface 55a79f4dbd70 unmapped
[1;32mDEBUG [0m]: renderer: making a snapshot of layer 55a79e42b0c0
[1;32mDEBUG [0m]: Framebuffer "layer snapshot" created, status 36053
[1;32mDEBUG [0m]: renderer: cleared a snapshot of layer 55a79e42b0c0
[1;32mDEBUG [0m]: renderer: rendered a snapshot of layer 55a79e42b0c0
[1;32mDEBUG [0m]: renderer: made a snapshot of layer 55a79e42b0c0
[1;32mDEBUG [0m]: LayerSurface 55a79f4dbd70 destroyed
[1;32mDEBUG [0m]: CWLSurface 55a79f9c74d0 called destroy()
[1;32mDEBUG [0m]: LayerSurface 55a79fb112e0 destroyed
[1;32mDEBUG [0m]: Forcing an unmap of a LS that did a straight destroy!
[1;32mDEBUG [0m]: LayerSurface 55a79fb112e0 unmapped
[1;32mDEBUG [0m]: renderer: making a snapshot of layer 55a79fd46b60
[1;32mDEBUG [0m]: Framebuffer "layer snapshot" created, status 36053
[1;32mDEBUG [0m]: renderer: cleared a snapshot of layer 55a79fd46b60
[1;32mDEBUG [0m]: renderer: rendered a snapshot of layer 55a79fd46b60
[1;32mDEBUG [0m]: renderer: made a snapshot of layer 55a79fd46b60
[1;32mDEBUG [0m]: CWLSurface 55a79fce8ae0 called destroy()
[1;32mDEBUG [0m]: LayerSurface 55a79f647680 unmapped
[1;32mDEBUG [0m]: renderer: making a snapshot of layer 55a79e686340
[1;32mDEBUG [0m]: Framebuffer "layer snapshot" created, status 36053
[1;32mDEBUG [0m]: renderer: cleared a snapshot of layer 55a79e686340
[1;32mDEBUG [0m]: renderer: rendered a snapshot of layer 55a79e686340
[1;32mDEBUG [0m]: renderer: made a snapshot of layer 55a79e686340
[1;32mDEBUG [0m]: LayerSurface 55a79f647680 destroyed
[1;32mDEBUG [0m]: CWLSurface 55a79fff9b30 called destroy()
[1;32mDEBUG [0m]: LayerSurface 55a79fc69ac0 destroyed
[1;32mDEBUG [0m]: Forcing an unmap of a LS that did a straight destroy!
[1;32mDEBUG [0m]: LayerSurface 55a79fc69ac0 unmapped
[1;32mDEBUG [0m]: renderer: making a snapshot of layer 55a79f64cb40
[1;32mDEBUG [0m]: Framebuffer "layer snapshot" created, status 36053
[1;32mDEBUG [0m]: renderer: cleared a snapshot of layer 55a79f64cb40
[1;32mDEBUG [0m]: renderer: rendered a snapshot of layer 55a79f64cb40
[1;32mDEBUG [0m]: renderer: made a snapshot of layer 55a79f64cb40
[1;32mDEBUG [0m]: CWLSurface 55a79f6f1bc0 called destroy()
[1;32mDEBUG [0m]: LayerSurface 55a79e653ae0 destroyed
[1;32mDEBUG [0m]: Forcing an unmap of a LS that did a straight destroy!
[1;32mDEBUG [0m]: LayerSurface 55a79e653ae0 unmapped
[1;32mDEBUG [0m]: renderer: making a snapshot of layer 55a79f67cf20
[1;32mDEBUG [0m]: Framebuffer "layer snapshot" created, status 36053
[1;32mDEBUG [0m]: renderer: cleared a snapshot of layer 55a79f67cf20
[1;32mDEBUG [0m]: renderer: rendered a snapshot of layer 55a79f67cf20
[1;32mDEBUG [0m]: renderer: made a snapshot of layer 55a79f67cf20
[1;32mDEBUG [0m]: CWLSurface 55a79e6546c0 called destroy()
[1;32mDEBUG [0m]: Cleanup: removed 2 fadeouts
[1;32mDEBUG [0m]: Cleanup: removed 2 fadeouts
[1;32mDEBUG [0m]: Cleanup: removed 2 fadeouts
[1;32mDEBUG [0m]: Hyprland received signal 15
[1;32mDEBUG [0m]: Hyprland is stopping!
[1;32mDEBUG [0m]: Kicked off the event loop! :(
[1;32mDEBUG [0m]: Monitor WAYLAND-1 -> destroyed all render data
[1;32mDEBUG [0m]: Monitor HEADLESS-1 -> destroyed all render data
[1;32mDEBUG [0m]: Monitor HEADLESS-6 -> destroyed all render data
[1;32mDEBUG [0m]: Destroying workspace ID 2
[1;32mDEBUG [0m]: Destroying workspace ID 3
[1;32mDEBUG [0m]: Destroying workspace ID 1
[1;32mDEBUG [0m]: Hyprland has reached the end.
