********* Start testing of qmltestrunner *********
Config: Using QtTest library 6.11.2, Qt 6.11.2 (x86_64-little_endian-lp64 shared (dynamic) release build; by GCC 16.2.1 20260810), arch unknown
PASS   : qmltestrunner::AccentGroups::initTestCase()
PASS   : qmltestrunner::AccentGroups::test_each_group_has_its_own_origin()
PASS   : qmltestrunner::AccentGroups::test_live_palette_change_and_outline_contrast()
PASS   : qmltestrunner::AccentGroups::test_one_diagonal_field_across_controls_and_frame()
PASS   : qmltestrunner::AccentGroups::test_resize_move_and_scroll_update_shared_coordinates()
PASS   : qmltestrunner::AccentGroups::test_wide_group_keeps_vertical_color_progression()
PASS   : qmltestrunner::AccentGroups::cleanupTestCase()
PASS   : qmltestrunner::Audio::initTestCase()
PASS   : qmltestrunner::Audio::test_audio_panel_monitor_exclusivity_and_lifecycle()
PASS   : qmltestrunner::Audio::test_audio_panel_small_scroll_hotplug_and_unavailable_escape()
PASS   : qmltestrunner::Audio::test_bar_wheel_and_navigation()
PASS   : qmltestrunner::Audio::test_burst_delay_rejection_and_timeout()
PASS   : qmltestrunner::Audio::test_dedicated_panel_levels_devices_keyboard_and_mouse()
PASS   : qmltestrunner::Audio::test_external_update_shared_state_and_identity()
PASS   : qmltestrunner::Audio::test_invalid_delta_mute_and_stale_output()
PASS   : qmltestrunner::Audio::test_invalid_values(negative)
PASS   : qmltestrunner::Audio::test_invalid_values(over)
PASS   : qmltestrunner::Audio::test_invalid_values(nan)
PASS   : qmltestrunner::Audio::test_invalid_values(infinity)
PASS   : qmltestrunner::Audio::test_invalid_values(string)
PASS   : qmltestrunner::Audio::test_invalid_values(null)
PASS   : qmltestrunner::Audio::test_microphone_confirmation_errors_and_independence()
PASS   : qmltestrunner::Audio::test_no_startup_or_reconnect_osd()
PASS   : qmltestrunner::Audio::test_output_preference_is_not_actual_and_removal()
PASS   : qmltestrunner::Audio::test_slider_arrow_burst_with_delayed_backend_and_failed_write()
PASS   : qmltestrunner::Audio::test_slider_vim_arrows_mouse_mute_and_selection()
PASS   : qmltestrunner::Audio::test_small_panel_keyboard_reveals_controls_and_skips_missing()
PASS   : qmltestrunner::Audio::test_timeout_renewal_monitor_removal_theme_and_focus()
PASS   : qmltestrunner::Audio::cleanupTestCase()
PASS   : qmltestrunner::Bar::initTestCase()
PASS   : qmltestrunner::Bar::test_action_waits_for_monitor_and_times_out()
PASS   : qmltestrunner::Bar::test_click_uses_clicked_monitor_and_swaps_visible_workspace()
PASS   : qmltestrunner::Bar::test_disconnect_clears_stale_state_and_keyboard_mode()
PASS   : qmltestrunner::Bar::test_global_numbers_and_monitor_states()
PASS   : qmltestrunner::Bar::test_ipc_controller_fallback_and_hotplug_state()
PASS   : qmltestrunner::Bar::test_keypad_enter_and_escape()
PASS   : qmltestrunner::Bar::test_locale_clock_tooltip_and_minute_change()
PASS   : qmltestrunner::Bar::test_model_updates_preserve_delegate_and_selection()
PASS   : qmltestrunner::Bar::test_overflow_mouse_and_narrow_layout()
PASS   : qmltestrunner::Bar::test_text_input_does_not_navigate_bar()
PASS   : qmltestrunner::Bar::test_vim_overflow_enter_once_and_focus()
PASS   : qmltestrunner::Bar::cleanupTestCase()
PASS   : qmltestrunner::BarAlignment::initTestCase()
PASS   : qmltestrunner::BarAlignment::test_charging_material_body_height_and_wider_frame(0)
PASS   : qmltestrunner::BarAlignment::test_charging_material_body_height_and_wider_frame(10)
PASS   : qmltestrunner::BarAlignment::test_charging_material_body_height_and_wider_frame(25)
PASS   : qmltestrunner::BarAlignment::test_charging_material_body_height_and_wider_frame(40)
PASS   : qmltestrunner::BarAlignment::test_charging_material_body_height_and_wider_frame(55)
PASS   : qmltestrunner::BarAlignment::test_charging_material_body_height_and_wider_frame(70)
PASS   : qmltestrunner::BarAlignment::test_charging_material_body_height_and_wider_frame(85)
PASS   : qmltestrunner::BarAlignment::test_charging_material_body_height_and_wider_frame(100)
PASS   : qmltestrunner::BarAlignment::test_clock_visible_glyphs_are_centered(pl_PL0)
PASS   : qmltestrunner::BarAlignment::test_clock_visible_glyphs_are_centered(pl_PL1)
PASS   : qmltestrunner::BarAlignment::test_clock_visible_glyphs_are_centered(pl_PL2)
PASS   : qmltestrunner::BarAlignment::test_clock_visible_glyphs_are_centered(en_US0)
PASS   : qmltestrunner::BarAlignment::test_clock_visible_glyphs_are_centered(en_US1)
PASS   : qmltestrunner::BarAlignment::test_clock_visible_glyphs_are_centered(en_US2)
PASS   : qmltestrunner::BarAlignment::test_equal_canvas_padding_above_separator()
PASS   : qmltestrunner::BarAlignment::cleanupTestCase()
PASS   : qmltestrunner::Bluetooth::initTestCase()
PASS   : qmltestrunner::Bluetooth::test_available_adapter_off_block_and_empty()
PASS   : qmltestrunner::Bluetooth::test_close_paths(escape)
PASS   : qmltestrunner::Bluetooth::test_close_paths(outside)
PASS   : qmltestrunner::Bluetooth::test_close_paths(replace)
PASS   : qmltestrunner::Bluetooth::test_close_paths(monitor)
PASS   : qmltestrunner::Bluetooth::test_close_paths(destroy)
PASS   : qmltestrunner::Bluetooth::test_close_paths(disabled)
PASS   : qmltestrunner::Bluetooth::test_connect_disconnect_and_rejection()
PASS   : qmltestrunner::Bluetooth::test_device_loss_service_restart_and_timeout()
PASS   : qmltestrunner::Bluetooth::test_keyboard_tooltip_manager_and_small_panel()
PASS   : qmltestrunner::Bluetooth::test_multiple_adapters_and_late_operation()
PASS   : qmltestrunner::Bluetooth::test_radio_requests_are_confirmed_and_serial()
PASS   : qmltestrunner::Bluetooth::test_stable_focus_model_literal_names_and_battery()
PASS   : qmltestrunner::Bluetooth::test_twenty_cycles()
PASS   : qmltestrunner::Bluetooth::cleanupTestCase()
PASS   : qmltestrunner::Brightness::initTestCase()
PASS   : qmltestrunner::Brightness::test_coalescing_and_late_replies()
PASS   : qmltestrunner::Brightness::test_invalid_delta()
PASS   : qmltestrunner::Brightness::test_invalid_input(zero)
PASS   : qmltestrunner::Brightness::test_invalid_input(negative)
PASS   : qmltestrunner::Brightness::test_invalid_input(over)
PASS   : qmltestrunner::Brightness::test_invalid_input(nan)
PASS   : qmltestrunner::Brightness::test_invalid_input(infinity)
PASS   : qmltestrunner::Brightness::test_invalid_input(string)
PASS   : qmltestrunner::Brightness::test_invalid_input(null)
PASS   : qmltestrunner::Brightness::test_lost_device_focus_and_small_panel()
PASS   : qmltestrunner::Brightness::test_panel_reopen_refresh_and_no_idle_poll()
PASS   : qmltestrunner::Brightness::test_permission_error_and_unconfirmed_write_no_success()
PASS   : qmltestrunner::Brightness::test_read_error_is_diagnostic_not_zero()
PASS   : qmltestrunner::Brightness::test_refresh_reply_cannot_overwrite_new_intent()
PASS   : qmltestrunner::Brightness::test_selection_stable_and_device_disappears()
PASS   : qmltestrunner::Brightness::test_shared_osd_switches_kind_color_monitor_and_timer()
PASS   : qmltestrunner::Brightness::test_timeout_result_retains_confirmed_level()
PASS   : qmltestrunner::Brightness::test_unavailable_or_invalid_range(absent)
PASS   : qmltestrunner::Brightness::test_unavailable_or_invalid_range(zero-max)
PASS   : qmltestrunner::Brightness::test_unavailable_or_invalid_range(unknown-max)
PASS   : qmltestrunner::Brightness::test_unavailable_or_invalid_range(outside-range)
PASS   : qmltestrunner::Brightness::test_unavailable_or_invalid_range(wildcard-name)
PASS   : qmltestrunner::Brightness::test_vim_standard_input_and_final_drag()
PASS   : qmltestrunner::Brightness::test_zero_observed_and_small_range_never_write_zero()
PASS   : qmltestrunner::Brightness::cleanupTestCase()
PASS   : qmltestrunner::DesktopExtras::initTestCase()
PASS   : qmltestrunner::DesktopExtras::test_absent_backend_has_no_switch_and_recovers()
PASS   : qmltestrunner::DesktopExtras::test_confirmation_no_optimism_or_double_write()
PASS   : qmltestrunner::DesktopExtras::test_existing_state_no_start_or_write()
PASS   : qmltestrunner::DesktopExtras::test_failure(timeout)
PASS   : qmltestrunner::DesktopExtras::test_failure(denied)
PASS   : qmltestrunner::DesktopExtras::test_failure(restart)
PASS   : qmltestrunner::DesktopExtras::test_failure(version)
PASS   : qmltestrunner::DesktopExtras::test_failure(protocol)
PASS   : qmltestrunner::DesktopExtras::test_failure(unconfirmed)
PASS   : qmltestrunner::DesktopExtras::test_keyboard_temperature_and_section_order()
PASS   : qmltestrunner::DesktopExtras::test_restart_rejects_stale_action_without_retry()
PASS   : qmltestrunner::DesktopExtras::test_small_panel_scroll_and_lifecycle()
PASS   : qmltestrunner::DesktopExtras::test_temperature_bounds_and_external_refresh()
PASS   : qmltestrunner::DesktopExtras::test_wallpaper_fallback_path_and_input()
PASS   : qmltestrunner::DesktopExtras::test_wallpaper_image_load_and_release()
PASS   : qmltestrunner::DesktopExtras::test_wallpaper_missing_file_falls_back()
PASS   : qmltestrunner::DesktopExtras::cleanupTestCase()
PASS   : qmltestrunner::Fade::initTestCase()
PASS   : qmltestrunner::Fade::test_close_during_preparation_and_replace_content()
PASS   : qmltestrunner::Fade::test_group_pixels(quarter)
PASS   : qmltestrunner::Fade::test_group_pixels(half)
PASS   : qmltestrunner::Fade::test_group_pixels(three_quarters)
PASS   : qmltestrunner::Fade::test_nested_content_enters_with_parent()
PASS   : qmltestrunner::Fade::test_waits_for_content_and_stable_layout()
PASS   : qmltestrunner::Fade::cleanupTestCase()
PASS   : qmltestrunner::Foundation::initTestCase()
PASS   : qmltestrunner::Foundation::test_button_keyboard_mouse_and_disabled()
PASS   : qmltestrunner::Foundation::test_slider_keyboard_bounds_and_reset_binding()
PASS   : qmltestrunner::Foundation::test_slider_mouse_updates_model()
PASS   : qmltestrunner::Foundation::test_tab_skips_disabled_and_focus_is_visible()
PASS   : qmltestrunner::Foundation::test_tooltip_and_accessible_name()
PASS   : qmltestrunner::Foundation::cleanupTestCase()
PASS   : qmltestrunner::Keyboard::initTestCase()
PASS   : qmltestrunner::Keyboard::test_actions_route_to_shared_services()
PASS   : qmltestrunner::Keyboard::test_command_captures_window_and_clear_chip()
PASS   : qmltestrunner::Keyboard::test_command_chip_alias_and_panel_handoff()
PASS   : qmltestrunner::Keyboard::test_compositor_conflict_and_write_failure()
PASS   : qmltestrunner::Keyboard::test_duplicate_and_reserved_commands_do_not_write()
PASS   : qmltestrunner::Keyboard::test_external_change_and_late_validation_cannot_save_closed_editor()
PASS   : qmltestrunner::Keyboard::test_future_schema_preserved_and_backend_reload()
PASS   : qmltestrunner::Keyboard::test_small_window_keeps_list_and_editor_focus_visible()
PASS   : qmltestrunner::Keyboard::test_text_letters_and_draft_across_sections()
PASS   : qmltestrunner::Keyboard::test_ui_keyboard_navigation_save_and_reopen()
PASS   : qmltestrunner::Keyboard::cleanupTestCase()
PASS   : qmltestrunner::Launcher::initTestCase()
PASS   : qmltestrunner::Launcher::test_all_prefixes_paste_and_literal_colon()
PASS   : qmltestrunner::Launcher::test_application_icons(known)
PASS   : qmltestrunner::Launcher::test_application_icons(tether)
PASS   : qmltestrunner::Launcher::test_application_icons(signal)
PASS   : qmltestrunner::Launcher::test_application_icons(otherMessenger)
PASS   : qmltestrunner::Launcher::test_application_icons(missing)
PASS   : qmltestrunner::Launcher::test_application_icons(empty)
PASS   : qmltestrunner::Launcher::test_application_icons(bitmap)
PASS   : qmltestrunner::Launcher::test_async_results_keep_selected_identity()
PASS   : qmltestrunner::Launcher::test_chips_and_backspace_with_real_text_input()
PASS   : qmltestrunner::Launcher::test_clipboard_preview_text_image_and_vim_scroll()
PASS   : qmltestrunner::Launcher::test_debounce_stale_search_and_close_cancellation()
PASS   : qmltestrunner::Launcher::test_direct_modes_reset_query_and_focus()
PASS   : qmltestrunner::Launcher::test_error_toast_beside_centered_launcher()
PASS   : qmltestrunner::Launcher::test_escape_vim_enter_once_and_text_return()
PASS   : qmltestrunner::Launcher::test_exclusivity_monitor_hotplug_and_cycles()
PASS   : qmltestrunner::Launcher::test_filtered_lists_and_compact_clipboard()
PASS   : qmltestrunner::Launcher::test_late_activation_cannot_close_reopened_panel()
PASS   : qmltestrunner::Launcher::test_missing_backend_and_clipboard_are_not_empty_success()
PASS   : qmltestrunner::Launcher::test_monitor_handoff_invalidates_old_activation()
FAIL!  : qmltestrunner::Launcher::test_preview_disappears_while_focused() 'function returned false' returned FALSE. ()
   Loc: [/home/attntd/projects/putkin/tests/qml/tst_launcher.qml(196)]
PASS   : qmltestrunner::Launcher::test_preview_geometry(wide)
PASS   : qmltestrunner::Launcher::test_preview_geometry(laptop)
PASS   : qmltestrunner::Launcher::test_preview_geometry(shifted)
PASS   : qmltestrunner::Launcher::test_preview_geometry(smaller)
PASS   : qmltestrunner::Launcher::test_preview_geometry(narrow)
PASS   : qmltestrunner::Launcher::test_preview_geometry(tiny)
PASS   : qmltestrunner::Launcher::test_preview_ignores_stale_replies_filter_and_close()
PASS   : qmltestrunner::Launcher::test_preview_pointer_selection_and_focus()
PASS   : qmltestrunner::Launcher::test_recent_default_rank_and_filters()
FAIL!  : qmltestrunner::Launcher::test_search_focus_colors_its_own_border() Compared values are not the same
   Actual   (): #181825
   Expected (): #1e1e2e
   Loc: [/home/attntd/projects/putkin/tests/qml/tst_launcher.qml(239)]
PASS   : qmltestrunner::Launcher::test_small_screen_and_last_result_reachable()
PASS   : qmltestrunner::Launcher::test_tab_mouse_clipboard_and_pending_failure()
PASS   : qmltestrunner::Launcher::test_workspace_commands(switch0)
PASS   : qmltestrunner::Launcher::test_workspace_commands(switch1)
PASS   : qmltestrunner::Launcher::test_workspace_commands(switch2)
PASS   : qmltestrunner::Launcher::test_workspace_commands(switch3)
PASS   : qmltestrunner::Launcher::test_workspace_commands(switch4)
PASS   : qmltestrunner::Launcher::test_workspace_commands(switch5)
PASS   : qmltestrunner::Launcher::test_workspace_commands(switch6)
PASS   : qmltestrunner::Launcher::test_workspace_commands(switch7)
PASS   : qmltestrunner::Launcher::test_workspace_commands(switch8)
PASS   : qmltestrunner::Launcher::test_workspace_commands(switch9)
PASS   : qmltestrunner::Launcher::test_workspace_commands(move0)
PASS   : qmltestrunner::Launcher::test_workspace_commands(move1)
PASS   : qmltestrunner::Launcher::test_workspace_commands(move2)
PASS   : qmltestrunner::Launcher::test_workspace_commands(move3)
PASS   : qmltestrunner::Launcher::test_workspace_commands(move4)
PASS   : qmltestrunner::Launcher::test_workspace_commands(move5)
PASS   : qmltestrunner::Launcher::test_workspace_commands(move6)
PASS   : qmltestrunner::Launcher::test_workspace_commands(move7)
PASS   : qmltestrunner::Launcher::test_workspace_commands(move8)
PASS   : qmltestrunner::Launcher::test_workspace_commands(move9)
PASS   : qmltestrunner::Launcher::test_workspace_incomplete_and_invalid_commands()
PASS   : qmltestrunner::Launcher::test_workspace_monitor_and_helper_unavailable()
PASS   : qmltestrunner::Launcher::test_workspace_move_acknowledgement_and_duplicate_enter()
PASS   : qmltestrunner::Launcher::test_workspace_move_closes_while_pending()
PASS   : qmltestrunner::Launcher::test_workspace_move_missing_and_closed_window()
PASS   : qmltestrunner::Launcher::test_workspace_text_in_filter_is_literal()
PASS   : qmltestrunner::Launcher::test_workspace_timeout_disconnect_and_late_session()
PASS   : qmltestrunner::Launcher::cleanupTestCase()
PASS   : qmltestrunner::LockIdle::initTestCase()
PASS   : qmltestrunner::LockIdle::test_background_allows_lock_and_display_but_no_sleep()
PASS   : qmltestrunner::LockIdle::test_fingerprint_error_resets_without_unlock()
PASS   : qmltestrunner::LockIdle::test_hold_invalidates_late_authentication()
PASS   : qmltestrunner::LockIdle::test_idle_threshold_actions_and_restore()
PASS   : qmltestrunner::LockIdle::test_keyboard_focus_and_pointer_hide_frame()
PASS   : qmltestrunner::LockIdle::test_missing_or_replaced_backlight_and_resume()
PASS   : qmltestrunner::LockIdle::test_password_input_hjkl_enter_escape_and_duplicate()
PASS   : qmltestrunner::LockIdle::test_presentation_restores_and_blocks_automatic_actions()
PASS   : qmltestrunner::LockIdle::test_protocol_and_authentication_are_both_required()
PASS   : qmltestrunner::LockIdle::cleanupTestCase()
PASS   : qmltestrunner::MaterialIcons::initTestCase()
PASS   : qmltestrunner::MaterialIcons::test_all_vectors_paint_one_color(apps)
PASS   : qmltestrunner::MaterialIcons::test_all_vectors_paint_one_color(balance)
PASS   : qmltestrunner::MaterialIcons::test_all_vectors_paint_one_color(battery_android_0)
PASS   : qmltestrunner::MaterialIcons::test_all_vectors_paint_one_color(battery_android_1)
PASS   : qmltestrunner::MaterialIcons::test_all_vectors_paint_one_color(battery_android_2)
PASS   : qmltestrunner::MaterialIcons::test_all_vectors_paint_one_color(battery_android_3)
PASS   : qmltestrunner::MaterialIcons::test_all_vectors_paint_one_color(battery_android_4)
PASS   : qmltestrunner::MaterialIcons::test_all_vectors_paint_one_color(battery_android_5)
PASS   : qmltestrunner::MaterialIcons::test_all_vectors_paint_one_color(battery_android_6)
PASS   : qmltestrunner::MaterialIcons::test_all_vectors_paint_one_color(battery_android_full)
PASS   : qmltestrunner::MaterialIcons::test_all_vectors_paint_one_color(battery_android_question)
PASS   : qmltestrunner::MaterialIcons::test_all_vectors_paint_one_color(battery_charging_20_2)
PASS   : qmltestrunner::MaterialIcons::test_all_vectors_paint_one_color(battery_charging_30_2)
PASS   : qmltestrunner::MaterialIcons::test_all_vectors_paint_one_color(battery_charging_50_2)
PASS   : qmltestrunner::MaterialIcons::test_all_vectors_paint_one_color(battery_charging_60_2)
PASS   : qmltestrunner::MaterialIcons::test_all_vectors_paint_one_color(battery_charging_80_2)
PASS   : qmltestrunner::MaterialIcons::test_all_vectors_paint_one_color(battery_charging_full_2)
PASS   : qmltestrunner::MaterialIcons::test_all_vectors_paint_one_color(bedtime)
PASS   : qmltestrunner::MaterialIcons::test_all_vectors_paint_one_color(bluetooth)
PASS   : qmltestrunner::MaterialIcons::test_all_vectors_paint_one_color(bluetooth_disabled)
PASS   : qmltestrunner::MaterialIcons::test_all_vectors_paint_one_color(bolt)
PASS   : qmltestrunner::MaterialIcons::test_all_vectors_paint_one_color(brightness_6)
PASS   : qmltestrunner::MaterialIcons::test_all_vectors_paint_one_color(chat)
PASS   : qmltestrunner::MaterialIcons::test_all_vectors_paint_one_color(chat_bubble)
PASS   : qmltestrunner::MaterialIcons::test_all_vectors_paint_one_color(check)
PASS   : qmltestrunner::MaterialIcons::test_all_vectors_paint_one_color(check_box)
PASS   : qmltestrunner::MaterialIcons::test_all_vectors_paint_one_color(check_box_outline_blank)
PASS   : qmltestrunner::MaterialIcons::test_all_vectors_paint_one_color(chevron_right)
PASS   : qmltestrunner::MaterialIcons::test_all_vectors_paint_one_color(close)
PASS   : qmltestrunner::MaterialIcons::test_all_vectors_paint_one_color(code)
PASS   : qmltestrunner::MaterialIcons::test_all_vectors_paint_one_color(coffee)
PASS   : qmltestrunner::MaterialIcons::test_all_vectors_paint_one_color(content_paste)
PASS   : qmltestrunner::MaterialIcons::test_all_vectors_paint_one_color(description)
PASS   : qmltestrunner::MaterialIcons::test_all_vectors_paint_one_color(desktop_windows)
PASS   : qmltestrunner::MaterialIcons::test_all_vectors_paint_one_color(developer_board)
PASS   : qmltestrunner::MaterialIcons::test_all_vectors_paint_one_color(device_thermostat)
PASS   : qmltestrunner::MaterialIcons::test_all_vectors_paint_one_color(devices)
PASS   : qmltestrunner::MaterialIcons::test_all_vectors_paint_one_color(eco)
PASS   : qmltestrunner::MaterialIcons::test_all_vectors_paint_one_color(expand_more)
PASS   : qmltestrunner::MaterialIcons::test_all_vectors_paint_one_color(fingerprint)
PASS   : qmltestrunner::MaterialIcons::test_all_vectors_paint_one_color(folder)
PASS   : qmltestrunner::MaterialIcons::test_all_vectors_paint_one_color(font_download)
PASS   : qmltestrunner::MaterialIcons::test_all_vectors_paint_one_color(graphic_eq)
PASS   : qmltestrunner::MaterialIcons::test_all_vectors_paint_one_color(help)
PASS   : qmltestrunner::MaterialIcons::test_all_vectors_paint_one_color(indeterminate_check_box)
PASS   : qmltestrunner::MaterialIcons::test_all_vectors_paint_one_color(language)
PASS   : qmltestrunner::MaterialIcons::test_all_vectors_paint_one_color(link)
PASS   : qmltestrunner::MaterialIcons::test_all_vectors_paint_one_color(lock)
PASS   : qmltestrunner::MaterialIcons::test_all_vectors_paint_one_color(logout)
PASS   : qmltestrunner::MaterialIcons::test_all_vectors_paint_one_color(mic)
PASS   : qmltestrunner::MaterialIcons::test_all_vectors_paint_one_color(mic_off)
PASS   : qmltestrunner::MaterialIcons::test_all_vectors_paint_one_color(monitoring)
PASS   : qmltestrunner::MaterialIcons::test_all_vectors_paint_one_color(more_horiz)
PASS   : qmltestrunner::MaterialIcons::test_all_vectors_paint_one_color(movie)
PASS   : qmltestrunner::MaterialIcons::test_all_vectors_paint_one_color(music_note)
PASS   : qmltestrunner::MaterialIcons::test_all_vectors_paint_one_color(network_wifi)
PASS   : qmltestrunner::MaterialIcons::test_all_vectors_paint_one_color(network_wifi_1_bar)
PASS   : qmltestrunner::MaterialIcons::test_all_vectors_paint_one_color(network_wifi_2_bar)
PASS   : qmltestrunner::MaterialIcons::test_all_vectors_paint_one_color(network_wifi_3_bar)
PASS   : qmltestrunner::MaterialIcons::test_all_vectors_paint_one_color(notifications)
PASS   : qmltestrunner::MaterialIcons::test_all_vectors_paint_one_color(notifications_off)
PASS   : qmltestrunner::MaterialIcons::test_all_vectors_paint_one_color(notifications_unread)
PASS   : qmltestrunner::MaterialIcons::test_all_vectors_paint_one_color(open_in_new)
PASS   : qmltestrunner::MaterialIcons::test_all_vectors_paint_one_color(palette)
PASS   : qmltestrunner::MaterialIcons::test_all_vectors_paint_one_color(power_settings_new)
PASS   : qmltestrunner::MaterialIcons::test_all_vectors_paint_one_color(print)
PASS   : qmltestrunner::MaterialIcons::test_all_vectors_paint_one_color(putkin_tether)
PASS   : qmltestrunner::MaterialIcons::test_all_vectors_paint_one_color(radio_button_checked)
PASS   : qmltestrunner::MaterialIcons::test_all_vectors_paint_one_color(radio_button_unchecked)
PASS   : qmltestrunner::MaterialIcons::test_all_vectors_paint_one_color(refresh)
PASS   : qmltestrunner::MaterialIcons::test_all_vectors_paint_one_color(restart_alt)
PASS   : qmltestrunner::MaterialIcons::test_all_vectors_paint_one_color(search)
PASS   : qmltestrunner::MaterialIcons::test_all_vectors_paint_one_color(settings)
PASS   : qmltestrunner::MaterialIcons::test_all_vectors_paint_one_color(settings_ethernet)
PASS   : qmltestrunner::MaterialIcons::test_all_vectors_paint_one_color(share)
PASS   : qmltestrunner::MaterialIcons::test_all_vectors_paint_one_color(signal_wifi_0_bar)
PASS   : qmltestrunner::MaterialIcons::test_all_vectors_paint_one_color(signal_wifi_off)
PASS   : qmltestrunner::MaterialIcons::test_all_vectors_paint_one_color(sync)
PASS   : qmltestrunner::MaterialIcons::test_all_vectors_paint_one_color(terminal)
PASS   : qmltestrunner::MaterialIcons::test_all_vectors_paint_one_color(translate)
PASS   : qmltestrunner::MaterialIcons::test_all_vectors_paint_one_color(tune)
PASS   : qmltestrunner::MaterialIcons::test_all_vectors_paint_one_color(videocam)
PASS   : qmltestrunner::MaterialIcons::test_all_vectors_paint_one_color(volume_off)
PASS   : qmltestrunner::MaterialIcons::test_all_vectors_paint_one_color(volume_up)
PASS   : qmltestrunner::MaterialIcons::test_color_changes_do_not_change_geometry()
PASS   : qmltestrunner::MaterialIcons::test_sections_keep_canvas_padding_and_center(bar)
PASS   : qmltestrunner::MaterialIcons::test_sections_keep_canvas_padding_and_center(launcher)
PASS   : qmltestrunner::MaterialIcons::test_sections_keep_canvas_padding_and_center(slider)
PASS   : qmltestrunner::MaterialIcons::test_sections_keep_canvas_padding_and_center(tile)
PASS   : qmltestrunner::MaterialIcons::test_sections_keep_canvas_padding_and_center(list)
PASS   : qmltestrunner::MaterialIcons::test_sections_keep_canvas_padding_and_center(notification)
PASS   : qmltestrunner::MaterialIcons::test_sections_keep_canvas_padding_and_center(osd)
PASS   : qmltestrunner::MaterialIcons::cleanupTestCase()
PASS   : qmltestrunner::Network::initTestCase()
PASS   : qmltestrunner::Network::test_close_paths(escape)
PASS   : qmltestrunner::Network::test_close_paths(outside)
PASS   : qmltestrunner::Network::test_close_paths(button)
PASS   : qmltestrunner::Network::test_close_paths(replace)
PASS   : qmltestrunner::Network::test_close_paths(monitor)
PASS   : qmltestrunner::Network::test_close_paths(destroy)
PASS   : qmltestrunner::Network::test_close_paths(radio)
PASS   : qmltestrunner::Network::test_close_paths(hardware)
PASS   : qmltestrunner::Network::test_close_paths(adapter)
PASS   : qmltestrunner::Network::test_close_paths(unavailable)
PASS   : qmltestrunner::Network::test_close_paths(disabled)
PASS   : qmltestrunner::Network::test_keyboard_editor_and_small_geometry()
PASS   : qmltestrunner::Network::test_managed_devices_release_independently()
PASS   : qmltestrunner::Network::test_open_saved_and_disconnect()
PASS   : qmltestrunner::Network::test_psk_retry_clear_and_no_text_navigation()
PASS   : qmltestrunner::Network::test_scans_are_owned_and_stop_on_unavailable()
PASS   : qmltestrunner::Network::test_stable_delegate_literal_ssid_empty_and_duplicates()
PASS   : qmltestrunner::Network::test_status_and_internet(unknown)
PASS   : qmltestrunner::Network::test_status_and_internet(none)
PASS   : qmltestrunner::Network::test_status_and_internet(portal)
PASS   : qmltestrunner::Network::test_status_and_internet(limited)
PASS   : qmltestrunner::Network::test_status_and_internet(full)
PASS   : qmltestrunner::Network::test_timeout_switch_target_and_stale_result()
PASS   : qmltestrunner::Network::test_twenty_cycles()
PASS   : qmltestrunner::Network::test_unavailable_no_wifi_blocked_and_radio_confirmation()
PASS   : qmltestrunner::Network::cleanupTestCase()
PASS   : qmltestrunner::Notifications::initTestCase()
PASS   : qmltestrunner::Notifications::test_arrival_mouse_close_and_action_preserve_focus()
PASS   : qmltestrunner::Notifications::test_backend_loss_and_disabled_dnd()
PASS   : qmltestrunner::Notifications::test_dnd_discards_without_replay_and_critical_does_not_expire()
PASS   : qmltestrunner::Notifications::test_flood_bounds_fifo_and_critical_priority()
PASS   : qmltestrunner::Notifications::test_identical_replacement_restarts_deadline_and_retains_card()
PASS   : qmltestrunner::Notifications::test_keyboard_hjkl_enter_escape_and_tooltip()
PASS   : qmltestrunner::Notifications::test_keyboard_pause_and_focus_repair()
PASS   : qmltestrunner::Notifications::test_missing_data_plain_text_and_limits()
PASS   : qmltestrunner::Notifications::test_monitor_routing_hotplug_and_geometry()
PASS   : qmltestrunner::Notifications::test_quick_settings_center_dnd_and_intentional_handoff()
PASS   : qmltestrunner::Notifications::test_replaced_actions_and_client_close()
PASS   : qmltestrunner::Notifications::test_resident_transient_and_nonresident_actions()
PASS   : qmltestrunner::Notifications::test_screen_resize_rebalances_without_duplicate_views()
PASS   : qmltestrunner::Notifications::test_small_screen_bounds_images_scroll_and_queue()
PASS   : qmltestrunner::Notifications::test_small_screen_critical_queue_rejects_normal_before_tracking()
PASS   : qmltestrunner::Notifications::test_timeout_default_zero_and_queue_deadline()
PASS   : qmltestrunner::Notifications::test_twenty_lifecycles()
PASS   : qmltestrunner::Notifications::test_unread_bell_expiry_center_replacement_and_dnd()
PASS   : qmltestrunner::Notifications::cleanupTestCase()
PASS   : qmltestrunner::Panels::initTestCase()
PASS   : qmltestrunner::Panels::test_close_before_async_load_and_switch_monitor_hotplug()
PASS   : qmltestrunner::Panels::test_directions_enter_keypad_space_and_escape_layers()
PASS   : qmltestrunner::Panels::test_disabled_tab_arrows_and_text_editing()
PASS   : qmltestrunner::Panels::test_keyboard_bar_entry_and_return_focus()
PASS   : qmltestrunner::Panels::test_long_content_and_resize_preserve_visible_focus()
PASS   : qmltestrunner::Panels::test_mouse_active_indicator_tooltip_and_outside_consumption()
PASS   : qmltestrunner::Panels::test_reject_unknown_surface_and_missing_screen()
PASS   : qmltestrunner::Panels::test_settings_replaces_page_and_keeps_local_state_local()
PASS   : qmltestrunner::Panels::test_small_screen_scroll_and_visible_focus()
PASS   : qmltestrunner::Panels::test_twenty_cycles_and_reopen_during_fade()
PASS   : qmltestrunner::Panels::cleanupTestCase()
PASS   : qmltestrunner::PointerFocus::initTestCase()
PASS   : qmltestrunner::PointerFocus::test_bar(workspace)
PASS   : qmltestrunner::PointerFocus::test_bar(tray)
PASS   : qmltestrunner::PointerFocus::test_bar(tray-menu)
PASS   : qmltestrunner::PointerFocus::test_bar(overflow)
PASS   : qmltestrunner::PointerFocus::test_bar(network)
PASS   : qmltestrunner::PointerFocus::test_bar(bluetooth)
PASS   : qmltestrunner::PointerFocus::test_bar(audio)
PASS   : qmltestrunner::PointerFocus::test_bar(battery)
PASS   : qmltestrunner::PointerFocus::test_bar(notifications)
PASS   : qmltestrunner::PointerFocus::test_bar(quick)
PASS   : qmltestrunner::PointerFocus::test_keyboard_bar_entry_on_clicked_workspace()
PASS   : qmltestrunner::PointerFocus::test_keyboard_entry_and_return_after_mouse()
PASS   : qmltestrunner::PointerFocus::test_mouse_close_does_not_resume_bar_navigation()
PASS   : qmltestrunner::PointerFocus::test_mouse_page_changes_and_power_confirmation()
PASS   : qmltestrunner::PointerFocus::test_notification_entry_from_bar()
PASS   : qmltestrunner::PointerFocus::test_quick_controls(audioMute)
PASS   : qmltestrunner::PointerFocus::test_quick_controls(audioOutputs)
PASS   : qmltestrunner::PointerFocus::test_quick_controls(brightnessDetails)
PASS   : qmltestrunner::PointerFocus::test_quick_controls(wifiRadio)
PASS   : qmltestrunner::PointerFocus::test_quick_controls(bluetoothRadio)
PASS   : qmltestrunner::PointerFocus::test_quick_controls(nightLightToggle)
PASS   : qmltestrunner::PointerFocus::test_quick_controls(notificationDnd)
PASS   : qmltestrunner::PointerFocus::test_quick_controls(caffeinateToggle)
PASS   : qmltestrunner::PointerFocus::test_quick_details_mouse_actions()
PASS   : qmltestrunner::PointerFocus::test_shared_buttons(button)
PASS   : qmltestrunner::PointerFocus::test_shared_buttons(navigation)
PASS   : qmltestrunner::PointerFocus::test_shared_buttons(module)
PASS   : qmltestrunner::PointerFocus::test_shared_buttons(tile)
PASS   : qmltestrunner::PointerFocus::test_shared_buttons(icon)
PASS   : qmltestrunner::PointerFocus::test_slider_and_text_keep_standard_input()
PASS   : qmltestrunner::PointerFocus::test_tray_mouse_buttons_submenu_and_keyboard()
PASS   : qmltestrunner::PointerFocus::test_wifi_password_and_cancel_keep_mouse_reason()
PASS   : qmltestrunner::PointerFocus::cleanupTestCase()
PASS   : qmltestrunner::QuickMenu::initTestCase()
PASS   : qmltestrunner::QuickMenu::test_audio_becoming_ready_keeps_row_focus()
PASS   : qmltestrunner::QuickMenu::test_audio_is_one_keyboard_row()
PASS   : qmltestrunner::QuickMenu::test_brightness_and_temperature_focus_span_the_row(brightness-slider)
PASS   : qmltestrunner::QuickMenu::test_brightness_and_temperature_focus_span_the_row(brightness-details)
PASS   : qmltestrunner::QuickMenu::test_brightness_and_temperature_focus_span_the_row(temperature)
PASS   : qmltestrunner::QuickMenu::test_caffeinate_modes_keyboard_mouse_and_confirmed_state()
PASS   : qmltestrunner::QuickMenu::test_caffeinate_modes_navigation_round_trip(vim-normal)
PASS   : qmltestrunner::QuickMenu::test_caffeinate_modes_navigation_round_trip(arrows-normal)
PASS   : qmltestrunner::QuickMenu::test_caffeinate_modes_navigation_round_trip(tab-normal)
PASS   : qmltestrunner::QuickMenu::test_caffeinate_modes_navigation_round_trip(vim-small)
PASS   : qmltestrunner::QuickMenu::test_caffeinate_modes_navigation_round_trip(arrows-small)
PASS   : qmltestrunner::QuickMenu::test_caffeinate_modes_navigation_round_trip(tab-small)
PASS   : qmltestrunner::QuickMenu::test_caffeinate_rejection_only_notifies_and_keeps_previous_mode()
PASS   : qmltestrunner::QuickMenu::test_center_mouse_dismiss_and_expired_action_recover_focus()
PASS   : qmltestrunner::QuickMenu::test_center_small_panel_and_lifecycles()
PASS   : qmltestrunner::QuickMenu::test_distinct_audio_names_follow_device_not_default()
PASS   : qmltestrunner::QuickMenu::test_error_is_only_a_notification()
PASS   : qmltestrunner::QuickMenu::test_history_keeps_expired_dnd_and_transient()
PASS   : qmltestrunner::QuickMenu::test_history_replacements_limit_and_live_actions()
PASS   : qmltestrunner::QuickMenu::test_night_light_temperature_has_no_refresh()
PASS   : qmltestrunner::QuickMenu::test_notification_center_empty_and_mouse_focus()
PASS   : qmltestrunner::QuickMenu::test_radio_modules_own_lists_and_scanning()
PASS   : qmltestrunner::QuickMenu::test_small_grid_and_modes_remain_reachable()
PASS   : qmltestrunner::QuickMenu::test_tiles_toggle_without_management_or_progress_messages()
PASS   : qmltestrunner::QuickMenu::test_toggle_grid_geometry_focus_and_navigation()
PASS   : qmltestrunner::QuickMenu::cleanupTestCase()
PASS   : qmltestrunner::Screenshot::initTestCase()
PASS   : qmltestrunner::Screenshot::test_buttons_vim_and_pointer_focus()
PASS   : qmltestrunner::Screenshot::test_cancel_without_any_capture(row 0)
PASS   : qmltestrunner::Screenshot::test_cancel_without_any_capture(row 1)
PASS   : qmltestrunner::Screenshot::test_cancelled_request_ignores_late_result()
PASS   : qmltestrunner::Screenshot::test_click_and_zero_area_capture_whole_screen()
PASS   : qmltestrunner::Screenshot::test_hotplug_and_lock_cancel_before_capture()
PASS   : qmltestrunner::Screenshot::test_keyboard_catalog_migrates_existing_settings()
PASS   : qmltestrunner::Screenshot::test_missing_monitor_does_not_capture_another_screen()
PASS   : qmltestrunner::Screenshot::test_missing_window_stays_in_selection()
PASS   : qmltestrunner::Screenshot::test_preview_close(row 0)
PASS   : qmltestrunner::Screenshot::test_preview_close(row 1)
PASS   : qmltestrunner::Screenshot::test_preview_save(row 0)
PASS   : qmltestrunner::Screenshot::test_preview_save(row 1)
PASS   : qmltestrunner::Screenshot::test_preview_save(row 2)
PASS   : qmltestrunner::Screenshot::test_reverse_drag_waits_for_enter_and_native_unmap()
PASS   : qmltestrunner::Screenshot::test_save_failure_can_retry_and_fatal_clears()
PASS   : qmltestrunner::Screenshot::test_window_preserves_target_and_overrides_selection()
PASS   : qmltestrunner::Screenshot::cleanupTestCase()
PASS   : qmltestrunner::Session::initTestCase()
PASS   : qmltestrunner::Session::test_centered_geometry_and_twenty_cycles()
PASS   : qmltestrunner::Session::test_confirmation_discarded_hotplug_replacement_and_reopen()
PASS   : qmltestrunner::Session::test_disabled_actions_and_small_centered_menu()
PASS   : qmltestrunner::Session::test_escape_returns_to_menu_then_bar()
PASS   : qmltestrunner::Session::test_lock_confirm_suspend_and_resume_brightness()
PASS   : qmltestrunner::Session::test_navigation_confirmation_cancel_and_single_request()
PASS   : qmltestrunner::Session::test_quicksettings_lock_power_settings_and_errors()
PASS   : qmltestrunner::Session::test_timeout_late_completion_and_backend_loss()
PASS   : qmltestrunner::Session::cleanupTestCase()
PASS   : qmltestrunner::Settings::initTestCase()
PASS   : qmltestrunner::Settings::test_all_dismissal_routes_discard_preview(cancel)
PASS   : qmltestrunner::Settings::test_all_dismissal_routes_discard_preview(close)
PASS   : qmltestrunner::Settings::test_all_dismissal_routes_discard_preview(escape)
PASS   : qmltestrunner::Settings::test_all_dismissal_routes_discard_preview(back)
PASS   : qmltestrunner::Settings::test_all_dismissal_routes_discard_preview(replace)
PASS   : qmltestrunner::Settings::test_all_dismissal_routes_discard_preview(monitor)
PASS   : qmltestrunner::Settings::test_all_dismissal_routes_discard_preview(hotplug)
PASS   : qmltestrunner::Settings::test_all_dismissal_routes_discard_preview(bar)
PASS   : qmltestrunner::Settings::test_all_dismissal_routes_discard_preview(early)
PASS   : qmltestrunner::Settings::test_contrast_and_navigation_without_motion_option()
PASS   : qmltestrunner::Settings::test_corrupt_file_preserves_last_good_state_and_future_version_is_read_only()
PASS   : qmltestrunner::Settings::test_defaults_and_schema_validation(optional appearance)
PASS   : qmltestrunner::Settings::test_defaults_and_schema_validation(optional colors)
PASS   : qmltestrunner::Settings::test_defaults_and_schema_validation(valid)
PASS   : qmltestrunner::Settings::test_defaults_and_schema_validation(legacy motion enabled)
PASS   : qmltestrunner::Settings::test_defaults_and_schema_validation(legacy motion disabled)
PASS   : qmltestrunner::Settings::test_defaults_and_schema_validation(malformed)
PASS   : qmltestrunner::Settings::test_defaults_and_schema_validation(null)
PASS   : qmltestrunner::Settings::test_defaults_and_schema_validation(array)
PASS   : qmltestrunner::Settings::test_defaults_and_schema_validation(missing version)
PASS   : qmltestrunner::Settings::test_defaults_and_schema_validation(future)
PASS   : qmltestrunner::Settings::test_defaults_and_schema_validation(old)
PASS   : qmltestrunner::Settings::test_defaults_and_schema_validation(string version)
PASS   : qmltestrunner::Settings::test_defaults_and_schema_validation(short color)
PASS   : qmltestrunner::Settings::test_defaults_and_schema_validation(transparent)
PASS   : qmltestrunner::Settings::test_defaults_and_schema_validation(named color)
PASS   : qmltestrunner::Settings::test_defaults_and_schema_validation(null appearance)
PASS   : qmltestrunner::Settings::test_defaults_and_schema_validation(boolean type)
PASS   : qmltestrunner::Settings::test_defaults_and_schema_validation(unknown option)
PASS   : qmltestrunner::Settings::test_disabled_save_is_skipped_with_vim_and_tab()
PASS   : qmltestrunner::Settings::test_external_changes_keep_draft_panel_cursor_and_focus_twenty_times()
PASS   : qmltestrunner::Settings::test_hex_validation_keeps_letters_and_visible_focus()
PASS   : qmltestrunner::Settings::test_legacy_motion_is_ignored_and_removed_only_on_save(enabled)
PASS   : qmltestrunner::Settings::test_legacy_motion_is_ignored_and_removed_only_on_save(disabled)
PASS   : qmltestrunner::Settings::test_presets_navigation_and_live_controls()
PASS   : qmltestrunner::Settings::test_save_is_confirmed_reset_is_only_a_draft_and_retry()
PASS   : qmltestrunner::Settings::test_settings_remain_open_when_desktop_is_clicked()
PASS   : qmltestrunner::Settings::cleanupTestCase()
PASS   : qmltestrunner::BatteryTray::initTestCase()
PASS   : qmltestrunner::BatteryTray::test_absent_peripheral_unavailable_and_return()
PASS   : qmltestrunner::BatteryTray::test_bar_activation_secondary_menu_tooltip_fallback()
PASS   : qmltestrunner::BatteryTray::test_bar_keyboard_and_only_menu()
PASS   : qmltestrunner::BatteryTray::test_battery_material_states(empty)
PASS   : qmltestrunner::BatteryTray::test_battery_material_states(one)
PASS   : qmltestrunner::BatteryTray::test_battery_material_states(two)
PASS   : qmltestrunner::BatteryTray::test_battery_material_states(three)
PASS   : qmltestrunner::BatteryTray::test_battery_material_states(four)
PASS   : qmltestrunner::BatteryTray::test_battery_material_states(five)
PASS   : qmltestrunner::BatteryTray::test_battery_material_states(six)
PASS   : qmltestrunner::BatteryTray::test_battery_material_states(full)
PASS   : qmltestrunner::BatteryTray::test_battery_material_states(unknown)
PASS   : qmltestrunner::BatteryTray::test_battery_material_states(charging20)
PASS   : qmltestrunner::BatteryTray::test_battery_material_states(charging30)
PASS   : qmltestrunner::BatteryTray::test_battery_material_states(charging50)
PASS   : qmltestrunner::BatteryTray::test_battery_material_states(charging60)
PASS   : qmltestrunner::BatteryTray::test_battery_material_states(charging80)
PASS   : qmltestrunner::BatteryTray::test_battery_material_states(chargingFull)
PASS   : qmltestrunner::BatteryTray::test_battery_missing_profiles_and_focus_recovery()
PASS   : qmltestrunner::BatteryTray::test_battery_monitor_toggle_and_twenty_cycles()
PASS   : qmltestrunner::BatteryTray::test_battery_profile_keyboard_confirmed_state_and_refusal()
PASS   : qmltestrunner::BatteryTray::test_battery_small_screen_scroll_and_mouse()
PASS   : qmltestrunner::BatteryTray::test_battery_states(charging)
PASS   : qmltestrunner::BatteryTray::test_battery_states(discharging)
PASS   : qmltestrunner::BatteryTray::test_battery_states(full)
PASS   : qmltestrunner::BatteryTray::test_battery_states(unknown)
PASS   : qmltestrunner::BatteryTray::test_battery_states(empty)
PASS   : qmltestrunner::BatteryTray::test_battery_states(pendingCharge)
PASS   : qmltestrunner::BatteryTray::test_battery_states(pendingDischarge)
PASS   : qmltestrunner::BatteryTray::test_battery_unknown_time_absent_and_full()
PASS   : qmltestrunner::BatteryTray::test_invalid_percent_unknown_time_and_warning_keeps_semantics()
PASS   : qmltestrunner::BatteryTray::test_layouts_preserve_main_controls()
PASS   : qmltestrunner::BatteryTray::test_menu_icon_updates_keep_vector_size_and_action()
PASS   : qmltestrunner::BatteryTray::test_menu_live_update_removes_submenu_and_recovers_focus()
PASS   : qmltestrunner::BatteryTray::test_menu_vim_standard_keys_submenu_and_trigger()
PASS   : qmltestrunner::BatteryTray::test_overflow_all_items_scrolling_back_and_escape_restore()
PASS   : qmltestrunner::BatteryTray::test_removal_with_focus_and_active_menu()
PASS   : qmltestrunner::BatteryTray::test_return_after_invoker_removed_and_keyboard_context_menu()
PASS   : qmltestrunner::BatteryTray::test_signal_unread_icon_updates(bar)
PASS   : qmltestrunner::BatteryTray::test_signal_unread_icon_updates(overflow)
PASS   : qmltestrunner::BatteryTray::test_surface_exclusion_settings_cancel_and_monitor()
PASS   : qmltestrunner::BatteryTray::test_tray_icon_center_and_signal_color(signal)
PASS   : qmltestrunner::BatteryTray::test_tray_icon_center_and_signal_color(signalId)
PASS   : qmltestrunner::BatteryTray::test_tray_icon_center_and_signal_color(tether)
PASS   : qmltestrunner::BatteryTray::test_tray_icon_center_and_signal_color(unknown)
PASS   : qmltestrunner::BatteryTray::test_updates_do_not_take_focus_from_header_and_passive_skips()
PASS   : qmltestrunner::BatteryTray::cleanupTestCase()
PASS   : qmltestrunner::ReleaseValidation::initTestCase()
PASS   : qmltestrunner::ReleaseValidation::test_all_services_unavailable_and_return_in_one_panel()
PASS   : qmltestrunner::ReleaseValidation::test_complete_keyboard_journey()
PASS   : qmltestrunner::ReleaseValidation::test_passive_overlays_leave_text_input_alone()
PASS   : qmltestrunner::ReleaseValidation::test_small_logical_screens(1920x1080@1)
Received signal 15 (SIGTERM) sent by PID 293678 UID 1000
         ReleaseValidation::test_small_logical_screens function time: 1421ms, total time: 239916ms

=== Stack trace ===
[New LWP 294993]
[New LWP 293691]
[New LWP 293690]
[New LWP 293689]
[New LWP 293688]
[Thread debugging using libthread_db enabled]
Using host libthread_db library "/usr/lib/libthread_db.so.1".
0x00007f20192a0952 in ?? () from /usr/lib/qt6/bin/../../libc.so.6

Thread 6 (Thread 0x7f20117fe6c0 (LWP 293688) "Thread (pooled)"):
#0  0x00007f20192a0952 in ?? () from /usr/lib/qt6/bin/../../libc.so.6
#1  0x00007f2019294cd9 in ?? () from /usr/lib/qt6/bin/../../libc.so.6
#2  0x00007f2019297762 in pthread_cond_timedwait () from /usr/lib/qt6/bin/../../libc.so.6
#3  0x00007f201996b549 in QWaitCondition::wait(QMutex*, QDeadlineTimer) () from /usr/lib/qt6/bin/../../libQt6Core.so.6
#4  0x00007f20198b5817 in ?? () from /usr/lib/qt6/bin/../../libQt6Core.so.6
#5  0x00007f20199721eb in ?? () from /usr/lib/qt6/bin/../../libQt6Core.so.6
#6  0x00007f20192980a2 in ?? () from /usr/lib/qt6/bin/../../libc.so.6
#7  0x00007f201932080c in ?? () from /usr/lib/qt6/bin/../../libc.so.6

Thread 5 (Thread 0x7f2010ffd6c0 (LWP 293689) "Thread (pooled)"):
#0  0x00007f20192a0952 in ?? () from /usr/lib/qt6/bin/../../libc.so.6
#1  0x00007f2019294cd9 in ?? () from /usr/lib/qt6/bin/../../libc.so.6
#2  0x00007f2019297762 in pthread_cond_timedwait () from /usr/lib/qt6/bin/../../libc.so.6
#3  0x00007f201996b549 in QWaitCondition::wait(QMutex*, QDeadlineTimer) () from /usr/lib/qt6/bin/../../libQt6Core.so.6
#4  0x00007f20198b5817 in ?? () from /usr/lib/qt6/bin/../../libQt6Core.so.6
#5  0x00007f20199721eb in ?? () from /usr/lib/qt6/bin/../../libQt6Core.so.6
#6  0x00007f20192980a2 in ?? () from /usr/lib/qt6/bin/../../libc.so.6
#7  0x00007f201932080c in ?? () from /usr/lib/qt6/bin/../../libc.so.6

Thread 4 (Thread 0x7f200bfff6c0 (LWP 293690) "Thread (pooled)"):
#0  0x00007f20192a0952 in ?? () from /usr/lib/qt6/bin/../../libc.so.6
#1  0x00007f2019294cd9 in ?? () from /usr/lib/qt6/bin/../../libc.so.6
#2  0x00007f2019297762 in pthread_cond_timedwait () from /usr/lib/qt6/bin/../../libc.so.6
#3  0x00007f201996b549 in QWaitCondition::wait(QMutex*, QDeadlineTimer) () from /usr/lib/qt6/bin/../../libQt6Core.so.6
#4  0x00007f20198b5817 in ?? () from /usr/lib/qt6/bin/../../libQt6Core.so.6
#5  0x00007f20199721eb in ?? () from /usr/lib/qt6/bin/../../libQt6Core.so.6
#6  0x00007f20192980a2 in ?? () from /usr/lib/qt6/bin/../../libc.so.6
#7  0x00007f201932080c in ?? () from /usr/lib/qt6/bin/../../libc.so.6

Thread 3 (Thread 0x7f20035ff6c0 (LWP 293691) "Thread (pooled)"):
#0  0x00007f20192a0952 in ?? () from /usr/lib/qt6/bin/../../libc.so.6
#1  0x00007f2019294cd9 in ?? () from /usr/lib/qt6/bin/../../libc.so.6
#2  0x00007f2019297762 in pthread_cond_timedwait () from /usr/lib/qt6/bin/../../libc.so.6
#3  0x00007f201996b549 in QWaitCondition::wait(QMutex*, QDeadlineTimer) () from /usr/lib/qt6/bin/../../libQt6Core.so.6
#4  0x00007f20198b5817 in ?? () from /usr/lib/qt6/bin/../../libQt6Core.so.6
#5  0x00007f20199721eb in ?? () from /usr/lib/qt6/bin/../../libQt6Core.so.6
#6  0x00007f20192980a2 in ?? () from /usr/lib/qt6/bin/../../libc.so.6
#7  0x00007f201932080c in ?? () from /usr/lib/qt6/bin/../../libc.so.6

Thread 2 (Thread 0x7f200a7ff6c0 (LWP 294993) "QQmlThread"):
#0  0x00007f20192a0952 in ?? () from /usr/lib/qt6/bin/../../libc.so.6
#1  0x00007f2019311a57 in ppoll () from /usr/lib/qt6/bin/../../libc.so.6
#2  0x00007f201948cf59 in ?? () from /usr/lib/qt6/bin/../../libglib-2.0.so.0
#3  0x00007f201948d055 in g_main_context_iteration () from /usr/lib/qt6/bin/../../libglib-2.0.so.0
#4  0x00007f2019a96f32 in QEventDispatcherGlib::processEvents(QFlags<QEventLoop::ProcessEventsFlag>) () from /usr/lib/qt6/bin/../../libQt6Core.so.6
#5  0x00007f201978f664 in QEventLoop::exec(QFlags<QEventLoop::ProcessEventsFlag>) () from /usr/lib/qt6/bin/../../libQt6Core.so.6
#6  0x00007f20198b7ce2 in QThread::exec() () from /usr/lib/qt6/bin/../../libQt6Core.so.6
#7  0x00007f2019972285 in ?? () from /usr/lib/qt6/bin/../../libQt6Core.so.6
#8  0x00007f20192980a2 in ?? () from /usr/lib/qt6/bin/../../libc.so.6
#9  0x00007f201932080c in ?? () from /usr/lib/qt6/bin/../../libc.so.6

Thread 1 (Thread 0x7f20131ebbc0 (LWP 293686) "qmltestrunner"):
#0  0x00007f20192a0952 in ?? () from /usr/lib/qt6/bin/../../libc.so.6
#1  0x00007f201930550b in wait4 () from /usr/lib/qt6/bin/../../libc.so.6
#2  0x00007f20195e671f in ?? () from /usr/lib/qt6/bin/../../libQt6Test.so.6
#3  0x00007f20195e6c2c in ?? () from /usr/lib/qt6/bin/../../libQt6Test.so.6
#4  <signal handler called>
#5  0x00007f2017c6e79d in ?? () from /usr/lib/qt6/bin/../../libQt6Qml.so.6
#6  0x00007f2017c6b9ea in QV4::GCStateMachine::transition() () from /usr/lib/qt6/bin/../../libQt6Qml.so.6
#7  0x00007f2017c6dfbb in ?? () from /usr/lib/qt6/bin/../../libQt6Qml.so.6
#8  0x00007f2017b75983 in QV4::ExecutionEngine::newString(QString const&) () from /usr/lib/qt6/bin/../../libQt6Qml.so.6
#9  0x00007f2017c21f6c in QV4::Runtime::Closure::call(QV4::ExecutionEngine*, int) () from /usr/lib/qt6/bin/../../libQt6Qml.so.6
#10 0x00007f200abf1523 in ?? ()
#11 0x00007f2012801d90 in ?? ()
#12 0x0000000000000000 in ?? ()

process 293686
Mapped address spaces:

Start Addr         End Addr           Size               Offset             Perms File 
0x0000558295014000 0x0000558295015000 0x1000             0x0                r--p  /usr/lib/qt6/bin/qmltestrunner 
0x0000558295015000 0x0000558295016000 0x1000             0x1000             r-xp  /usr/lib/qt6/bin/qmltestrunner 
0x0000558295016000 0x0000558295017000 0x1000             0x2000             r--p  /usr/lib/qt6/bin/qmltestrunner 
0x0000558295017000 0x0000558295018000 0x1000             0x2000             r--p  /usr/lib/qt6/bin/qmltestrunner 
0x0000558295018000 0x0000558295019000 0x1000             0x3000             rw-p  /usr/lib/qt6/bin/qmltestrunner 
0x00005582d457a000 0x00005582d8771000 0x41f7000          0x0                rw-p  [heap] 
0x00007f1fe3a00000 0x00007f1fe3a04000 0x4000             0x0                r--p  /usr/lib/libSvtAv1Enc.so.4.2.0 
0x00007f1fe3a04000 0x00007f1fe3e66000 0x462000           0x4000             r-xp  /usr/lib/libSvtAv1Enc.so.4.2.0 
0x00007f1fe3e66000 0x00007f1fe3f2a000 0xc4000            0x466000           r--p  /usr/lib/libSvtAv1Enc.so.4.2.0 
0x00007f1fe3f2a000 0x00007f1fe3f2e000 0x4000             0x529000           r--p  /usr/lib/libSvtAv1Enc.so.4.2.0 
0x00007f1fe3f2e000 0x00007f1fe3f30000 0x2000             0x52d000           rw-p  /usr/lib/libSvtAv1Enc.so.4.2.0 
0x00007f1fe3f30000 0x00007f1febf6e000 0x803e000          0x0                rw-p   
0x00007f1fec000000 0x00007f1fec353000 0x353000           0x0                rw-p   
0x00007f1fec353000 0x00007f1ff0000000 0x3cad000          0x0                ---p   
0x00007f1ff4000000 0x00007f1ff4021000 0x21000            0x0                rw-p   
0x00007f1ff4021000 0x00007f1ff8000000 0x3fdf000          0x0                ---p   
0x00007f1ff8000000 0x00007f1ff8021000 0x21000            0x0                rw-p   
0x00007f1ff8021000 0x00007f1ffc000000 0x3fdf000          0x0                ---p   
0x00007f1ffc000000 0x00007f1ffc021000 0x21000            0x0                rw-p   
0x00007f1ffc021000 0x00007f2000000000 0x3fdf000          0x0                ---p   
0x00007f2002dff000 0x00007f2003600000 0x801000           0x0                rw-p   
0x00007f2003800000 0x00007f2003aa0000 0x2a0000           0x0                rw-p  /memfd:JSGCHeap:QtQml (deleted) 
0x00007f2003aa0000 0x00007f2003c00000 0x160000           0x2a0000           ---p  /memfd:JSGCHeap:QtQml (deleted) 
0x00007f2003c00000 0x00007f2003ce0000 0xe0000            0x0                rw-p  /memfd:JSGCHeap:QtQml (deleted) 
0x00007f2003ce0000 0x00007f2003cf0000 0x10000            0xe0000            ---p  /memfd:JSGCHeap:QtQml (deleted) 
0x00007f2003cf0000 0x00007f2003ef0000 0x200000           0xf0000            rw-p  /memfd:JSGCHeap:QtQml (deleted) 
0x00007f2003ef0000 0x00007f2003f00000 0x10000            0x2f0000           ---p  /memfd:JSGCHeap:QtQml (deleted) 
0x00007f2003f00000 0x00007f2004000000 0x100000           0x300000           rw-p  /memfd:JSGCHeap:QtQml (deleted) 
0x00007f2004000000 0x00007f2004021000 0x21000            0x0                rw-p   
0x00007f2004021000 0x00007f2008000000 0x3fdf000          0x0                ---p   
0x00007f2008200000 0x00007f2008600000 0x400000           0x0                rw-p  /memfd:JSGCHeap:QtQml (deleted) 
0x00007f2008600000 0x00007f2008a00000 0x400000           0x0                rw-p  /memfd:JSGCHeap:QtQml (deleted) 
0x00007f2008a00000 0x00007f2008a12000 0x12000            0x0                r--p  /usr/lib/libQt6Pdf.so.6.11.2 
0x00007f2008a12000 0x00007f2008c57000 0x245000           0x12000            r-xp  /usr/lib/libQt6Pdf.so.6.11.2 
0x00007f2008c57000 0x00007f2008de6000 0x18f000           0x257000           r--p  /usr/lib/libQt6Pdf.so.6.11.2 
0x00007f2008de6000 0x00007f2008df7000 0x11000            0x3e6000           r--p  /usr/lib/libQt6Pdf.so.6.11.2 
0x00007f2008df7000 0x00007f2008e0a000 0x13000            0x3f7000           rw-p  /usr/lib/libQt6Pdf.so.6.11.2 
0x00007f2008e0a000 0x00007f2008e11000 0x7000             0x0                rw-p   
0x00007f2009000000 0x00007f2009003000 0x3000             0x0                r--p  /usr/lib/libaom.so.3.15.0 
0x00007f2009003000 0x00007f20097ac000 0x7a9000           0x3000             r-xp  /usr/lib/libaom.so.3.15.0 
0x00007f20097ac000 0x00007f20098ba000 0x10e000           0x7ac000           r--p  /usr/lib/libaom.so.3.15.0 
0x00007f20098ba000 0x00007f20098cb000 0x11000            0x8b9000           r--p  /usr/lib/libaom.so.3.15.0 
0x00007f20098cb000 0x00007f20098cd000 0x2000             0x8ca000           rw-p  /usr/lib/libaom.so.3.15.0 
0x00007f20098cd000 0x00007f20098e0000 0x13000            0x0                rw-p   
0x00007f2009a00000 0x00007f2009a88000 0x88000            0x0                r--p  /usr/lib/librav1e.so.0.8.1 
0x00007f2009a88000 0x00007f2009cff000 0x277000           0x87000            r-xp  /usr/lib/librav1e.so.0.8.1 
0x00007f2009cff000 0x00007f2009d22000 0x23000            0x2fd000           r--p  /usr/lib/librav1e.so.0.8.1 
0x00007f2009d22000 0x00007f2009d23000 0x1000             0x31f000           rw-p  /usr/lib/librav1e.so.0.8.1 
0x00007f2009d23000 0x00007f2009d24000 0x1000             0x0                rw-p   
0x00007f2009e1e000 0x00007f2009e20000 0x2000             0x0                r--p  /usr/lib/libdav1d.so.7.0.0 
0x00007f2009e20000 0x00007f2009f9e000 0x17e000           0x2000             r-xp  /usr/lib/libdav1d.so.7.0.0 
0x00007f2009f9e000 0x00007f2009fd6000 0x38000            0x180000           r--p  /usr/lib/libdav1d.so.7.0.0 
0x00007f2009fd6000 0x00007f2009fda000 0x4000             0x1b7000           r--p  /usr/lib/libdav1d.so.7.0.0 
0x00007f2009fda000 0x00007f2009fdb000 0x1000             0x1bb000           rw-p  /usr/lib/libdav1d.so.7.0.0 
0x00007f2009fdb000 0x00007f2009fff000 0x24000            0x0                rw-p   
0x00007f2009fff000 0x00007f200a800000 0x801000           0x0                rw-p   
0x00007f200ab08000 0x00007f200ab09000 0x1000             0x0                rw-p  /memfd:unknown-usage:QtQml (deleted) 
0x00007f200ab09000 0x00007f200ab0a000 0x1000             0x0                rw-p  /memfd:unknown-usage:QtQml (deleted) 
0x00007f200ab0a000 0x00007f200ab0b000 0x1000             0x0                rw-p  /memfd:unknown-usage:QtQml (deleted) 
0x00007f200ab0b000 0x00007f200ab0c000 0x1000             0x0                rw-p  /memfd:unknown-usage:QtQml (deleted) 
0x00007f200ab0c000 0x00007f200ab0d000 0x1000             0x0                rw-p  /memfd:unknown-usage:QtQml (deleted) 
0x00007f200ab0d000 0x00007f200ab0e000 0x1000             0x0                r-xp  /memfd:JITCode:QtQml (deleted) 
0x00007f200ab0e000 0x00007f200ab0f000 0x1000             0x0                rw-p  /memfd:unknown-usage:QtQml (deleted) 
0x00007f200ab0f000 0x00007f200ab10000 0x1000             0x0                rw-p  /memfd:unknown-usage:QtQml (deleted) 
0x00007f200ab10000 0x00007f200ab11000 0x1000             0x0                rw-p  /memfd:unknown-usage:QtQml (deleted) 
0x00007f200ab11000 0x00007f200ab13000 0x2000             0x0                r-xp  /memfd:JITCode:QtQml (deleted) 
0x00007f200ab13000 0x00007f200ab14000 0x1000             0x0                r-xp  /memfd:JITCode:QtQml (deleted) 
0x00007f200ab14000 0x00007f200ab15000 0x1000             0x0                r-xp  /memfd:JITCode:QtQml (deleted) 
0x00007f200ab15000 0x00007f200ab16000 0x1000             0x0                r-xp  /memfd:JITCode:QtQml (deleted) 
0x00007f200ab16000 0x00007f200ab17000 0x1000             0x0                r-xp  /memfd:JITCode:QtQml (deleted) 
0x00007f200ab17000 0x00007f200ab18000 0x1000             0x0                rw-p  /memfd:unknown-usage:QtQml (deleted) 
0x00007f200ab18000 0x00007f200ab19000 0x1000             0x0                rw-p  /memfd:unknown-usage:QtQml (deleted) 
0x00007f200ab19000 0x00007f200ab1a000 0x1000             0x0                rw-p  /memfd:unknown-usage:QtQml (deleted) 
0x00007f200ab1a000 0x00007f200ab1b000 0x1000             0x0                rw-p  /memfd:unknown-usage:QtQml (deleted) 
0x00007f200ab1b000 0x00007f200ab1c000 0x1000             0x0                rw-p  /memfd:unknown-usage:QtQml (deleted) 
0x00007f200ab1c000 0x00007f200ab1d000 0x1000             0x0                rw-p  /memfd:unknown-usage:QtQml (deleted) 
0x00007f200ab1d000 0x00007f200ab1e000 0x1000             0x0                rw-p  /memfd:unknown-usage:QtQml (deleted) 
0x00007f200ab1e000 0x00007f200ab1f000 0x1000             0x0                rw-p  /memfd:unknown-usage:QtQml (deleted) 
0x00007f200ab1f000 0x00007f200ab20000 0x1000             0x0                rw-p  /memfd:unknown-usage:QtQml (deleted) 
0x00007f200ab20000 0x00007f200ab21000 0x1000             0x0                rw-p  /memfd:unknown-usage:QtQml (deleted) 
0x00007f200ab21000 0x00007f200ab22000 0x1000             0x0                rw-p  /memfd:unknown-usage:QtQml (deleted) 
0x00007f200ab22000 0x00007f200ab23000 0x1000             0x0                rw-p  /memfd:unknown-usage:QtQml (deleted) 
0x00007f200ab23000 0x00007f200ab24000 0x1000             0x0                rw-p  /memfd:unknown-usage:QtQml (deleted) 
0x00007f200ab24000 0x00007f200ab25000 0x1000             0x0                rw-p  /memfd:unknown-usage:QtQml (deleted) 
0x00007f200ab25000 0x00007f200ab26000 0x1000             0x0                rw-p  /memfd:unknown-usage:QtQml (deleted) 
0x00007f200ab26000 0x00007f200ab27000 0x1000             0x0                rw-p  /memfd:unknown-usage:QtQml (deleted) 
0x00007f200ab27000 0x00007f200ab28000 0x1000             0x0                rw-p  /memfd:unknown-usage:QtQml (deleted) 
0x00007f200ab28000 0x00007f200ab29000 0x1000             0x0                rw-p  /memfd:unknown-usage:QtQml (deleted) 
0x00007f200ab29000 0x00007f200ab2a000 0x1000             0x0                rw-p  /memfd:unknown-usage:QtQml (deleted) 
0x00007f200ab2a000 0x00007f200ab2b000 0x1000             0x0                rw-p  /memfd:unknown-usage:QtQml (deleted) 
0x00007f200ab2b000 0x00007f200ab2c000 0x1000             0x0                rw-p  /memfd:unknown-usage:QtQml (deleted) 
0x00007f200ab2c000 0x00007f200ab2d000 0x1000             0x0                rw-p  /memfd:unknown-usage:QtQml (deleted) 
0x00007f200ab2d000 0x00007f200ab2e000 0x1000             0x0                r-xp  /memfd:JITCode:QtQml (deleted) 
0x00007f200ab2e000 0x00007f200ab2f000 0x1000             0x0                r-xp  /memfd:JITCode:QtQml (deleted) 
0x00007f200ab2f000 0x00007f200ab30000 0x1000             0x0                r-xp  /memfd:JITCode:QtQml (deleted) 
0x00007f200ab30000 0x00007f200ab31000 0x1000             0x0                r-xp  /memfd:JITCode:QtQml (deleted) 
0x00007f200ab31000 0x00007f200ab32000 0x1000             0x0                r-xp  /memfd:JITCode:QtQml (deleted) 
0x00007f200ab32000 0x00007f200ab33000 0x1000             0x0                r-xp  /memfd:JITCode:QtQml (deleted) 
0x00007f200ab33000 0x00007f200ab34000 0x1000             0x0                r-xp  /memfd:JITCode:QtQml (deleted) 
0x00007f200ab34000 0x00007f200ab35000 0x1000             0x0                r-xp  /memfd:JITCode:QtQml (deleted) 
0x00007f200ab35000 0x00007f200ab36000 0x1000             0x0                r-xp  /memfd:JITCode:QtQml (deleted) 
0x00007f200ab36000 0x00007f200ab37000 0x1000             0x0                r-xp  /memfd:JITCode:QtQml (deleted) 
0x00007f200ab37000 0x00007f200ab38000 0x1000             0x0                r-xp  /memfd:JITCode:QtQml (deleted) 
0x00007f200ab38000 0x00007f200ab3a000 0x2000             0x0                r-xp  /memfd:JITCode:QtQml (deleted) 
0x00007f200ab3a000 0x00007f200ab3c000 0x2000             0x0                r-xp  /memfd:JITCode:QtQml (deleted) 
0x00007f200ab3c000 0x00007f200ab3d000 0x1000             0x0                r-xp  /memfd:JITCode:QtQml (deleted) 
0x00007f200ab3d000 0x00007f200ab3e000 0x1000             0x0                r-xp  /memfd:JITCode:QtQml (deleted) 
0x00007f200ab3e000 0x00007f200ab3f000 0x1000             0x0                r-xp  /memfd:JITCode:QtQml (deleted) 
0x00007f200ab3f000 0x00007f200ab40000 0x1000             0x0                r-xp  /memfd:JITCode:QtQml (deleted) 
0x00007f200ab40000 0x00007f200ab41000 0x1000             0x0                r-xp  /memfd:JITCode:QtQml (deleted) 
0x00007f200ab41000 0x00007f200ab42000 0x1000             0x0                r-xp  /memfd:JITCode:QtQml (deleted) 
0x00007f200ab42000 0x00007f200ab43000 0x1000             0x0                r-xp  /memfd:JITCode:QtQml (deleted) 
0x00007f200ab43000 0x00007f200ab44000 0x1000             0x0                r-xp  /memfd:JITCode:QtQml (deleted) 
0x00007f200ab44000 0x00007f200ab45000 0x1000             0x0                r-xp  /memfd:JITCode:QtQml (deleted) 
0x00007f200ab45000 0x00007f200ab46000 0x1000             0x0                r-xp  /memfd:JITCode:QtQml (deleted) 
0x00007f200ab46000 0x00007f200ab47000 0x1000             0x0                r-xp  /memfd:JITCode:QtQml (deleted) 
0x00007f200ab47000 0x00007f200ab48000 0x1000             0x0                r-xp  /memfd:JITCode:QtQml (deleted) 
0x00007f200ab48000 0x00007f200ab49000 0x1000             0x0                r-xp  /memfd:JITCode:QtQml (deleted) 
0x00007f200ab49000 0x00007f200ab4a000 0x1000             0x0                r-xp  /memfd:JITCode:QtQml (deleted) 
0x00007f200ab4a000 0x00007f200ab4b000 0x1000             0x0                r-xp  /memfd:JITCode:QtQml (deleted) 
0x00007f200ab4b000 0x00007f200ab4c000 0x1000             0x0                r-xp  /memfd:JITCode:QtQml (deleted) 
0x00007f200ab4c000 0x00007f200ab4d000 0x1000             0x0                r-xp  /memfd:JITCode:QtQml (deleted) 
0x00007f200ab4d000 0x00007f200ab4e000 0x1000             0x0                r-xp  /memfd:JITCode:QtQml (deleted) 
0x00007f200ab4e000 0x00007f200ab4f000 0x1000             0x0                r-xp  /memfd:JITCode:QtQml (deleted) 
0x00007f200ab4f000 0x00007f200ab50000 0x1000             0x0                r-xp  /memfd:JITCode:QtQml (deleted) 
0x00007f200ab50000 0x00007f200ab51000 0x1000             0x0                r-xp  /memfd:JITCode:QtQml (deleted) 
0x00007f200ab51000 0x00007f200ab52000 0x1000             0x0                rw-p  /memfd:unknown-usage:QtQml (deleted) 
0x00007f200ab52000 0x00007f200ab53000 0x1000             0x0                r-xp  /memfd:JITCode:QtQml (deleted) 
0x00007f200ab53000 0x00007f200ab54000 0x1000             0x0                r-xp  /memfd:JITCode:QtQml (deleted) 
0x00007f200ab54000 0x00007f200ab55000 0x1000             0x0                r-xp  /memfd:JITCode:QtQml (deleted) 
0x00007f200ab55000 0x00007f200ab56000 0x1000             0x0                r-xp  /memfd:JITCode:QtQml (deleted) 
0x00007f200ab56000 0x00007f200ab57000 0x1000             0x0                rw-p  /memfd:unknown-usage:QtQml (deleted) 
0x00007f200ab57000 0x00007f200ab58000 0x1000             0x0                r-xp  /memfd:JITCode:QtQml (deleted) 
0x00007f200ab58000 0x00007f200ab59000 0x1000             0x0                r-xp  /memfd:JITCode:QtQml (deleted) 
0x00007f200ab59000 0x00007f200ab5a000 0x1000             0x0                r-xp  /memfd:JITCode:QtQml (deleted) 
0x00007f200ab5a000 0x00007f200ab5b000 0x1000             0x0                r-xp  /memfd:JITCode:QtQml (deleted) 
0x00007f200ab5b000 0x00007f200ab5c000 0x1000             0x0                rw-p  /memfd:unknown-usage:QtQml (deleted) 
0x00007f200ab5c000 0x00007f200ab5f000 0x3000             0x0                r-xp  /memfd:JITCode:QtQml (deleted) 
0x00007f200ab5f000 0x00007f200ab61000 0x2000             0x0                r-xp  /memfd:JITCode:QtQml (deleted) 
0x00007f200ab61000 0x00007f200ab62000 0x1000             0x0                r-xp  /memfd:JITCode:QtQml (deleted) 
0x00007f200ab62000 0x00007f200ab63000 0x1000             0x0                r-xp  /memfd:JITCode:QtQml (deleted) 
0x00007f200ab63000 0x00007f200ab64000 0x1000             0x0                r-xp  /memfd:JITCode:QtQml (deleted) 
0x00007f200ab64000 0x00007f200ab65000 0x1000             0x0                r-xp  /memfd:JITCode:QtQml (deleted) 
0x00007f200ab65000 0x00007f200ab66000 0x1000             0x0                r-xp  /memfd:JITCode:QtQml (deleted) 
0x00007f200ab66000 0x00007f200ab67000 0x1000             0x0                rw-p  /memfd:unknown-usage:QtQml (deleted) 
0x00007f200ab67000 0x00007f200ab68000 0x1000             0x0                rw-p  /memfd:unknown-usage:QtQml (deleted) 
0x00007f200ab68000 0x00007f200ab69000 0x1000             0x0                rw-p  /memfd:unknown-usage:QtQml (deleted) 
0x00007f200ab69000 0x00007f200ab6a000 0x1000             0x0                rw-p  /memfd:unknown-usage:QtQml (deleted) 
0x00007f200ab6a000 0x00007f200ab6b000 0x1000             0x0                r-xp  /memfd:JITCode:QtQml (deleted) 
0x00007f200ab6b000 0x00007f200ab6c000 0x1000             0x0                r-xp  /memfd:JITCode:QtQml (deleted) 
0x00007f200ab6c000 0x00007f200ab6d000 0x1000             0x0                r-xp  /memfd:JITCode:QtQml (deleted) 
0x00007f200ab6d000 0x00007f200ab6e000 0x1000             0x0                r-xp  /memfd:JITCode:QtQml (deleted) 
0x00007f200ab6e000 0x00007f200ab6f000 0x1000             0x0                r-xp  /memfd:JITCode:QtQml (deleted) 
0x00007f200ab6f000 0x00007f200ab70000 0x1000             0x0                r-xp  /memfd:JITCode:QtQml (deleted) 
0x00007f200ab70000 0x00007f200ab71000 0x1000             0x0                r-xp  /memfd:JITCode:QtQml (deleted) 
0x00007f200ab71000 0x00007f200ab72000 0x1000             0x0                r-xp  /memfd:JITCode:QtQml (deleted) 
0x00007f200ab72000 0x00007f200ab73000 0x1000             0x0                r-xp  /memfd:JITCode:QtQml (deleted) 
0x00007f200ab73000 0x00007f200ab74000 0x1000             0x0                r-xp  /memfd:JITCode:QtQml (deleted) 
0x00007f200ab74000 0x00007f200ab75000 0x1000             0x0                r-xp  /memfd:JITCode:QtQml (deleted) 
0x00007f200ab75000 0x00007f200ab76000 0x1000             0x0                r-xp  /memfd:JITCode:QtQml (deleted) 
0x00007f200ab76000 0x00007f200ab77000 0x1000             0x0                rw-p  /memfd:unknown-usage:QtQml (deleted) 
0x00007f200ab77000 0x00007f200ab78000 0x1000             0x0                r-xp  /memfd:JITCode:QtQml (deleted) 
0x00007f200ab78000 0x00007f200ab79000 0x1000             0x0                r-xp  /memfd:JITCode:QtQml (deleted) 
0x00007f200ab79000 0x00007f200ab7b000 0x2000             0x0                r-xp  /memfd:JITCode:QtQml (deleted) 
0x00007f200ab7b000 0x00007f200ab7d000 0x2000             0x0                r-xp  /memfd:JITCode:QtQml (deleted) 
0x00007f200ab7d000 0x00007f200ab7e000 0x1000             0x0                r-xp  /memfd:JITCode:QtQml (deleted) 
0x00007f200ab7e000 0x00007f200ab80000 0x2000             0x0                r-xp  /memfd:JITCode:QtQml (deleted) 
0x00007f200ab80000 0x00007f200ab81000 0x1000             0x0                r-xp  /memfd:JITCode:QtQml (deleted) 
0x00007f200ab81000 0x00007f200ab82000 0x1000             0x0                r-xp  /memfd:JITCode:QtQml (deleted) 
0x00007f200ab82000 0x00007f200ab83000 0x1000             0x0                r-xp  /memfd:JITCode:QtQml (deleted) 
0x00007f200ab83000 0x00007f200ab85000 0x2000             0x0                r-xp  /memfd:JITCode:QtQml (deleted) 
0x00007f200ab85000 0x00007f200ab86000 0x1000             0x0                r-xp  /memfd:JITCode:QtQml (deleted) 
0x00007f200ab86000 0x00007f200ab88000 0x2000             0x0                r-xp  /memfd:JITCode:QtQml (deleted) 
0x00007f200ab88000 0x00007f200ab89000 0x1000             0x0                r-xp  /memfd:JITCode:QtQml (deleted) 
0x00007f200ab89000 0x00007f200ab8a000 0x1000             0x0                r-xp  /memfd:JITCode:QtQml (deleted) 
0x00007f200ab8a000 0x00007f200ab8b000 0x1000             0x0                r-xp  /memfd:JITCode:QtQml (deleted) 
0x00007f200ab8b000 0x00007f200ab8c000 0x1000             0x0                r-xp  /memfd:JITCode:QtQml (deleted) 
0x00007f200ab8c000 0x00007f200ab8d000 0x1000             0x0                r-xp  /memfd:JITCode:QtQml (deleted) 
0x00007f200ab8d000 0x00007f200ab8e000 0x1000             0x0                r-xp  /memfd:JITCode:QtQml (deleted) 
0x00007f200ab8e000 0x00007f200ab8f000 0x1000             0x0                r-xp  /memfd:JITCode:QtQml (deleted) 
0x00007f200ab8f000 0x00007f200ab92000 0x3000             0x0                r-xp  /memfd:JITCode:QtQml (deleted) 
0x00007f200ab92000 0x00007f200ab93000 0x1000             0x0                r-xp  /memfd:JITCode:QtQml (deleted) 
0x00007f200ab93000 0x00007f200ab94000 0x1000             0x0                r-xp  /memfd:JITCode:QtQml (deleted) 
0x00007f200ab94000 0x00007f200ab95000 0x1000             0x0                r-xp  /memfd:JITCode:QtQml (deleted) 
0x00007f200ab95000 0x00007f200ab96000 0x1000             0x0                r-xp  /memfd:JITCode:QtQml (deleted) 
0x00007f200ab96000 0x00007f200ab98000 0x2000             0x0                r-xp  /memfd:JITCode:QtQml (deleted) 
0x00007f200ab98000 0x00007f200ab99000 0x1000             0x0                r-xp  /memfd:JITCode:QtQml (deleted) 
0x00007f200ab99000 0x00007f200ab9a000 0x1000             0x0                r-xp  /memfd:JITCode:QtQml (deleted) 
0x00007f200ab9a000 0x00007f200ab9b000 0x1000             0x0                r-xp  /memfd:JITCode:QtQml (deleted) 
0x00007f200ab9b000 0x00007f200ab9c000 0x1000             0x0                r-xp  /memfd:JITCode:QtQml (deleted) 
0x00007f200ab9c000 0x00007f200ab9d000 0x1000             0x0                r-xp  /memfd:JITCode:QtQml (deleted) 
0x00007f200ab9d000 0x00007f200ab9e000 0x1000             0x0                r-xp  /memfd:JITCode:QtQml (deleted) 
0x00007f200ab9e000 0x00007f200ab9f000 0x1000             0x0                r-xp  /memfd:JITCode:QtQml (deleted) 
0x00007f200ab9f000 0x00007f200aba0000 0x1000             0x0                r-xp  /memfd:JITCode:QtQml (deleted) 
0x00007f200aba0000 0x00007f200aba2000 0x2000             0x0                r-xp  /memfd:JITCode:QtQml (deleted) 
0x00007f200aba2000 0x00007f200aba3000 0x1000             0x0                rw-p  /memfd:unknown-usage:QtQml (deleted) 
0x00007f200aba3000 0x00007f200aba4000 0x1000             0x0                r-xp  /memfd:JITCode:QtQml (deleted) 
0x00007f200aba4000 0x00007f200aba5000 0x1000             0x0                rw-p  /memfd:unknown-usage:QtQml (deleted) 
0x00007f200aba5000 0x00007f200aba6000 0x1000             0x0                r-xp  /memfd:JITCode:QtQml (deleted) 
0x00007f200aba6000 0x00007f200aba7000 0x1000             0x0                r-xp  /memfd:JITCode:QtQml (deleted) 
0x00007f200aba7000 0x00007f200aba8000 0x1000             0x0                r-xp  /memfd:JITCode:QtQml (deleted) 
0x00007f200aba8000 0x00007f200aba9000 0x1000             0x0                r-xp  /memfd:JITCode:QtQml (deleted) 
0x00007f200aba9000 0x00007f200abaa000 0x1000             0x0                r-xp  /memfd:JITCode:QtQml (deleted) 
0x00007f200abaa000 0x00007f200abab000 0x1000             0x0                r-xp  /memfd:JITCode:QtQml (deleted) 
0x00007f200abab000 0x00007f200abac000 0x1000             0x0                r-xp  /memfd:JITCode:QtQml (deleted) 
0x00007f200abac000 0x00007f200abad000 0x1000             0x0                rw-p  /memfd:unknown-usage:QtQml (deleted) 
0x00007f200abad000 0x00007f200abaf000 0x2000             0x0                r-xp  /memfd:JITCode:QtQml (deleted) 
0x00007f200abaf000 0x00007f200abb0000 0x1000             0x0                r-xp  /memfd:JITCode:QtQml (deleted) 
0x00007f200abb0000 0x00007f200abb1000 0x1000             0x0                r-xp  /memfd:JITCode:QtQml (deleted) 
0x00007f200abb1000 0x00007f200abb3000 0x2000             0x0                r-xp  /memfd:JITCode:QtQml (deleted) 
0x00007f200abb3000 0x00007f200abb6000 0x3000             0x0                r-xp  /memfd:JITCode:QtQml (deleted) 
0x00007f200abb6000 0x00007f200abb7000 0x1000             0x0                r-xp  /memfd:JITCode:QtQml (deleted) 
0x00007f200abb7000 0x00007f200abb8000 0x1000             0x0                r-xp  /memfd:JITCode:QtQml (deleted) 
0x00007f200abb8000 0x00007f200abb9000 0x1000             0x0                r-xp  /memfd:JITCode:QtQml (deleted) 
0x00007f200abb9000 0x00007f200abba000 0x1000             0x0                r-xp  /memfd:JITCode:QtQml (deleted) 
0x00007f200abba000 0x00007f200abbb000 0x1000             0x0                r-xp  /memfd:JITCode:QtQml (deleted) 
0x00007f200abbb000 0x00007f200abbc000 0x1000             0x0                r-xp  /memfd:JITCode:QtQml (deleted) 
0x00007f200abbc000 0x00007f200abbe000 0x2000             0x0                r-xp  /memfd:JITCode:QtQml (deleted) 
0x00007f200abbe000 0x00007f200abbf000 0x1000             0x0                r-xp  /memfd:JITCode:QtQml (deleted) 
0x00007f200abbf000 0x00007f200abc0000 0x1000             0x0                rw-p  /memfd:unknown-usage:QtQml (deleted) 
0x00007f200abc0000 0x00007f200abc1000 0x1000             0x0                rw-p  /memfd:unknown-usage:QtQml (deleted) 
0x00007f200abc1000 0x00007f200abc2000 0x1000             0x0                rw-p  /memfd:unknown-usage:QtQml (deleted) 
0x00007f200abc2000 0x00007f200abc3000 0x1000             0x0                r-xp  /memfd:JITCode:QtQml (deleted) 
0x00007f200abc3000 0x00007f200abc4000 0x1000             0x0                rw-p  /memfd:unknown-usage:QtQml (deleted) 
0x00007f200abc4000 0x00007f200abc5000 0x1000             0x0                r-xp  /memfd:JITCode:QtQml (deleted) 
0x00007f200abc5000 0x00007f200abc6000 0x1000             0x0                r-xp  /memfd:JITCode:QtQml (deleted) 
0x00007f200abc6000 0x00007f200abc7000 0x1000             0x0                rw-p  /memfd:unknown-usage:QtQml (deleted) 
0x00007f200abc7000 0x00007f200abc8000 0x1000             0x0                r-xp  /memfd:JITCode:QtQml (deleted) 
0x00007f200abc8000 0x00007f200abc9000 0x1000             0x0                r-xp  /memfd:JITCode:QtQml (deleted) 
0x00007f200abc9000 0x00007f200abca000 0x1000             0x0                r-xp  /memfd:JITCode:QtQml (deleted) 
0x00007f200abca000 0x00007f200abcb000 0x1000             0x0                rw-p  /memfd:unknown-usage:QtQml (deleted) 
0x00007f200abcb000 0x00007f200abcc000 0x1000             0x0                rw-p  /memfd:unknown-usage:QtQml (deleted) 
0x00007f200abcc000 0x00007f200abcd000 0x1000             0x0                rw-p  /memfd:unknown-usage:QtQml (deleted) 
0x00007f200abcd000 0x00007f200abce000 0x1000             0x0                rw-p  /memfd:unknown-usage:QtQml (deleted) 
0x00007f200abce000 0x00007f200abcf000 0x1000             0x0                rw-p  /memfd:unknown-usage:QtQml (deleted) 
0x00007f200abcf000 0x00007f200abd0000 0x1000             0x0                r-xp  /memfd:JITCode:QtQml (deleted) 
0x00007f200abd0000 0x00007f200abd1000 0x1000             0x0                r-xp  /memfd:JITCode:QtQml (deleted) 
0x00007f200abd1000 0x00007f200abd2000 0x1000             0x0                r-xp  /memfd:JITCode:QtQml (deleted) 
0x00007f200abd2000 0x00007f200abd3000 0x1000             0x0                rw-p  /memfd:unknown-usage:QtQml (deleted) 
0x00007f200abd3000 0x00007f200abd4000 0x1000             0x0                r-xp  /memfd:JITCode:QtQml (deleted) 
0x00007f200abd4000 0x00007f200abd5000 0x1000             0x0                r-xp  /memfd:JITCode:QtQml (deleted) 
0x00007f200abd5000 0x00007f200abd6000 0x1000             0x0                rw-p  /memfd:unknown-usage:QtQml (deleted) 
0x00007f200abd6000 0x00007f200abd7000 0x1000             0x0                r-xp  /memfd:JITCode:QtQml (deleted) 
0x00007f200abd7000 0x00007f200abd8000 0x1000             0x0                r-xp  /memfd:JITCode:QtQml (deleted) 
0x00007f200abd8000 0x00007f200abd9000 0x1000             0x0                rw-p  /memfd:unknown-usage:QtQml (deleted) 
0x00007f200abd9000 0x00007f200abda000 0x1000             0x0                rw-p  /memfd:unknown-usage:QtQml (deleted) 
0x00007f200abda000 0x00007f200abdb000 0x1000             0x0                rw-p  /memfd:unknown-usage:QtQml (deleted) 
0x00007f200abdb000 0x00007f200abdc000 0x1000             0x0                rw-p  /memfd:unknown-usage:QtQml (deleted) 
0x00007f200abdc000 0x00007f200abdd000 0x1000             0x0                r-xp  /memfd:JITCode:QtQml (deleted) 
0x00007f200abdd000 0x00007f200abde000 0x1000             0x0                r-xp  /memfd:JITCode:QtQml (deleted) 
0x00007f200abde000 0x00007f200abdf000 0x1000             0x0                r-xp  /memfd:JITCode:QtQml (deleted) 
0x00007f200abdf000 0x00007f200abe0000 0x1000             0x0                rw-p  /memfd:unknown-usage:QtQml (deleted) 
0x00007f200abe0000 0x00007f200abe1000 0x1000             0x0                r-xp  /memfd:JITCode:QtQml (deleted) 
0x00007f200abe1000 0x00007f200abe2000 0x1000             0x0                rw-p  /memfd:unknown-usage:QtQml (deleted) 
0x00007f200abe2000 0x00007f200abe3000 0x1000             0x0                r-xp  /memfd:JITCode:QtQml (deleted) 
0x00007f200abe3000 0x00007f200abe4000 0x1000             0x0                r-xp  /memfd:JITCode:QtQml (deleted) 
0x00007f200abe4000 0x00007f200abe6000 0x2000             0x0                r-xp  /memfd:JITCode:QtQml (deleted) 
0x00007f200abe6000 0x00007f200abe8000 0x2000             0x0                r-xp  /memfd:JITCode:QtQml (deleted) 
0x00007f200abe8000 0x00007f200abe9000 0x1000             0x0                r-xp  /memfd:JITCode:QtQml (deleted) 
0x00007f200abe9000 0x00007f200abea000 0x1000             0x0                r-xp  /memfd:JITCode:QtQml (deleted) 
0x00007f200abea000 0x00007f200abeb000 0x1000             0x0                r-xp  /memfd:JITCode:QtQml (deleted) 
0x00007f200abeb000 0x00007f200abec000 0x1000             0x0                r-xp  /memfd:JITCode:QtQml (deleted) 
0x00007f200abec000 0x00007f200abed000 0x1000             0x0                r-xp  /memfd:JITCode:QtQml (deleted) 
0x00007f200abed000 0x00007f200abee000 0x1000             0x0                r-xp  /memfd:JITCode:QtQml (deleted) 
0x00007f200abee000 0x00007f200abef000 0x1000             0x0                r-xp  /memfd:JITCode:QtQml (deleted) 
0x00007f200abef000 0x00007f200abf0000 0x1000             0x0                r-xp  /memfd:JITCode:QtQml (deleted) 
0x00007f200abf0000 0x00007f200abf1000 0x1000             0x0                rw-p  /memfd:unknown-usage:QtQml (deleted) 
0x00007f200abf1000 0x00007f200abf2000 0x1000             0x0                r-xp  /memfd:JITCode:QtQml (deleted) 
0x00007f200abf2000 0x00007f200abf3000 0x1000             0x0                rw-p  /memfd:unknown-usage:QtQml (deleted) 
0x00007f200abf3000 0x00007f200ac00000 0xd000             0x0                r--s  /tmp/pk-icons-qwunluu5/cache/qmltestrunner/qmlcache/f1ba67286badbb2783c32e7684a7bbc3f5e2dcdc.qmlc (deleted) 
0x00007f200ac00000 0x00007f200ae76000 0x276000           0x0                r--p  /usr/share/fonts/TTF/JetBrainsMonoNerdFontMono-Bold.ttf 
0x00007f200ae76000 0x00007f200ae77000 0x1000             0x0                rw-p  /memfd:unknown-usage:QtQml (deleted) 
0x00007f200ae77000 0x00007f200ae7f000 0x8000             0x0                r--s  /tmp/pk-icons-qwunluu5/cache/qmltestrunner/qmlcache/8571b3488605f7e2d94367725893c43818112d16.qmlc (deleted) 
0x00007f200ae7f000 0x00007f200ae87000 0x8000             0x0                r--s  /tmp/pk-icons-qwunluu5/cache/qmltestrunner/qmlcache/115cc6ccb03c8792cd47040f83a6e13a60dba108.qmlc (deleted) 
0x00007f200ae87000 0x00007f200ae8c000 0x5000             0x0                r--s  /tmp/pk-icons-qwunluu5/cache/qmltestrunner/qmlcache/2c14cd9cfa5673d4891cc9450f2abcd9d3523368.qmlc (deleted) 
0x00007f200ae8c000 0x00007f200ae90000 0x4000             0x0                r--s  /tmp/pk-icons-qwunluu5/cache/qmltestrunner/qmlcache/c1fffe59e918cd0b8778156bf020ba25b15254be.qmlc (deleted) 
0x00007f200ae90000 0x00007f200ae9d000 0xd000             0x0                r--s  /tmp/pk-icons-qwunluu5/cache/qmltestrunner/qmlcache/76ea993ecbb9881a3885f81432a95b3039e27ca6.qmlc (deleted) 
0x00007f200ae9d000 0x00007f200aea4000 0x7000             0x0                r--p  /usr/lib/libopenjp2.so.2.5.4 
0x00007f200aea4000 0x00007f200aefc000 0x58000            0x7000             r-xp  /usr/lib/libopenjp2.so.2.5.4 
0x00007f200aefc000 0x00007f200af0e000 0x12000            0x5f000            r--p  /usr/lib/libopenjp2.so.2.5.4 
0x00007f200af0e000 0x00007f200af10000 0x2000             0x71000            r--p  /usr/lib/libopenjp2.so.2.5.4 
0x00007f200af10000 0x00007f200af11000 0x1000             0x73000            rw-p  /usr/lib/libopenjp2.so.2.5.4 
0x00007f200af11000 0x00007f200af2a000 0x19000            0x0                r--p  /usr/lib/libyuv.so 
0x00007f200af2a000 0x00007f200af9c000 0x72000            0x19000            r-xp  /usr/lib/libyuv.so 
0x00007f200af9c000 0x00007f200afb4000 0x18000            0x8b000            r--p  /usr/lib/libyuv.so 
0x00007f200afb4000 0x00007f200afb7000 0x3000             0xa2000            r--p  /usr/lib/libyuv.so 
0x00007f200afb7000 0x00007f200afb8000 0x1000             0xa5000            rw-p  /usr/lib/libyuv.so 
0x00007f200afb8000 0x00007f200afbe000 0x6000             0x0                r--p  /usr/lib/libavif.so.16.4.2 
0x00007f200afbe000 0x00007f200aff0000 0x32000            0x6000             r-xp  /usr/lib/libavif.so.16.4.2 
0x00007f200aff0000 0x00007f200affc000 0xc000             0x38000            r--p  /usr/lib/libavif.so.16.4.2 
0x00007f200affc000 0x00007f200afff000 0x3000             0x43000            r--p  /usr/lib/libavif.so.16.4.2 
0x00007f200afff000 0x00007f200b000000 0x1000             0x46000            rw-p  /usr/lib/libavif.so.16.4.2 
0x00007f200b000000 0x00007f200b275000 0x275000           0x0                r--p  /usr/share/fonts/TTF/JetBrainsMonoNerdFontMono-SemiBold.ttf 
0x00007f200b275000 0x00007f200b276000 0x1000             0x0                rw-p  /memfd:unknown-usage:QtQml (deleted) 
0x00007f200b276000 0x00007f200b279000 0x3000             0x0                r--s  /tmp/pk-icons-qwunluu5/cache/qmltestrunner/qmlcache/4042f26665ffd9be71c54f22c4ee75075b8554cb.qmlc (deleted) 
0x00007f200b279000 0x00007f200b27c000 0x3000             0x0                r--s  /tmp/pk-icons-qwunluu5/cache/qmltestrunner/qmlcache/9817d568d26f25a37c72d4d3903c1b7541eb64dd.qmlc (deleted) 
0x00007f200b27c000 0x00007f200b27f000 0x3000             0x0                r--s  /tmp/pk-icons-qwunluu5/cache/qmltestrunner/qmlcache/f77f1b9589a5ea95995ebc5c75ed5dafcdeb9f67.qmlc (deleted) 
0x00007f200b27f000 0x00007f200b288000 0x9000             0x0                r--s  /tmp/pk-icons-qwunluu5/cache/qmltestrunner/qmlcache/a7bdcf9c61e0fd16f95c0b5ed8a8ad0f9da13110.qmlc (deleted) 
0x00007f200b288000 0x00007f200b291000 0x9000             0x0                r--s  /tmp/pk-icons-qwunluu5/cache/qmltestrunner/qmlcache/509b73a476f8224cee3b6bb55998acadf41d0a76.qmlc (deleted) 
0x00007f200b291000 0x00007f200b298000 0x7000             0x0                r--s  /tmp/pk-icons-qwunluu5/cache/qmltestrunner/qmlcache/81e8ccda9ebaf25d8ff3b2700bd317084c557c23.qmlc (deleted) 
0x00007f200b298000 0x00007f200b29b000 0x3000             0x0                r--p  /usr/lib/qt6/plugins/imageformats/libqpdf.so 
0x00007f200b29b000 0x00007f200b29d000 0x2000             0x3000             r-xp  /usr/lib/qt6/plugins/imageformats/libqpdf.so 
0x00007f200b29d000 0x00007f200b29e000 0x1000             0x5000             r--p  /usr/lib/qt6/plugins/imageformats/libqpdf.so 
0x00007f200b29e000 0x00007f200b29f000 0x1000             0x5000             r--p  /usr/lib/qt6/plugins/imageformats/libqpdf.so 
0x00007f200b29f000 0x00007f200b2a0000 0x1000             0x6000             rw-p  /usr/lib/qt6/plugins/imageformats/libqpdf.so 
0x00007f200b2a0000 0x00007f200b2a3000 0x3000             0x0                r--p  /usr/lib/qt6/plugins/imageformats/libqavif6.so 
0x00007f200b2a3000 0x00007f200b2a8000 0x5000             0x3000             r-xp  /usr/lib/qt6/plugins/imageformats/libqavif6.so 
0x00007f200b2a8000 0x00007f200b2a9000 0x1000             0x8000             r--p  /usr/lib/qt6/plugins/imageformats/libqavif6.so 
0x00007f200b2a9000 0x00007f200b2aa000 0x1000             0x9000             r--p  /usr/lib/qt6/plugins/imageformats/libqavif6.so 
0x00007f200b2aa000 0x00007f200b2ab000 0x1000             0xa000             rw-p  /usr/lib/qt6/plugins/imageformats/libqavif6.so 
0x00007f200b2ab000 0x00007f200b2ae000 0x3000             0x0                r--p  /usr/lib/libwebp.so.7.2.0 
0x00007f200b2ae000 0x00007f200b31f000 0x71000            0x3000             r-xp  /usr/lib/libwebp.so.7.2.0 
0x00007f200b31f000 0x00007f200b32f000 0x10000            0x74000            r--p  /usr/lib/libwebp.so.7.2.0 
0x00007f200b32f000 0x00007f200b330000 0x1000             0x83000            r--p  /usr/lib/libwebp.so.7.2.0 
0x00007f200b330000 0x00007f200b331000 0x1000             0x84000            rw-p  /usr/lib/libwebp.so.7.2.0 
0x00007f200b331000 0x00007f200b332000 0x1000             0x0                rw-p   
0x00007f200b332000 0x00007f200b336000 0x4000             0x0                r--p  /usr/lib/liblzma.so.5.8.4 
0x00007f200b336000 0x00007f200b35a000 0x24000            0x4000             r-xp  /usr/lib/liblzma.so.5.8.4 
0x00007f200b35a000 0x00007f200b366000 0xc000             0x28000            r--p  /usr/lib/liblzma.so.5.8.4 
0x00007f200b366000 0x00007f200b367000 0x1000             0x34000            r--p  /usr/lib/liblzma.so.5.8.4 
0x00007f200b367000 0x00007f200b368000 0x1000             0x35000            rw-p  /usr/lib/liblzma.so.5.8.4 
0x00007f200b368000 0x00007f200b36f000 0x7000             0x0                r--p  /usr/lib/libtiff.so.6.3.0 
0x00007f200b36f000 0x00007f200b3c7000 0x58000            0x7000             r-xp  /usr/lib/libtiff.so.6.3.0 
0x00007f200b3c7000 0x00007f200b3fb000 0x34000            0x5f000            r--p  /usr/lib/libtiff.so.6.3.0 
0x00007f200b3fb000 0x00007f200b3ff000 0x4000             0x93000            r--p  /usr/lib/libtiff.so.6.3.0 
0x00007f200b3ff000 0x00007f200b400000 0x1000             0x97000            rw-p  /usr/lib/libtiff.so.6.3.0 
0x00007f200b400000 0x00007f200b675000 0x275000           0x0                r--p  /usr/share/fonts/TTF/JetBrainsMonoNerdFontMono-Regular.ttf 
0x00007f200b675000 0x00007f200b67b000 0x6000             0x0                r--s  /tmp/pk-icons-qwunluu5/cache/qmltestrunner/qmlcache/53b2070f2c2d47396c1aba5d19bb78f0f25a6a5d.qmlc (deleted) 
0x00007f200b67b000 0x00007f200b67d000 0x2000             0x0                r--p  /usr/lib/libwebpmux.so.3.1.2 
0x00007f200b67d000 0x00007f200b684000 0x7000             0x2000             r-xp  /usr/lib/libwebpmux.so.3.1.2 
0x00007f200b684000 0x00007f200b685000 0x1000             0x9000             r--p  /usr/lib/libwebpmux.so.3.1.2 
0x00007f200b685000 0x00007f200b686000 0x1000             0xa000             r--p  /usr/lib/libwebpmux.so.3.1.2 
0x00007f200b686000 0x00007f200b687000 0x1000             0xb000             rw-p  /usr/lib/libwebpmux.so.3.1.2 
0x00007f200b687000 0x00007f200b688000 0x1000             0x0                r--p  /usr/lib/libwebpdemux.so.2.0.17 
0x00007f200b688000 0x00007f200b68b000 0x3000             0x1000             r-xp  /usr/lib/libwebpdemux.so.2.0.17 
0x00007f200b68b000 0x00007f200b68c000 0x1000             0x4000             r--p  /usr/lib/libwebpdemux.so.2.0.17 
0x00007f200b68c000 0x00007f200b68d000 0x1000             0x4000             r--p  /usr/lib/libwebpdemux.so.2.0.17 
0x00007f200b68d000 0x00007f200b68e000 0x1000             0x5000             rw-p  /usr/lib/libwebpdemux.so.2.0.17 
0x00007f200b68e000 0x00007f200b691000 0x3000             0x0                r--p  /usr/lib/qt6/plugins/imageformats/libqwebp.so 
0x00007f200b691000 0x00007f200b694000 0x3000             0x3000             r-xp  /usr/lib/qt6/plugins/imageformats/libqwebp.so 
0x00007f200b694000 0x00007f200b695000 0x1000             0x6000             r--p  /usr/lib/qt6/plugins/imageformats/libqwebp.so 
0x00007f200b695000 0x00007f200b696000 0x1000             0x6000             r--p  /usr/lib/qt6/plugins/imageformats/libqwebp.so 
0x00007f200b696000 0x00007f200b697000 0x1000             0x7000             rw-p  /usr/lib/qt6/plugins/imageformats/libqwebp.so 
0x00007f200b697000 0x00007f200b699000 0x2000             0x0                r--p  /usr/lib/qt6/plugins/imageformats/libqwbmp.so 
0x00007f200b699000 0x00007f200b69b000 0x2000             0x2000             r-xp  /usr/lib/qt6/plugins/imageformats/libqwbmp.so 
0x00007f200b69b000 0x00007f200b69c000 0x1000             0x4000             r--p  /usr/lib/qt6/plugins/imageformats/libqwbmp.so 
0x00007f200b69c000 0x00007f200b69d000 0x1000             0x4000             r--p  /usr/lib/qt6/plugins/imageformats/libqwbmp.so 
0x00007f200b69d000 0x00007f200b69e000 0x1000             0x5000             rw-p  /usr/lib/qt6/plugins/imageformats/libqwbmp.so 
0x00007f200b69e000 0x00007f200b69f000 0x1000             0x0                r--p  /usr/lib/libsharpyuv.so.0.1.2 
0x00007f200b69f000 0x00007f200b6a3000 0x4000             0x1000             r-xp  /usr/lib/libsharpyuv.so.0.1.2 
0x00007f200b6a3000 0x00007f200b6a4000 0x1000             0x5000             r--p  /usr/lib/libsharpyuv.so.0.1.2 
0x00007f200b6a4000 0x00007f200b6a5000 0x1000             0x5000             r--p  /usr/lib/libsharpyuv.so.0.1.2 
0x00007f200b6a5000 0x00007f200b6a6000 0x1000             0x6000             rw-p  /usr/lib/libsharpyuv.so.0.1.2 
0x00007f200b6a6000 0x00007f200b6a7000 0x1000             0x0                rw-p   
0x00007f200b6a7000 0x00007f200b6a8000 0x1000             0x0                r--p  /usr/lib/libjbig.so.2.1 
0x00007f200b6a8000 0x00007f200b6b0000 0x8000             0x1000             r-xp  /usr/lib/libjbig.so.2.1 
0x00007f200b6b0000 0x00007f200b6b1000 0x1000             0x9000             r--p  /usr/lib/libjbig.so.2.1 
0x00007f200b6b1000 0x00007f200b6b2000 0x1000             0x9000             r--p  /usr/lib/libjbig.so.2.1 
0x00007f200b6b2000 0x00007f200b6b5000 0x3000             0xa000             rw-p  /usr/lib/libjbig.so.2.1 
0x00007f200b6b5000 0x00007f200b6b6000 0x1000             0x0                r--p  /usr/lib/libdeflate.so.0 
0x00007f200b6b6000 0x00007f200b6c6000 0x10000            0x1000             r-xp  /usr/lib/libdeflate.so.0 
0x00007f200b6c6000 0x00007f200b6cb000 0x5000             0x11000            r--p  /usr/lib/libdeflate.so.0 
0x00007f200b6cb000 0x00007f200b6cc000 0x1000             0x15000            r--p  /usr/lib/libdeflate.so.0 
0x00007f200b6cc000 0x00007f200b6cd000 0x1000             0x16000            rw-p  /usr/lib/libdeflate.so.0 
0x00007f200b6cd000 0x00007f200b6d6000 0x9000             0x0                r--p  /usr/lib/liblcms2.so.2.0.19 
0x00007f200b6d6000 0x00007f200b71d000 0x47000            0x9000             r-xp  /usr/lib/liblcms2.so.2.0.19 
0x00007f200b71d000 0x00007f200b732000 0x15000            0x50000            r--p  /usr/lib/liblcms2.so.2.0.19 
0x00007f200b732000 0x00007f200b735000 0x3000             0x64000            r--p  /usr/lib/liblcms2.so.2.0.19 
0x00007f200b735000 0x00007f200b738000 0x3000             0x67000            rw-p  /usr/lib/liblcms2.so.2.0.19 
0x00007f200b738000 0x00007f200b739000 0x1000             0x0                rw-p   
0x00007f200b739000 0x00007f200b74e000 0x15000            0x0                r--p  /usr/lib/libmng.so.2.0.2 
0x00007f200b74e000 0x00007f200b794000 0x46000            0x15000            r-xp  /usr/lib/libmng.so.2.0.2 
0x00007f200b794000 0x00007f200b7a3000 0xf000             0x5b000            r--p  /usr/lib/libmng.so.2.0.2 
0x00007f200b7a3000 0x00007f200b7a7000 0x4000             0x69000            r--p  /usr/lib/libmng.so.2.0.2 
0x00007f200b7a7000 0x00007f200b7a8000 0x1000             0x6d000            rw-p  /usr/lib/libmng.so.2.0.2 
0x00007f200b7a8000 0x00007f200b7ad000 0x5000             0x0                r--p  /usr/lib/libjasper.so.7.0.0 
0x00007f200b7ad000 0x00007f200b7e8000 0x3b000            0x5000             r-xp  /usr/lib/libjasper.so.7.0.0 
0x00007f200b7e8000 0x00007f200b7f8000 0x10000            0x40000            r--p  /usr/lib/libjasper.so.7.0.0 
0x00007f200b7f8000 0x00007f200b7fb000 0x3000             0x50000            r--p  /usr/lib/libjasper.so.7.0.0 
0x00007f200b7fb000 0x00007f200b7fc000 0x1000             0x53000            rw-p  /usr/lib/libjasper.so.7.0.0 
0x00007f200b7fc000 0x00007f200b7ff000 0x3000             0x0                rw-p   
0x00007f200b7ff000 0x00007f200c000000 0x801000           0x0                rw-p   
0x00007f200c000000 0x00007f200c6c6000 0x6c6000           0x0                rw-p   
0x00007f200c6c6000 0x00007f2010000000 0x393a000          0x0                ---p   
0x00007f2010000000 0x00007f2010001000 0x1000             0x0                r--s  /tmp/pk-icons-qwunluu5/cache/qmltestrunner/qmlcache/1257f8fccb5273426b129bc57ebb6c0427965d27.qmlc (deleted) 
0x00007f2010001000 0x00007f2010004000 0x3000             0x0                r--p  /usr/lib/qt6/plugins/imageformats/libqtiff.so 
0x00007f2010004000 0x00007f2010009000 0x5000             0x3000             r-xp  /usr/lib/qt6/plugins/imageformats/libqtiff.so 
0x00007f2010009000 0x00007f201000a000 0x1000             0x8000             r--p  /usr/lib/qt6/plugins/imageformats/libqtiff.so 
0x00007f201000a000 0x00007f201000b000 0x1000             0x9000             r--p  /usr/lib/qt6/plugins/imageformats/libqtiff.so 
0x00007f201000b000 0x00007f201000c000 0x1000             0xa000             rw-p  /usr/lib/qt6/plugins/imageformats/libqtiff.so 
0x00007f201000c000 0x00007f201000e000 0x2000             0x0                r--p  /usr/lib/qt6/plugins/imageformats/libqtga.so 
0x00007f201000e000 0x00007f2010010000 0x2000             0x2000             r-xp  /usr/lib/qt6/plugins/imageformats/libqtga.so 
0x00007f2010010000 0x00007f2010011000 0x1000             0x4000             r--p  /usr/lib/qt6/plugins/imageformats/libqtga.so 
0x00007f2010011000 0x00007f2010012000 0x1000             0x4000             r--p  /usr/lib/qt6/plugins/imageformats/libqtga.so 
0x00007f2010012000 0x00007f2010013000 0x1000             0x5000             rw-p  /usr/lib/qt6/plugins/imageformats/libqtga.so 
0x00007f2010013000 0x00007f2010016000 0x3000             0x0                r--p  /usr/lib/qt6/plugins/imageformats/libqmng.so 
0x00007f2010016000 0x00007f2010018000 0x2000             0x3000             r-xp  /usr/lib/qt6/plugins/imageformats/libqmng.so 
0x00007f2010018000 0x00007f2010019000 0x1000             0x5000             r--p  /usr/lib/qt6/plugins/imageformats/libqmng.so 
0x00007f2010019000 0x00007f201001a000 0x1000             0x6000             r--p  /usr/lib/qt6/plugins/imageformats/libqmng.so 
0x00007f201001a000 0x00007f201001b000 0x1000             0x7000             rw-p  /usr/lib/qt6/plugins/imageformats/libqmng.so 
0x00007f201001b000 0x00007f201001e000 0x3000             0x0                r--p  /usr/lib/qt6/plugins/imageformats/libqjp2.so 
0x00007f201001e000 0x00007f2010021000 0x3000             0x3000             r-xp  /usr/lib/qt6/plugins/imageformats/libqjp2.so 
0x00007f2010021000 0x00007f2010022000 0x1000             0x6000             r--p  /usr/lib/qt6/plugins/imageformats/libqjp2.so 
0x00007f2010022000 0x00007f2010023000 0x1000             0x7000             r--p  /usr/lib/qt6/plugins/imageformats/libqjp2.so 
0x00007f2010023000 0x00007f2010024000 0x1000             0x8000             rw-p  /usr/lib/qt6/plugins/imageformats/libqjp2.so 
0x00007f2010024000 0x00007f2010027000 0x3000             0x0                r--p  /usr/lib/qt6/plugins/imageformats/libqicns.so 
0x00007f2010027000 0x00007f201002c000 0x5000             0x3000             r-xp  /usr/lib/qt6/plugins/imageformats/libqicns.so 
0x00007f201002c000 0x00007f201002e000 0x2000             0x8000             r--p  /usr/lib/qt6/plugins/imageformats/libqicns.so 
0x00007f201002e000 0x00007f201002f000 0x1000             0x9000             r--p  /usr/lib/qt6/plugins/imageformats/libqicns.so 
0x00007f201002f000 0x00007f2010030000 0x1000             0xa000             rw-p  /usr/lib/qt6/plugins/imageformats/libqicns.so 
0x00007f2010030000 0x00007f201004f000 0x1f000            0x0                r--p  /usr/lib/libQt6Svg.so.6.11.2 
0x00007f201004f000 0x00007f20100c1000 0x72000            0x1f000            r-xp  /usr/lib/libQt6Svg.so.6.11.2 
0x00007f20100c1000 0x00007f20100d1000 0x10000            0x91000            r--p  /usr/lib/libQt6Svg.so.6.11.2 
0x00007f20100d1000 0x00007f20100d5000 0x4000             0xa1000            r--p  /usr/lib/libQt6Svg.so.6.11.2 
0x00007f20100d5000 0x00007f20100d6000 0x1000             0xa5000            rw-p  /usr/lib/libQt6Svg.so.6.11.2 
0x00007f20100d6000 0x00007f20100d9000 0x3000             0x0                r--p  /usr/lib/qt6/plugins/imageformats/libqsvg.so 
0x00007f20100d9000 0x00007f20100db000 0x2000             0x3000             r-xp  /usr/lib/qt6/plugins/imageformats/libqsvg.so 
0x00007f20100db000 0x00007f20100dc000 0x1000             0x5000             r--p  /usr/lib/qt6/plugins/imageformats/libqsvg.so 
0x00007f20100dc000 0x00007f20100dd000 0x1000             0x5000             r--p  /usr/lib/qt6/plugins/imageformats/libqsvg.so 
0x00007f20100dd000 0x00007f20100de000 0x1000             0x6000             rw-p  /usr/lib/qt6/plugins/imageformats/libqsvg.so 
0x00007f20100de000 0x00007f20100e3000 0x5000             0x0                r--p  /usr/lib/libjpeg.so.8.3.2 
0x00007f20100e3000 0x00007f201015d000 0x7a000            0x5000             r-xp  /usr/lib/libjpeg.so.8.3.2 
0x00007f201015d000 0x00007f2010184000 0x27000            0x7f000            r--p  /usr/lib/libjpeg.so.8.3.2 
0x00007f2010184000 0x00007f2010185000 0x1000             0xa6000            r--p  /usr/lib/libjpeg.so.8.3.2 
0x00007f2010185000 0x00007f2010186000 0x1000             0xa7000            rw-p  /usr/lib/libjpeg.so.8.3.2 
0x00007f2010186000 0x00007f201018a000 0x4000             0x0                r--p  /usr/lib/qt6/plugins/imageformats/libqjpeg.so 
0x00007f201018a000 0x00007f2010190000 0x6000             0x4000             r-xp  /usr/lib/qt6/plugins/imageformats/libqjpeg.so 
0x00007f2010190000 0x00007f2010191000 0x1000             0xa000             r--p  /usr/lib/qt6/plugins/imageformats/libqjpeg.so 
0x00007f2010191000 0x00007f2010192000 0x1000             0xb000             r--p  /usr/lib/qt6/plugins/imageformats/libqjpeg.so 
0x00007f2010192000 0x00007f2010193000 0x1000             0xc000             rw-p  /usr/lib/qt6/plugins/imageformats/libqjpeg.so 
0x00007f2010193000 0x00007f2010196000 0x3000             0x0                r--p  /usr/lib/qt6/plugins/imageformats/libqico.so 
0x00007f2010196000 0x00007f201019a000 0x4000             0x3000             r-xp  /usr/lib/qt6/plugins/imageformats/libqico.so 
0x00007f201019a000 0x00007f201019b000 0x1000             0x7000             r--p  /usr/lib/qt6/plugins/imageformats/libqico.so 
0x00007f201019b000 0x00007f201019c000 0x1000             0x7000             r--p  /usr/lib/qt6/plugins/imageformats/libqico.so 
0x00007f201019c000 0x00007f201019d000 0x1000             0x8000             rw-p  /usr/lib/qt6/plugins/imageformats/libqico.so 
0x00007f201019d000 0x00007f201019f000 0x2000             0x0                r--p  /usr/lib/qt6/plugins/imageformats/libqgif.so 
0x00007f201019f000 0x00007f20101a3000 0x4000             0x2000             r-xp  /usr/lib/qt6/plugins/imageformats/libqgif.so 
0x00007f20101a3000 0x00007f20101a4000 0x1000             0x6000             r--p  /usr/lib/qt6/plugins/imageformats/libqgif.so 
0x00007f20101a4000 0x00007f20101a5000 0x1000             0x6000             r--p  /usr/lib/qt6/plugins/imageformats/libqgif.so 
0x00007f20101a5000 0x00007f20101a6000 0x1000             0x7000             rw-p  /usr/lib/qt6/plugins/imageformats/libqgif.so 
0x00007f20101a6000 0x00007f20101a7000 0x1000             0x0                r--s  /tmp/pk-icons-qwunluu5/cache/qmltestrunner/qmlcache/6a4fc4d5dedf45af6dfd5f454341b698e015ddf5.qmlc (deleted) 
0x00007f20101a7000 0x00007f20101a9000 0x2000             0x0                r--s  /tmp/pk-icons-qwunluu5/cache/qmltestrunner/qmlcache/730977508cdcb83e51b26ec1a0dd1e100631989c.qmlc (deleted) 
0x00007f20101a9000 0x00007f20101ab000 0x2000             0x0                r--s  /tmp/pk-icons-qwunluu5/cache/qmltestrunner/qmlcache/faa6ee1a8561a9000669851d6ef6c9b2bc6c5ffe.qmlc (deleted) 
0x00007f20101ab000 0x00007f20101b5000 0xa000             0x0                r--s  /tmp/pk-icons-qwunluu5/cache/qmltestrunner/qmlcache/c5905ee3582a1fc29c7b16f44f41ea019dbff48d.qmlc (deleted) 
0x00007f20101b5000 0x00007f20101bc000 0x7000             0x0                r--s  /tmp/pk-icons-qwunluu5/cache/qmltestrunner/qmlcache/e565fb11ba31ac2680d6c45fa423ac61bdc781d2.qmlc (deleted) 
0x00007f20101bc000 0x00007f201024e000 0x92000            0x0                r--p  /usr/share/fonts/noto/NotoSansMono-Regular.ttf 
0x00007f201024e000 0x00007f20102e6000 0x98000            0x0                r--p  /usr/share/fonts/noto/NotoSans-Regular.ttf 
0x00007f20102e6000 0x00007f2010400000 0x11a000           0x0                r--s  /var/cache/fontconfig/923e285e415b1073c8df160bee08820f-le64.cache-12 
0x00007f2010400000 0x00007f201048d000 0x8d000            0x0                r--p  /usr/lib/libQt6QuickTemplates2.so.6.11.2 
0x00007f201048d000 0x00007f20105df000 0x152000           0x8d000            r-xp  /usr/lib/libQt6QuickTemplates2.so.6.11.2 
0x00007f20105df000 0x00007f201064c000 0x6d000            0x1df000           r--p  /usr/lib/libQt6QuickTemplates2.so.6.11.2 
0x00007f201064c000 0x00007f2010679000 0x2d000            0x24b000           r--p  /usr/lib/libQt6QuickTemplates2.so.6.11.2 
0x00007f2010679000 0x00007f2010685000 0xc000             0x278000           rw-p  /usr/lib/libQt6QuickTemplates2.so.6.11.2 
0x00007f2010685000 0x00007f2010686000 0x1000             0x0                r--s  /tmp/pk-icons-qwunluu5/cache/qmltestrunner/qmlcache/a0b44bcc83ba215b83c352ff363cb799ea7b2262.qmlc (deleted) 
0x00007f2010686000 0x00007f2010687000 0x1000             0x0                r--s  /tmp/pk-icons-qwunluu5/cache/qmltestrunner/qmlcache/515827f964207f02a32fb26b3fd55e7b9fcb8860.qmlc (deleted) 
0x00007f2010687000 0x00007f2010688000 0x1000             0x0                r--s  /tmp/pk-icons-qwunluu5/cache/qmltestrunner/qmlcache/58ac9a396a6c5ea7acdb18bce6b3eec1e1b0bb26.qmlc (deleted) 
0x00007f2010688000 0x00007f2010689000 0x1000             0x0                r--s  /tmp/pk-icons-qwunluu5/cache/qmltestrunner/qmlcache/0c15f237920448aff8864b985f1408431b70aa8c.qmlc (deleted) 
0x00007f2010689000 0x00007f201068a000 0x1000             0x0                r--s  /tmp/pk-icons-qwunluu5/cache/qmltestrunner/qmlcache/22f94e991cf4dd3472650749605a95d2476757d7.qmlc (deleted) 
0x00007f201068a000 0x00007f201068e000 0x4000             0x0                r--s  /tmp/pk-icons-qwunluu5/cache/qmltestrunner/qmlcache/d8d372ee5a01caa4377260923553d0c9865508d2.qmlc (deleted) 
0x00007f201068e000 0x00007f2010698000 0xa000             0x0                r--s  /tmp/pk-icons-qwunluu5/cache/qmltestrunner/qmlcache/8a1496841e73b59ca7381ff0f71eb1aef6b2399a.qmlc (deleted) 
0x00007f2010698000 0x00007f201069a000 0x2000             0x0                r--s  /tmp/pk-icons-qwunluu5/cache/qmltestrunner/qmlcache/9cf49c9644caad722bf4f1f1c695d93e8da6ba3d.qmlc (deleted) 
0x00007f201069a000 0x00007f20106a0000 0x6000             0x0                r--s  /tmp/pk-icons-qwunluu5/cache/qmltestrunner/qmlcache/5d464c32ca516e562483536a43cd08f215660b4e.qmlc (deleted) 
0x00007f20106a0000 0x00007f20106a1000 0x1000             0x0                r--s  /tmp/pk-icons-qwunluu5/cache/qmltestrunner/qmlcache/34f139740b8828ebeba109c687c41c4083a312e7.qmlc (deleted) 
0x00007f20106a1000 0x00007f20106a2000 0x1000             0x0                r--s  /tmp/pk-icons-qwunluu5/cache/qmltestrunner/qmlcache/fa8b1310fe8a993ce466055d80d5ef8425e9cbd4.qmlc (deleted) 
0x00007f20106a2000 0x00007f20106a3000 0x1000             0x0                r--s  /tmp/pk-icons-qwunluu5/cache/qmltestrunner/qmlcache/6b4c6d975bb351c572081615dd92b8d6265db88d.jsc (deleted) 
0x00007f20106a3000 0x00007f20106a5000 0x2000             0x0                r--s  /tmp/pk-icons-qwunluu5/cache/qmltestrunner/qmlcache/cf2e6984aec18a3091406130040e89947b2fccda.qmlc (deleted) 
0x00007f20106a5000 0x00007f20106a9000 0x4000             0x0                r--s  /tmp/pk-icons-qwunluu5/cache/qmltestrunner/qmlcache/72d354da7cf754f9fcf25e49d410c355703b6a7f.qmlc (deleted) 
0x00007f20106a9000 0x00007f20106aa000 0x1000             0x0                r--s  /tmp/pk-icons-qwunluu5/cache/qmltestrunner/qmlcache/9f2620d5e36bc801aa663ef8a7dd2b5b932ac606.qmlc (deleted) 
0x00007f20106aa000 0x00007f20106ab000 0x1000             0x0                r--s  /tmp/pk-icons-qwunluu5/cache/qmltestrunner/qmlcache/2f0e1f3df49ec09073ae783f1be8019926c9457d.qmlc (deleted) 
0x00007f20106ab000 0x00007f20106af000 0x4000             0x0                r--s  /tmp/pk-icons-qwunluu5/cache/qmltestrunner/qmlcache/cec79597b9d39dcf221d0c6553f8659ff2770bd0.qmlc (deleted) 
0x00007f20106af000 0x00007f20106b0000 0x1000             0x0                r--s  /tmp/pk-icons-qwunluu5/cache/qmltestrunner/qmlcache/fa228dc42752b9ccf804502ed7fc09a445c6bd52.qmlc (deleted) 
0x00007f20106b0000 0x00007f20106b2000 0x2000             0x0                r--s  /tmp/pk-icons-qwunluu5/cache/qmltestrunner/qmlcache/00ec70ff9c5097b145093ce9644a06ef49a7e76a.qmlc (deleted) 
0x00007f20106b2000 0x00007f20106c0000 0xe000             0x0                r--s  /tmp/pk-icons-qwunluu5/cache/qmltestrunner/qmlcache/908e87f3516312816d5945282bb671895610df2c.qmlc (deleted) 
0x00007f20106c0000 0x00007f20106c1000 0x1000             0x0                r--s  /tmp/pk-icons-qwunluu5/cache/qmltestrunner/qmlcache/f4c4dbf02ab83083613c087c1b879f035ec9d143.jsc (deleted) 
0x00007f20106c1000 0x00007f20106c9000 0x8000             0x0                r--s  /tmp/pk-icons-qwunluu5/cache/qmltestrunner/qmlcache/5d1eef4dcdbc168f28c1fcbce4d6ae055d426863.qmlc (deleted) 
0x00007f20106c9000 0x00007f20106ca000 0x1000             0x0                r--s  /tmp/pk-icons-qwunluu5/cache/qmltestrunner/qmlcache/c79788ccba88ca6bf7db2daa98732a85486ac252.qmlc (deleted) 
0x00007f20106ca000 0x00007f20106cc000 0x2000             0x0                r--s  /tmp/pk-icons-qwunluu5/cache/qmltestrunner/qmlcache/f82d59e2dcdfdaadd19df4e0cbaadc06fbbabbd0.qmlc (deleted) 
0x00007f20106cc000 0x00007f20106ce000 0x2000             0x0                r--s  /tmp/pk-icons-qwunluu5/cache/qmltestrunner/qmlcache/c611cc9233e62408b7ab6b04051573eb6ab00c23.qmlc (deleted) 
0x00007f20106ce000 0x00007f20106d2000 0x4000             0x0                r--s  /tmp/pk-icons-qwunluu5/cache/qmltestrunner/qmlcache/2441715438391603fb53ba8add68c80b8f6e8027.qmlc (deleted) 
0x00007f20106d2000 0x00007f20106d5000 0x3000             0x0                r--s  /tmp/pk-icons-qwunluu5/cache/qmltestrunner/qmlcache/ff9751f03f1ba12880b1d0d6cdd943280e481865.jsc (deleted) 
0x00007f20106d5000 0x00007f20106d7000 0x2000             0x0                r--s  /tmp/pk-icons-qwunluu5/cache/qmltestrunner/qmlcache/25838b96acb5cb1ec7f678e5ba0febc2a484aaa9.qmlc (deleted) 
0x00007f20106d7000 0x00007f20106d9000 0x2000             0x0                r--s  /tmp/pk-icons-qwunluu5/cache/qmltestrunner/qmlcache/afc8913758c6dae4e73631b4fc0e69979afa6166.qmlc (deleted) 
0x00007f20106d9000 0x00007f20106da000 0x1000             0x0                r--s  /tmp/pk-icons-qwunluu5/cache/qmltestrunner/qmlcache/fbe91a19e6da5aa0e6a5bd7ed8f89c387610b053.qmlc (deleted) 
0x00007f20106da000 0x00007f20106df000 0x5000             0x0                r--s  /tmp/pk-icons-qwunluu5/cache/qmltestrunner/qmlcache/baa9932b21d1e23d501a67a2bd9f9d1ed83b0143.qmlc (deleted) 
0x00007f20106df000 0x00007f20106e0000 0x1000             0x0                r--s  /tmp/pk-icons-qwunluu5/cache/qmltestrunner/qmlcache/70a383bb655534901b55b51905abdc541bdeabd7.qmlc (deleted) 
0x00007f20106e0000 0x00007f20106e1000 0x1000             0x0                r--s  /tmp/pk-icons-qwunluu5/cache/qmltestrunner/qmlcache/e56f8ff24443d2b3e036bf5fa5efaa5b35e8bdb1.qmlc (deleted) 
0x00007f20106e1000 0x00007f20106e4000 0x3000             0x0                r--s  /tmp/pk-icons-qwunluu5/cache/qmltestrunner/qmlcache/53a3e9e459c76995feb5e68976cca5340618710c.qmlc (deleted) 
0x00007f20106e4000 0x00007f20106ea000 0x6000             0x0                r--s  /tmp/pk-icons-qwunluu5/cache/qmltestrunner/qmlcache/a9267aec8196bf7e6af50796c3bdf48745264e82.qmlc (deleted) 
0x00007f20106ea000 0x00007f20106ec000 0x2000             0x0                r--s  /tmp/pk-icons-qwunluu5/cache/qmltestrunner/qmlcache/c31ceb372b62ec9dba5a23707b38859ae4a2f776.qmlc (deleted) 
0x00007f20106ec000 0x00007f20106f2000 0x6000             0x0                r--s  /tmp/pk-icons-qwunluu5/cache/qmltestrunner/qmlcache/f6e2bc8cf1aa7059b193ef351807a477375f98bd.qmlc (deleted) 
0x00007f20106f2000 0x00007f20106f5000 0x3000             0x0                r--s  /tmp/pk-icons-qwunluu5/cache/qmltestrunner/qmlcache/e17f576b9a378cd233f996662523c1a400a8a063.qmlc (deleted) 
0x00007f20106f5000 0x00007f20106f6000 0x1000             0x0                r--s  /tmp/pk-icons-qwunluu5/cache/qmltestrunner/qmlcache/9772396ba869f660c98b56f0c02c2dcd6b8a8a4b.qmlc (deleted) 
0x00007f20106f6000 0x00007f20106f8000 0x2000             0x0                r--s  /tmp/pk-icons-qwunluu5/cache/qmltestrunner/qmlcache/d79de27fc2582b2f9a5bdb4adf472281ae8b6a92.qmlc (deleted) 
0x00007f20106f8000 0x00007f20106f9000 0x1000             0x0                r--s  /tmp/pk-icons-qwunluu5/cache/qmltestrunner/qmlcache/2c7db114ccc3d57e6ac9a2cac6e721c14f718558.qmlc (deleted) 
0x00007f20106f9000 0x00007f20106fa000 0x1000             0x0                r--s  /tmp/pk-icons-qwunluu5/cache/qmltestrunner/qmlcache/a08befdb5aaf6fb7b9d3e91b521560835f981dee.qmlc (deleted) 
0x00007f20106fa000 0x00007f20106fb000 0x1000             0x0                r--s  /tmp/pk-icons-qwunluu5/cache/qmltestrunner/qmlcache/dac07a5bf495be056504e098d6d7dc712c7d4716.qmlc (deleted) 
0x00007f20106fb000 0x00007f2010703000 0x8000             0x0                r--s  /tmp/pk-icons-qwunluu5/cache/qmltestrunner/qmlcache/afac69cecaf117303da12e98bceb8b1d595f7711.qmlc (deleted) 
0x00007f2010703000 0x00007f2010705000 0x2000             0x0                r--s  /tmp/pk-icons-qwunluu5/cache/qmltestrunner/qmlcache/c4b49b73e1e8875f4f19a2c7aacf1d00c9a11127.qmlc (deleted) 
0x00007f2010705000 0x00007f2010709000 0x4000             0x0                r--s  /tmp/pk-icons-qwunluu5/cache/qmltestrunner/qmlcache/75dbbfe8e9a2b7aa0f5b85cf2731b076db242958.qmlc (deleted) 
0x00007f2010709000 0x00007f201070a000 0x1000             0x0                r--s  /tmp/pk-icons-qwunluu5/cache/qmltestrunner/qmlcache/ef3edb03ebbc734f31983969dc1b5b65a4dd0700.jsc (deleted) 
0x00007f201070a000 0x00007f2010710000 0x6000             0x0                r--s  /tmp/pk-icons-qwunluu5/cache/qmltestrunner/qmlcache/b8f8448c8040cf8a2855eceb3190c6728e25e1ea.qmlc (deleted) 
0x00007f2010710000 0x00007f2010712000 0x2000             0x0                r--s  /tmp/pk-icons-qwunluu5/cache/qmltestrunner/qmlcache/ed9cfa15da4f8090d1bacd4b3f43a28fa5bb0740.qmlc (deleted) 
0x00007f2010712000 0x00007f2010713000 0x1000             0x0                r--s  /tmp/pk-icons-qwunluu5/cache/qmltestrunner/qmlcache/b5f0e2b5a9f710ae7b9ed8b1b280de3e1d046dd9.qmlc (deleted) 
0x00007f2010713000 0x00007f2010714000 0x1000             0x0                r--s  /tmp/pk-icons-qwunluu5/cache/qmltestrunner/qmlcache/786794362f234294c9550c908ef8827bbbd6acc3.qmlc (deleted) 
0x00007f2010714000 0x00007f2010719000 0x5000             0x0                r--s  /tmp/pk-icons-qwunluu5/cache/qmltestrunner/qmlcache/35a4363eea1c6a52774f5b026efb819aa66b293d.qmlc (deleted) 
0x00007f2010719000 0x00007f201071c000 0x3000             0x0                r--s  /tmp/pk-icons-qwunluu5/cache/qmltestrunner/qmlcache/b40c3fbb0370984d8999603f8f88968ab33d343d.qmlc (deleted) 
0x00007f201071c000 0x00007f2010721000 0x5000             0x0                r--s  /tmp/pk-icons-qwunluu5/cache/qmltestrunner/qmlcache/796eb684f0373aadf625a6cf8cd26661c1440cf0.qmlc (deleted) 
0x00007f2010721000 0x00007f2010722000 0x1000             0x0                r--s  /var/cache/fontconfig/787b69f04c7448ed6c581b040220c91f-le64.cache-12 
0x00007f2010722000 0x00007f2010725000 0x3000             0x0                r--s  /var/cache/fontconfig/e552019f4ed2e530c25d313cf4ffa813-le64.cache-12 
0x00007f2010725000 0x00007f2010731000 0xc000             0x0                r--s  /var/cache/fontconfig/7d660be5d4eca970fa91d6ca176f5ce2-le64.cache-12 
0x00007f2010731000 0x00007f2010737000 0x6000             0x0                r--s  /var/cache/fontconfig/b67b32625a2bb51b023d3814a918f351-le64.cache-12 
0x00007f2010737000 0x00007f2010747000 0x10000            0x0                r--s  /var/cache/fontconfig/491f45a0a771fef1c10b9b647a97fb82-le64.cache-12 
0x00007f2010747000 0x00007f2010792000 0x4b000            0x0                r--s  /var/cache/fontconfig/f6b893a7224233d96cb72fd88691c0b4-le64.cache-12 
0x00007f2010792000 0x00007f2010795000 0x3000             0x0                r--s  /var/cache/fontconfig/f349e9996a5320f6dd491cedd2b1f964-le64.cache-12 
0x00007f2010795000 0x00007f20107a1000 0xc000             0x0                r--s  /var/cache/fontconfig/4b31aef11cb0687b6d280d34cbe23592-le64.cache-12 
0x00007f20107a1000 0x00007f20107a2000 0x1000             0x0                rw-p   
0x00007f20107a2000 0x00007f20107a3000 0x1000             0x0                rw-p   
0x00007f20107a3000 0x00007f20107a4000 0x1000             0x0                r--s  /tmp/pk-icons-qwunluu5/cache/qmltestrunner/qmlcache/551a7ef517abb1fea02f660aa4ed817aa659ce1a.qmlc (deleted) 
0x00007f20107a4000 0x00007f20107a5000 0x1000             0x0                r--s  /tmp/pk-icons-qwunluu5/cache/qmltestrunner/qmlcache/ebf5d56a390b3fd5e4b05e4bb3c4f40668c0de1f.qmlc (deleted) 
0x00007f20107a5000 0x00007f20107a7000 0x2000             0x0                r--s  /tmp/pk-icons-qwunluu5/cache/qmltestrunner/qmlcache/fc43b1b63c25abc43f68dec5113ed5f938a3410f.qmlc (deleted) 
0x00007f20107a7000 0x00007f20107af000 0x8000             0x0                r--s  /tmp/pk-icons-qwunluu5/cache/qmltestrunner/qmlcache/0588a5c5f3627a6d85d2d53aae53e6d8ca6b49a1.qmlc (deleted) 
0x00007f20107af000 0x00007f20107b0000 0x1000             0x0                r--s  /tmp/pk-icons-qwunluu5/cache/qmltestrunner/qmlcache/f663eb94a026c41100cf84336a09e834fc5d86aa.qmlc (deleted) 
0x00007f20107b0000 0x00007f20107b2000 0x2000             0x0                r--s  /tmp/pk-icons-qwunluu5/cache/qmltestrunner/qmlcache/7047da6c0fbd60d04d675ee50cac3970ba27f34d.qmlc (deleted) 
0x00007f20107b2000 0x00007f20107b3000 0x1000             0x0                r--s  /tmp/pk-icons-qwunluu5/cache/qmltestrunner/qmlcache/32d72365a08c164cdc9427b2806ea7a085f14fc8.qmlc (deleted) 
0x00007f20107b3000 0x00007f20107b4000 0x1000             0x0                r--s  /tmp/pk-icons-qwunluu5/cache/qmltestrunner/qmlcache/7bf90391716fe148a4de784d12071e3724a4c83f.qmlc (deleted) 
0x00007f20107b4000 0x00007f20107b8000 0x4000             0x0                r--s  /tmp/pk-icons-qwunluu5/cache/qmltestrunner/qmlcache/9adfe2c2784fd877556b582e73b29ec4b2576be8.qmlc (deleted) 
0x00007f20107b8000 0x00007f20107c2000 0xa000             0x0                r--s  /tmp/pk-icons-qwunluu5/cache/qmltestrunner/qmlcache/c5905ee3582a1fc29c7b16f44f41ea019dbff48d.qmlc (deleted) 
0x00007f20107c2000 0x00007f20107c3000 0x1000             0x0                r--s  /tmp/pk-icons-qwunluu5/cache/qmltestrunner/qmlcache/34112621f84487b2fed51cccac49351b5238e40e.qmlc (deleted) 
0x00007f20107c3000 0x00007f20107c7000 0x4000             0x0                r--s  /tmp/pk-icons-qwunluu5/cache/qmltestrunner/qmlcache/e8a96e634f0cd2bfa406a24f448dceffeb6b88f7.qmlc (deleted) 
0x00007f20107c7000 0x00007f20107c8000 0x1000             0x0                r--s  /tmp/pk-icons-qwunluu5/cache/qmltestrunner/qmlcache/479bdc075ce9bad85a32733562be02ece570b9d2.qmlc (deleted) 
0x00007f20107c8000 0x00007f20107cf000 0x7000             0x0                r--s  /tmp/pk-icons-qwunluu5/cache/qmltestrunner/qmlcache/c9948440a4b02711641c8f881f4cbe4a06483676.qmlc (deleted) 
0x00007f20107cf000 0x00007f20107d1000 0x2000             0x0                r--s  /tmp/pk-icons-qwunluu5/cache/qmltestrunner/qmlcache/8f37221f48b28b68082b2470fb730772863be190.qmlc (deleted) 
0x00007f20107d1000 0x00007f20107d3000 0x2000             0x0                r--s  /tmp/pk-icons-qwunluu5/cache/qmltestrunner/qmlcache/5ff965ce54bc25b81521c9ae8210a7f3004e276d.qmlc (deleted) 
0x00007f20107d3000 0x00007f20107d9000 0x6000             0x0                r--s  /tmp/pk-icons-qwunluu5/cache/qmltestrunner/qmlcache/6b192ce7935a4571e790d193cba49dc35bb5202a.qmlc (deleted) 
0x00007f20107d9000 0x00007f20107db000 0x2000             0x0                r--s  /tmp/pk-icons-qwunluu5/cache/qmltestrunner/qmlcache/e9af1772312a3a5282ce8514663c3a43822da200.qmlc (deleted) 
0x00007f20107db000 0x00007f20107e0000 0x5000             0x0                r--s  /tmp/pk-icons-qwunluu5/cache/qmltestrunner/qmlcache/c247edb1e58c86b84a10ec832363ae49b9199351.qmlc (deleted) 
0x00007f20107e0000 0x00007f20107e3000 0x3000             0x0                r--s  /tmp/pk-icons-qwunluu5/cache/qmltestrunner/qmlcache/cd6735e0ce405a3c8d69b5ce4600be3065008893.qmlc (deleted) 
0x00007f20107e3000 0x00007f20107e7000 0x4000             0x0                r--s  /tmp/pk-icons-qwunluu5/cache/qmltestrunner/qmlcache/8872a01fb82e396360d56138da37be9d91c425dc.jsc (deleted) 
0x00007f20107e7000 0x00007f20107eb000 0x4000             0x0                r--s  /tmp/pk-icons-qwunluu5/cache/qmltestrunner/qmlcache/d7785a80a7e17e14c953fd4ccd981e6b1aeb6666.qmlc (deleted) 
0x00007f20107eb000 0x00007f20107ee000 0x3000             0x0                r--s  /tmp/pk-icons-qwunluu5/cache/qmltestrunner/qmlcache/2dd727874ee4f43da85c9e38aeccd27256a94d33.qmlc (deleted) 
0x00007f20107ee000 0x00007f20107ef000 0x1000             0x0                r--s  /tmp/pk-icons-qwunluu5/cache/qmltestrunner/qmlcache/0b7aede6762db59efff1e6b22579a58a58e8349f.qmlc (deleted) 
0x00007f20107ef000 0x00007f20107f1000 0x2000             0x0                r--s  /tmp/pk-icons-qwunluu5/cache/qmltestrunner/qmlcache/c34fa2b97620a7b74d18a2edaf5c0ac3a3b007d5.qmlc (deleted) 
0x00007f20107f1000 0x00007f20107f3000 0x2000             0x0                r--s  /tmp/pk-icons-qwunluu5/cache/qmltestrunner/qmlcache/4133e2fb5c9dff773dd774ece8cecd3c640ca669.qmlc (deleted) 
0x00007f20107f3000 0x00007f20107f4000 0x1000             0x0                r--s  /tmp/pk-icons-qwunluu5/cache/qmltestrunner/qmlcache/5645131c201665f0807d4f7de32dda97cb671820.qmlc (deleted) 
0x00007f20107f4000 0x00007f20107f6000 0x2000             0x0                r--s  /tmp/pk-icons-qwunluu5/cache/qmltestrunner/qmlcache/03444ab998b85b5ec377b1acd26d311de75e264c.qmlc (deleted) 
0x00007f20107f6000 0x00007f20107fd000 0x7000             0x0                r--s  /tmp/pk-icons-qwunluu5/cache/qmltestrunner/qmlcache/e565fb11ba31ac2680d6c45fa423ac61bdc781d2.qmlc (deleted) 
0x00007f20107fd000 0x00007f2012000000 0x1803000          0x0                rw-p   
0x00007f2012000000 0x00007f2012400000 0x400000           0x0                rw-p  /memfd:JSGCHeap:QtQml (deleted) 
0x00007f2012400000 0x00007f2012401000 0x1000             0x0                ---p   
0x00007f2012401000 0x00007f2012601000 0x200000           0x1000             rw-p  /memfd:JSVMStack:QtQml (deleted) 
0x00007f2012601000 0x00007f2012602000 0x1000             0x0                ---p   
0x00007f2012602000 0x00007f2012603000 0x1000             0x0                r--s  /tmp/pk-icons-qwunluu5/cache/qmltestrunner/qmlcache/49841418e7a660fd04122d55cc91de9d95454312.qmlc (deleted) 
0x00007f2012603000 0x00007f2012608000 0x5000             0x0                r--s  /tmp/pk-icons-qwunluu5/cache/qmltestrunner/qmlcache/35f78ebed1385fa19318715f50b4a0dd279e9148.qmlc (deleted) 
0x00007f2012608000 0x00007f201260c000 0x4000             0x0                r--s  /tmp/pk-icons-qwunluu5/cache/qmltestrunner/qmlcache/a02b596e93b1abe56d015604629c0b9dc2b21920.qmlc (deleted) 
0x00007f201260c000 0x00007f2012611000 0x5000             0x0                r--s  /tmp/pk-icons-qwunluu5/cache/qmltestrunner/qmlcache/ab7144933d121ecdb019a9e2bbe80f73cef1c756.qmlc (deleted) 
0x00007f2012611000 0x00007f2012618000 0x7000             0x0                r--s  /tmp/pk-icons-qwunluu5/cache/qmltestrunner/qmlcache/4283138f2db650fd930d034fcabbc44140d89642.qmlc (deleted) 
0x00007f2012618000 0x00007f2012623000 0xb000             0x0                r--p  /usr/lib/libQt6QuickControls2Basic.so.6.11.2 
0x00007f2012623000 0x00007f2012717000 0xf4000            0xb000             r-xp  /usr/lib/libQt6QuickControls2Basic.so.6.11.2 
0x00007f2012717000 0x00007f20127e4000 0xcd000            0xff000            r--p  /usr/lib/libQt6QuickControls2Basic.so.6.11.2 
0x00007f20127e4000 0x00007f20127f9000 0x15000            0x1cb000           r--p  /usr/lib/libQt6QuickControls2Basic.so.6.11.2 
0x00007f20127f9000 0x00007f20127fa000 0x1000             0x1e0000           rw-p  /usr/lib/libQt6QuickControls2Basic.so.6.11.2 
0x00007f20127fa000 0x00007f2012800000 0x6000             0x0                rw-p   
0x00007f2012800000 0x00007f2012801000 0x1000             0x0                ---p   
0x00007f2012801000 0x00007f2012c41000 0x440000           0x1000             rw-p  /memfd:JSVMStack:QtQml (deleted) 
0x00007f2012c41000 0x00007f2012c42000 0x1000             0x0                ---p   
0x00007f2012c42000 0x00007f2012c45000 0x3000             0x0                r--s  /tmp/pk-icons-qwunluu5/cache/qmltestrunner/qmlcache/dcd0238029dda2ecfda107a7cdaeb4695c30fbbe.qmlc (deleted) 
0x00007f2012c45000 0x00007f2012c46000 0x1000             0x0                r--s  /tmp/pk-icons-qwunluu5/cache/qmltestrunner/qmlcache/8bb77173339acee6846f77dcbb01f44b7471f5af.qmlc (deleted) 
0x00007f2012c46000 0x00007f2012c47000 0x1000             0x0                r--s  /tmp/pk-icons-qwunluu5/cache/qmltestrunner/qmlcache/05ea560c88dfddb4d74b05662c6fb235017e97c7.qmlc (deleted) 
0x00007f2012c47000 0x00007f2012c51000 0xa000             0x0                r--s  /tmp/pk-icons-qwunluu5/cache/qmltestrunner/qmlcache/e9f5d30de7f36017837bd76ea881f4b5b4913b3b.qmlc (deleted) 
0x00007f2012c51000 0x00007f2012c52000 0x1000             0x0                r--s  /tmp/pk-icons-qwunluu5/cache/qmltestrunner/qmlcache/01eef0de3f78311bed2162824898c05de3677b77.qmlc (deleted) 
0x00007f2012c52000 0x00007f2012c54000 0x2000             0x0                r--s  /tmp/pk-icons-qwunluu5/cache/qmltestrunner/qmlcache/54b9fcbadc20fa00be66dd3094ad8d36ce741897.qmlc (deleted) 
0x00007f2012c54000 0x00007f2012c55000 0x1000             0x0                r--s  /tmp/pk-icons-qwunluu5/cache/qmltestrunner/qmlcache/2a9324434ca601974792b403ac1f9d52afe01534.qmlc (deleted) 
0x00007f2012c55000 0x00007f2012c5a000 0x5000             0x0                r--s  /tmp/pk-icons-qwunluu5/cache/qmltestrunner/qmlcache/50c35dd3a787e79930a14458be5897f5392768ec.qmlc (deleted) 
0x00007f2012c5a000 0x00007f2012c5e000 0x4000             0x0                r--s  /tmp/pk-icons-qwunluu5/cache/qmltestrunner/qmlcache/caff444f76a568d14c7a79460d7fa61ecc30291c.qmlc (deleted) 
0x00007f2012c5e000 0x00007f2012c65000 0x7000             0x0                r--s  /tmp/pk-icons-qwunluu5/cache/qmltestrunner/qmlcache/c0678f22400737003ee98be67d273016caec8d15.qmlc (deleted) 
0x00007f2012c65000 0x00007f2012c69000 0x4000             0x0                r--s  /tmp/pk-icons-qwunluu5/cache/qmltestrunner/qmlcache/d8d372ee5a01caa4377260923553d0c9865508d2.qmlc (deleted) 
0x00007f2012c69000 0x00007f2012c73000 0xa000             0x0                r--s  /tmp/pk-icons-qwunluu5/cache/qmltestrunner/qmlcache/a37654b674324dbcba0317621aa122c79dec69e5.qmlc (deleted) 
0x00007f2012c73000 0x00007f2012c76000 0x3000             0x0                r--s  /tmp/pk-icons-qwunluu5/cache/qmltestrunner/qmlcache/0b50e03215f319498ef4d5f4aef83ba3abf8e2b4.qmlc (deleted) 
0x00007f2012c76000 0x00007f2012c78000 0x2000             0x0                r--s  /tmp/pk-icons-qwunluu5/cache/qmltestrunner/qmlcache/1a4479ff9bf27b97ca4eb8bb837703c2d51a4bdb.qmlc (deleted) 
0x00007f2012c78000 0x00007f2012c7f000 0x7000             0x0                r--s  /tmp/pk-icons-qwunluu5/cache/qmltestrunner/qmlcache/0a806cdb9fb21656dabd60ba58a22a876fdb5d41.qmlc (deleted) 
0x00007f2012c7f000 0x00007f2012c81000 0x2000             0x0                r--s  /tmp/pk-icons-qwunluu5/cache/qmltestrunner/qmlcache/30cf67e26afb706ab9bb942bd557fa3847878ee7.qmlc (deleted) 
0x00007f2012c81000 0x00007f2012c86000 0x5000             0x0                r--s  /tmp/pk-icons-qwunluu5/cache/qmltestrunner/qmlcache/79b1542dcaa39e2991c3a17db489f78aee87d884.qmlc (deleted) 
0x00007f2012c86000 0x00007f2012c89000 0x3000             0x0                r--s  /tmp/pk-icons-qwunluu5/cache/qmltestrunner/qmlcache/9ca65ecdc35bae8fde708e4c283e4e509c68b678.qmlc (deleted) 
0x00007f2012c89000 0x00007f2012c8a000 0x1000             0x0                r--s  /tmp/pk-icons-qwunluu5/cache/qmltestrunner/qmlcache/83e3201c7e7fbc1465ac7655482cba95c7df1364.qmlc (deleted) 
0x00007f2012c8a000 0x00007f2012c8e000 0x4000             0x0                r--s  /tmp/pk-icons-qwunluu5/cache/qmltestrunner/qmlcache/e2b535f336fc66225e591a89f3c273934fa62ae7.qmlc (deleted) 
0x00007f2012c8e000 0x00007f2012c92000 0x4000             0x0                r--s  /tmp/pk-icons-qwunluu5/cache/qmltestrunner/qmlcache/b470f866a75a0c37a3399121b75fbe8d81b0d026.qmlc (deleted) 
0x00007f2012c92000 0x00007f2012c96000 0x4000             0x0                r--s  /tmp/pk-icons-qwunluu5/cache/qmltestrunner/qmlcache/c9fd337582d96814a8ebf3536d27f80dbd18f3b7.qmlc (deleted) 
0x00007f2012c96000 0x00007f2012c9d000 0x7000             0x0                r--s  /tmp/pk-icons-qwunluu5/cache/qmltestrunner/qmlcache/f445cdabbb29564588af59c70e6b948512777a36.qmlc (deleted) 
0x00007f2012c9d000 0x00007f2012ca6000 0x9000             0x0                r--s  /tmp/pk-icons-qwunluu5/cache/qmltestrunner/qmlcache/3dc65df07918e440490c19db18776516ecd34f64.qmlc (deleted) 
0x00007f2012ca6000 0x00007f2012caa000 0x4000             0x0                r--s  /tmp/pk-icons-qwunluu5/cache/qmltestrunner/qmlcache/d24ebce94f0dccc6d3f3dfd728dee52a0962c2e0.qmlc (deleted) 
0x00007f2012caa000 0x00007f2012cac000 0x2000             0x0                r--s  /tmp/pk-icons-qwunluu5/cache/qmltestrunner/qmlcache/e6427ea6fab18e85d75d8fc9b7f5a636dff78b4c.qmlc (deleted) 
0x00007f2012cac000 0x00007f2012cb2000 0x6000             0x0                r--s  /tmp/pk-icons-qwunluu5/cache/qmltestrunner/qmlcache/df7d419e87bef42868b6f7dc33c6b9253b05342b.qmlc (deleted) 
0x00007f2012cb2000 0x00007f2012cbb000 0x9000             0x0                r--s  /tmp/pk-icons-qwunluu5/cache/qmltestrunner/qmlcache/8a1496841e73b59ca7381ff0f71eb1aef6b2399a.qmlc (deleted) 
0x00007f2012cbb000 0x00007f2012cbd000 0x2000             0x0                r--s  /tmp/pk-icons-qwunluu5/cache/qmltestrunner/qmlcache/1a34fe62b221ef1c82f8d380d960a11242569d69.qmlc (deleted) 
0x00007f2012cbd000 0x00007f2012cc0000 0x3000             0x0                r--s  /tmp/pk-icons-qwunluu5/cache/qmltestrunner/qmlcache/e460e392b4200316311b24ad0aadddcecd0fbc86.qmlc (deleted) 
0x00007f2012cc0000 0x00007f2012cc2000 0x2000             0x0                r--s  /tmp/pk-icons-qwunluu5/cache/qmltestrunner/qmlcache/1c6d4292c9ca6da33a61a69ef1df444c1c3d188f.qmlc (deleted) 
0x00007f2012cc2000 0x00007f2012cc4000 0x2000             0x0                r--s  /tmp/pk-icons-qwunluu5/cache/qmltestrunner/qmlcache/7a534a6b69bbdfc486023350dbb1b1965b2c3847.qmlc (deleted) 
0x00007f2012cc4000 0x00007f2012cc5000 0x1000             0x0                r--s  /tmp/pk-icons-qwunluu5/cache/qmltestrunner/qmlcache/876675f069306ee7a5734a5f1c5396c28305efec.qmlc (deleted) 
0x00007f2012cc5000 0x00007f2012ccc000 0x7000             0x0                r--p  /usr/lib/libQt6QuickControls2BasicStyleImpl.so.6.11.2 
0x00007f2012ccc000 0x00007f2012cd4000 0x8000             0x7000             r-xp  /usr/lib/libQt6QuickControls2BasicStyleImpl.so.6.11.2 
0x00007f2012cd4000 0x00007f2012cd9000 0x5000             0xf000             r--p  /usr/lib/libQt6QuickControls2BasicStyleImpl.so.6.11.2 
0x00007f2012cd9000 0x00007f2012cdb000 0x2000             0x13000            r--p  /usr/lib/libQt6QuickControls2BasicStyleImpl.so.6.11.2 
0x00007f2012cdb000 0x00007f2012cdc000 0x1000             0x15000            rw-p  /usr/lib/libQt6QuickControls2BasicStyleImpl.so.6.11.2 
0x00007f2012cdc000 0x00007f2012cde000 0x2000             0x0                r--p  /usr/lib/qt6/qml/QtQuick/Controls/Basic/impl/libqtquickcontrols2basicstyleimplplugin.so 
0x00007f2012cde000 0x00007f2012cdf000 0x1000             0x2000             r-xp  /usr/lib/qt6/qml/QtQuick/Controls/Basic/impl/libqtquickcontrols2basicstyleimplplugin.so 
0x00007f2012cdf000 0x00007f2012ce0000 0x1000             0x3000             r--p  /usr/lib/qt6/qml/QtQuick/Controls/Basic/impl/libqtquickcontrols2basicstyleimplplugin.so 
0x00007f2012ce0000 0x00007f2012ce1000 0x1000             0x3000             r--p  /usr/lib/qt6/qml/QtQuick/Controls/Basic/impl/libqtquickcontrols2basicstyleimplplugin.so 
0x00007f2012ce1000 0x00007f2012ce2000 0x1000             0x4000             rw-p  /usr/lib/qt6/qml/QtQuick/Controls/Basic/impl/libqtquickcontrols2basicstyleimplplugin.so 
0x00007f2012ce2000 0x00007f2012cf4000 0x12000            0x0                r--p  /usr/lib/libQt6QuickLayouts.so.6.11.2 
0x00007f2012cf4000 0x00007f2012d25000 0x31000            0x12000            r-xp  /usr/lib/libQt6QuickLayouts.so.6.11.2 
0x00007f2012d25000 0x00007f2012d34000 0xf000             0x43000            r--p  /usr/lib/libQt6QuickLayouts.so.6.11.2 
0x00007f2012d34000 0x00007f2012d39000 0x5000             0x52000            r--p  /usr/lib/libQt6QuickLayouts.so.6.11.2 
0x00007f2012d39000 0x00007f2012d3b000 0x2000             0x57000            rw-p  /usr/lib/libQt6QuickLayouts.so.6.11.2 
0x00007f2012d3b000 0x00007f2012d3d000 0x2000             0x0                r--p  /usr/lib/qt6/qml/QtQuick/Layouts/libqquicklayoutsplugin.so 
0x00007f2012d3d000 0x00007f2012d3e000 0x1000             0x2000             r-xp  /usr/lib/qt6/qml/QtQuick/Layouts/libqquicklayoutsplugin.so 
0x00007f2012d3e000 0x00007f2012d3f000 0x1000             0x3000             r--p  /usr/lib/qt6/qml/QtQuick/Layouts/libqquicklayoutsplugin.so 
0x00007f2012d3f000 0x00007f2012d40000 0x1000             0x3000             r--p  /usr/lib/qt6/qml/QtQuick/Layouts/libqquicklayoutsplugin.so 
0x00007f2012d40000 0x00007f2012d41000 0x1000             0x4000             rw-p  /usr/lib/qt6/qml/QtQuick/Layouts/libqquicklayoutsplugin.so 
0x00007f2012d41000 0x00007f2012d5b000 0x1a000            0x0                r--p  /usr/lib/libQt6QuickControls2Impl.so.6.11.2 
0x00007f2012d5b000 0x00007f2012d85000 0x2a000            0x1a000            r-xp  /usr/lib/libQt6QuickControls2Impl.so.6.11.2 
0x00007f2012d85000 0x00007f2012d97000 0x12000            0x44000            r--p  /usr/lib/libQt6QuickControls2Impl.so.6.11.2 
0x00007f2012d97000 0x00007f2012d9e000 0x7000             0x55000            r--p  /usr/lib/libQt6QuickControls2Impl.so.6.11.2 
0x00007f2012d9e000 0x00007f2012da1000 0x3000             0x5c000            rw-p  /usr/lib/libQt6QuickControls2Impl.so.6.11.2 
0x00007f2012da1000 0x00007f2012da3000 0x2000             0x0                r--p  /usr/lib/qt6/qml/QtQuick/Controls/impl/libqtquickcontrols2implplugin.so 
0x00007f2012da3000 0x00007f2012da4000 0x1000             0x2000             r-xp  /usr/lib/qt6/qml/QtQuick/Controls/impl/libqtquickcontrols2implplugin.so 
0x00007f2012da4000 0x00007f2012da5000 0x1000             0x3000             r--p  /usr/lib/qt6/qml/QtQuick/Controls/impl/libqtquickcontrols2implplugin.so 
0x00007f2012da5000 0x00007f2012da6000 0x1000             0x3000             r--p  /usr/lib/qt6/qml/QtQuick/Controls/impl/libqtquickcontrols2implplugin.so 
0x00007f2012da6000 0x00007f2012da7000 0x1000             0x4000             rw-p  /usr/lib/qt6/qml/QtQuick/Controls/impl/libqtquickcontrols2implplugin.so 
0x00007f2012da7000 0x00007f2012db9000 0x12000            0x0                r--p  /usr/lib/libQt6QuickShapes.so.6.11.2 
0x00007f2012db9000 0x00007f2012de5000 0x2c000            0x12000            r-xp  /usr/lib/libQt6QuickShapes.so.6.11.2 
0x00007f2012de5000 0x00007f2012dfa000 0x15000            0x3e000            r--p  /usr/lib/libQt6QuickShapes.so.6.11.2 
0x00007f2012dfa000 0x00007f2012dfe000 0x4000             0x52000            r--p  /usr/lib/libQt6QuickShapes.so.6.11.2 
0x00007f2012dfe000 0x00007f2012e00000 0x2000             0x56000            rw-p  /usr/lib/libQt6QuickShapes.so.6.11.2 
0x00007f2012e00000 0x00007f20130ed000 0x2ed000           0x0                r--p  /usr/lib/locale/locale-archive 
0x00007f20130ed000 0x00007f20130ee000 0x1000             0x0                r--s  /tmp/pk-icons-qwunluu5/cache/qmltestrunner/qmlcache/8835ab24cc58f9c90a1104855cb7cd9ea3db6071.qmlc (deleted) 
0x00007f20130ee000 0x00007f20130f1000 0x3000             0x0                r--s  /tmp/pk-icons-qwunluu5/cache/qmltestrunner/qmlcache/fb2fa94b03d8ea004698bedb19d162561f74d1e3.jsc (deleted) 
0x00007f20130f1000 0x00007f20130f3000 0x2000             0x0                r--p  /usr/lib/qt6/qml/QtQuick/Templates/libqtquicktemplates2plugin.so 
0x00007f20130f3000 0x00007f20130f4000 0x1000             0x2000             r-xp  /usr/lib/qt6/qml/QtQuick/Templates/libqtquicktemplates2plugin.so 
0x00007f20130f4000 0x00007f20130f5000 0x1000             0x3000             r--p  /usr/lib/qt6/qml/QtQuick/Templates/libqtquicktemplates2plugin.so 
0x00007f20130f5000 0x00007f20130f6000 0x1000             0x3000             r--p  /usr/lib/qt6/qml/QtQuick/Templates/libqtquicktemplates2plugin.so 
0x00007f20130f6000 0x00007f20130f7000 0x1000             0x4000             rw-p  /usr/lib/qt6/qml/QtQuick/Templates/libqtquicktemplates2plugin.so 
0x00007f20130f7000 0x00007f20130fd000 0x6000             0x0                r--p  /usr/lib/libQt6QuickControls2.so.6.11.2 
0x00007f20130fd000 0x00007f201310a000 0xd000             0x6000             r-xp  /usr/lib/libQt6QuickControls2.so.6.11.2 
0x00007f201310a000 0x00007f201310d000 0x3000             0x13000            r--p  /usr/lib/libQt6QuickControls2.so.6.11.2 
0x00007f201310d000 0x00007f201310e000 0x1000             0x16000            r--p  /usr/lib/libQt6QuickControls2.so.6.11.2 
0x00007f201310e000 0x00007f201310f000 0x1000             0x17000            rw-p  /usr/lib/libQt6QuickControls2.so.6.11.2 
0x00007f201310f000 0x00007f2013111000 0x2000             0x0                r--p  /usr/lib/qt6/qml/QtQuick/Controls/Basic/libqtquickcontrols2basicstyleplugin.so 
0x00007f2013111000 0x00007f2013112000 0x1000             0x2000             r-xp  /usr/lib/qt6/qml/QtQuick/Controls/Basic/libqtquickcontrols2basicstyleplugin.so 
0x00007f2013112000 0x00007f2013113000 0x1000             0x3000             r--p  /usr/lib/qt6/qml/QtQuick/Controls/Basic/libqtquickcontrols2basicstyleplugin.so 
0x00007f2013113000 0x00007f2013114000 0x1000             0x3000             r--p  /usr/lib/qt6/qml/QtQuick/Controls/Basic/libqtquickcontrols2basicstyleplugin.so 
0x00007f2013114000 0x00007f2013115000 0x1000             0x4000             rw-p  /usr/lib/qt6/qml/QtQuick/Controls/Basic/libqtquickcontrols2basicstyleplugin.so 
0x00007f2013115000 0x00007f2013118000 0x3000             0x0                r--s  /tmp/pk-icons-qwunluu5/cache/qmltestrunner/qmlcache/87a33f35a52d454b955b1f4176e26456eabcd81a.qmlc (deleted) 
0x00007f2013118000 0x00007f201311b000 0x3000             0x0                r--s  /tmp/pk-icons-qwunluu5/cache/qmltestrunner/qmlcache/3528c7819750f2e7a1a8d0806818ff016a9cfec4.qmlc (deleted) 
0x00007f201311b000 0x00007f201311c000 0x1000             0x0                r--s  /tmp/pk-icons-qwunluu5/cache/qmltestrunner/qmlcache/5bc7c2715c3617226f6b4e8030e2e3ab8bd97a40.qmlc (deleted) 
0x00007f201311c000 0x00007f201311f000 0x3000             0x0                r--s  /tmp/pk-icons-qwunluu5/cache/qmltestrunner/qmlcache/c41f820cfa291daeec4235de017f0d0823cbc26f.qmlc (deleted) 
0x00007f201311f000 0x00007f201312d000 0xe000             0x0                r--s  /tmp/pk-icons-qwunluu5/cache/qmltestrunner/qmlcache/491e54abab239d78f84971dca3bb18b91ac20548.jsc (deleted) 
0x00007f201312d000 0x00007f201312e000 0x1000             0x0                r--s  /tmp/pk-icons-qwunluu5/cache/qmltestrunner/qmlcache/a3fd1a15bea79d185c8b8392414282f09c621a82.qmlc (deleted) 
0x00007f201312e000 0x00007f2013130000 0x2000             0x0                r--s  /tmp/pk-icons-qwunluu5/cache/qmltestrunner/qmlcache/af9902950347b126e74a159c226428cb4a27c335.qmlc (deleted) 
0x00007f2013130000 0x00007f2013131000 0x1000             0x0                r--s  /tmp/pk-icons-qwunluu5/cache/qmltestrunner/qmlcache/d1fca363c9a917d6f7abd67e2b9a5f3126dc1acd.qmlc (deleted) 
0x00007f2013131000 0x00007f2013134000 0x3000             0x0                r--s  /tmp/pk-icons-qwunluu5/cache/qmltestrunner/qmlcache/5dbbaa59dd64f03e37a6eea214440efcc9c9b07d.qmlc (deleted) 
0x00007f2013134000 0x00007f2013136000 0x2000             0x0                r--p  /usr/lib/qt6/qml/QtQuick/Window/libquickwindowplugin.so 
0x00007f2013136000 0x00007f2013137000 0x1000             0x2000             r-xp  /usr/lib/qt6/qml/QtQuick/Window/libquickwindowplugin.so 
0x00007f2013137000 0x00007f2013138000 0x1000             0x3000             r--p  /usr/lib/qt6/qml/QtQuick/Window/libquickwindowplugin.so 
0x00007f2013138000 0x00007f2013139000 0x1000             0x3000             r--p  /usr/lib/qt6/qml/QtQuick/Window/libquickwindowplugin.so 
0x00007f2013139000 0x00007f201313a000 0x1000             0x4000             rw-p  /usr/lib/qt6/qml/QtQuick/Window/libquickwindowplugin.so 
0x00007f201313a000 0x00007f201313c000 0x2000             0x0                r--s  /tmp/pk-icons-qwunluu5/cache/qmltestrunner/qmlcache/89b56b44ce10b1d9d6f5421f03fb69fde6acaa58.qmlc (deleted) 
0x00007f201313c000 0x00007f201313d000 0x1000             0x0                r--s  /tmp/pk-icons-qwunluu5/cache/qmltestrunner/qmlcache/f395a0a3b3c9446d161f53df82bb7a289f7d5da5.qmlc (deleted) 
0x00007f201313d000 0x00007f201313f000 0x2000             0x0                r--s  /tmp/pk-icons-qwunluu5/cache/qmltestrunner/qmlcache/7b2dc94a92ff3458663cd3a1991a45f220d062d1.qmlc (deleted) 
0x00007f201313f000 0x00007f2013141000 0x2000             0x0                r--p  /usr/lib/qt6/qml/QtQuick/Shapes/libqmlshapesplugin.so 
0x00007f2013141000 0x00007f2013142000 0x1000             0x2000             r-xp  /usr/lib/qt6/qml/QtQuick/Shapes/libqmlshapesplugin.so 
0x00007f2013142000 0x00007f2013143000 0x1000             0x3000             r--p  /usr/lib/qt6/qml/QtQuick/Shapes/libqmlshapesplugin.so 
0x00007f2013143000 0x00007f2013144000 0x1000             0x3000             r--p  /usr/lib/qt6/qml/QtQuick/Shapes/libqmlshapesplugin.so 
0x00007f2013144000 0x00007f2013145000 0x1000             0x4000             rw-p  /usr/lib/qt6/qml/QtQuick/Shapes/libqmlshapesplugin.so 
0x00007f2013145000 0x00007f2013147000 0x2000             0x0                r--s  /tmp/pk-icons-qwunluu5/cache/qmltestrunner/qmlcache/8a3273fee69bc99ccfb24c57bbe97c5591a024be.qmlc (deleted) 
0x00007f2013147000 0x00007f2013149000 0x2000             0x0                r--s  /tmp/pk-icons-qwunluu5/cache/qmltestrunner/qmlcache/4431f286e14aa34c78a03ab8fd38702b98c0cc1b.qmlc (deleted) 
0x00007f2013149000 0x00007f201314b000 0x2000             0x0                r--s  /tmp/pk-icons-qwunluu5/cache/qmltestrunner/qmlcache/a43e1f70d643fc2cac4e0946f03819646643cb6d.jsc (deleted) 
0x00007f201314b000 0x00007f201314c000 0x1000             0x0                rw-p  /memfd:unknown-usage:QtQml (deleted) 
0x00007f201314c000 0x00007f201314d000 0x1000             0x0                ---p   
0x00007f201314d000 0x00007f2013155000 0x8000             0x0                rw-p   
0x00007f2013155000 0x00007f2013165000 0x10000            0x0                rwxp   
0x00007f2013165000 0x00007f201316e000 0x9000             0x0                r--p  /usr/lib/qt6/plugins/platforms/libqoffscreen.so 
0x00007f201316e000 0x00007f201317c000 0xe000             0x9000             r-xp  /usr/lib/qt6/plugins/platforms/libqoffscreen.so 
0x00007f201317c000 0x00007f201317e000 0x2000             0x17000            r--p  /usr/lib/qt6/plugins/platforms/libqoffscreen.so 
0x00007f201317e000 0x00007f2013180000 0x2000             0x19000            r--p  /usr/lib/qt6/plugins/platforms/libqoffscreen.so 
0x00007f2013180000 0x00007f2013181000 0x1000             0x1b000            rw-p  /usr/lib/qt6/plugins/platforms/libqoffscreen.so 
0x00007f2013181000 0x00007f20131dc000 0x5b000            0x0                r--p  /usr/lib/locale/C.utf8/LC_CTYPE 
0x00007f20131dc000 0x00007f20131dd000 0x1000             0x0                r--p  /usr/lib/locale/C.utf8/LC_NUMERIC 
0x00007f20131dd000 0x00007f20131de000 0x1000             0x0                r--p  /usr/lib/locale/C.utf8/LC_TIME 
0x00007f20131de000 0x00007f20131df000 0x1000             0x0                r--p  /usr/lib/locale/C.utf8/LC_COLLATE 
0x00007f20131df000 0x00007f20131e0000 0x1000             0x0                r--p  /usr/lib/locale/C.utf8/LC_MONETARY 
0x00007f20131e0000 0x00007f20131e1000 0x1000             0x0                r--p  /usr/lib/locale/C.utf8/LC_MESSAGES/SYS_LC_MESSAGES 
0x00007f20131e1000 0x00007f20131e2000 0x1000             0x0                r--p  /usr/lib/locale/C.utf8/LC_PAPER 
0x00007f20131e2000 0x00007f20131e9000 0x7000             0x0                r--s  /usr/lib/gconv/gconv-modules.cache 
0x00007f20131e9000 0x00007f20131f8000 0xf000             0x0                rw-p   
0x00007f20131f8000 0x00007f20131fd000 0x5000             0x0                r--p  /usr/lib/libblkid.so.1.1.0 
0x00007f20131fd000 0x00007f2013226000 0x29000            0x5000             r-xp  /usr/lib/libblkid.so.1.1.0 
0x00007f2013226000 0x00007f2013231000 0xb000             0x2e000            r--p  /usr/lib/libblkid.so.1.1.0 
0x00007f2013231000 0x00007f2013237000 0x6000             0x38000            r--p  /usr/lib/libblkid.so.1.1.0 
0x00007f2013237000 0x00007f2013238000 0x1000             0x3e000            rw-p  /usr/lib/libblkid.so.1.1.0 
0x00007f2013238000 0x00007f2013247000 0xf000             0x0                r--p  /usr/lib/libunistring.so.5.2.1 
0x00007f2013247000 0x00007f201328b000 0x44000            0xf000             r-xp  /usr/lib/libunistring.so.5.2.1 
0x00007f201328b000 0x00007f201341a000 0x18f000           0x53000            r--p  /usr/lib/libunistring.so.5.2.1 
0x00007f201341a000 0x00007f201341e000 0x4000             0x1e2000           r--p  /usr/lib/libunistring.so.5.2.1 
0x00007f201341e000 0x00007f201341f000 0x1000             0x1e6000           rw-p  /usr/lib/libunistring.so.5.2.1 
0x00007f201341f000 0x00007f2013429000 0xa000             0x0                r--p  /usr/lib/libmount.so.1.1.0 
0x00007f2013429000 0x00007f2013468000 0x3f000            0xa000             r-xp  /usr/lib/libmount.so.1.1.0 
0x00007f2013468000 0x00007f2013479000 0x11000            0x49000            r--p  /usr/lib/libmount.so.1.1.0 
0x00007f2013479000 0x00007f201347b000 0x2000             0x5a000            r--p  /usr/lib/libmount.so.1.1.0 
0x00007f201347b000 0x00007f201347c000 0x1000             0x5c000            rw-p  /usr/lib/libmount.so.1.1.0 
0x00007f201347c000 0x00007f201347e000 0x2000             0x0                r--p  /usr/lib/libgmodule-2.0.so.0.8800.3 
0x00007f201347e000 0x00007f2013480000 0x2000             0x2000             r-xp  /usr/lib/libgmodule-2.0.so.0.8800.3 
0x00007f2013480000 0x00007f2013481000 0x1000             0x4000             r--p  /usr/lib/libgmodule-2.0.so.0.8800.3 
0x00007f2013481000 0x00007f2013482000 0x1000             0x4000             r--p  /usr/lib/libgmodule-2.0.so.0.8800.3 
0x00007f2013482000 0x00007f2013483000 0x1000             0x5000             rw-p  /usr/lib/libgmodule-2.0.so.0.8800.3 
0x00007f2013483000 0x00007f2013497000 0x14000            0x0                r--p  /usr/lib/libssl.so.3 
0x00007f2013497000 0x00007f2013544000 0xad000            0x14000            r-xp  /usr/lib/libssl.so.3 
0x00007f2013544000 0x00007f201356c000 0x28000            0xc1000            r--p  /usr/lib/libssl.so.3 
0x00007f201356c000 0x00007f2013576000 0xa000             0xe9000            r--p  /usr/lib/libssl.so.3 
0x00007f2013576000 0x00007f201357a000 0x4000             0xf3000            rw-p  /usr/lib/libssl.so.3 
0x00007f201357a000 0x00007f201357c000 0x2000             0x0                r--p  /usr/lib/libpsl.so.5.3.5 
0x00007f201357c000 0x00007f201357e000 0x2000             0x2000             r-xp  /usr/lib/libpsl.so.5.3.5 
0x00007f201357e000 0x00007f201358c000 0xe000             0x4000             r--p  /usr/lib/libpsl.so.5.3.5 
0x00007f201358c000 0x00007f201358d000 0x1000             0x11000            r--p  /usr/lib/libpsl.so.5.3.5 
0x00007f201358d000 0x00007f201358e000 0x1000             0x12000            rw-p  /usr/lib/libpsl.so.5.3.5 
0x00007f201358e000 0x00007f2013594000 0x6000             0x0                r--p  /usr/lib/libssh2.so.1.0.1 
0x00007f2013594000 0x00007f20135cc000 0x38000            0x6000             r-xp  /usr/lib/libssh2.so.1.0.1 
0x00007f20135cc000 0x00007f20135d9000 0xd000             0x3e000            r--p  /usr/lib/libssh2.so.1.0.1 
0x00007f20135d9000 0x00007f20135db000 0x2000             0x4b000            r--p  /usr/lib/libssh2.so.1.0.1 
0x00007f20135db000 0x00007f20135dc000 0x1000             0x4d000            rw-p  /usr/lib/libssh2.so.1.0.1 
0x00007f20135dc000 0x00007f20135de000 0x2000             0x0                r--p  /usr/lib/libidn2.so.0.4.0 
0x00007f20135de000 0x00007f20135e2000 0x4000             0x2000             r-xp  /usr/lib/libidn2.so.0.4.0 
0x00007f20135e2000 0x00007f20135fc000 0x1a000            0x6000             r--p  /usr/lib/libidn2.so.0.4.0 
0x00007f20135fc000 0x00007f20135fd000 0x1000             0x1f000            r--p  /usr/lib/libidn2.so.0.4.0 
0x00007f20135fd000 0x00007f20135fe000 0x1000             0x20000            rw-p  /usr/lib/libidn2.so.0.4.0 
0x00007f20135fe000 0x00007f2013602000 0x4000             0x0                r--p  /usr/lib/libnghttp2.so.14.29.5 
0x00007f2013602000 0x00007f2013618000 0x16000            0x4000             r-xp  /usr/lib/libnghttp2.so.14.29.5 
0x00007f2013618000 0x00007f2013624000 0xc000             0x1a000            r--p  /usr/lib/libnghttp2.so.14.29.5 
0x00007f2013624000 0x00007f2013627000 0x3000             0x25000            r--p  /usr/lib/libnghttp2.so.14.29.5 
0x00007f2013627000 0x00007f2013628000 0x1000             0x28000            rw-p  /usr/lib/libnghttp2.so.14.29.5 
0x00007f2013628000 0x00007f201362c000 0x4000             0x0                r--p  /usr/lib/libngtcp2.so.16.11.0 
0x00007f201362c000 0x00007f2013673000 0x47000            0x4000             r-xp  /usr/lib/libngtcp2.so.16.11.0 
0x00007f2013673000 0x00007f2013682000 0xf000             0x4b000            r--p  /usr/lib/libngtcp2.so.16.11.0 
0x00007f2013682000 0x00007f2013683000 0x1000             0x5a000            r--p  /usr/lib/libngtcp2.so.16.11.0 
0x00007f2013683000 0x00007f2013684000 0x1000             0x5b000            rw-p  /usr/lib/libngtcp2.so.16.11.0 
0x00007f2013684000 0x00007f2013687000 0x3000             0x0                r--p  /usr/lib/libngtcp2_crypto_ossl.so.0.3.1 
0x00007f2013687000 0x00007f201368d000 0x6000             0x3000             r-xp  /usr/lib/libngtcp2_crypto_ossl.so.0.3.1 
0x00007f201368d000 0x00007f201368f000 0x2000             0x9000             r--p  /usr/lib/libngtcp2_crypto_ossl.so.0.3.1 
0x00007f201368f000 0x00007f2013690000 0x1000             0xa000             r--p  /usr/lib/libngtcp2_crypto_ossl.so.0.3.1 
0x00007f2013690000 0x00007f2013691000 0x1000             0xb000             rw-p  /usr/lib/libngtcp2_crypto_ossl.so.0.3.1 
0x00007f2013691000 0x00007f2013694000 0x3000             0x0                r--p  /usr/lib/libnghttp3.so.9.9.0 
0x00007f2013694000 0x00007f20136a9000 0x15000            0x3000             r-xp  /usr/lib/libnghttp3.so.9.9.0 
0x00007f20136a9000 0x00007f20136b6000 0xd000             0x18000            r--p  /usr/lib/libnghttp3.so.9.9.0 
0x00007f20136b6000 0x00007f20136b7000 0x1000             0x24000            r--p  /usr/lib/libnghttp3.so.9.9.0 
0x00007f20136b7000 0x00007f20136b9000 0x2000             0x25000            rw-p  /usr/lib/libnghttp3.so.9.9.0 
0x00007f20136b9000 0x00007f20136bb000 0x2000             0x0                r--p  /usr/lib/libffi.so.8.5.0 
0x00007f20136bb000 0x00007f20136c3000 0x8000             0x2000             r-xp  /usr/lib/libffi.so.8.5.0 
0x00007f20136c3000 0x00007f20136c5000 0x2000             0xa000             r--p  /usr/lib/libffi.so.8.5.0 
0x00007f20136c5000 0x00007f20136c6000 0x1000             0xb000             r--p  /usr/lib/libffi.so.8.5.0 
0x00007f20136c6000 0x00007f20136c7000 0x1000             0xc000             rw-p  /usr/lib/libffi.so.8.5.0 
0x00007f20136c7000 0x00007f20136cd000 0x6000             0x0                r--p  /usr/lib/libduktape.so.207.20700 
0x00007f20136cd000 0x00007f2013701000 0x34000            0x6000             r-xp  /usr/lib/libduktape.so.207.20700 
0x00007f2013701000 0x00007f2013711000 0x10000            0x3a000            r--p  /usr/lib/libduktape.so.207.20700 
0x00007f2013711000 0x00007f2013712000 0x1000             0x4a000            r--p  /usr/lib/libduktape.so.207.20700 
0x00007f2013712000 0x00007f2013713000 0x1000             0x4b000            rw-p  /usr/lib/libduktape.so.207.20700 
0x00007f2013713000 0x00007f2013745000 0x32000            0x0                r--p  /usr/lib/libgio-2.0.so.0.8800.3 
0x00007f2013745000 0x00007f201386c000 0x127000           0x32000            r-xp  /usr/lib/libgio-2.0.so.0.8800.3 
0x00007f201386c000 0x00007f20138e6000 0x7a000            0x159000           r--p  /usr/lib/libgio-2.0.so.0.8800.3 
0x00007f20138e6000 0x00007f20138ef000 0x9000             0x1d2000           r--p  /usr/lib/libgio-2.0.so.0.8800.3 
0x00007f20138ef000 0x00007f20138f0000 0x1000             0x1db000           rw-p  /usr/lib/libgio-2.0.so.0.8800.3 
0x00007f20138f0000 0x00007f20138f2000 0x2000             0x0                rw-p   
0x00007f20138f2000 0x00007f20138ff000 0xd000             0x0                r--p  /usr/lib/libcurl.so.4.8.0 
0x00007f20138ff000 0x00007f20139c6000 0xc7000            0xd000             r-xp  /usr/lib/libcurl.so.4.8.0 
0x00007f20139c6000 0x00007f20139f3000 0x2d000            0xd4000            r--p  /usr/lib/libcurl.so.4.8.0 
0x00007f20139f3000 0x00007f20139fa000 0x7000             0x100000           r--p  /usr/lib/libcurl.so.4.8.0 
0x00007f20139fa000 0x00007f20139fb000 0x1000             0x107000           rw-p  /usr/lib/libcurl.so.4.8.0 
0x00007f20139fb000 0x00007f20139fc000 0x1000             0x0                rw-p   
0x00007f20139fc000 0x00007f20139fe000 0x2000             0x0                r--p  /usr/lib/libXdmcp.so.6.0.0 
0x00007f20139fe000 0x00007f2013a00000 0x2000             0x2000             r-xp  /usr/lib/libXdmcp.so.6.0.0 
0x00007f2013a00000 0x00007f2013a02000 0x2000             0x4000             r--p  /usr/lib/libXdmcp.so.6.0.0 
0x00007f2013a02000 0x00007f2013a03000 0x1000             0x5000             r--p  /usr/lib/libXdmcp.so.6.0.0 
0x00007f2013a03000 0x00007f2013a04000 0x1000             0x6000             rw-p  /usr/lib/libXdmcp.so.6.0.0 
0x00007f2013a04000 0x00007f2013a10000 0xc000             0x0                r--p  /usr/lib/libgobject-2.0.so.0.8800.3 
0x00007f2013a10000 0x00007f2013a49000 0x39000            0xc000             r-xp  /usr/lib/libgobject-2.0.so.0.8800.3 
0x00007f2013a49000 0x00007f2013a63000 0x1a000            0x45000            r--p  /usr/lib/libgobject-2.0.so.0.8800.3 
0x00007f2013a63000 0x00007f2013a66000 0x3000             0x5e000            r--p  /usr/lib/libgobject-2.0.so.0.8800.3 
0x00007f2013a66000 0x00007f2013a67000 0x1000             0x61000            rw-p  /usr/lib/libgobject-2.0.so.0.8800.3 
0x00007f2013a67000 0x00007f2013a6a000 0x3000             0x0                r--p  /usr/lib/libproxy/libpxbackend-1.0.so 
0x00007f2013a6a000 0x00007f2013a70000 0x6000             0x3000             r-xp  /usr/lib/libproxy/libpxbackend-1.0.so 
0x00007f2013a70000 0x00007f2013a74000 0x4000             0x9000             r--p  /usr/lib/libproxy/libpxbackend-1.0.so 
0x00007f2013a74000 0x00007f2013a75000 0x1000             0xd000             r--p  /usr/lib/libproxy/libpxbackend-1.0.so 
0x00007f2013a75000 0x00007f2013a76000 0x1000             0xe000             rw-p  /usr/lib/libproxy/libpxbackend-1.0.so 
0x00007f2013a76000 0x00007f2013a79000 0x3000             0x0                r--p  /usr/lib/libresolv.so.2 
0x00007f2013a79000 0x00007f2013a82000 0x9000             0x3000             r-xp  /usr/lib/libresolv.so.2 
0x00007f2013a82000 0x00007f2013a85000 0x3000             0xc000             r--p  /usr/lib/libresolv.so.2 
0x00007f2013a85000 0x00007f2013a86000 0x1000             0xf000             r--p  /usr/lib/libresolv.so.2 
0x00007f2013a86000 0x00007f2013a87000 0x1000             0x10000            rw-p  /usr/lib/libresolv.so.2 
0x00007f2013a87000 0x00007f2013a89000 0x2000             0x0                rw-p   
0x00007f2013a89000 0x00007f2013a8c000 0x3000             0x0                r--p  /usr/lib/libkrb5support.so.0.1 
0x00007f2013a8c000 0x00007f2013a93000 0x7000             0x3000             r-xp  /usr/lib/libkrb5support.so.0.1 
0x00007f2013a93000 0x00007f2013a96000 0x3000             0xa000             r--p  /usr/lib/libkrb5support.so.0.1 
0x00007f2013a96000 0x00007f2013a97000 0x1000             0xc000             r--p  /usr/lib/libkrb5support.so.0.1 
0x00007f2013a97000 0x00007f2013a98000 0x1000             0xd000             rw-p  /usr/lib/libkrb5support.so.0.1 
0x00007f2013a98000 0x00007f2013a9b000 0x3000             0x0                r--p  /usr/lib/libk5crypto.so.3.1 
0x00007f2013a9b000 0x00007f2013ab7000 0x1c000            0x3000             r-xp  /usr/lib/libk5crypto.so.3.1 
0x00007f2013ab7000 0x00007f2013ac3000 0xc000             0x1f000            r--p  /usr/lib/libk5crypto.so.3.1 
0x00007f2013ac3000 0x00007f2013ac5000 0x2000             0x2a000            r--p  /usr/lib/libk5crypto.so.3.1 
0x00007f2013ac5000 0x00007f2013ac6000 0x1000             0x2c000            rw-p  /usr/lib/libk5crypto.so.3.1 
0x00007f2013ac6000 0x00007f2013ad7000 0x11000            0x0                r--p  /usr/lib/libkrb5.so.3.3 
0x00007f2013ad7000 0x00007f2013b47000 0x70000            0x11000            r-xp  /usr/lib/libkrb5.so.3.3 
0x00007f2013b47000 0x00007f2013b85000 0x3e000            0x81000            r--p  /usr/lib/libkrb5.so.3.3 
0x00007f2013b85000 0x00007f2013b93000 0xe000             0xbf000            r--p  /usr/lib/libkrb5.so.3.3 
0x00007f2013b93000 0x00007f2013b95000 0x2000             0xcd000            rw-p  /usr/lib/libkrb5.so.3.3 
0x00007f2013b95000 0x00007f2013b96000 0x1000             0x0                r--p  /usr/lib/libbrotlicommon.so.1.2.0 
0x00007f2013b96000 0x00007f2013b97000 0x1000             0x1000             r-xp  /usr/lib/libbrotlicommon.so.1.2.0 
0x00007f2013b97000 0x00007f2013bb6000 0x1f000            0x2000             r--p  /usr/lib/libbrotlicommon.so.1.2.0 
0x00007f2013bb6000 0x00007f2013bb7000 0x1000             0x21000            r--p  /usr/lib/libbrotlicommon.so.1.2.0 
0x00007f2013bb7000 0x00007f2013bb8000 0x1000             0x22000            rw-p  /usr/lib/libbrotlicommon.so.1.2.0 
0x00007f2013bb8000 0x00007f2013bba000 0x2000             0x0                r--p  /usr/lib/libbz2.so.1.0.8 
0x00007f2013bba000 0x00007f2013bc7000 0xd000             0x2000             r-xp  /usr/lib/libbz2.so.1.0.8 
0x00007f2013bc7000 0x00007f2013bc9000 0x2000             0xf000             r--p  /usr/lib/libbz2.so.1.0.8 
0x00007f2013bc9000 0x00007f2013bca000 0x1000             0x10000            r--p  /usr/lib/libbz2.so.1.0.8 
0x00007f2013bca000 0x00007f2013bcb000 0x1000             0x11000            rw-p  /usr/lib/libbz2.so.1.0.8 
0x00007f2013bcb000 0x00007f2013bcd000 0x2000             0x0                r--p  /usr/lib/libgraphite2.so.3.3.1 
0x00007f2013bcd000 0x00007f2013be6000 0x19000            0x2000             r-xp  /usr/lib/libgraphite2.so.3.3.1 
0x00007f2013be6000 0x00007f2013beb000 0x5000             0x1b000            r--p  /usr/lib/libgraphite2.so.3.3.1 
0x00007f2013beb000 0x00007f2013bed000 0x2000             0x1f000            r--p  /usr/lib/libgraphite2.so.3.3.1 
0x00007f2013bed000 0x00007f2013bee000 0x1000             0x21000            rw-p  /usr/lib/libgraphite2.so.3.3.1 
0x00007f2013bee000 0x00007f2013bfc000 0xe000             0x0                r--p  /usr/lib/libdbus-1.so.3.38.3 
0x00007f2013bfc000 0x00007f2013c2d000 0x31000            0xe000             r-xp  /usr/lib/libdbus-1.so.3.38.3 
0x00007f2013c2d000 0x00007f2013c3e000 0x11000            0x3f000            r--p  /usr/lib/libdbus-1.so.3.38.3 
0x00007f2013c3e000 0x00007f2013c40000 0x2000             0x4f000            r--p  /usr/lib/libdbus-1.so.3.38.3 
0x00007f2013c40000 0x00007f2013c41000 0x1000             0x51000            rw-p  /usr/lib/libdbus-1.so.3.38.3 
0x00007f2013c41000 0x00007f2013c43000 0x2000             0x0                r--p  /usr/lib/libexpat.so.1.12.4 
0x00007f2013c43000 0x00007f2013c63000 0x20000            0x2000             r-xp  /usr/lib/libexpat.so.1.12.4 
0x00007f2013c63000 0x00007f2013c6c000 0x9000             0x22000            r--p  /usr/lib/libexpat.so.1.12.4 
0x00007f2013c6c000 0x00007f2013c6e000 0x2000             0x2a000            r--p  /usr/lib/libexpat.so.1.12.4 
0x00007f2013c6e000 0x00007f2013c6f000 0x1000             0x2c000            rw-p  /usr/lib/libexpat.so.1.12.4 
0x00007f2013c6f000 0x00007f2013c71000 0x2000             0x0                r--p  /usr/lib/libGLdispatch.so.0.0.0 
0x00007f2013c71000 0x00007f2013cb0000 0x3f000            0x2000             r-xp  /usr/lib/libGLdispatch.so.0.0.0 
0x00007f2013cb0000 0x00007f2013cc3000 0x13000            0x41000            r--p  /usr/lib/libGLdispatch.so.0.0.0 
0x00007f2013cc3000 0x00007f2013cdf000 0x1c000            0x54000            r--p  /usr/lib/libGLdispatch.so.0.0.0 
0x00007f2013cdf000 0x00007f2013ce0000 0x1000             0x70000            rw-p  /usr/lib/libGLdispatch.so.0.0.0 
0x00007f2013ce0000 0x00007f2013ce8000 0x8000             0x0                rw-p   
0x00007f2013ce8000 0x00007f2013cf1000 0x9000             0x0                r--p  /usr/lib/libgssapi_krb5.so.2.2 
0x00007f2013cf1000 0x00007f2013d31000 0x40000            0x9000             r-xp  /usr/lib/libgssapi_krb5.so.2.2 
0x00007f2013d31000 0x00007f2013d3d000 0xc000             0x49000            r--p  /usr/lib/libgssapi_krb5.so.2.2 
0x00007f2013d3d000 0x00007f2013d3f000 0x2000             0x55000            r--p  /usr/lib/libgssapi_krb5.so.2.2 
0x00007f2013d3f000 0x00007f2013d40000 0x1000             0x57000            rw-p  /usr/lib/libgssapi_krb5.so.2.2 
0x00007f2013d40000 0x00007f2013d41000 0x1000             0x0                r--p  /usr/lib/libbrotlienc.so.1.2.0 
0x00007f2013d41000 0x00007f2013dae000 0x6d000            0x1000             r-xp  /usr/lib/libbrotlienc.so.1.2.0 
0x00007f2013dae000 0x00007f2013dfe000 0x50000            0x6e000            r--p  /usr/lib/libbrotlienc.so.1.2.0 
0x00007f2013dfe000 0x00007f2013dff000 0x1000             0xbd000            r--p  /usr/lib/libbrotlienc.so.1.2.0 
0x00007f2013dff000 0x00007f2013e00000 0x1000             0xbe000            rw-p  /usr/lib/libbrotlienc.so.1.2.0 
0x00007f2013e00000 0x00007f2015d94000 0x1f94000          0x0                r--p  /usr/lib/libicudata.so.78.3 
0x00007f2015d94000 0x00007f2015d95000 0x1000             0x1f93000          r--p  /usr/lib/libicudata.so.78.3 
0x00007f2015d95000 0x00007f2015d97000 0x2000             0x0                rw-p   
0x00007f2015d97000 0x00007f2015d99000 0x2000             0x0                r--p  /usr/lib/libkeyutils.so.1.10 
0x00007f2015d99000 0x00007f2015d9b000 0x2000             0x2000             r-xp  /usr/lib/libkeyutils.so.1.10 
0x00007f2015d9b000 0x00007f2015d9c000 0x1000             0x4000             r--p  /usr/lib/libkeyutils.so.1.10 
0x00007f2015d9c000 0x00007f2015d9d000 0x1000             0x4000             r--p  /usr/lib/libkeyutils.so.1.10 
0x00007f2015d9d000 0x00007f2015d9e000 0x1000             0x5000             rw-p  /usr/lib/libkeyutils.so.1.10 
0x00007f2015d9e000 0x00007f2015da9000 0xb000             0x0                r--p  /usr/lib/libgomp.so.1.0.0 
0x00007f2015da9000 0x00007f2015de7000 0x3e000            0xb000             r-xp  /usr/lib/libgomp.so.1.0.0 
0x00007f2015de7000 0x00007f2015df6000 0xf000             0x49000            r--p  /usr/lib/libgomp.so.1.0.0 
0x00007f2015df6000 0x00007f2015df7000 0x1000             0x57000            r--p  /usr/lib/libgomp.so.1.0.0 
0x00007f2015df7000 0x00007f2015df8000 0x1000             0x58000            rw-p  /usr/lib/libgomp.so.1.0.0 
0x00007f2015df8000 0x00007f2015dfb000 0x3000             0x0                r--p  /usr/lib/libpcre2-8.so.0.16.0 
0x00007f2015dfb000 0x00007f2015e7d000 0x82000            0x3000             r-xp  /usr/lib/libpcre2-8.so.0.16.0 
0x00007f2015e7d000 0x00007f2015ea9000 0x2c000            0x85000            r--p  /usr/lib/libpcre2-8.so.0.16.0 
0x00007f2015ea9000 0x00007f2015eaa000 0x1000             0xb0000            r--p  /usr/lib/libpcre2-8.so.0.16.0 
0x00007f2015eaa000 0x00007f2015eab000 0x1000             0xb1000            rw-p  /usr/lib/libpcre2-8.so.0.16.0 
0x00007f2015eab000 0x00007f2015eb1000 0x6000             0x0                r--p  /usr/lib/libfreetype.so.6.20.6 
0x00007f2015eb1000 0x00007f2015f49000 0x98000            0x6000             r-xp  /usr/lib/libfreetype.so.6.20.6 
0x00007f2015f49000 0x00007f2015f72000 0x29000            0x9e000            r--p  /usr/lib/libfreetype.so.6.20.6 
0x00007f2015f72000 0x00007f2015f7a000 0x8000             0xc6000            r--p  /usr/lib/libfreetype.so.6.20.6 
0x00007f2015f7a000 0x00007f2015f7b000 0x1000             0xce000            rw-p  /usr/lib/libfreetype.so.6.20.6 
0x00007f2015f7b000 0x00007f2015f88000 0xd000             0x0                r--p  /usr/lib/libharfbuzz.so.0.61440.0 
0x00007f2015f88000 0x00007f2016083000 0xfb000            0xd000             r-xp  /usr/lib/libharfbuzz.so.0.61440.0 
0x00007f2016083000 0x00007f20160b7000 0x34000            0x108000           r--p  /usr/lib/libharfbuzz.so.0.61440.0 
0x00007f20160b7000 0x00007f20160b9000 0x2000             0x13b000           r--p  /usr/lib/libharfbuzz.so.0.61440.0 
0x00007f20160b9000 0x00007f20160ba000 0x1000             0x13d000           rw-p  /usr/lib/libharfbuzz.so.0.61440.0 
0x00007f20160ba000 0x00007f20160d5000 0x1b000            0x0                r--p  /usr/lib/libQt6DBus.so.6.11.2 
0x00007f20160d5000 0x00007f2016165000 0x90000            0x1b000            r-xp  /usr/lib/libQt6DBus.so.6.11.2 
0x00007f2016165000 0x00007f2016180000 0x1b000            0xab000            r--p  /usr/lib/libQt6DBus.so.6.11.2 
0x00007f2016180000 0x00007f2016184000 0x4000             0xc6000            r--p  /usr/lib/libQt6DBus.so.6.11.2 
0x00007f2016184000 0x00007f2016186000 0x2000             0xca000            rw-p  /usr/lib/libQt6DBus.so.6.11.2 
0x00007f2016186000 0x00007f2016187000 0x1000             0x0                rw-p   
0x00007f2016187000 0x00007f201619e000 0x17000            0x0                r--p  /usr/lib/libX11.so.6.4.0 
0x00007f201619e000 0x00007f2016233000 0x95000            0x17000            r-xp  /usr/lib/libX11.so.6.4.0 
0x00007f2016233000 0x00007f20162c2000 0x8f000            0xac000            r--p  /usr/lib/libX11.so.6.4.0 
0x00007f20162c2000 0x00007f20162c5000 0x3000             0x13a000           r--p  /usr/lib/libX11.so.6.4.0 
0x00007f20162c5000 0x00007f20162c9000 0x4000             0x13d000           rw-p  /usr/lib/libX11.so.6.4.0 
0x00007f20162c9000 0x00007f201630e000 0x45000            0x0                r--p  /usr/lib/libQt6Network.so.6.11.2 
0x00007f201630e000 0x00007f2016452000 0x144000           0x45000            r-xp  /usr/lib/libQt6Network.so.6.11.2 
0x00007f2016452000 0x00007f20164af000 0x5d000            0x189000           r--p  /usr/lib/libQt6Network.so.6.11.2 
0x00007f20164af000 0x00007f20164b9000 0xa000             0x1e5000           r--p  /usr/lib/libQt6Network.so.6.11.2 
0x00007f20164b9000 0x00007f20164be000 0x5000             0x1ef000           rw-p  /usr/lib/libQt6Network.so.6.11.2 
0x00007f20164be000 0x00007f20164c0000 0x2000             0x0                rw-p   
0x00007f20164c0000 0x00007f20164e8000 0x28000            0x0                r--p  /usr/lib/libQt6QmlModels.so.6.11.2 
0x00007f20164e8000 0x00007f20165ae000 0xc6000            0x28000            r-xp  /usr/lib/libQt6QmlModels.so.6.11.2 
0x00007f20165ae000 0x00007f20165d5000 0x27000            0xee000            r--p  /usr/lib/libQt6QmlModels.so.6.11.2 
0x00007f20165d5000 0x00007f20165de000 0x9000             0x114000           r--p  /usr/lib/libQt6QmlModels.so.6.11.2 
0x00007f20165de000 0x00007f20165e3000 0x5000             0x11d000           rw-p  /usr/lib/libQt6QmlModels.so.6.11.2 
0x00007f20165e3000 0x00007f20165f3000 0x10000            0x0                r--p  /usr/lib/libm.so.6 
0x00007f20165f3000 0x00007f201668f000 0x9c000            0x10000            r-xp  /usr/lib/libm.so.6 
0x00007f201668f000 0x00007f2016718000 0x89000            0xac000            r--p  /usr/lib/libm.so.6 
0x00007f2016718000 0x00007f2016719000 0x1000             0x134000           r--p  /usr/lib/libm.so.6 
0x00007f2016719000 0x00007f201671a000 0x1000             0x135000           rw-p  /usr/lib/libm.so.6 
0x00007f201671a000 0x00007f2016726000 0xc000             0x0                r--p  /usr/lib/libzstd.so.1.5.7 
0x00007f2016726000 0x00007f20167ed000 0xc7000            0xc000             r-xp  /usr/lib/libzstd.so.1.5.7 
0x00007f20167ed000 0x00007f20167fe000 0x11000            0xd3000            r--p  /usr/lib/libzstd.so.1.5.7 
0x00007f20167fe000 0x00007f20167ff000 0x1000             0xe4000            r--p  /usr/lib/libzstd.so.1.5.7 
0x00007f20167ff000 0x00007f2016800000 0x1000             0xe5000            rw-p  /usr/lib/libzstd.so.1.5.7 
0x00007f2016800000 0x00007f2016853000 0x53000            0x0                r--p  /usr/lib/libcrypto.so.3 
0x00007f2016853000 0x00007f2016bff000 0x3ac000           0x53000            r-xp  /usr/lib/libcrypto.so.3 
0x00007f2016bff000 0x00007f2016d25000 0x126000           0x3ff000           r--p  /usr/lib/libcrypto.so.3 
0x00007f2016d25000 0x00007f2016da3000 0x7e000            0x525000           r--p  /usr/lib/libcrypto.so.3 
0x00007f2016da3000 0x00007f2016da6000 0x3000             0x5a3000           rw-p  /usr/lib/libcrypto.so.3 
0x00007f2016da6000 0x00007f2016da9000 0x3000             0x0                rw-p   
0x00007f2016da9000 0x00007f2016daa000 0x1000             0x0                r--p  /usr/lib/locale/C.utf8/LC_NAME 
0x00007f2016daa000 0x00007f2016db6000 0xc000             0x0                r--p  /usr/lib/libxcb.so.1.1.0 
0x00007f2016db6000 0x00007f2016dca000 0x14000            0xc000             r-xp  /usr/lib/libxcb.so.1.1.0 
0x00007f2016dca000 0x00007f2016dd3000 0x9000             0x20000            r--p  /usr/lib/libxcb.so.1.1.0 
0x00007f2016dd3000 0x00007f2016dd4000 0x1000             0x28000            r--p  /usr/lib/libxcb.so.1.1.0 
0x00007f2016dd4000 0x00007f2016dd5000 0x1000             0x29000            rw-p  /usr/lib/libxcb.so.1.1.0 
0x00007f2016dd5000 0x00007f2016ddb000 0x6000             0x0                r--p  /usr/lib/libQt6QmlWorkerScript.so.6.11.2 
0x00007f2016ddb000 0x00007f2016de5000 0xa000             0x6000             r-xp  /usr/lib/libQt6QmlWorkerScript.so.6.11.2 
0x00007f2016de5000 0x00007f2016de8000 0x3000             0x10000            r--p  /usr/lib/libQt6QmlWorkerScript.so.6.11.2 
0x00007f2016de8000 0x00007f2016de9000 0x1000             0x13000            r--p  /usr/lib/libQt6QmlWorkerScript.so.6.11.2 
0x00007f2016de9000 0x00007f2016dea000 0x1000             0x14000            rw-p  /usr/lib/libQt6QmlWorkerScript.so.6.11.2 
0x00007f2016dea000 0x00007f2016deb000 0x1000             0x0                r--p  /usr/lib/libmd4c.so.0.5.3 
0x00007f2016deb000 0x00007f2016dfb000 0x10000            0x1000             r-xp  /usr/lib/libmd4c.so.0.5.3 
0x00007f2016dfb000 0x00007f2016dfe000 0x3000             0x11000            r--p  /usr/lib/libmd4c.so.0.5.3 
0x00007f2016dfe000 0x00007f2016dff000 0x1000             0x14000            r--p  /usr/lib/libmd4c.so.0.5.3 
0x00007f2016dff000 0x00007f2016e00000 0x1000             0x15000            rw-p  /usr/lib/libmd4c.so.0.5.3 
0x00007f2016e00000 0x00007f2016e48000 0x48000            0x0                r--p  /usr/lib/libicuuc.so.78.3 
0x00007f2016e48000 0x00007f2016f65000 0x11d000           0x48000            r-xp  /usr/lib/libicuuc.so.78.3 
0x00007f2016f65000 0x00007f2016ff8000 0x93000            0x165000           r--p  /usr/lib/libicuuc.so.78.3 
0x00007f2016ff8000 0x00007f201700b000 0x13000            0x1f8000           r--p  /usr/lib/libicuuc.so.78.3 
0x00007f201700b000 0x00007f201700c000 0x1000             0x20b000           rw-p  /usr/lib/libicuuc.so.78.3 
0x00007f201700c000 0x00007f201700e000 0x2000             0x0                rw-p   
0x00007f201700e000 0x00007f2017030000 0x22000            0x0                r--p  /usr/lib/libQt6OpenGL.so.6.11.2 
0x00007f2017030000 0x00007f201708f000 0x5f000            0x22000            r-xp  /usr/lib/libQt6OpenGL.so.6.11.2 
0x00007f201708f000 0x00007f20170b2000 0x23000            0x81000            r--p  /usr/lib/libQt6OpenGL.so.6.11.2 
0x00007f20170b2000 0x00007f20170b5000 0x3000             0xa3000            r--p  /usr/lib/libQt6OpenGL.so.6.11.2 
0x00007f20170b5000 0x00007f20170b6000 0x1000             0xa6000            rw-p  /usr/lib/libQt6OpenGL.so.6.11.2 
0x00007f20170b6000 0x00007f20170b7000 0x1000             0x0                rw-p   
0x00007f20170b7000 0x00007f20170cc000 0x15000            0x0                r--p  /usr/lib/libsystemd.so.0.44.0 
0x00007f20170cc000 0x00007f20171a5000 0xd9000            0x15000            r-xp  /usr/lib/libsystemd.so.0.44.0 
0x00007f20171a5000 0x00007f20171f4000 0x4f000            0xee000            r--p  /usr/lib/libsystemd.so.0.44.0 
0x00007f20171f4000 0x00007f20171fe000 0xa000             0x13c000           r--p  /usr/lib/libsystemd.so.0.44.0 
0x00007f20171fe000 0x00007f20171ff000 0x1000             0x146000           rw-p  /usr/lib/libsystemd.so.0.44.0 
0x00007f20171ff000 0x00007f2017200000 0x1000             0x0                rw-p   
0x00007f2017200000 0x00007f20172dc000 0xdc000            0x0                r--p  /usr/lib/libicui18n.so.78.3 
0x00007f20172dc000 0x00007f20174e6000 0x20a000           0xdc000            r-xp  /usr/lib/libicui18n.so.78.3 
0x00007f20174e6000 0x00007f2017579000 0x93000            0x2e6000           r--p  /usr/lib/libicui18n.so.78.3 
0x00007f2017579000 0x00007f201758c000 0x13000            0x379000           r--p  /usr/lib/libicui18n.so.78.3 
0x00007f201758c000 0x00007f201758d000 0x1000             0x38c000           rw-p  /usr/lib/libicui18n.so.78.3 
0x00007f201758d000 0x00007f2017592000 0x5000             0x0                rw-p   
0x00007f2017592000 0x00007f2017598000 0x6000             0x0                r--p  /usr/lib/libpng16.so.16.58.0 
0x00007f2017598000 0x00007f20175c3000 0x2b000            0x6000             r-xp  /usr/lib/libpng16.so.16.58.0 
0x00007f20175c3000 0x00007f20175cd000 0xa000             0x31000            r--p  /usr/lib/libpng16.so.16.58.0 
0x00007f20175cd000 0x00007f20175ce000 0x1000             0x3a000            r--p  /usr/lib/libpng16.so.16.58.0 
0x00007f20175ce000 0x00007f20175cf000 0x1000             0x3b000            rw-p  /usr/lib/libpng16.so.16.58.0 
0x00007f20175cf000 0x00007f20175d1000 0x2000             0x0                r--p  /usr/lib/libGLX.so.0.0.0 
0x00007f20175d1000 0x00007f20175eb000 0x1a000            0x2000             r-xp  /usr/lib/libGLX.so.0.0.0 
0x00007f20175eb000 0x00007f20175ee000 0x3000             0x1c000            r--p  /usr/lib/libGLX.so.0.0.0 
0x00007f20175ee000 0x00007f20175ef000 0x1000             0x1f000            r--p  /usr/lib/libGLX.so.0.0.0 
0x00007f20175ef000 0x00007f20175f0000 0x1000             0x20000            rw-p  /usr/lib/libGLX.so.0.0.0 
0x00007f20175f0000 0x00007f2017600000 0x10000            0x0                rw-p   
0x00007f2017600000 0x00007f201769a000 0x9a000            0x0                r--p  /usr/lib/libstdc++.so.6.0.36 
0x00007f201769a000 0x00007f201781d000 0x183000           0x9a000            r-xp  /usr/lib/libstdc++.so.6.0.36 
0x00007f201781d000 0x00007f20178bd000 0xa0000            0x21d000           r--p  /usr/lib/libstdc++.so.6.0.36 
0x00007f20178bd000 0x00007f20178ce000 0x11000            0x2bc000           r--p  /usr/lib/libstdc++.so.6.0.36 
0x00007f20178ce000 0x00007f20178cf000 0x1000             0x2cd000           rw-p  /usr/lib/libstdc++.so.6.0.36 
0x00007f20178cf000 0x00007f20178d3000 0x4000             0x0                rw-p   
0x00007f20178d3000 0x00007f20178d4000 0x1000             0x0                r--p  /usr/lib/locale/C.utf8/LC_ADDRESS 
0x00007f20178d4000 0x00007f20178d5000 0x1000             0x0                r--p  /usr/lib/libXau.so.6.0.0 
0x00007f20178d5000 0x00007f20178d6000 0x1000             0x1000             r-xp  /usr/lib/libXau.so.6.0.0 
0x00007f20178d6000 0x00007f20178d7000 0x1000             0x2000             r--p  /usr/lib/libXau.so.6.0.0 
0x00007f20178d7000 0x00007f20178d8000 0x1000             0x2000             r--p  /usr/lib/libXau.so.6.0.0 
0x00007f20178d8000 0x00007f20178d9000 0x1000             0x3000             rw-p  /usr/lib/libXau.so.6.0.0 
0x00007f20178d9000 0x00007f20178db000 0x2000             0x0                r--p  /usr/lib/libcom_err.so.2.1 
0x00007f20178db000 0x00007f20178dc000 0x1000             0x2000             r-xp  /usr/lib/libcom_err.so.2.1 
0x00007f20178dc000 0x00007f20178dd000 0x1000             0x3000             r--p  /usr/lib/libcom_err.so.2.1 
0x00007f20178dd000 0x00007f20178de000 0x1000             0x3000             r--p  /usr/lib/libcom_err.so.2.1 
0x00007f20178de000 0x00007f20178df000 0x1000             0x4000             rw-p  /usr/lib/libcom_err.so.2.1 
0x00007f20178df000 0x00007f20178e5000 0x6000             0x0                r--p  /usr/lib/libfontconfig.so.1.17.0 
0x00007f20178e5000 0x00007f201791a000 0x35000            0x6000             r-xp  /usr/lib/libfontconfig.so.1.17.0 
0x00007f201791a000 0x00007f2017950000 0x36000            0x3b000            r--p  /usr/lib/libfontconfig.so.1.17.0 
0x00007f2017950000 0x00007f2017959000 0x9000             0x71000            r--p  /usr/lib/libfontconfig.so.1.17.0 
0x00007f2017959000 0x00007f201795a000 0x1000             0x7a000            rw-p  /usr/lib/libfontconfig.so.1.17.0 
0x00007f201795a000 0x00007f201795d000 0x3000             0x0                r--p  /usr/lib/libpcre2-16.so.0.16.0 
0x00007f201795d000 0x00007f20179d2000 0x75000            0x3000             r-xp  /usr/lib/libpcre2-16.so.0.16.0 
0x00007f20179d2000 0x00007f20179fe000 0x2c000            0x78000            r--p  /usr/lib/libpcre2-16.so.0.16.0 
0x00007f20179fe000 0x00007f20179ff000 0x1000             0xa3000            r--p  /usr/lib/libpcre2-16.so.0.16.0 
0x00007f20179ff000 0x00007f2017a00000 0x1000             0xa4000            rw-p  /usr/lib/libpcre2-16.so.0.16.0 
0x00007f2017a00000 0x00007f2017a8d000 0x8d000            0x0                r--p  /usr/lib/libQt6Qml.so.6.11.2 
0x00007f2017a8d000 0x00007f2017ec6000 0x439000           0x8d000            r-xp  /usr/lib/libQt6Qml.so.6.11.2 
0x00007f2017ec6000 0x00007f2017fa9000 0xe3000            0x4c6000           r--p  /usr/lib/libQt6Qml.so.6.11.2 
0x00007f2017fa9000 0x00007f2017fcb000 0x22000            0x5a9000           r--p  /usr/lib/libQt6Qml.so.6.11.2 
0x00007f2017fcb000 0x00007f2017fd6000 0xb000             0x5cb000           rw-p  /usr/lib/libQt6Qml.so.6.11.2 
0x00007f2017fd6000 0x00007f2017fdc000 0x6000             0x0                rw-p   
0x00007f2017fdc000 0x00007f2017fea000 0xe000             0x0                r--p  /usr/lib/libOpenGL.so.0.0.0 
0x00007f2017fea000 0x00007f2017ff5000 0xb000             0xe000             r-xp  /usr/lib/libOpenGL.so.0.0.0 
0x00007f2017ff5000 0x00007f2017ffa000 0x5000             0x19000            r--p  /usr/lib/libOpenGL.so.0.0.0 
0x00007f2017ffa000 0x00007f2017fff000 0x5000             0x1e000            r--p  /usr/lib/libOpenGL.so.0.0.0 
0x00007f2017fff000 0x00007f2018000000 0x1000             0x23000            rw-p  /usr/lib/libOpenGL.so.0.0.0 
0x00007f2018000000 0x00007f20180e5000 0xe5000            0x0                r--p  /usr/lib/libQt6Gui.so.6.11.2 
0x00007f20180e5000 0x00007f20187fc000 0x717000           0xe5000            r-xp  /usr/lib/libQt6Gui.so.6.11.2 
0x00007f20187fc000 0x00007f201892c000 0x130000           0x7fc000           r--p  /usr/lib/libQt6Gui.so.6.11.2 
0x00007f201892c000 0x00007f2018947000 0x1b000            0x92b000           r--p  /usr/lib/libQt6Gui.so.6.11.2 
0x00007f2018947000 0x00007f2018954000 0xd000             0x946000           rw-p  /usr/lib/libQt6Gui.so.6.11.2 
0x00007f2018954000 0x00007f2018968000 0x14000            0x0                rw-p   
0x00007f2018968000 0x00007f2018969000 0x1000             0x0                r--p  /usr/lib/libbrotlidec.so.1.2.0 
0x00007f2018969000 0x00007f2018972000 0x9000             0x1000             r-xp  /usr/lib/libbrotlidec.so.1.2.0 
0x00007f2018972000 0x00007f2018975000 0x3000             0xa000             r--p  /usr/lib/libbrotlidec.so.1.2.0 
0x00007f2018975000 0x00007f2018976000 0x1000             0xc000             r--p  /usr/lib/libbrotlidec.so.1.2.0 
0x00007f2018976000 0x00007f2018977000 0x1000             0xd000             rw-p  /usr/lib/libbrotlidec.so.1.2.0 
0x00007f2018977000 0x00007f201897b000 0x4000             0x0                r--p  /usr/lib/libxkbcommon.so.0.13.2 
0x00007f201897b000 0x00007f20189aa000 0x2f000            0x4000             r-xp  /usr/lib/libxkbcommon.so.0.13.2 
0x00007f20189aa000 0x00007f20189d3000 0x29000            0x33000            r--p  /usr/lib/libxkbcommon.so.0.13.2 
0x00007f20189d3000 0x00007f20189d5000 0x2000             0x5b000            r--p  /usr/lib/libxkbcommon.so.0.13.2 
0x00007f20189d5000 0x00007f20189d6000 0x1000             0x5d000            rw-p  /usr/lib/libxkbcommon.so.0.13.2 
0x00007f20189d6000 0x00007f20189e1000 0xb000             0x0                r--p  /usr/lib/libQt6QmlMeta.so.6.11.2 
0x00007f20189e1000 0x00007f20189f7000 0x16000            0xb000             r-xp  /usr/lib/libQt6QmlMeta.so.6.11.2 
0x00007f20189f7000 0x00007f20189fd000 0x6000             0x21000            r--p  /usr/lib/libQt6QmlMeta.so.6.11.2 
0x00007f20189fd000 0x00007f20189ff000 0x2000             0x26000            r--p  /usr/lib/libQt6QmlMeta.so.6.11.2 
0x00007f20189ff000 0x00007f2018a00000 0x1000             0x28000            rw-p  /usr/lib/libQt6QmlMeta.so.6.11.2 
0x00007f2018a00000 0x00007f2018b0f000 0x10f000           0x0                r--p  /usr/lib/libQt6Quick.so.6.11.2 
0x00007f2018b0f000 0x00007f2018fba000 0x4ab000           0x10f000           r-xp  /usr/lib/libQt6Quick.so.6.11.2 
0x00007f2018fba000 0x00007f201912d000 0x173000           0x5ba000           r--p  /usr/lib/libQt6Quick.so.6.11.2 
0x00007f201912d000 0x00007f201916a000 0x3d000            0x72c000           r--p  /usr/lib/libQt6Quick.so.6.11.2 
0x00007f201916a000 0x00007f2019186000 0x1c000            0x769000           rw-p  /usr/lib/libQt6Quick.so.6.11.2 
0x00007f2019186000 0x00007f2019189000 0x3000             0x0                rw-p   
0x00007f2019189000 0x00007f201918a000 0x1000             0x0                r--p  /usr/lib/locale/C.utf8/LC_TELEPHONE 
0x00007f201918a000 0x00007f201918c000 0x2000             0x0                rw-p   
0x00007f201918c000 0x00007f201918e000 0x2000             0x0                r--p  /usr/lib/libEGL.so.1.1.0 
0x00007f201918e000 0x00007f2019198000 0xa000             0x2000             r-xp  /usr/lib/libEGL.so.1.1.0 
0x00007f2019198000 0x00007f201919c000 0x4000             0xc000             r--p  /usr/lib/libEGL.so.1.1.0 
0x00007f201919c000 0x00007f201919d000 0x1000             0xf000             r--p  /usr/lib/libEGL.so.1.1.0 
0x00007f201919d000 0x00007f201919e000 0x1000             0x10000            rw-p  /usr/lib/libEGL.so.1.1.0 
0x00007f201919e000 0x00007f20191a2000 0x4000             0x0                r--p  /usr/lib/libgcc_s.so.1 
0x00007f20191a2000 0x00007f20191c5000 0x23000            0x4000             r-xp  /usr/lib/libgcc_s.so.1 
0x00007f20191c5000 0x00007f20191c9000 0x4000             0x27000            r--p  /usr/lib/libgcc_s.so.1 
0x00007f20191c9000 0x00007f20191ca000 0x1000             0x2b000            r--p  /usr/lib/libgcc_s.so.1 
0x00007f20191ca000 0x00007f20191cb000 0x1000             0x2c000            rw-p  /usr/lib/libgcc_s.so.1 
0x00007f20191cb000 0x00007f20191ce000 0x3000             0x0                r--p  /usr/lib/libb2.so.1.0.4 
0x00007f20191ce000 0x00007f20191e5000 0x17000            0x3000             r-xp  /usr/lib/libb2.so.1.0.4 
0x00007f20191e5000 0x00007f20191e7000 0x2000             0x1a000            r--p  /usr/lib/libb2.so.1.0.4 
0x00007f20191e7000 0x00007f20191e8000 0x1000             0x1c000            r--p  /usr/lib/libb2.so.1.0.4 
0x00007f20191e8000 0x00007f20191e9000 0x1000             0x1d000            rw-p  /usr/lib/libb2.so.1.0.4 
0x00007f20191e9000 0x00007f20191ec000 0x3000             0x0                r--p  /usr/lib/libdouble-conversion.so.3.4.0 
0x00007f20191ec000 0x00007f20191f9000 0xd000             0x3000             r-xp  /usr/lib/libdouble-conversion.so.3.4.0 
0x00007f20191f9000 0x00007f20191fe000 0x5000             0x10000            r--p  /usr/lib/libdouble-conversion.so.3.4.0 
0x00007f20191fe000 0x00007f20191ff000 0x1000             0x15000            r--p  /usr/lib/libdouble-conversion.so.3.4.0 
0x00007f20191ff000 0x00007f2019200000 0x1000             0x16000            rw-p  /usr/lib/libdouble-conversion.so.3.4.0 
0x00007f2019200000 0x00007f2019224000 0x24000            0x0                r--p  /usr/lib/libc.so.6 
0x00007f2019224000 0x00007f201939f000 0x17b000           0x24000            r-xp  /usr/lib/libc.so.6 
0x00007f201939f000 0x00007f2019415000 0x76000            0x19f000           r--p  /usr/lib/libc.so.6 
0x00007f2019415000 0x00007f2019419000 0x4000             0x214000           r--p  /usr/lib/libc.so.6 
0x00007f2019419000 0x00007f201941b000 0x2000             0x218000           rw-p  /usr/lib/libc.so.6 
0x00007f201941b000 0x00007f2019423000 0x8000             0x0                rw-p   
0x00007f2019423000 0x00007f2019424000 0x1000             0x0                r--p  /usr/lib/locale/C.utf8/LC_MEASUREMENT 
0x00007f2019424000 0x00007f2019425000 0x1000             0x0                r--p  /usr/lib/libproxy.so.0.5.12 
0x00007f2019425000 0x00007f2019426000 0x1000             0x1000             r-xp  /usr/lib/libproxy.so.0.5.12 
0x00007f2019426000 0x00007f2019427000 0x1000             0x2000             r--p  /usr/lib/libproxy.so.0.5.12 
0x00007f2019427000 0x00007f2019428000 0x1000             0x2000             r--p  /usr/lib/libproxy.so.0.5.12 
0x00007f2019428000 0x00007f2019429000 0x1000             0x3000             rw-p  /usr/lib/libproxy.so.0.5.12 
0x00007f2019429000 0x00007f2019447000 0x1e000            0x0                r--p  /usr/lib/libglib-2.0.so.0.8800.3 
0x00007f2019447000 0x00007f20194f5000 0xae000            0x1e000            r-xp  /usr/lib/libglib-2.0.so.0.8800.3 
0x00007f20194f5000 0x00007f2019589000 0x94000            0xcc000            r--p  /usr/lib/libglib-2.0.so.0.8800.3 
0x00007f2019589000 0x00007f201958a000 0x1000             0x160000           r--p  /usr/lib/libglib-2.0.so.0.8800.3 
0x00007f201958a000 0x00007f201958b000 0x1000             0x161000           rw-p  /usr/lib/libglib-2.0.so.0.8800.3 
0x00007f201958b000 0x00007f201958c000 0x1000             0x0                rw-p   
0x00007f201958c000 0x00007f201959c000 0x10000            0x0                r--p  /usr/lib/libQt6Test.so.6.11.2 
0x00007f201959c000 0x00007f20195e8000 0x4c000            0x10000            r-xp  /usr/lib/libQt6Test.so.6.11.2 
0x00007f20195e8000 0x00007f20195fd000 0x15000            0x5c000            r--p  /usr/lib/libQt6Test.so.6.11.2 
0x00007f20195fd000 0x00007f20195ff000 0x2000             0x71000            r--p  /usr/lib/libQt6Test.so.6.11.2 
0x00007f20195ff000 0x00007f2019600000 0x1000             0x73000            rw-p  /usr/lib/libQt6Test.so.6.11.2 
0x00007f2019600000 0x00007f2019694000 0x94000            0x0                r--p  /usr/lib/libQt6Core.so.6.11.2 
0x00007f2019694000 0x00007f2019ac4000 0x430000           0x94000            r-xp  /usr/lib/libQt6Core.so.6.11.2 
0x00007f2019ac4000 0x00007f2019c73000 0x1af000           0x4c4000           r--p  /usr/lib/libQt6Core.so.6.11.2 
0x00007f2019c73000 0x00007f2019c83000 0x10000            0x673000           r--p  /usr/lib/libQt6Core.so.6.11.2 
0x00007f2019c83000 0x00007f2019c8c000 0x9000             0x683000           rw-p  /usr/lib/libQt6Core.so.6.11.2 
0x00007f2019c8c000 0x00007f2019c90000 0x4000             0x0                rw-p   
0x00007f2019c90000 0x00007f2019c91000 0x1000             0x0                r--p  /usr/lib/locale/C.utf8/LC_IDENTIFICATION 
0x00007f2019c91000 0x00007f2019c9d000 0xc000             0x0                rw-p   
0x00007f2019c9d000 0x00007f2019ca0000 0x3000             0x0                r--p  /usr/lib/libz.so.1.3.2 
0x00007f2019ca0000 0x00007f2019cb0000 0x10000            0x3000             r-xp  /usr/lib/libz.so.1.3.2 
0x00007f2019cb0000 0x00007f2019cb6000 0x6000             0x13000            r--p  /usr/lib/libz.so.1.3.2 
0x00007f2019cb6000 0x00007f2019cb7000 0x1000             0x18000            r--p  /usr/lib/libz.so.1.3.2 
0x00007f2019cb7000 0x00007f2019cb8000 0x1000             0x19000            rw-p  /usr/lib/libz.so.1.3.2 
0x00007f2019cb8000 0x00007f2019cba000 0x2000             0x0                rw-p   
0x00007f2019cba000 0x00007f2019cbc000 0x2000             0x0                r--p  /usr/lib/liburing.so.2.15 
0x00007f2019cbc000 0x00007f2019cbf000 0x3000             0x2000             r-xp  /usr/lib/liburing.so.2.15 
0x00007f2019cbf000 0x00007f2019cc0000 0x1000             0x5000             r--p  /usr/lib/liburing.so.2.15 
0x00007f2019cc0000 0x00007f2019cc1000 0x1000             0x5000             r--p  /usr/lib/liburing.so.2.15 
0x00007f2019cc1000 0x00007f2019cc3000 0x2000             0x0                rw-p   
0x00007f2019cc3000 0x00007f2019cd3000 0x10000            0x0                r--p  /usr/lib/libQt6QuickTest.so.6.11.2 
0x00007f2019cd3000 0x00007f2019cf2000 0x1f000            0x10000            r-xp  /usr/lib/libQt6QuickTest.so.6.11.2 
0x00007f2019cf2000 0x00007f2019d0e000 0x1c000            0x2f000            r--p  /usr/lib/libQt6QuickTest.so.6.11.2 
0x00007f2019d0e000 0x00007f2019d11000 0x3000             0x4a000            r--p  /usr/lib/libQt6QuickTest.so.6.11.2 
0x00007f2019d11000 0x00007f2019d12000 0x1000             0x4d000            rw-p  /usr/lib/libQt6QuickTest.so.6.11.2 
0x00007f2019d12000 0x00007f2019d14000 0x2000             0x0                rw-p   
0x00007f2019d14000 0x00007f2019d38000 0x24000            0x0                r--p  /etc/ld.so.cache 
0x00007f2019d38000 0x00007f2019d3c000 0x4000             0x0                r--p  [vvar] 
0x00007f2019d3c000 0x00007f2019d3e000 0x2000             0x0                r--p  [vvar_vclock] 
0x00007f2019d3e000 0x00007f2019d40000 0x2000             0x0                r-xp  [vdso] 
0x00007f2019d40000 0x00007f2019d41000 0x1000             0x0                r--p  /usr/lib/ld-linux-x86-64.so.2 
0x00007f2019d41000 0x00007f2019d6e000 0x2d000            0x1000             r-xp  /usr/lib/ld-linux-x86-64.so.2 
0x00007f2019d6e000 0x00007f2019d7d000 0xf000             0x2e000            r--p  /usr/lib/ld-linux-x86-64.so.2 
0x00007f2019d7d000 0x00007f2019d7f000 0x2000             0x3d000            r--p  /usr/lib/ld-linux-x86-64.so.2 
0x00007f2019d7f000 0x00007f2019d80000 0x1000             0x3f000            rw-p  /usr/lib/ld-linux-x86-64.so.2 
0x00007f2019d80000 0x00007f2019d81000 0x1000             0x0                rw-p   
0x00007ffc90016000 0x00007ffc90044000 0x2e000            0x0                rw-p  [stack] 
0xffffffffff600000 0xffffffffff601000 0x1000             0x0                --xp  [vsyscall] 
[Inferior 1 (process 293686) detached]
=== End of stack trace ===
