[1;32mDEBUG [0m]: User-specified config location: '/tmp/pw-blju89vn/hyprland.conf'
Welcome to Hyprland!

                                                  
                     YY    UJ                     
                    YYY    UUJ                    
                   XXXY    UUUU                   
                  zXXXX    UUUUU                  
                zzzzX        UUUUJ                
               cczzz          UUUUJ               
             vccccz            UUUUUJ             
            vvcccc              UUUUUJ            
           vvvvv                  UUUUJ           
          uuuvv                    UUUUJ          
         uuuuu                      UUUUU         
        nnnuu                        UUUUU        
       nnnnn                          YUUUU       
       xxnn                            YUUU       
       xxxn                            YYUU       
      xxxx                              YYUU      
      rxxx                              YYYY      
      rrrx                              YYYY      
       rrrx                            XXXY       
       rrrr                            XXXX       
        rrrr                          zzXX        
         rrrr                        zzzz         
          rrrrr                    ccczz          
           rrrrrx                vccccc           
             rrrrxxxx        uuvvvvvc             
                rrxxxxxxnnnnuuuuuv                
                    xxxxxnnnnu                    



[1;33mWARN [0m]: Failed to change process scheduling strategy
[!!WARNING!!] XDG_RUNTIME_DIR looks non-standard. Proceeding anyways...
DEBUG ]: Old rlimit: soft -> 1024, hard -> 524288
DEBUG ]: New rlimit: soft -> 524288, hard -> 524288
WARN ]: WARNING: Hyprland is being launched without start-hyprland. This is highly advised against.
DEBUG ]: Creating the EventLoopManager!
DEBUG ]: Creating the KeybindManager!
DEBUG ]: Creating the AnimationManager!
DEBUG ]: Creating the DynamicPermissionManager!
DEBUG ]: Creating the MonitorState!
DEBUG ]: Creating the WorkspaceState!
DEBUG ]: Creating the ConfigManager!
DEBUG ]: [cfg] Config is either explicit or special.
DEBUG ]: [cfg] Config is NOT lua, loading regular mgr
DEBUG ]: Using config: /tmp/pw-blju89vn/hyprland.conf
DEBUG ]: !!!!HEY YOU, YES YOU!!!!: further logs to stdout / logfile are disabled by default. BEFORE SENDING THIS LOG, ENABLE THEM. Use debug:disable_logs = false to do so: https://wiki.hypr.land/Configuring/Basics/Variables/#debug
DEBUG ]: Creating the Error Overlay!
DEBUG ]: Creating the LayoutManager!
DEBUG ]: Creating the TokenManager!
DEBUG ]: Creating the EventManager!
DEBUG ]: Using config: /tmp/pw-blju89vn/hyprland.conf
DEBUG ]: Creating the PointerManager!
DEBUG ]: Creating the AsyncResourceGatherer!
[1;32mDEBUG [0mfrom aquamarine ]: Creating an Aquamarine backend!
[1;32mDEBUG [0mfrom aquamarine ]: [libseat] [libseat/backend/seatd.c:64] Could not connect to socket /run/seatd.sock: No such file or directory
[1;32mDEBUG [0mfrom aquamarine ]: [libseat] [libseat/libseat.c:76] Backend 'seatd' failed to open seat, skipping
[1;31mERR [0mfrom aquamarine ]: [libseat] [libseat/backend/logind.c:638] Could not get primary session for user: No data available
[1;32mDEBUG [0mfrom aquamarine ]: [libseat] [libseat/libseat.c:76] Backend 'logind' failed to open seat, skipping
[1;31mERR [0mfrom aquamarine ]: [libseat] [libseat/libseat.c:79] No backend was able to open a seat
[1;31mERR [0mfrom aquamarine ]: libseat: failed to open a seat
[1;31mERR [0mfrom aquamarine ]: Failed to open a session
[1;31mERR [0mfrom aquamarine ]: DRM Backend failed
[1;32mDEBUG [0mfrom aquamarine ]: Starting the Aquamarine backend!
[1;32mDEBUG [0mfrom aquamarine ]: Starting the Wayland backend!
[1;32mDEBUG [0mfrom aquamarine ]: Connected to a wayland compositor: unknown (XDG_CURRENT_DEKSTOP unset?)
[1;32mDEBUG [0mfrom aquamarine ]: Got registry at 0x559987061eb0
[1;32mDEBUG [0mfrom aquamarine ]: New wayland keyboard wl_keyboard
[1;32mDEBUG [0mfrom aquamarine ]: New wayland pointer wl_pointer
[1;32mDEBUG [0mfrom aquamarine ]: zwp_linux_dmabuf_v1: Got format AB4H with modifier LINEAR
[1;32mDEBUG [0mfrom aquamarine ]: zwp_linux_dmabuf_v1: Got format AB4H with modifier X_TILED
[1;32mDEBUG [0mfrom aquamarine ]: zwp_linux_dmabuf_v1: Got format AB4H with modifier 4_TILED
[1;32mDEBUG [0mfrom aquamarine ]: zwp_linux_dmabuf_v1: Got format AB4H with modifier 4_TILED_LNL_CCS
[1;32mDEBUG [0mfrom aquamarine ]: zwp_linux_dmabuf_v1: Got format AB4H with modifier INVALID
[1;32mDEBUG [0mfrom aquamarine ]: zwp_linux_dmabuf_v1: Got format XB4H with modifier LINEAR
[1;32mDEBUG [0mfrom aquamarine ]: zwp_linux_dmabuf_v1: Got format XB4H with modifier X_TILED
[1;32mDEBUG [0mfrom aquamarine ]: zwp_linux_dmabuf_v1: Got format XB4H with modifier 4_TILED
[1;32mDEBUG [0mfrom aquamarine ]: zwp_linux_dmabuf_v1: Got format XB4H with modifier 4_TILED_LNL_CCS
[1;32mDEBUG [0mfrom aquamarine ]: zwp_linux_dmabuf_v1: Got format XB4H with modifier INVALID
[1;32mDEBUG [0mfrom aquamarine ]: zwp_linux_dmabuf_v1: Got format AB48 with modifier LINEAR
[1;32mDEBUG [0mfrom aquamarine ]: zwp_linux_dmabuf_v1: Got format AB48 with modifier X_TILED
[1;32mDEBUG [0mfrom aquamarine ]: zwp_linux_dmabuf_v1: Got format AB48 with modifier 4_TILED
[1;32mDEBUG [0mfrom aquamarine ]: zwp_linux_dmabuf_v1: Got format AB48 with modifier 4_TILED_LNL_CCS
[1;32mDEBUG [0mfrom aquamarine ]: zwp_linux_dmabuf_v1: Got format AB48 with modifier INVALID
[1;32mDEBUG [0mfrom aquamarine ]: zwp_linux_dmabuf_v1: Got format XB48 with modifier LINEAR
[1;32mDEBUG [0mfrom aquamarine ]: zwp_linux_dmabuf_v1: Got format XB48 with modifier X_TILED
[1;32mDEBUG [0mfrom aquamarine ]: zwp_linux_dmabuf_v1: Got format XB48 with modifier 4_TILED
[1;32mDEBUG [0mfrom aquamarine ]: zwp_linux_dmabuf_v1: Got format XB48 with modifier 4_TILED_LNL_CCS
[1;32mDEBUG [0mfrom aquamarine ]: zwp_linux_dmabuf_v1: Got format XB48 with modifier INVALID
[1;32mDEBUG [0mfrom aquamarine ]: zwp_linux_dmabuf_v1: Got format AR30 with modifier LINEAR
[1;32mDEBUG [0mfrom aquamarine ]: zwp_linux_dmabuf_v1: Got format AR30 with modifier X_TILED
[1;32mDEBUG [0mfrom aquamarine ]: zwp_linux_dmabuf_v1: Got format AR30 with modifier 4_TILED
[1;32mDEBUG [0mfrom aquamarine ]: zwp_linux_dmabuf_v1: Got format AR30 with modifier 4_TILED_LNL_CCS
[1;32mDEBUG [0mfrom aquamarine ]: zwp_linux_dmabuf_v1: Got format AR30 with modifier INVALID
[1;32mDEBUG [0mfrom aquamarine ]: zwp_linux_dmabuf_v1: Got format XR30 with modifier LINEAR
[1;32mDEBUG [0mfrom aquamarine ]: zwp_linux_dmabuf_v1: Got format XR30 with modifier X_TILED
[1;32mDEBUG [0mfrom aquamarine ]: zwp_linux_dmabuf_v1: Got format XR30 with modifier 4_TILED
[1;32mDEBUG [0mfrom aquamarine ]: zwp_linux_dmabuf_v1: Got format XR30 with modifier 4_TILED_LNL_CCS
[1;32mDEBUG [0mfrom aquamarine ]: zwp_linux_dmabuf_v1: Got format XR30 with modifier INVALID
[1;32mDEBUG [0mfrom aquamarine ]: zwp_linux_dmabuf_v1: Got format AB30 with modifier LINEAR
[1;32mDEBUG [0mfrom aquamarine ]: zwp_linux_dmabuf_v1: Got format AB30 with modifier X_TILED
[1;32mDEBUG [0mfrom aquamarine ]: zwp_linux_dmabuf_v1: Got format AB30 with modifier 4_TILED
[1;32mDEBUG [0mfrom aquamarine ]: zwp_linux_dmabuf_v1: Got format AB30 with modifier 4_TILED_LNL_CCS
[1;32mDEBUG [0mfrom aquamarine ]: zwp_linux_dmabuf_v1: Got format AB30 with modifier INVALID
[1;32mDEBUG [0mfrom aquamarine ]: zwp_linux_dmabuf_v1: Got format XB30 with modifier LINEAR
[1;32mDEBUG [0mfrom aquamarine ]: zwp_linux_dmabuf_v1: Got format XB30 with modifier X_TILED
[1;32mDEBUG [0mfrom aquamarine ]: zwp_linux_dmabuf_v1: Got format XB30 with modifier 4_TILED
[1;32mDEBUG [0mfrom aquamarine ]: zwp_linux_dmabuf_v1: Got format XB30 with modifier 4_TILED_LNL_CCS
[1;32mDEBUG [0mfrom aquamarine ]: zwp_linux_dmabuf_v1: Got format XB30 with modifier INVALID
[1;32mDEBUG [0mfrom aquamarine ]: zwp_linux_dmabuf_v1: Got format AR24 with modifier LINEAR
[1;32mDEBUG [0mfrom aquamarine ]: zwp_linux_dmabuf_v1: Got format AR24 with modifier X_TILED
[1;32mDEBUG [0mfrom aquamarine ]: zwp_linux_dmabuf_v1: Got format AR24 with modifier 4_TILED
[1;32mDEBUG [0mfrom aquamarine ]: zwp_linux_dmabuf_v1: Got format AR24 with modifier 4_TILED_LNL_CCS
[1;32mDEBUG [0mfrom aquamarine ]: zwp_linux_dmabuf_v1: Got format AR24 with modifier INVALID
[1;32mDEBUG [0mfrom aquamarine ]: zwp_linux_dmabuf_v1: Got format AB24 with modifier LINEAR
[1;32mDEBUG [0mfrom aquamarine ]: zwp_linux_dmabuf_v1: Got format AB24 with modifier X_TILED
[1;32mDEBUG [0mfrom aquamarine ]: zwp_linux_dmabuf_v1: Got format AB24 with modifier 4_TILED
[1;32mDEBUG [0mfrom aquamarine ]: zwp_linux_dmabuf_v1: Got format AB24 with modifier 4_TILED_LNL_CCS
[1;32mDEBUG [0mfrom aquamarine ]: zwp_linux_dmabuf_v1: Got format AB24 with modifier INVALID
[1;32mDEBUG [0mfrom aquamarine ]: zwp_linux_dmabuf_v1: Got format XR24 with modifier LINEAR
[1;32mDEBUG [0mfrom aquamarine ]: zwp_linux_dmabuf_v1: Got format XR24 with modifier X_TILED
[1;32mDEBUG [0mfrom aquamarine ]: zwp_linux_dmabuf_v1: Got format XR24 with modifier 4_TILED
[1;32mDEBUG [0mfrom aquamarine ]: zwp_linux_dmabuf_v1: Got format XR24 with modifier 4_TILED_LNL_CCS
[1;32mDEBUG [0mfrom aquamarine ]: zwp_linux_dmabuf_v1: Got format XR24 with modifier INVALID
[1;32mDEBUG [0mfrom aquamarine ]: zwp_linux_dmabuf_v1: Got format XB24 with modifier LINEAR
[1;32mDEBUG [0mfrom aquamarine ]: zwp_linux_dmabuf_v1: Got format XB24 with modifier X_TILED
[1;32mDEBUG [0mfrom aquamarine ]: zwp_linux_dmabuf_v1: Got format XB24 with modifier 4_TILED
[1;32mDEBUG [0mfrom aquamarine ]: zwp_linux_dmabuf_v1: Got format XB24 with modifier 4_TILED_LNL_CCS
[1;32mDEBUG [0mfrom aquamarine ]: zwp_linux_dmabuf_v1: Got format XB24 with modifier INVALID
[1;32mDEBUG [0mfrom aquamarine ]: zwp_linux_dmabuf_v1: Got format AR15 with modifier LINEAR
[1;32mDEBUG [0mfrom aquamarine ]: zwp_linux_dmabuf_v1: Got format AR15 with modifier X_TILED
[1;32mDEBUG [0mfrom aquamarine ]: zwp_linux_dmabuf_v1: Got format AR15 with modifier 4_TILED
[1;32mDEBUG [0mfrom aquamarine ]: zwp_linux_dmabuf_v1: Got format AR15 with modifier 4_TILED_LNL_CCS
[1;32mDEBUG [0mfrom aquamarine ]: zwp_linux_dmabuf_v1: Got format AR15 with modifier INVALID
[1;32mDEBUG [0mfrom aquamarine ]: zwp_linux_dmabuf_v1: Got format AR12 with modifier LINEAR
[1;32mDEBUG [0mfrom aquamarine ]: zwp_linux_dmabuf_v1: Got format AR12 with modifier X_TILED
[1;32mDEBUG [0mfrom aquamarine ]: zwp_linux_dmabuf_v1: Got format AR12 with modifier 4_TILED
[1;32mDEBUG [0mfrom aquamarine ]: zwp_linux_dmabuf_v1: Got format AR12 with modifier 4_TILED_LNL_CCS
[1;32mDEBUG [0mfrom aquamarine ]: zwp_linux_dmabuf_v1: Got format AR12 with modifier INVALID
[1;32mDEBUG [0mfrom aquamarine ]: zwp_linux_dmabuf_v1: Got format RG16 with modifier LINEAR
[1;32mDEBUG [0mfrom aquamarine ]: zwp_linux_dmabuf_v1: Got format RG16 with modifier X_TILED
[1;32mDEBUG [0mfrom aquamarine ]: zwp_linux_dmabuf_v1: Got format RG16 with modifier 4_TILED
[1;32mDEBUG [0mfrom aquamarine ]: zwp_linux_dmabuf_v1: Got format RG16 with modifier 4_TILED_LNL_CCS
[1;32mDEBUG [0mfrom aquamarine ]: zwp_linux_dmabuf_v1: Got format RG16 with modifier INVALID
[1;32mDEBUG [0mfrom aquamarine ]: zwp_linux_dmabuf_v1: Got format R8 with modifier LINEAR
[1;32mDEBUG [0mfrom aquamarine ]: zwp_linux_dmabuf_v1: Got format R8 with modifier X_TILED
[1;32mDEBUG [0mfrom aquamarine ]: zwp_linux_dmabuf_v1: Got format R8 with modifier 4_TILED
[1;32mDEBUG [0mfrom aquamarine ]: zwp_linux_dmabuf_v1: Got format R8 with modifier 4_TILED_LNL_CCS
[1;32mDEBUG [0mfrom aquamarine ]: zwp_linux_dmabuf_v1: Got format R8 with modifier INVALID
[1;32mDEBUG [0mfrom aquamarine ]: zwp_linux_dmabuf_v1: Got format R16 with modifier LINEAR
[1;32mDEBUG [0mfrom aquamarine ]: zwp_linux_dmabuf_v1: Got format R16 with modifier X_TILED
[1;32mDEBUG [0mfrom aquamarine ]: zwp_linux_dmabuf_v1: Got format R16 with modifier 4_TILED
[1;32mDEBUG [0mfrom aquamarine ]: zwp_linux_dmabuf_v1: Got format R16 with modifier 4_TILED_LNL_CCS
[1;32mDEBUG [0mfrom aquamarine ]: zwp_linux_dmabuf_v1: Got format R16 with modifier INVALID
[1;32mDEBUG [0mfrom aquamarine ]: zwp_linux_dmabuf_v1: Got format GR88 with modifier LINEAR
[1;32mDEBUG [0mfrom aquamarine ]: zwp_linux_dmabuf_v1: Got format GR88 with modifier X_TILED
[1;32mDEBUG [0mfrom aquamarine ]: zwp_linux_dmabuf_v1: Got format GR88 with modifier 4_TILED
[1;32mDEBUG [0mfrom aquamarine ]: zwp_linux_dmabuf_v1: Got format GR88 with modifier 4_TILED_LNL_CCS
[1;32mDEBUG [0mfrom aquamarine ]: zwp_linux_dmabuf_v1: Got format GR88 with modifier INVALID
[1;32mDEBUG [0mfrom aquamarine ]: zwp_linux_dmabuf_v1: Got format GR32 with modifier LINEAR
[1;32mDEBUG [0mfrom aquamarine ]: zwp_linux_dmabuf_v1: Got format GR32 with modifier X_TILED
[1;32mDEBUG [0mfrom aquamarine ]: zwp_linux_dmabuf_v1: Got format GR32 with modifier 4_TILED
[1;32mDEBUG [0mfrom aquamarine ]: zwp_linux_dmabuf_v1: Got format GR32 with modifier 4_TILED_LNL_CCS
[1;32mDEBUG [0mfrom aquamarine ]: zwp_linux_dmabuf_v1: Got format GR32 with modifier INVALID
[1;32mDEBUG [0mfrom aquamarine ]: zwp_linux_dmabuf_v1: Got format R  H with modifier LINEAR
[1;32mDEBUG [0mfrom aquamarine ]: zwp_linux_dmabuf_v1: Got format R  H with modifier X_TILED
[1;32mDEBUG [0mfrom aquamarine ]: zwp_linux_dmabuf_v1: Got format R  H with modifier 4_TILED
[1;32mDEBUG [0mfrom aquamarine ]: zwp_linux_dmabuf_v1: Got format R  H with modifier 4_TILED_LNL_CCS
[1;32mDEBUG [0mfrom aquamarine ]: zwp_linux_dmabuf_v1: Got format R  H with modifier INVALID
[1;32mDEBUG [0mfrom aquamarine ]: zwp_linux_dmabuf_v1: Got format R  F with modifier LINEAR
[1;32mDEBUG [0mfrom aquamarine ]: zwp_linux_dmabuf_v1: Got format R  F with modifier X_TILED
[1;32mDEBUG [0mfrom aquamarine ]: zwp_linux_dmabuf_v1: Got format R  F with modifier 4_TILED
[1;32mDEBUG [0mfrom aquamarine ]: zwp_linux_dmabuf_v1: Got format R  F with modifier 4_TILED_LNL_CCS
[1;32mDEBUG [0mfrom aquamarine ]: zwp_linux_dmabuf_v1: Got format R  F with modifier INVALID
[1;32mDEBUG [0mfrom aquamarine ]: zwp_linux_dmabuf_v1: Got format GR H with modifier LINEAR
[1;32mDEBUG [0mfrom aquamarine ]: zwp_linux_dmabuf_v1: Got format GR H with modifier X_TILED
[1;32mDEBUG [0mfrom aquamarine ]: zwp_linux_dmabuf_v1: Got format GR H with modifier 4_TILED
[1;32mDEBUG [0mfrom aquamarine ]: zwp_linux_dmabuf_v1: Got format GR H with modifier 4_TILED_LNL_CCS
[1;32mDEBUG [0mfrom aquamarine ]: zwp_linux_dmabuf_v1: Got format GR H with modifier INVALID
[1;32mDEBUG [0mfrom aquamarine ]: zwp_linux_dmabuf_v1: Got format GR F with modifier LINEAR
[1;32mDEBUG [0mfrom aquamarine ]: zwp_linux_dmabuf_v1: Got format GR F with modifier X_TILED
[1;32mDEBUG [0mfrom aquamarine ]: zwp_linux_dmabuf_v1: Got format GR F with modifier 4_TILED
[1;32mDEBUG [0mfrom aquamarine ]: zwp_linux_dmabuf_v1: Got format GR F with modifier 4_TILED_LNL_CCS
[1;32mDEBUG [0mfrom aquamarine ]: zwp_linux_dmabuf_v1: Got format GR F with modifier INVALID
[1;32mDEBUG [0mfrom aquamarine ]: zwp_linux_dmabuf_v1: Got format AB8F with modifier LINEAR
[1;32mDEBUG [0mfrom aquamarine ]: zwp_linux_dmabuf_v1: Got format AB8F with modifier X_TILED
[1;32mDEBUG [0mfrom aquamarine ]: zwp_linux_dmabuf_v1: Got format AB8F with modifier 4_TILED
[1;32mDEBUG [0mfrom aquamarine ]: zwp_linux_dmabuf_v1: Got format AB8F with modifier 4_TILED_LNL_CCS
[1;32mDEBUG [0mfrom aquamarine ]: zwp_linux_dmabuf_v1: Got format AB8F with modifier INVALID
[1;32mDEBUG [0mfrom aquamarine ]: zwp_linux_dmabuf_v1: Got format YUV9 with modifier INVALID
[1;32mDEBUG [0mfrom aquamarine ]: zwp_linux_dmabuf_v1: Got format YU11 with modifier INVALID
[1;32mDEBUG [0mfrom aquamarine ]: zwp_linux_dmabuf_v1: Got format YU12 with modifier INVALID
[1;32mDEBUG [0mfrom aquamarine ]: zwp_linux_dmabuf_v1: Got format YU16 with modifier INVALID
[1;32mDEBUG [0mfrom aquamarine ]: zwp_linux_dmabuf_v1: Got format YU24 with modifier INVALID
[1;32mDEBUG [0mfrom aquamarine ]: zwp_linux_dmabuf_v1: Got format YVU9 with modifier INVALID
[1;32mDEBUG [0mfrom aquamarine ]: zwp_linux_dmabuf_v1: Got format YV11 with modifier INVALID
[1;32mDEBUG [0mfrom aquamarine ]: zwp_linux_dmabuf_v1: Got format YV12 with modifier INVALID
[1;32mDEBUG [0mfrom aquamarine ]: zwp_linux_dmabuf_v1: Got format YV16 with modifier INVALID
[1;32mDEBUG [0mfrom aquamarine ]: zwp_linux_dmabuf_v1: Got format YV24 with modifier INVALID
[1;32mDEBUG [0mfrom aquamarine ]: zwp_linux_dmabuf_v1: Got format S010 with modifier INVALID
[1;32mDEBUG [0mfrom aquamarine ]: zwp_linux_dmabuf_v1: Got format S210 with modifier INVALID
[1;32mDEBUG [0mfrom aquamarine ]: zwp_linux_dmabuf_v1: Got format S410 with modifier INVALID
[1;32mDEBUG [0mfrom aquamarine ]: zwp_linux_dmabuf_v1: Got format S012 with modifier INVALID
[1;32mDEBUG [0mfrom aquamarine ]: zwp_linux_dmabuf_v1: Got format S212 with modifier INVALID
[1;32mDEBUG [0mfrom aquamarine ]: zwp_linux_dmabuf_v1: Got format S412 with modifier INVALID
[1;32mDEBUG [0mfrom aquamarine ]: zwp_linux_dmabuf_v1: Got format S016 with modifier INVALID
[1;32mDEBUG [0mfrom aquamarine ]: zwp_linux_dmabuf_v1: Got format S216 with modifier INVALID
[1;32mDEBUG [0mfrom aquamarine ]: zwp_linux_dmabuf_v1: Got format S416 with modifier INVALID
[1;32mDEBUG [0mfrom aquamarine ]: zwp_linux_dmabuf_v1: Got format NV12 with modifier INVALID
[1;32mDEBUG [0mfrom aquamarine ]: zwp_linux_dmabuf_v1: Got format NV21 with modifier INVALID
[1;32mDEBUG [0mfrom aquamarine ]: zwp_linux_dmabuf_v1: Got format P010 with modifier INVALID
[1;32mDEBUG [0mfrom aquamarine ]: zwp_linux_dmabuf_v1: Got format P012 with modifier INVALID
[1;32mDEBUG [0mfrom aquamarine ]: zwp_linux_dmabuf_v1: Got format P016 with modifier INVALID
[1;32mDEBUG [0mfrom aquamarine ]: zwp_linux_dmabuf_v1: Got format P030 with modifier INVALID
[1;32mDEBUG [0mfrom aquamarine ]: zwp_linux_dmabuf_v1: Got format NV16 with modifier INVALID
[1;32mDEBUG [0mfrom aquamarine ]: zwp_linux_dmabuf_v1: Got format NV61 with modifier INVALID
[1;32mDEBUG [0mfrom aquamarine ]: zwp_linux_dmabuf_v1: Got format NV24 with modifier INVALID
[1;32mDEBUG [0mfrom aquamarine ]: zwp_linux_dmabuf_v1: Got format NV42 with modifier INVALID
[1;32mDEBUG [0mfrom aquamarine ]: zwp_linux_dmabuf_v1: Got format AYUV with modifier INVALID
[1;32mDEBUG [0mfrom aquamarine ]: zwp_linux_dmabuf_v1: Got format XYUV with modifier INVALID
[1;32mDEBUG [0mfrom aquamarine ]: zwp_linux_dmabuf_v1: Got format Y410 with modifier INVALID
[1;32mDEBUG [0mfrom aquamarine ]: zwp_linux_dmabuf_v1: Got format Y412 with modifier INVALID
[1;32mDEBUG [0mfrom aquamarine ]: zwp_linux_dmabuf_v1: Got format Y416 with modifier INVALID
[1;32mDEBUG [0mfrom aquamarine ]: zwp_linux_dmabuf_v1: Got format YUYV with modifier INVALID
[1;32mDEBUG [0mfrom aquamarine ]: zwp_linux_dmabuf_v1: Got format YVYU with modifier INVALID
[1;32mDEBUG [0mfrom aquamarine ]: zwp_linux_dmabuf_v1: Got format UYVY with modifier INVALID
[1;32mDEBUG [0mfrom aquamarine ]: zwp_linux_dmabuf_v1: Got format VYUY with modifier INVALID
[1;32mDEBUG [0mfrom aquamarine ]: zwp_linux_dmabuf_v1: Got format Y210 with modifier INVALID
[1;32mDEBUG [0mfrom aquamarine ]: zwp_linux_dmabuf_v1: Got format Y212 with modifier INVALID
[1;32mDEBUG [0mfrom aquamarine ]: zwp_linux_dmabuf_v1: Got format Y216 with modifier INVALID
[1;32mDEBUG [0mfrom aquamarine ]: zwp_linux_dmabuf_v1: Got format C8 with modifier 4_TILED_LNL_CCS
[1;32mDEBUG [0mfrom aquamarine ]: zwp_linux_dmabuf_v1: Got format C8 with modifier 4_TILED
[1;32mDEBUG [0mfrom aquamarine ]: zwp_linux_dmabuf_v1: Got format XR4H with modifier 4_TILED_LNL_CCS
[1;32mDEBUG [0mfrom aquamarine ]: zwp_linux_dmabuf_v1: Got format XR4H with modifier 4_TILED
[1;32mDEBUG [0mfrom aquamarine ]: zwp_linux_dmabuf_v1: Got format AR4H with modifier 4_TILED_LNL_CCS
[1;32mDEBUG [0mfrom aquamarine ]: zwp_linux_dmabuf_v1: Got format AR4H with modifier 4_TILED
[1;32mDEBUG [0mfrom aquamarine ]: zwp_linux_dmabuf_v1: Got format YUYV with modifier 4_TILED_LNL_CCS
[1;32mDEBUG [0mfrom aquamarine ]: zwp_linux_dmabuf_v1: Got format YUYV with modifier 4_TILED
[1;32mDEBUG [0mfrom aquamarine ]: zwp_linux_dmabuf_v1: Got format YVYU with modifier 4_TILED_LNL_CCS
[1;32mDEBUG [0mfrom aquamarine ]: zwp_linux_dmabuf_v1: Got format YVYU with modifier 4_TILED
[1;32mDEBUG [0mfrom aquamarine ]: zwp_linux_dmabuf_v1: Got format UYVY with modifier 4_TILED_LNL_CCS
[1;32mDEBUG [0mfrom aquamarine ]: zwp_linux_dmabuf_v1: Got format UYVY with modifier 4_TILED
[1;32mDEBUG [0mfrom aquamarine ]: zwp_linux_dmabuf_v1: Got format VYUY with modifier 4_TILED_LNL_CCS
[1;32mDEBUG [0mfrom aquamarine ]: zwp_linux_dmabuf_v1: Got format VYUY with modifier 4_TILED
[1;32mDEBUG [0mfrom aquamarine ]: zwp_linux_dmabuf_v1: Got format NV12 with modifier 4_TILED_LNL_CCS
[1;32mDEBUG [0mfrom aquamarine ]: zwp_linux_dmabuf_v1: Got format NV12 with modifier 4_TILED
[1;32mDEBUG [0mfrom aquamarine ]: zwp_linux_dmabuf_v1: Got format P010 with modifier 4_TILED_LNL_CCS
[1;32mDEBUG [0mfrom aquamarine ]: zwp_linux_dmabuf_v1: Got format P010 with modifier 4_TILED
[1;32mDEBUG [0mfrom aquamarine ]: zwp_linux_dmabuf_v1: Got format P012 with modifier 4_TILED_LNL_CCS
[1;32mDEBUG [0mfrom aquamarine ]: zwp_linux_dmabuf_v1: Got format P012 with modifier 4_TILED
[1;32mDEBUG [0mfrom aquamarine ]: zwp_linux_dmabuf_v1: Got format P016 with modifier 4_TILED_LNL_CCS
[1;32mDEBUG [0mfrom aquamarine ]: zwp_linux_dmabuf_v1: Got format P016 with modifier 4_TILED
[1;32mDEBUG [0mfrom aquamarine ]: zwp_linux_dmabuf_v1: Got format Y210 with modifier 4_TILED_LNL_CCS
[1;32mDEBUG [0mfrom aquamarine ]: zwp_linux_dmabuf_v1: Got format Y210 with modifier 4_TILED
[1;32mDEBUG [0mfrom aquamarine ]: zwp_linux_dmabuf_v1: Got format Y212 with modifier 4_TILED_LNL_CCS
[1;32mDEBUG [0mfrom aquamarine ]: zwp_linux_dmabuf_v1: Got format Y212 with modifier 4_TILED
[1;32mDEBUG [0mfrom aquamarine ]: zwp_linux_dmabuf_v1: Got format Y216 with modifier 4_TILED_LNL_CCS
[1;32mDEBUG [0mfrom aquamarine ]: zwp_linux_dmabuf_v1: Got format Y216 with modifier 4_TILED
[1;32mDEBUG [0mfrom aquamarine ]: zwp_linux_dmabuf_v1: Got format XYUV with modifier 4_TILED_LNL_CCS
[1;32mDEBUG [0mfrom aquamarine ]: zwp_linux_dmabuf_v1: Got format XYUV with modifier 4_TILED
[1;32mDEBUG [0mfrom aquamarine ]: zwp_linux_dmabuf_v1: Got format XV30 with modifier 4_TILED_LNL_CCS
[1;32mDEBUG [0mfrom aquamarine ]: zwp_linux_dmabuf_v1: Got format XV30 with modifier 4_TILED
[1;32mDEBUG [0mfrom aquamarine ]: zwp_linux_dmabuf_v1: Got format XV36 with modifier 4_TILED_LNL_CCS
[1;32mDEBUG [0mfrom aquamarine ]: zwp_linux_dmabuf_v1: Got format XV36 with modifier 4_TILED
[1;32mDEBUG [0mfrom aquamarine ]: zwp_linux_dmabuf_v1: Got format XV48 with modifier 4_TILED_LNL_CCS
[1;32mDEBUG [0mfrom aquamarine ]: zwp_linux_dmabuf_v1: Got format XV48 with modifier 4_TILED
[1;32mDEBUG [0mfrom aquamarine ]: zwp_linux_dmabuf_v1: Got main device
[1;32mDEBUG [0mfrom aquamarine ]: zwp_linux_dmabuf_v1: Got node /dev/dri/renderD128
[1;32mDEBUG [0mfrom aquamarine ]: zwp_linux_dmabuf_v1: Got done
[1;32mDEBUG [0mfrom aquamarine ]: zwp_linux_dmabuf_v1: opened node /dev/dri/renderD128 with fd 16
[1;32mDEBUG [0mfrom aquamarine ]: Output WAYLAND-1: initialized
[1;32mDEBUG [0mfrom aquamarine ]: reopenDRMNode: opening node /dev/dri/renderD128
[1;32mDEBUG [0mfrom aquamarine ]: Created a GBM allocator with drm fd 17
[1;32mDEBUG [0m]: Instance Signature: efb50993780079460b0cbed1363e2166a2de1d9f_1789595301_691565001
[1;32mDEBUG [0m]: Runtime directory: /tmp/pw-blju89vn/r/hypr/efb50993780079460b0cbed1363e2166a2de1d9f_1789595301_691565001
[1;32mDEBUG [0m]: Hyprland PID: 15
[1;32mDEBUG [0m]: ===== SYSTEM INFO: =====
[1;32mDEBUG [0m]: Hyprland 0.56.2 built from branch v0.56.2 at commit efb50993780079460b0cbed1363e2166a2de1d9f clean ([gha] Nix: update inputs).
Date: Wed Aug 5 14:13:21 2026
Tag: v0.56.2, commits: 7661

Libraries:
Hyprgraphics: built against 0.5.1, system has 0.5.1
Hyprutils: built against 0.14.1, system has 0.14.2
Hyprcursor: built against 0.1.13, system has 0.1.13
Hyprlang: built against 0.6.8, system has 0.6.8
Aquamarine: built against 0.15.0, system has 0.15.0

Version ABI string: efb50993780079460b0cbed1363e2166a2de1d9f_aq_0.15_hu_0.14_hg_0.5_hc_0.1_hlg_0.6
no flags were set


System Information:
System name: Linux
Node name: lenovo-x1
Release: 7.2.4-arch1-2
Version: #1 SMP PREEMPT_DYNAMIC Tue, 08 Sep 2026 10:22:31 +0000

Libraries:
Hyprgraphics: built against 0.5.1, system has 0.5.1
Hyprutils: built against 0.14.1, system has 0.14.2
Hyprcursor: built against 0.1.13, system has 0.1.13
Hyprlang: built against 0.6.8, system has 0.6.8
Aquamarine: built against 0.15.0, system has 0.15.0



GPU information: 
00:02.0 VGA compatible controller [0300]: Intel Corporation Panther Lake [Intel Graphics] [8086:b090] (prog-if 00 [VGA controller])


os-release: NAME="Arch Linux"
PRETTY_NAME="Arch Linux"
ID=arch
BUILD_ID=rolling
ANSI_COLOR="38;2;23;147;209"
HOME_URL="https://archlinux.org/"
DOCUMENTATION_URL="https://wiki.archlinux.org/"
SUPPORT_URL="https://bbs.archlinux.org/"
BUG_REPORT_URL="https://gitlab.archlinux.org/groups/archlinux/-/issues"
PRIVACY_POLICY_URL="https://terms.archlinux.org/docs/privacy-policy/"
LOGO=archlinux-logo


plugins:
	unknown: not runtime

Backend: sessionless

Monitor info:

State:

configProvider: hyprlang
backend: wayland



[1;32mDEBUG [0m]: ========================
[1;32mDEBUG [0m]: 


[1;32mDEBUG [0m]: If you are crashing, or encounter any bugs, please consult https://wiki.hypr.land/Crashes-and-Bugs/


[1;32mDEBUG [0m]: 
Current splash: "If it ain't broke, don't fix it" - Lucascito_03


[1;32mDEBUG [0m]: Running on DRMFD: 16
[1;32mDEBUG [0m]: Using RENDERNODEFD: 16
[1;32mDEBUG [0m]: DRM DisplayNode syncobj timeline support: yes
[1;32mDEBUG [0m]: DRM RenderNode syncobj timeline support: yes
[1;32mDEBUG [0m]: wl_display_add_socket for wayland-1 succeeded with 0
[1;32mDEBUG [0m]: Creating the CHyprOpenGLImpl!
[1;32mDEBUG [0m]: Supported EGL global extensions: (16) EGL_EXT_device_base EGL_EXT_device_enumeration EGL_EXT_device_query EGL_EXT_platform_base EGL_KHR_client_get_all_proc_addresses EGL_EXT_client_extensions EGL_KHR_debug EGL_EXT_platform_device EGL_EXT_explicit_device EGL_EXT_platform_wayland EGL_KHR_platform_wayland EGL_EXT_platform_x11 EGL_KHR_platform_x11 EGL_EXT_platform_xcb EGL_MESA_platform_gbm EGL_KHR_platform_gbm EGL_MESA_platform_surfaceless
[1;32mDEBUG [0m]: eglDeviceFromDRMFD: No drm devices found
[1;33mWARN [0m]: EGL: EXT_platform_device or EGL_EXT_device_query not supported, using gbm
[1;32mDEBUG [0m]: openRenderNode got drm device /dev/dri/renderD128
[1;32mDEBUG [0m]: EGL: IMG_context_priority supported, requesting high
[1;32mDEBUG [0m]: EGL: EXT_create_context_robustness supported, requesting lose on reset
[1;32mDEBUG [0m]: EGL: Using KHR_context_flush_control
[1;32mDEBUG [0m]: EGL: Got a high priority context
[1;32mDEBUG [0m]: Creating the Hypr OpenGL Renderer!
[1;32mDEBUG [0m]: Using: OpenGL ES 3.2 Mesa 26.2.2-arch1.1
[1;32mDEBUG [0m]: Vendor: Intel
[1;32mDEBUG [0m]: Renderer: Mesa Intel(R) Graphics (PTL)
[1;32mDEBUG [0m]: Supported extensions: (166) GL_EXT_blend_minmax GL_EXT_multi_draw_arrays GL_EXT_texture_filter_anisotropic GL_EXT_texture_compression_s3tc GL_EXT_texture_compression_dxt1 GL_EXT_texture_compression_rgtc GL_EXT_texture_format_BGRA8888 GL_OES_compressed_ETC1_RGB8_texture GL_OES_depth24 GL_OES_element_index_uint GL_OES_fbo_render_mipmap GL_OES_mapbuffer GL_OES_rgb8_rgba8 GL_OES_standard_derivatives GL_OES_stencil8 GL_OES_texture_3D GL_OES_texture_float GL_OES_texture_float_linear GL_OES_texture_half_float GL_OES_texture_half_float_linear GL_OES_texture_npot GL_OES_vertex_half_float GL_EXT_draw_instanced GL_EXT_texture_sRGB_decode GL_OES_EGL_image GL_OES_depth_texture GL_AMD_performance_monitor GL_OES_packed_depth_stencil GL_EXT_texture_type_2_10_10_10_REV GL_NV_conditional_render GL_OES_get_program_binary GL_APPLE_texture_max_level GL_EXT_discard_framebuffer GL_EXT_read_format_bgra GL_EXT_texture_storage GL_NV_pack_subimage GL_NV_texture_barrier GL_EXT_frag_depth GL_NV_fbo_color_attachments GL_OES_EGL_image_external GL_OES_EGL_sync GL_OES_vertex_array_object GL_OES_viewport_array GL_ANGLE_pack_reverse_row_order GL_ANGLE_texture_compression_dxt3 GL_ANGLE_texture_compression_dxt5 GL_EXT_occlusion_query_boolean GL_EXT_robustness GL_EXT_sRGB GL_EXT_texture_rg GL_EXT_unpack_subimage GL_NV_draw_buffers GL_NV_read_buffer GL_NV_read_depth GL_NV_read_depth_stencil GL_NV_read_stencil GL_APPLE_sync GL_EXT_draw_buffers GL_EXT_instanced_arrays GL_EXT_map_buffer_range GL_EXT_shadow_samplers GL_KHR_debug GL_KHR_robustness GL_KHR_texture_compression_astc_ldr GL_NV_generate_mipmap_sRGB GL_NV_pixel_buffer_object GL_OES_depth_texture_cube_map GL_OES_required_internalformat GL_OES_surfaceless_context GL_EXT_color_buffer_float GL_EXT_debug_label GL_EXT_sRGB_write_control GL_EXT_separate_shader_objects GL_EXT_shader_group_vote GL_EXT_shader_implicit_conversions GL_EXT_shader_integer_mix GL_EXT_tessellation_point_size GL_EXT_tessellation_shader GL_INTEL_conservative_rasterization GL_INTEL_performance_query GL_ANDROID_extension_pack_es31a GL_EXT_base_instance GL_EXT_compressed_ETC1_RGB8_sub_texture GL_EXT_copy_image GL_EXT_draw_buffers_indexed GL_EXT_draw_elements_base_vertex GL_EXT_gpu_shader5 GL_EXT_multi_draw_indirect GL_EXT_polygon_offset_clamp GL_EXT_primitive_bounding_box GL_EXT_render_snorm GL_EXT_shader_io_blocks GL_EXT_texture_border_clamp GL_EXT_texture_buffer GL_EXT_texture_cube_map_array GL_EXT_texture_norm16 GL_EXT_texture_view GL_KHR_blend_equation_advanced GL_KHR_context_flush_control GL_KHR_robust_buffer_access_behavior GL_NV_image_formats GL_NV_shader_noperspective_interpolation GL_OES_copy_image GL_OES_draw_buffers_indexed GL_OES_draw_elements_base_vertex GL_OES_gpu_shader5 GL_OES_primitive_bounding_box GL_OES_sample_shading GL_OES_sample_variables GL_OES_shader_io_blocks GL_OES_shader_multisample_interpolation GL_OES_tessellation_point_size GL_OES_tessellation_shader GL_OES_texture_border_clamp GL_OES_texture_buffer GL_OES_texture_cube_map_array GL_OES_texture_stencil8 GL_OES_texture_storage_multisample_2d_array GL_OES_texture_view GL_EXT_blend_func_extended GL_EXT_buffer_storage GL_EXT_float_blend GL_EXT_geometry_point_size GL_EXT_geometry_shader GL_EXT_shader_samples_identical GL_EXT_texture_sRGB_R8 GL_KHR_no_error GL_KHR_texture_compression_astc_sliced_3d GL_NV_fragment_shader_interlock GL_OES_EGL_image_external_essl3 GL_OES_geometry_point_size GL_OES_geometry_shader GL_OES_shader_image_atomic GL_EXT_clear_texture GL_EXT_clip_cull_distance GL_EXT_conservative_depth GL_EXT_disjoint_timer_query GL_EXT_texture_compression_s3tc_srgb GL_MESA_shader_integer_functions GL_EXT_clip_control GL_EXT_color_buffer_half_float GL_EXT_memory_object GL_EXT_memory_object_fd GL_EXT_protected_textures GL_EXT_semaphore GL_EXT_semaphore_fd GL_EXT_texture_compression_bptc GL_EXT_texture_mirror_clamp_to_edge GL_KHR_parallel_shader_compile GL_NV_alpha_to_coverage_dither_control GL_EXT_EGL_image_storage GL_EXT_shader_framebuffer_fetch_non_coherent GL_EXT_texture_shadow_lod GL_INTEL_blackhole_render GL_MESA_framebuffer_flip_y GL_NV_compute_shader_derivatives GL_EXT_demote_to_helper_invocation GL_EXT_depth_clamp GL_EXT_texture_query_lod GL_KHR_shader_subgroup GL_MESA_sampler_objects GL_EXT_EGL_image_storage_compression GL_EXT_texture_storage_compression GL_MESA_bgra GL_MESA_texture_const_bandwidth GL_EXT_shader_clock 
[1;32mDEBUG [0m]: Supported EGL display extensions: (37) EGL_ANDROID_blob_cache EGL_ANDROID_native_fence_sync EGL_EXT_buffer_age EGL_EXT_config_select_group EGL_EXT_create_context_robustness EGL_EXT_image_dma_buf_import EGL_EXT_image_dma_buf_import_modifiers EGL_EXT_protected_content EGL_EXT_query_reset_notification_strategy EGL_EXT_surface_compression EGL_IMG_context_priority EGL_KHR_cl_event2 EGL_KHR_config_attribs EGL_KHR_context_flush_control EGL_KHR_create_context EGL_KHR_create_context_no_error EGL_KHR_fence_sync EGL_KHR_get_all_proc_addresses EGL_KHR_gl_colorspace EGL_KHR_gl_renderbuffer_image EGL_KHR_gl_texture_2D_image EGL_KHR_gl_texture_3D_image EGL_KHR_gl_texture_cubemap_image EGL_KHR_image EGL_KHR_image_base EGL_KHR_image_pixmap EGL_KHR_no_config_context EGL_KHR_partial_update EGL_KHR_reusable_sync EGL_KHR_surfaceless_context EGL_EXT_pixel_format_float EGL_KHR_wait_sync EGL_MESA_configless_context EGL_MESA_gl_interop EGL_MESA_image_dma_buf_export EGL_MESA_query_driver EGL_MESA_x11_native_visual_id 
[1;32mDEBUG [0m]: Supported DMA-BUF formats:
[1;32mDEBUG [0m]: EGL: GPU Supports Format AB4H (0x48344241)
[1;32mDEBUG [0m]: EGL: | with modifier INVALID (0xffffffffffffff)
[1;32mDEBUG [0m]: EGL: | with modifier 4_TILED_LNL_CCS (0x100000000000010)
[1;32mDEBUG [0m]: EGL: | with modifier 4_TILED (0x100000000000009)
[1;32mDEBUG [0m]: EGL: | with modifier X_TILED (0x100000000000001)
[1;32mDEBUG [0m]: EGL: | with modifier LINEAR (0x0)
[1;32mDEBUG [0m]: EGL: GPU Supports Format XB4H (0x48344258)
[1;32mDEBUG [0m]: EGL: | with modifier INVALID (0xffffffffffffff)
[1;32mDEBUG [0m]: EGL: | with modifier 4_TILED_LNL_CCS (0x100000000000010)
[1;32mDEBUG [0m]: EGL: | with modifier 4_TILED (0x100000000000009)
[1;32mDEBUG [0m]: EGL: | with modifier X_TILED (0x100000000000001)
[1;32mDEBUG [0m]: EGL: | with modifier LINEAR (0x0)
[1;32mDEBUG [0m]: EGL: GPU Supports Format AB48 (0x38344241)
[1;32mDEBUG [0m]: EGL: | with modifier INVALID (0xffffffffffffff)
[1;32mDEBUG [0m]: EGL: | with modifier 4_TILED_LNL_CCS (0x100000000000010)
[1;32mDEBUG [0m]: EGL: | with modifier 4_TILED (0x100000000000009)
[1;32mDEBUG [0m]: EGL: | with modifier X_TILED (0x100000000000001)
[1;32mDEBUG [0m]: EGL: | with modifier LINEAR (0x0)
[1;32mDEBUG [0m]: EGL: GPU Supports Format XB48 (0x38344258)
[1;32mDEBUG [0m]: EGL: | with modifier INVALID (0xffffffffffffff)
[1;32mDEBUG [0m]: EGL: | with modifier 4_TILED_LNL_CCS (0x100000000000010)
[1;32mDEBUG [0m]: EGL: | with modifier 4_TILED (0x100000000000009)
[1;32mDEBUG [0m]: EGL: | with modifier X_TILED (0x100000000000001)
[1;32mDEBUG [0m]: EGL: | with modifier LINEAR (0x0)
[1;32mDEBUG [0m]: EGL: GPU Supports Format AR30 (0x30335241)
[1;32mDEBUG [0m]: EGL: | with modifier INVALID (0xffffffffffffff)
[1;32mDEBUG [0m]: EGL: | with modifier 4_TILED_LNL_CCS (0x100000000000010)
[1;32mDEBUG [0m]: EGL: | with modifier 4_TILED (0x100000000000009)
[1;32mDEBUG [0m]: EGL: | with modifier X_TILED (0x100000000000001)
[1;32mDEBUG [0m]: EGL: | with modifier LINEAR (0x0)
[1;32mDEBUG [0m]: EGL: GPU Supports Format XR30 (0x30335258)
[1;32mDEBUG [0m]: EGL: | with modifier INVALID (0xffffffffffffff)
[1;32mDEBUG [0m]: EGL: | with modifier 4_TILED_LNL_CCS (0x100000000000010)
[1;32mDEBUG [0m]: EGL: | with modifier 4_TILED (0x100000000000009)
[1;32mDEBUG [0m]: EGL: | with modifier X_TILED (0x100000000000001)
[1;32mDEBUG [0m]: EGL: | with modifier LINEAR (0x0)
[1;32mDEBUG [0m]: EGL: GPU Supports Format AB30 (0x30334241)
[1;32mDEBUG [0m]: EGL: | with modifier INVALID (0xffffffffffffff)
[1;32mDEBUG [0m]: EGL: | with modifier 4_TILED_LNL_CCS (0x100000000000010)
[1;32mDEBUG [0m]: EGL: | with modifier 4_TILED (0x100000000000009)
[1;32mDEBUG [0m]: EGL: | with modifier X_TILED (0x100000000000001)
[1;32mDEBUG [0m]: EGL: | with modifier LINEAR (0x0)
[1;32mDEBUG [0m]: EGL: GPU Supports Format XB30 (0x30334258)
[1;32mDEBUG [0m]: EGL: | with modifier INVALID (0xffffffffffffff)
[1;32mDEBUG [0m]: EGL: | with modifier 4_TILED_LNL_CCS (0x100000000000010)
[1;32mDEBUG [0m]: EGL: | with modifier 4_TILED (0x100000000000009)
[1;32mDEBUG [0m]: EGL: | with modifier X_TILED (0x100000000000001)
[1;32mDEBUG [0m]: EGL: | with modifier LINEAR (0x0)
[1;32mDEBUG [0m]: EGL: GPU Supports Format AR24 (0x34325241)
[1;32mDEBUG [0m]: EGL: | with modifier INVALID (0xffffffffffffff)
[1;32mDEBUG [0m]: EGL: | with modifier 4_TILED_LNL_CCS (0x100000000000010)
[1;32mDEBUG [0m]: EGL: | with modifier 4_TILED (0x100000000000009)
[1;32mDEBUG [0m]: EGL: | with modifier X_TILED (0x100000000000001)
[1;32mDEBUG [0m]: EGL: | with modifier LINEAR (0x0)
[1;32mDEBUG [0m]: EGL: GPU Supports Format AB24 (0x34324241)
[1;32mDEBUG [0m]: EGL: | with modifier INVALID (0xffffffffffffff)
[1;32mDEBUG [0m]: EGL: | with modifier 4_TILED_LNL_CCS (0x100000000000010)
[1;32mDEBUG [0m]: EGL: | with modifier 4_TILED (0x100000000000009)
[1;32mDEBUG [0m]: EGL: | with modifier X_TILED (0x100000000000001)
[1;32mDEBUG [0m]: EGL: | with modifier LINEAR (0x0)
[1;32mDEBUG [0m]: EGL: GPU Supports Format XR24 (0x34325258)
[1;32mDEBUG [0m]: EGL: | with modifier INVALID (0xffffffffffffff)
[1;32mDEBUG [0m]: EGL: | with modifier 4_TILED_LNL_CCS (0x100000000000010)
[1;32mDEBUG [0m]: EGL: | with modifier 4_TILED (0x100000000000009)
[1;32mDEBUG [0m]: EGL: | with modifier X_TILED (0x100000000000001)
[1;32mDEBUG [0m]: EGL: | with modifier LINEAR (0x0)
[1;32mDEBUG [0m]: EGL: GPU Supports Format XB24 (0x34324258)
[1;32mDEBUG [0m]: EGL: | with modifier INVALID (0xffffffffffffff)
[1;32mDEBUG [0m]: EGL: | with modifier 4_TILED_LNL_CCS (0x100000000000010)
[1;32mDEBUG [0m]: EGL: | with modifier 4_TILED (0x100000000000009)
[1;32mDEBUG [0m]: EGL: | with modifier X_TILED (0x100000000000001)
[1;32mDEBUG [0m]: EGL: | with modifier LINEAR (0x0)
[1;32mDEBUG [0m]: EGL: GPU Supports Format AR15 (0x35315241)
[1;32mDEBUG [0m]: EGL: | with modifier INVALID (0xffffffffffffff)
[1;32mDEBUG [0m]: EGL: | with modifier 4_TILED_LNL_CCS (0x100000000000010)
[1;32mDEBUG [0m]: EGL: | with modifier 4_TILED (0x100000000000009)
[1;32mDEBUG [0m]: EGL: | with modifier X_TILED (0x100000000000001)
[1;32mDEBUG [0m]: EGL: | with modifier LINEAR (0x0)
[1;32mDEBUG [0m]: EGL: GPU Supports Format AR12 (0x32315241)
[1;32mDEBUG [0m]: EGL: | with modifier INVALID (0xffffffffffffff)
[1;32mDEBUG [0m]: EGL: | with modifier 4_TILED_LNL_CCS (0x100000000000010)
[1;32mDEBUG [0m]: EGL: | with modifier 4_TILED (0x100000000000009)
[1;32mDEBUG [0m]: EGL: | with modifier X_TILED (0x100000000000001)
[1;32mDEBUG [0m]: EGL: | with modifier LINEAR (0x0)
[1;32mDEBUG [0m]: EGL: GPU Supports Format RG16 (0x36314752)
[1;32mDEBUG [0m]: EGL: | with modifier INVALID (0xffffffffffffff)
[1;32mDEBUG [0m]: EGL: | with modifier 4_TILED_LNL_CCS (0x100000000000010)
[1;32mDEBUG [0m]: EGL: | with modifier 4_TILED (0x100000000000009)
[1;32mDEBUG [0m]: EGL: | with modifier X_TILED (0x100000000000001)
[1;32mDEBUG [0m]: EGL: | with modifier LINEAR (0x0)
[1;32mDEBUG [0m]: EGL: GPU Supports Format R8 (0x20203852)
[1;32mDEBUG [0m]: EGL: | with modifier INVALID (0xffffffffffffff)
[1;32mDEBUG [0m]: EGL: | with modifier 4_TILED_LNL_CCS (0x100000000000010)
[1;32mDEBUG [0m]: EGL: | with modifier 4_TILED (0x100000000000009)
[1;32mDEBUG [0m]: EGL: | with modifier X_TILED (0x100000000000001)
[1;32mDEBUG [0m]: EGL: | with modifier LINEAR (0x0)
[1;32mDEBUG [0m]: EGL: GPU Supports Format R16 (0x20363152)
[1;32mDEBUG [0m]: EGL: | with modifier INVALID (0xffffffffffffff)
[1;32mDEBUG [0m]: EGL: | with modifier 4_TILED_LNL_CCS (0x100000000000010)
[1;32mDEBUG [0m]: EGL: | with modifier 4_TILED (0x100000000000009)
[1;32mDEBUG [0m]: EGL: | with modifier X_TILED (0x100000000000001)
[1;32mDEBUG [0m]: EGL: | with modifier LINEAR (0x0)
[1;32mDEBUG [0m]: EGL: GPU Supports Format GR88 (0x38385247)
[1;32mDEBUG [0m]: EGL: | with modifier INVALID (0xffffffffffffff)
[1;32mDEBUG [0m]: EGL: | with modifier 4_TILED_LNL_CCS (0x100000000000010)
[1;32mDEBUG [0m]: EGL: | with modifier 4_TILED (0x100000000000009)
[1;32mDEBUG [0m]: EGL: | with modifier X_TILED (0x100000000000001)
[1;32mDEBUG [0m]: EGL: | with modifier LINEAR (0x0)
[1;32mDEBUG [0m]: EGL: GPU Supports Format GR32 (0x32335247)
[1;32mDEBUG [0m]: EGL: | with modifier INVALID (0xffffffffffffff)
[1;32mDEBUG [0m]: EGL: | with modifier 4_TILED_LNL_CCS (0x100000000000010)
[1;32mDEBUG [0m]: EGL: | with modifier 4_TILED (0x100000000000009)
[1;32mDEBUG [0m]: EGL: | with modifier X_TILED (0x100000000000001)
[1;32mDEBUG [0m]: EGL: | with modifier LINEAR (0x0)
[1;32mDEBUG [0m]: EGL: GPU Supports Format R  H (0x48202052)
[1;32mDEBUG [0m]: EGL: | with modifier INVALID (0xffffffffffffff)
[1;32mDEBUG [0m]: EGL: | with modifier 4_TILED_LNL_CCS (0x100000000000010)
[1;32mDEBUG [0m]: EGL: | with modifier 4_TILED (0x100000000000009)
[1;32mDEBUG [0m]: EGL: | with modifier X_TILED (0x100000000000001)
[1;32mDEBUG [0m]: EGL: | with modifier LINEAR (0x0)
[1;32mDEBUG [0m]: EGL: GPU Supports Format R  F (0x46202052)
[1;32mDEBUG [0m]: EGL: | with modifier INVALID (0xffffffffffffff)
[1;32mDEBUG [0m]: EGL: | with modifier 4_TILED_LNL_CCS (0x100000000000010)
[1;32mDEBUG [0m]: EGL: | with modifier 4_TILED (0x100000000000009)
[1;32mDEBUG [0m]: EGL: | with modifier X_TILED (0x100000000000001)
[1;32mDEBUG [0m]: EGL: | with modifier LINEAR (0x0)
[1;32mDEBUG [0m]: EGL: GPU Supports Format GR H (0x48205247)
[1;32mDEBUG [0m]: EGL: | with modifier INVALID (0xffffffffffffff)
[1;32mDEBUG [0m]: EGL: | with modifier 4_TILED_LNL_CCS (0x100000000000010)
[1;32mDEBUG [0m]: EGL: | with modifier 4_TILED (0x100000000000009)
[1;32mDEBUG [0m]: EGL: | with modifier X_TILED (0x100000000000001)
[1;32mDEBUG [0m]: EGL: | with modifier LINEAR (0x0)
[1;32mDEBUG [0m]: EGL: GPU Supports Format GR F (0x46205247)
[1;32mDEBUG [0m]: EGL: | with modifier INVALID (0xffffffffffffff)
[1;32mDEBUG [0m]: EGL: | with modifier 4_TILED_LNL_CCS (0x100000000000010)
[1;32mDEBUG [0m]: EGL: | with modifier 4_TILED (0x100000000000009)
[1;32mDEBUG [0m]: EGL: | with modifier X_TILED (0x100000000000001)
[1;32mDEBUG [0m]: EGL: | with modifier LINEAR (0x0)
[1;32mDEBUG [0m]: EGL: GPU Supports Format AB8F (0x46384241)
[1;32mDEBUG [0m]: EGL: | with modifier INVALID (0xffffffffffffff)
[1;32mDEBUG [0m]: EGL: | with modifier 4_TILED_LNL_CCS (0x100000000000010)
[1;32mDEBUG [0m]: EGL: | with modifier 4_TILED (0x100000000000009)
[1;32mDEBUG [0m]: EGL: | with modifier X_TILED (0x100000000000001)
[1;32mDEBUG [0m]: EGL: | with modifier LINEAR (0x0)
[1;32mDEBUG [0m]: EGL: GPU Supports Format YUV9 (0x39565559)
[1;32mDEBUG [0m]: EGL: | with modifier INVALID (0xffffffffffffff)
[1;32mDEBUG [0m]: EGL: GPU Supports Format YU11 (0x31315559)
[1;32mDEBUG [0m]: EGL: | with modifier INVALID (0xffffffffffffff)
[1;32mDEBUG [0m]: EGL: GPU Supports Format YU12 (0x32315559)
[1;32mDEBUG [0m]: EGL: | with modifier INVALID (0xffffffffffffff)
[1;32mDEBUG [0m]: EGL: GPU Supports Format YU16 (0x36315559)
[1;32mDEBUG [0m]: EGL: | with modifier INVALID (0xffffffffffffff)
[1;32mDEBUG [0m]: EGL: GPU Supports Format YU24 (0x34325559)
[1;32mDEBUG [0m]: EGL: | with modifier INVALID (0xffffffffffffff)
[1;32mDEBUG [0m]: EGL: GPU Supports Format YVU9 (0x39555659)
[1;32mDEBUG [0m]: EGL: | with modifier INVALID (0xffffffffffffff)
[1;32mDEBUG [0m]: EGL: GPU Supports Format YV11 (0x31315659)
[1;32mDEBUG [0m]: EGL: | with modifier INVALID (0xffffffffffffff)
[1;32mDEBUG [0m]: EGL: GPU Supports Format YV12 (0x32315659)
[1;32mDEBUG [0m]: EGL: | with modifier INVALID (0xffffffffffffff)
[1;32mDEBUG [0m]: EGL: GPU Supports Format YV16 (0x36315659)
[1;32mDEBUG [0m]: EGL: | with modifier INVALID (0xffffffffffffff)
[1;32mDEBUG [0m]: EGL: GPU Supports Format YV24 (0x34325659)
[1;32mDEBUG [0m]: EGL: | with modifier INVALID (0xffffffffffffff)
[1;32mDEBUG [0m]: EGL: GPU Supports Format S010 (0x30313053)
[1;32mDEBUG [0m]: EGL: | with modifier INVALID (0xffffffffffffff)
[1;32mDEBUG [0m]: EGL: GPU Supports Format S210 (0x30313253)
[1;32mDEBUG [0m]: EGL: | with modifier INVALID (0xffffffffffffff)
[1;32mDEBUG [0m]: EGL: GPU Supports Format S410 (0x30313453)
[1;32mDEBUG [0m]: EGL: | with modifier INVALID (0xffffffffffffff)
[1;32mDEBUG [0m]: EGL: GPU Supports Format S012 (0x32313053)
[1;32mDEBUG [0m]: EGL: | with modifier INVALID (0xffffffffffffff)
[1;32mDEBUG [0m]: EGL: GPU Supports Format S212 (0x32313253)
[1;32mDEBUG [0m]: EGL: | with modifier INVALID (0xffffffffffffff)
[1;32mDEBUG [0m]: EGL: GPU Supports Format S412 (0x32313453)
[1;32mDEBUG [0m]: EGL: | with modifier INVALID (0xffffffffffffff)
[1;32mDEBUG [0m]: EGL: GPU Supports Format S016 (0x36313053)
[1;32mDEBUG [0m]: EGL: | with modifier INVALID (0xffffffffffffff)
[1;32mDEBUG [0m]: EGL: GPU Supports Format S216 (0x36313253)
[1;32mDEBUG [0m]: EGL: | with modifier INVALID (0xffffffffffffff)
[1;32mDEBUG [0m]: EGL: GPU Supports Format S416 (0x36313453)
[1;32mDEBUG [0m]: EGL: | with modifier INVALID (0xffffffffffffff)
[1;32mDEBUG [0m]: EGL: GPU Supports Format NV12 (0x3231564e)
[1;32mDEBUG [0m]: EGL: | with modifier INVALID (0xffffffffffffff)
[1;32mDEBUG [0m]: EGL: GPU Supports Format NV21 (0x3132564e)
[1;32mDEBUG [0m]: EGL: | with modifier INVALID (0xffffffffffffff)
[1;32mDEBUG [0m]: EGL: GPU Supports Format P010 (0x30313050)
[1;32mDEBUG [0m]: EGL: | with modifier INVALID (0xffffffffffffff)
[1;32mDEBUG [0m]: EGL: GPU Supports Format P012 (0x32313050)
[1;32mDEBUG [0m]: EGL: | with modifier INVALID (0xffffffffffffff)
[1;32mDEBUG [0m]: EGL: GPU Supports Format P016 (0x36313050)
[1;32mDEBUG [0m]: EGL: | with modifier INVALID (0xffffffffffffff)
[1;32mDEBUG [0m]: EGL: GPU Supports Format P030 (0x30333050)
[1;32mDEBUG [0m]: EGL: | with modifier INVALID (0xffffffffffffff)
[1;32mDEBUG [0m]: EGL: GPU Supports Format NV16 (0x3631564e)
[1;32mDEBUG [0m]: EGL: | with modifier INVALID (0xffffffffffffff)
[1;32mDEBUG [0m]: EGL: GPU Supports Format NV61 (0x3136564e)
[1;32mDEBUG [0m]: EGL: | with modifier INVALID (0xffffffffffffff)
[1;32mDEBUG [0m]: EGL: GPU Supports Format NV24 (0x3432564e)
[1;32mDEBUG [0m]: EGL: | with modifier INVALID (0xffffffffffffff)
[1;32mDEBUG [0m]: EGL: GPU Supports Format NV42 (0x3234564e)
[1;32mDEBUG [0m]: EGL: | with modifier INVALID (0xffffffffffffff)
[1;32mDEBUG [0m]: EGL: GPU Supports Format AYUV (0x56555941)
[1;32mDEBUG [0m]: EGL: | with modifier INVALID (0xffffffffffffff)
[1;32mDEBUG [0m]: EGL: GPU Supports Format XYUV (0x56555958)
[1;32mDEBUG [0m]: EGL: | with modifier INVALID (0xffffffffffffff)
[1;32mDEBUG [0m]: EGL: GPU Supports Format Y410 (0x30313459)
[1;32mDEBUG [0m]: EGL: | with modifier INVALID (0xffffffffffffff)
[1;32mDEBUG [0m]: EGL: GPU Supports Format Y412 (0x32313459)
[1;32mDEBUG [0m]: EGL: | with modifier INVALID (0xffffffffffffff)
[1;32mDEBUG [0m]: EGL: GPU Supports Format Y416 (0x36313459)
[1;32mDEBUG [0m]: EGL: | with modifier INVALID (0xffffffffffffff)
[1;32mDEBUG [0m]: EGL: GPU Supports Format YUYV (0x56595559)
[1;32mDEBUG [0m]: EGL: | with modifier INVALID (0xffffffffffffff)
[1;32mDEBUG [0m]: EGL: GPU Supports Format YVYU (0x55595659)
[1;32mDEBUG [0m]: EGL: | with modifier INVALID (0xffffffffffffff)
[1;32mDEBUG [0m]: EGL: GPU Supports Format UYVY (0x59565955)
[1;32mDEBUG [0m]: EGL: | with modifier INVALID (0xffffffffffffff)
[1;32mDEBUG [0m]: EGL: GPU Supports Format VYUY (0x59555956)
[1;32mDEBUG [0m]: EGL: | with modifier INVALID (0xffffffffffffff)
[1;32mDEBUG [0m]: EGL: GPU Supports Format Y210 (0x30313259)
[1;32mDEBUG [0m]: EGL: | with modifier INVALID (0xffffffffffffff)
[1;32mDEBUG [0m]: EGL: GPU Supports Format Y212 (0x32313259)
[1;32mDEBUG [0m]: EGL: | with modifier INVALID (0xffffffffffffff)
[1;32mDEBUG [0m]: EGL: GPU Supports Format Y216 (0x36313259)
[1;32mDEBUG [0m]: EGL: | with modifier INVALID (0xffffffffffffff)
[1;32mDEBUG [0m]: EGL: 65 formats found in total. Some modifiers may be omitted as they are external-only.
[1;32mDEBUG [0m]: Creating the HyprRenderer!
[1;32mDEBUG [0m]: Aq backend has no session, omitting full DRM node checks
[1;32mDEBUG [0m]: Primary DRM driver information: xe v1.1.0 from 0 description Intel Xe2 Graphics
[1;32mDEBUG [0m]: Creating the ProtocolManager!
[1;32mDEBUG [0m]: [IWaylandProtocol] Registered global [WLSeat]
[1;32mDEBUG [0m]: [IWaylandProtocol] Registered global [WLDataDevice]
[1;32mDEBUG [0m]: [IWaylandProtocol] Registered global [WLCompositor]
[1;32mDEBUG [0m]: [IWaylandProtocol] Registered global [WLSubcompositor]
[1;32mDEBUG [0m]: [IWaylandProtocol] Registered global [WLSHM]
[1;32mDEBUG [0m]: [IWaylandProtocol] Registered global [Viewporter]
[1;32mDEBUG [0m]: [IWaylandProtocol] Registered global [TearingControl]
[1;32mDEBUG [0m]: [IWaylandProtocol] Registered global [FractionalScale]
[1;32mDEBUG [0m]: [IWaylandProtocol] Registered global [XDGOutput]
[1;32mDEBUG [0m]: [IWaylandProtocol] Registered global [CursorShape]
[1;32mDEBUG [0m]: [IWaylandProtocol] Registered global [IdleInhibit]
[1;32mDEBUG [0m]: [IWaylandProtocol] Registered global [RelativePointer]
[1;32mDEBUG [0m]: [IWaylandProtocol] Registered global [XDGDecoration]
[1;32mDEBUG [0m]: [IWaylandProtocol] Registered global [AlphaModifier]
[1;32mDEBUG [0m]: [IWaylandProtocol] Registered global [GammaControl]
[1;32mDEBUG [0m]: [IWaylandProtocol] Registered global [ForeignToplevel]
[1;32mDEBUG [0m]: [IWaylandProtocol] Registered global [PointerGestures]
[1;32mDEBUG [0m]: [IWaylandProtocol] Registered global [ForeignToplevelWlr]
[1;32mDEBUG [0m]: [IWaylandProtocol] Registered global [ShortcutsInhibit]
[1;32mDEBUG [0m]: [IWaylandProtocol] Registered global [TextInputV1]
[1;32mDEBUG [0m]: [IWaylandProtocol] Registered global [TextInputV3]
[1;32mDEBUG [0m]: [IWaylandProtocol] Registered global [PointerConstraints]
[1;32mDEBUG [0m]: [IWaylandProtocol] Registered global [OutputPower]
[1;32mDEBUG [0m]: [IWaylandProtocol] Registered global [XDGActivation]
[1;32mDEBUG [0m]: [IWaylandProtocol] Registered global [IdleNotify]
[1;32mDEBUG [0m]: [IWaylandProtocol] Registered global [IdleNotify]
[1;32mDEBUG [0m]: [IWaylandProtocol] Registered global [SessionLock]
[1;32mDEBUG [0m]: [IWaylandProtocol] Registered global [IMEv2]
[1;32mDEBUG [0m]: [IWaylandProtocol] Registered global [VirtualKeyboard]
[1;32mDEBUG [0m]: [IWaylandProtocol] Registered global [VirtualPointer]
[1;32mDEBUG [0m]: [IWaylandProtocol] Registered global [OutputManagement]
[1;32mDEBUG [0m]: [IWaylandProtocol] Registered global [ServerDecorationKDE]
[1;32mDEBUG [0m]: [IWaylandProtocol] Registered global [FocusGrab]
[1;32mDEBUG [0m]: [IWaylandProtocol] Registered global [TabletV2]
[1;32mDEBUG [0m]: [IWaylandProtocol] Registered global [LayerShell]
[1;32mDEBUG [0m]: [IWaylandProtocol] Registered global [Presentation]
[1;32mDEBUG [0m]: [IWaylandProtocol] Registered global [XDGShell]
[1;32mDEBUG [0m]: [IWaylandProtocol] Registered global [DataDeviceWlr]
[1;32mDEBUG [0m]: [IWaylandProtocol] Registered global [PrimarySelection]
[1;32mDEBUG [0m]: [IWaylandProtocol] Registered global [XWaylandShell]
[1;32mDEBUG [0m]: [IWaylandProtocol] Registered global [ToplevelMapping]
[1;32mDEBUG [0m]: [IWaylandProtocol] Registered global [GlobalShortcuts]
[1;32mDEBUG [0m]: [IWaylandProtocol] Registered global [XDGDialog]
[1;32mDEBUG [0m]: [IWaylandProtocol] Registered global [SinglePixel]
[1;32mDEBUG [0m]: [IWaylandProtocol] Registered global [SecurityContext]
[1;32mDEBUG [0m]: [IWaylandProtocol] Registered global [CTMControl]
[1;32mDEBUG [0m]: [IWaylandProtocol] Registered global [InputCapture]
[1;32mDEBUG [0m]: [IWaylandProtocol] Registered global [HyprlandSurface]
[1;32mDEBUG [0m]: [IWaylandProtocol] Registered global [ContentType]
[1;32mDEBUG [0m]: [IWaylandProtocol] Registered global [XDGTag]
[1;32mDEBUG [0m]: [IWaylandProtocol] Registered global [XDGBell]
[1;32mDEBUG [0m]: [IWaylandProtocol] Registered global [Hotkey]
[1;32mDEBUG [0m]: [IWaylandProtocol] Registered global [ExtWorkspace]
[1;32mDEBUG [0m]: [IWaylandProtocol] Registered global [ExtDataDevice]
[1;32mDEBUG [0m]: [IWaylandProtocol] Registered global [PointerWarp]
[1;32mDEBUG [0m]: [IWaylandProtocol] Registered global [Fifo]
[1;32mDEBUG [0m]: [IWaylandProtocol] Registered global [XDGForeignExporter]
[1;32mDEBUG [0m]: [IWaylandProtocol] Registered global [XDGForeignImporter]
[1;32mDEBUG [0m]: [IWaylandProtocol] Registered global [BackgroundEffect]
[1;32mDEBUG [0m]: [IWaylandProtocol] Registered global [CommitTiming]
[1;32mDEBUG [0m]: [IWaylandProtocol] Registered global [Screencopy]
[1;32mDEBUG [0m]: [IWaylandProtocol] Registered global [ToplevelExport]
[1;32mDEBUG [0m]: [IWaylandProtocol] Registered global [OutputImageCaptureSource]
[1;32mDEBUG [0m]: [IWaylandProtocol] Registered global [ForeignToplevelImageCaptureSource]
[1;32mDEBUG [0m]: [IWaylandProtocol] Registered global [ImageCopyCapture]
[1;32mDEBUG [0m]: [IWaylandProtocol] Registered global [ColorManagement]
[1;32mDEBUG [0m]: [IWaylandProtocol] Registered global [MesaDRM]
[1;32mDEBUG [0m]: [IWaylandProtocol] Registered global [LinuxDMABUF]
[1;32mDEBUG [0m]: Creating the SeatManager!
[1;32mDEBUG [0m]: Creating the SessionLockManager!
[1;32mDEBUG [0m]: Creating CHyprCtl
[1;32mDEBUG [0m]: Hypr socket started at /tmp/pw-blju89vn/r/hypr/efb50993780079460b0cbed1363e2166a2de1d9f_1789595301_691565001/.socket.sock
[1;32mDEBUG [0m]: Creating the InputManager!
[1;32mDEBUG [0m]: Creating the XWaylandManager!
[1;32mDEBUG [0m]: Creating the Debug Overlay!
[1;32mDEBUG [0m]: Creating the NotificationOverlay!
[1;32mDEBUG [0m]: Creating the PluginSystem!
[1;32mDEBUG [0m]: Creating the DecorationPositioner!
[1;32mDEBUG [0m]: Creating the CursorManager!
[1;32mDEBUG [0m]: [hc] CHyprcursorManager: attempting to find theme from env
[1;32mDEBUG [0m]: [hc] themeNameFromEnv: env unset
[1;32mDEBUG [0m]: [hc] CHyprcursorManager: attempting to find any theme
[1;32mDEBUG [0m]: [hc] CHyprcursorManager: no themes matched
[1;31mERR [0m]: Hyprcursor failed loading theme "", falling back to Xcursor.
[1;33mWARN [0m]: XCURSOR_SIZE size not set, defaulting to size 24
[1;32mDEBUG [0m]: XCursor scanning theme default
[1;32mDEBUG [0m]: XCursor parsing index.theme /usr/share/icons/default/index.theme
[1;32mDEBUG [0m]: XCursor theme default inherits Adwaita
[1;32mDEBUG [0m]: XCursor scanning theme Adwaita
[1;32mDEBUG [0m]: XCursor using theme path /usr/share/icons/Adwaita/cursors
[1;32mDEBUG [0m]: XCursor parsing index.theme /usr/share/icons/Adwaita/index.theme
[1;32mDEBUG [0m]: XCursor theme Adwaita inherits AdwaitaLegacy
[1;32mDEBUG [0m]: XCursor theme Adwaita inherits hicolor
[1;32mDEBUG [0m]: XCursor scanning theme Adwaita
[1;32mDEBUG [0m]: XCursor using theme path /usr/share/icons/Adwaita/cursors
[1;32mDEBUG [0m]: XCursor parsing index.theme /usr/share/icons/Adwaita/index.theme
[1;32mDEBUG [0m]: XCursor theme Adwaita inherits AdwaitaLegacy
[1;32mDEBUG [0m]: XCursor theme Adwaita inherits hicolor
[1;32mDEBUG [0m]: XCursor scanning theme AdwaitaLegacy
[1;32mDEBUG [0m]: XCursor parsing index.theme /usr/share/icons/AdwaitaLegacy/index.theme
[1;32mDEBUG [0m]: XCursor theme AdwaitaLegacy inherits hicolor
[1;32mDEBUG [0m]: XCursor scanning theme hicolor
[1;32mDEBUG [0m]: XCursor parsing index.theme /usr/share/icons/hicolor/index.theme
[1;32mDEBUG [0m]: XCursor already has a shape default loaded, skipping
[1;32mDEBUG [0m]: XCursor already has a shape context-menu loaded, skipping
[1;32mDEBUG [0m]: XCursor already has a shape help loaded, skipping
[1;32mDEBUG [0m]: XCursor already has a shape pointer loaded, skipping
[1;32mDEBUG [0m]: XCursor already has a shape progress loaded, skipping
[1;32mDEBUG [0m]: XCursor already has a shape wait loaded, skipping
[1;32mDEBUG [0m]: XCursor failed to find a legacy shape with name plus, skipping
[1;32mDEBUG [0m]: XCursor already has a shape crosshair loaded, skipping
[1;32mDEBUG [0m]: XCursor already has a shape text loaded, skipping
[1;32mDEBUG [0m]: XCursor already has a shape vertical-text loaded, skipping
[1;32mDEBUG [0m]: XCursor failed to find a legacy shape with name dnd-link, skipping
[1;32mDEBUG [0m]: XCursor failed to find a legacy shape with name dnd-copy, skipping
[1;32mDEBUG [0m]: XCursor already has a shape move loaded, skipping
[1;32mDEBUG [0m]: XCursor failed to find a legacy shape with name dnd-none, skipping
[1;32mDEBUG [0m]: XCursor failed to find a legacy shape with name crossed_circle, skipping
[1;32mDEBUG [0m]: XCursor already has a shape grab loaded, skipping
[1;32mDEBUG [0m]: XCursor already has a shape grabbing loaded, skipping
[1;32mDEBUG [0m]: XCursor already has a shape e-resize loaded, skipping
[1;32mDEBUG [0m]: XCursor already has a shape n-resize loaded, skipping
[1;32mDEBUG [0m]: XCursor already has a shape ne-resize loaded, skipping
[1;32mDEBUG [0m]: XCursor already has a shape nw-resize loaded, skipping
[1;32mDEBUG [0m]: XCursor already has a shape s-resize loaded, skipping
[1;32mDEBUG [0m]: XCursor already has a shape se-resize loaded, skipping
[1;32mDEBUG [0m]: XCursor already has a shape sw-resize loaded, skipping
[1;32mDEBUG [0m]: XCursor already has a shape w-resize loaded, skipping
[1;32mDEBUG [0m]: XCursor already has a shape ew-resize loaded, skipping
[1;32mDEBUG [0m]: XCursor already has a shape ns-resize loaded, skipping
[1;32mDEBUG [0m]: XCursor already has a shape nesw-resize loaded, skipping
[1;32mDEBUG [0m]: XCursor already has a shape nwse-resize loaded, skipping
[1;32mDEBUG [0m]: XCursor already has a shape col-resize loaded, skipping
[1;32mDEBUG [0m]: XCursor already has a shape row-resize loaded, skipping
[1;32mDEBUG [0m]: XCursor already has a shape all-scroll loaded, skipping
[1;32mDEBUG [0m]: XCursor already has a shape zoom-in loaded, skipping
[1;32mDEBUG [0m]: XCursor already has a shape zoom-out loaded, skipping
[1;32mDEBUG [0m]: XCursor failed to find a legacy shape with name dnd-copy, skipping
[1;32mDEBUG [0m]: XCursor already has a shape all-resize loaded, skipping
[1;33mWARN [0m]: GSettings default schema source does not exist, can't sync GSettings
[1;33mWARN [0m]: GSettings parameter doesn't exist cursor-theme in org.gnome.desktop.interface
[1;33mWARN [0m]: GSettings default schema source does not exist, can't sync GSettings
[1;33mWARN [0m]: GSettings parameter doesn't exist cursor-size in org.gnome.desktop.interface
[1;32mDEBUG [0m]: [hc] CHyprcursorManager: attempting to find theme from env
[1;32mDEBUG [0m]: [hc] themeNameFromEnv: env unset
[1;32mDEBUG [0m]: [hc] CHyprcursorManager: attempting to find any theme
[1;32mDEBUG [0m]: [hc] CHyprcursorManager: no themes matched
[1;31mERR [0m]: Hyprcursor failed loading theme "", falling back to Xcursor.
[1;33mWARN [0m]: XCURSOR_SIZE size not set, defaulting to size 24
[1;32mDEBUG [0m]: XCursor scanning theme default
[1;32mDEBUG [0m]: XCursor parsing index.theme /usr/share/icons/default/index.theme
[1;32mDEBUG [0m]: XCursor theme default inherits Adwaita
[1;32mDEBUG [0m]: XCursor scanning theme Adwaita
[1;32mDEBUG [0m]: XCursor using theme path /usr/share/icons/Adwaita/cursors
[1;32mDEBUG [0m]: XCursor parsing index.theme /usr/share/icons/Adwaita/index.theme
[1;32mDEBUG [0m]: XCursor theme Adwaita inherits AdwaitaLegacy
[1;32mDEBUG [0m]: XCursor theme Adwaita inherits hicolor
[1;32mDEBUG [0m]: XCursor scanning theme Adwaita
[1;32mDEBUG [0m]: XCursor using theme path /usr/share/icons/Adwaita/cursors
[1;32mDEBUG [0m]: XCursor parsing index.theme /usr/share/icons/Adwaita/index.theme
[1;32mDEBUG [0m]: XCursor theme Adwaita inherits AdwaitaLegacy
[1;32mDEBUG [0m]: XCursor theme Adwaita inherits hicolor
[1;32mDEBUG [0m]: XCursor scanning theme AdwaitaLegacy
[1;32mDEBUG [0m]: XCursor parsing index.theme /usr/share/icons/AdwaitaLegacy/index.theme
[1;32mDEBUG [0m]: XCursor theme AdwaitaLegacy inherits hicolor
[1;32mDEBUG [0m]: XCursor scanning theme hicolor
[1;32mDEBUG [0m]: XCursor parsing index.theme /usr/share/icons/hicolor/index.theme
[1;32mDEBUG [0m]: XCursor already has a shape default loaded, skipping
[1;32mDEBUG [0m]: XCursor already has a shape context-menu loaded, skipping
[1;32mDEBUG [0m]: XCursor already has a shape help loaded, skipping
[1;32mDEBUG [0m]: XCursor already has a shape pointer loaded, skipping
[1;32mDEBUG [0m]: XCursor already has a shape progress loaded, skipping
[1;32mDEBUG [0m]: XCursor already has a shape wait loaded, skipping
[1;32mDEBUG [0m]: XCursor failed to find a legacy shape with name plus, skipping
[1;32mDEBUG [0m]: XCursor already has a shape crosshair loaded, skipping
[1;32mDEBUG [0m]: XCursor already has a shape text loaded, skipping
[1;32mDEBUG [0m]: XCursor already has a shape vertical-text loaded, skipping
[1;32mDEBUG [0m]: XCursor failed to find a legacy shape with name dnd-link, skipping
[1;32mDEBUG [0m]: XCursor failed to find a legacy shape with name dnd-copy, skipping
[1;32mDEBUG [0m]: XCursor already has a shape move loaded, skipping
[1;32mDEBUG [0m]: XCursor failed to find a legacy shape with name dnd-none, skipping
[1;32mDEBUG [0m]: XCursor failed to find a legacy shape with name crossed_circle, skipping
[1;32mDEBUG [0m]: XCursor already has a shape grab loaded, skipping
[1;32mDEBUG [0m]: XCursor already has a shape grabbing loaded, skipping
[1;32mDEBUG [0m]: XCursor already has a shape e-resize loaded, skipping
[1;32mDEBUG [0m]: XCursor already has a shape n-resize loaded, skipping
[1;32mDEBUG [0m]: XCursor already has a shape ne-resize loaded, skipping
[1;32mDEBUG [0m]: XCursor already has a shape nw-resize loaded, skipping
[1;32mDEBUG [0m]: XCursor already has a shape s-resize loaded, skipping
[1;32mDEBUG [0m]: XCursor already has a shape se-resize loaded, skipping
[1;32mDEBUG [0m]: XCursor already has a shape sw-resize loaded, skipping
[1;32mDEBUG [0m]: XCursor already has a shape w-resize loaded, skipping
[1;32mDEBUG [0m]: XCursor already has a shape ew-resize loaded, skipping
[1;32mDEBUG [0m]: XCursor already has a shape ns-resize loaded, skipping
[1;32mDEBUG [0m]: XCursor already has a shape nesw-resize loaded, skipping
[1;32mDEBUG [0m]: XCursor already has a shape nwse-resize loaded, skipping
[1;32mDEBUG [0m]: XCursor already has a shape col-resize loaded, skipping
[1;32mDEBUG [0m]: XCursor already has a shape row-resize loaded, skipping
[1;32mDEBUG [0m]: XCursor already has a shape all-scroll loaded, skipping
[1;32mDEBUG [0m]: XCursor already has a shape zoom-in loaded, skipping
[1;32mDEBUG [0m]: XCursor already has a shape zoom-out loaded, skipping
[1;32mDEBUG [0m]: XCursor failed to find a legacy shape with name dnd-copy, skipping
[1;32mDEBUG [0m]: XCursor already has a shape all-resize loaded, skipping
[1;33mWARN [0m]: GSettings default schema source does not exist, can't sync GSettings
[1;33mWARN [0m]: GSettings parameter doesn't exist cursor-theme in org.gnome.desktop.interface
[1;33mWARN [0m]: GSettings default schema source does not exist, can't sync GSettings
[1;33mWARN [0m]: GSettings parameter doesn't exist cursor-size in org.gnome.desktop.interface
[1;32mDEBUG [0m]: Creating the VersionKeeper!
[1;32mDEBUG [0m]: FsUtils::getDataHome: no hyprland data home, creating.
[1;32mDEBUG [0m]: Creating the DonationNag!
[1;32mDEBUG [0m]: Creating the WelcomeManager!
[1;32mDEBUG [0m]: [welcome] skipping, not autogen
[1;32mDEBUG [0m]: Creating the ANRManager!
[1;32mDEBUG [0m]: Starting XWayland
[1;32mDEBUG [0m]: XWayland has been disabled, cleaning up...
[1;32mDEBUG [0m]: Hyprland init finished.
[1;32mDEBUG [0m]: Running on WAYLAND_DISPLAY: wayland-1
[1;32mDEBUG [0m]: systemd integration is baked in but system itself is not booted à la systemd!
[1;32mDEBUG [0m]: Hyprland is ready, running the event loop!
[1;32mDEBUG [0mfrom aquamarine ]: backend: poll fd 12 for implementation headless
[1;32mDEBUG [0mfrom aquamarine ]: backend: poll fd 14 for implementation wayland
[1;32mDEBUG [0mfrom aquamarine ]: backend: poll fd 13 for idle
[1;32mDEBUG [0m]: New aquamarine keyboard with name wl_keyboard
[1;32mDEBUG [0m]: ApplyConfigToKeyboard for "wl_keyboard", hasconfig: 0
[1;32mDEBUG [0m]: Attempting to create a keymap for layout us with variant  (rules: , model: , options: )
[1;32mDEBUG [0m]: Updating keyboard 559987285250's translation state from a provided keymap
[1;32mDEBUG [0m]: xkb: LED index 0 (name Num Lock) got index 1
[1;32mDEBUG [0m]: xkb: LED index 1 (name Caps Lock) got index 0
[1;32mDEBUG [0m]: xkb: LED index 2 (name Scroll Lock) got index 2
[1;32mDEBUG [0m]: xkb: Mod index 0 (name Shift) got index 0
[1;32mDEBUG [0m]: xkb: Mod index 1 (name Lock) got index 1
[1;32mDEBUG [0m]: xkb: Mod index 2 (name Control) got index 2
[1;32mDEBUG [0m]: xkb: Mod index 3 (name Mod1) got index 3
[1;32mDEBUG [0m]: xkb: Mod index 4 (name Mod2) got index 4
[1;32mDEBUG [0m]: xkb: Mod index 5 (name Mod3) got index 5
[1;32mDEBUG [0m]: xkb: Mod index 6 (name Mod4) got index 6
[1;32mDEBUG [0m]: xkb: Mod index 7 (name Mod5) got index 7
[1;32mDEBUG [0m]: Updating keymap fd for keyboard wl_keyboard
[1;32mDEBUG [0m]: Updated keymap fd to 40, keymap V1 to: 42
[1;32mDEBUG [0m]: Set the keyboard layout to us and variant to  for keyboard "wl_keyboard"
[1;32mDEBUG [0m]: New keyboard created, pointers Hypr: 559987285250 and AQ: 559987069d90
[1;32mDEBUG [0m]: New aquamarine pointer with name wl_pointer
[1;32mDEBUG [0m]: Attached pointer wl_pointer to global
[1;32mDEBUG [0m]: New mouse created, pointer AQ: 5599870686b0
[1;32mDEBUG [0m]: New aquamarine output with name WAYLAND-1
[1;32mDEBUG [0m]: [CMonitorStateTracker] New monitor: WAYLAND-1
[1;33mWARN [0m]: No rule found for WAYLAND-1, trying to use the first.
[1;32mDEBUG [0m]: Applying monitor rule for WAYLAND-1
[1;31mERR [0m]: Monitor WAYLAND-1 has NO PREFERRED MODE
[1;32mDEBUG [0mfrom aquamarine ]: GBM: Allocated a new buffer with size [Vector2D: x: 1920, y: 1080] and format XR24 with modifier 0x100000000000010 : 4_TILED_LNL_CCS
[1;32mDEBUG [0mfrom aquamarine ]: GBM: Allocated a new buffer with size [Vector2D: x: 1920, y: 1080] and format XR24 with modifier 0x100000000000010 : 4_TILED_LNL_CCS
[1;32mDEBUG [0mfrom aquamarine ]: GBM: Allocated a new buffer with size [Vector2D: x: 1920, y: 1080] and format XR24 with modifier 0x100000000000010 : 4_TILED_LNL_CCS
[1;32mDEBUG [0mfrom aquamarine ]: Swapchain: Reconfigured a swapchain to [Vector2D: x: 1920, y: 1080] XR24 of length 3
[1;32mDEBUG [0m]: CMonitorState::ensureBufferPresent: no buffer or mismatched format, attaching one from the swapchain for modeset being possible
[1;32mDEBUG [0m]: Monitor WAYLAND-1: requested 1920x1080@60.00Hz, using custom mode 1920x1080@0.00Hz
[1;32mDEBUG [0m]: output WAYLAND-1 succeeded basic test on format DRM_FORMAT_XRGB8888
[1;32mDEBUG [0m]: Starting ScreenshareManager
[1;32mDEBUG [0m]: Monitor WAYLAND-1 -> destroyed all render data
[1;32mDEBUG [0m]: CMonitor::updateVCGTRamps: skipping, no gamma ramp for output
[1;32mDEBUG [0m]: Monitor WAYLAND-1 data dump: res 1920x1080@60.00Hz, scale 1.00, transform 0, pos -1x-1, 10b 0
[1;33mWARN [0mfrom aquamarine ]: Output WAYLAND-1: pending state has a non-released buffer??
[1;32mDEBUG [0m]: Added new monitor with name WAYLAND-1 at [-1, -1] with size [1920, 1080], pointer 55998706c9e0
[1;32mDEBUG [0m]: New monitor: WORKSPACEID 1, exists: 0
[1;32mDEBUG [0m]: checking if we have seen this monitor before: WAYLAND-1
[1;32mDEBUG [0m]: Monitor WAYLAND-1 was not on any workspace
[1;32mDEBUG [0mfrom aquamarine ]: GBM: Automatically selected format AR24 for new GBM buffer
[1;32mDEBUG [0mfrom aquamarine ]: GBM: Allocated a new buffer with size [Vector2D: x: 24, y: 24] and format AR24 with modifier 0x100000000000010 : 4_TILED_LNL_CCS
[1;32mDEBUG [0mfrom aquamarine ]: GBM: Automatically selected format AR24 for new GBM buffer
[1;32mDEBUG [0mfrom aquamarine ]: GBM: Allocated a new buffer with size [Vector2D: x: 24, y: 24] and format AR24 with modifier 0x100000000000010 : 4_TILED_LNL_CCS
[1;32mDEBUG [0mfrom aquamarine ]: Swapchain: Reconfigured a swapchain to [Vector2D: x: 24, y: 24] AR24 of length 2
[1;32mDEBUG [0m]: Framebuffer "Monitor WAYLAND-1 blur FB" created, status 36053
[1;32mDEBUG [0m]: Shaders initialized successfully.
[1;31mERR [0m]: getConvertedColor: failed to get image description
[1;32mDEBUG [0m]: compiling feature set 1 for surface.frag
[1;32mDEBUG [0m]: [IWaylandProtocol] Registered global [WLOutput (WAYLAND-1)]
[1;32mDEBUG [0m]: arrangeMonitors: 1 to arrange
[1;32mDEBUG [0m]: arrangeMonitors: WAYLAND-1 auto [0, 0]
[1;32mDEBUG [0m]: arrangeMonitors: WAYLAND-1 xwayland [0, 0]
[1;32mDEBUG [0m]: [CXDGOutputProtocol] updating all xdg_output heads
[1;31mERR [0m]: getConvertedColor: failed to get image description
[1;32mDEBUG [0m]: [CXDGOutputProtocol] updating all xdg_output heads
[1;33mWARN [0m]: No rule found for WAYLAND-1, trying to use the first.
[1;32mDEBUG [0m]: ApplyConfigToKeyboard for "wl_keyboard", hasconfig: 0
[1;32mDEBUG [0m]: Not applying config to keyboard, it did not change.
[1;33mWARN [0m]: [FallbackStateKeeper] Start fired, removing fallback timer
[1;32mDEBUG [0m]: Framebuffer "Monitor WAYLAND-1 workbuffer" created, status 36053
[1;32mDEBUG [0m]: compiling feature set 0 for quad.frag
[1;32mDEBUG [0m]: compiling feature set 0 for passthru.frag
[1;33mWARN [0mfrom aquamarine ]: Output WAYLAND-1: pending state has a non-released buffer??
[1;33mWARN [0m]: FIXME: color management protocol is enabled and outputs changed, check preferred image description changes
[1;32mDEBUG [0mfrom aquamarine ]: Output WAYLAND-1: wm_capabilities received
[1;32mDEBUG [0mfrom aquamarine ]: Output WAYLAND-1: configure toplevel with 950x1148
[1;32mDEBUG [0m]: Applying monitor rule for WAYLAND-1
[1;31mERR [0m]: Monitor WAYLAND-1 has NO PREFERRED MODE
[1;32mDEBUG [0mfrom aquamarine ]: GBM: Allocated a new buffer with size [Vector2D: x: 950, y: 1148] and format XR24 with modifier 0x100000000000010 : 4_TILED_LNL_CCS
[1;32mDEBUG [0mfrom aquamarine ]: GBM: Allocated a new buffer with size [Vector2D: x: 950, y: 1148] and format XR24 with modifier 0x100000000000010 : 4_TILED_LNL_CCS
[1;32mDEBUG [0mfrom aquamarine ]: GBM: Allocated a new buffer with size [Vector2D: x: 950, y: 1148] and format XR24 with modifier 0x100000000000010 : 4_TILED_LNL_CCS
[1;32mDEBUG [0mfrom aquamarine ]: Swapchain: Reconfigured a swapchain to [Vector2D: x: 950, y: 1148] XR24 of length 3
[1;32mDEBUG [0m]: Monitor WAYLAND-1: requested 950x1148@60.00Hz, using custom mode 950x1148@0.00Hz
[1;32mDEBUG [0m]: output WAYLAND-1 succeeded basic test on format DRM_FORMAT_XRGB8888
[1;32mDEBUG [0m]: Monitor WAYLAND-1 -> destroyed all render data
[1;32mDEBUG [0m]: CMonitor::updateVCGTRamps: skipping, no gamma ramp for output
[1;32mDEBUG [0m]: Monitor WAYLAND-1 data dump: res 950x1148@60.00Hz, scale 1.00, transform 0, pos 0x0, 10b 0
[1;33mWARN [0m]: FIXME: color management protocol is enabled and outputs changed, check preferred image description changes
[1;32mDEBUG [0m]: Framebuffer "Monitor WAYLAND-1 blur FB" created, status 36053
[1;32mDEBUG [0m]: Framebuffer "Monitor WAYLAND-1 workbuffer" created, status 36053
[1;32mDEBUG [0mfrom aquamarine ]: Output WAYLAND-1: configure surface with 81285
[1;32mDEBUG [0mfrom aquamarine ]: Output WAYLAND-1: configure toplevel with 941x1144
[1;32mDEBUG [0m]: Applying monitor rule for WAYLAND-1
[1;31mERR [0m]: Monitor WAYLAND-1 has NO PREFERRED MODE
[1;32mDEBUG [0mfrom aquamarine ]: GBM: Allocated a new buffer with size [Vector2D: x: 941, y: 1144] and format XR24 with modifier 0x100000000000010 : 4_TILED_LNL_CCS
[1;32mDEBUG [0mfrom aquamarine ]: GBM: Allocated a new buffer with size [Vector2D: x: 941, y: 1144] and format XR24 with modifier 0x100000000000010 : 4_TILED_LNL_CCS
[1;32mDEBUG [0mfrom aquamarine ]: GBM: Allocated a new buffer with size [Vector2D: x: 941, y: 1144] and format XR24 with modifier 0x100000000000010 : 4_TILED_LNL_CCS
[1;32mDEBUG [0mfrom aquamarine ]: Swapchain: Reconfigured a swapchain to [Vector2D: x: 941, y: 1144] XR24 of length 3
[1;32mDEBUG [0m]: Monitor WAYLAND-1: requested 941x1144@60.00Hz, using custom mode 941x1144@0.00Hz
[1;32mDEBUG [0m]: output WAYLAND-1 succeeded basic test on format DRM_FORMAT_XRGB8888
[1;32mDEBUG [0m]: Monitor WAYLAND-1 -> destroyed all render data
[1;32mDEBUG [0m]: CMonitor::updateVCGTRamps: skipping, no gamma ramp for output
[1;32mDEBUG [0m]: Monitor WAYLAND-1 data dump: res 941x1144@60.00Hz, scale 1.00, transform 0, pos 0x0, 10b 0
[1;33mWARN [0m]: FIXME: color management protocol is enabled and outputs changed, check preferred image description changes
[1;32mDEBUG [0m]: Framebuffer "Monitor WAYLAND-1 blur FB" created, status 36053
[1;32mDEBUG [0m]: Framebuffer "Monitor WAYLAND-1 workbuffer" created, status 36053
[1;32mDEBUG [0mfrom aquamarine ]: Output WAYLAND-1: configure surface with 81286
[1;32mDEBUG [0m]: Hyprctl: new connection from pid 26
[1;31mERR [0m]: getConvertedColor: failed to get image description
[1;31mERR [0m]: getConvertedColor: failed to get image description
[1;32mDEBUG [0m]: Hyprctl: new connection from pid 28
[1;32mDEBUG [0m]: New aquamarine output with name HEADLESS-1
[1;32mDEBUG [0m]: [CMonitorStateTracker] New monitor: HEADLESS-1
[1;33mWARN [0m]: No rule found for HEADLESS-1, trying to use the first.
[1;32mDEBUG [0m]: Applying monitor rule for HEADLESS-1
[1;32mDEBUG [0mfrom aquamarine ]: GBM: Allocated a new buffer with size [Vector2D: x: 1920, y: 1080] and format XR24 with modifier 0x0 : LINEAR
[1;32mDEBUG [0mfrom aquamarine ]: GBM: Allocated a new buffer with size [Vector2D: x: 1920, y: 1080] and format XR24 with modifier 0x0 : LINEAR
[1;32mDEBUG [0mfrom aquamarine ]: GBM: Allocated a new buffer with size [Vector2D: x: 1920, y: 1080] and format XR24 with modifier 0x0 : LINEAR
[1;32mDEBUG [0mfrom aquamarine ]: Swapchain: Reconfigured a swapchain to [Vector2D: x: 1920, y: 1080] XR24 of length 3
[1;32mDEBUG [0m]: CMonitorState::ensureBufferPresent: no buffer or mismatched format, attaching one from the swapchain for modeset being possible
[1;32mDEBUG [0m]: Monitor HEADLESS-1: requested 1920x1080@60.00Hz, using preferred mode 1920x1080@60.00Hz
[1;32mDEBUG [0m]: output HEADLESS-1 succeeded basic test on format DRM_FORMAT_XRGB8888
[1;32mDEBUG [0m]: Monitor HEADLESS-1 -> destroyed all render data
[1;32mDEBUG [0m]: CMonitor::updateVCGTRamps: skipping, no gamma ramp for output
[1;32mDEBUG [0m]: Monitor HEADLESS-1 data dump: res 1920x1080@60.00Hz, scale 1.00, transform 0, pos -1x-1, 10b 0
[1;32mDEBUG [0m]: Added new monitor with name HEADLESS-1 at [-1, -1] with size [1920, 1080], pointer 5599880de8f0
[1;32mDEBUG [0m]: New monitor: WORKSPACEID 2, exists: 0
[1;32mDEBUG [0m]: checking if we have seen this monitor before: HEADLESS-1
[1;32mDEBUG [0m]: Monitor HEADLESS-1 was not on any workspace
[1;31mERR [0m]: getConvertedColor: failed to get image description
[1;32mDEBUG [0m]: [IWaylandProtocol] Registered global [WLOutput (HEADLESS-1)]
[1;32mDEBUG [0m]: arrangeMonitors: 2 to arrange
[1;32mDEBUG [0m]: arrangeMonitors: WAYLAND-1 auto [0, 0]
[1;32mDEBUG [0m]: arrangeMonitors: HEADLESS-1 auto [941, 0]
[1;32mDEBUG [0m]: arrangeMonitors: WAYLAND-1 xwayland [0, 0]
[1;32mDEBUG [0m]: arrangeMonitors: HEADLESS-1 xwayland [941, 0]
[1;32mDEBUG [0m]: [CXDGOutputProtocol] updating all xdg_output heads
[1;31mERR [0m]: getConvertedColor: failed to get image description
[1;32mDEBUG [0m]: [CXDGOutputProtocol] updating all xdg_output heads
[1;33mWARN [0m]: No rule found for WAYLAND-1, trying to use the first.
[1;32mDEBUG [0m]: Applying monitor rule for WAYLAND-1
[1;31mERR [0m]: Monitor WAYLAND-1 has NO PREFERRED MODE
[1;32mDEBUG [0mfrom aquamarine ]: GBM: Allocated a new buffer with size [Vector2D: x: 1920, y: 1080] and format XR24 with modifier 0x100000000000010 : 4_TILED_LNL_CCS
[1;32mDEBUG [0mfrom aquamarine ]: GBM: Allocated a new buffer with size [Vector2D: x: 1920, y: 1080] and format XR24 with modifier 0x100000000000010 : 4_TILED_LNL_CCS
[1;32mDEBUG [0mfrom aquamarine ]: GBM: Allocated a new buffer with size [Vector2D: x: 1920, y: 1080] and format XR24 with modifier 0x100000000000010 : 4_TILED_LNL_CCS
[1;32mDEBUG [0mfrom aquamarine ]: Swapchain: Reconfigured a swapchain to [Vector2D: x: 1920, y: 1080] XR24 of length 3
[1;32mDEBUG [0m]: Monitor WAYLAND-1: requested 1920x1080@60.00Hz, using custom mode 1920x1080@0.00Hz
[1;32mDEBUG [0m]: output WAYLAND-1 succeeded basic test on format DRM_FORMAT_XRGB8888
[1;32mDEBUG [0m]: Monitor WAYLAND-1 -> destroyed all render data
[1;32mDEBUG [0m]: CMonitor::updateVCGTRamps: skipping, no gamma ramp for output
[1;32mDEBUG [0m]: Monitor WAYLAND-1 data dump: res 1920x1080@60.00Hz, scale 1.00, transform 0, pos 0x0, 10b 0
[1;33mWARN [0m]: FIXME: color management protocol is enabled and outputs changed, check preferred image description changes
[1;33mWARN [0m]: No rule found for HEADLESS-1, trying to use the first.
[1;32mDEBUG [0m]: arrangeMonitors: 2 to arrange
[1;32mDEBUG [0m]: arrangeMonitors: WAYLAND-1 auto [0, 0]
[1;32mDEBUG [0m]: arrangeMonitors: HEADLESS-1 auto [1920, 0]
[1;32mDEBUG [0m]: arrangeMonitors: WAYLAND-1 xwayland [0, 0]
[1;32mDEBUG [0m]: arrangeMonitors: HEADLESS-1 xwayland [1920, 0]
[1;32mDEBUG [0m]: [CXDGOutputProtocol] updating all xdg_output heads
[1;32mDEBUG [0m]: Framebuffer "Monitor WAYLAND-1 blur FB" created, status 36053
[1;31mERR [0m]: getConvertedColor: failed to get image description
[1;32mDEBUG [0m]: [CXDGOutputProtocol] updating all xdg_output heads
[1;31mERR [0m]: getConvertedColor: failed to get image description
[1;32mDEBUG [0m]: [CXDGOutputProtocol] updating all xdg_output heads
[1;32mDEBUG [0m]: Framebuffer "Monitor HEADLESS-1 blur FB" created, status 36053
[1;32mDEBUG [0m]: Framebuffer "Monitor HEADLESS-1 workbuffer" created, status 36053
[1;33mWARN [0m]: FIXME: color management protocol is enabled and outputs changed, check preferred image description changes
[1;31mERR [0m]: getConvertedColor: failed to get image description
[1;32mDEBUG [0m]: Framebuffer "Monitor WAYLAND-1 workbuffer" created, status 36053
[1;32mDEBUG [0m]: Hyprctl: new connection from pid 29
[1;32mDEBUG [0m]: Hyprctl: new connection from pid 30
[1;32mDEBUG [0m]: Hyprctl: keyword monitor : HEADLESS-1,1920x1080@60,2000x0,1
[1;32mDEBUG [0m]: ApplyConfigToKeyboard for "wl_keyboard", hasconfig: 0
[1;32mDEBUG [0m]: Not applying config to keyboard, it did not change.
[1;33mWARN [0m]: No rule found for WAYLAND-1, trying to use the first.
[1;32mDEBUG [0m]: arrangeMonitors: 2 to arrange
[1;32mDEBUG [0m]: arrangeMonitors: HEADLESS-1 explicit [2000, 0]
[1;32mDEBUG [0m]: arrangeMonitors: WAYLAND-1 auto [3920, 0]
[1;32mDEBUG [0m]: arrangeMonitors: WAYLAND-1 xwayland [0, 0]
[1;32mDEBUG [0m]: arrangeMonitors: HEADLESS-1 xwayland [1920, 0]
[1;32mDEBUG [0m]: [CXDGOutputProtocol] updating all xdg_output heads
[1;32mDEBUG [0m]: [CXDGOutputProtocol] updating all xdg_output heads
[1;32mDEBUG [0m]: [CXDGOutputProtocol] updating all xdg_output heads
[1;32mDEBUG [0m]: Hyprctl: new connection from pid 31
[1;32mDEBUG [0m]: Hyprctl: dispatcher focusmonitor : HEADLESS-1
[1;32mDEBUG [0m]: Hyprctl: new connection from pid 32
[1;32mDEBUG [0m]: Hyprctl: new connection from pid 33
[1;32mDEBUG [0m]: [CWLSeatProtocol] New seat resource bound at 55998728a890
[1;32mDEBUG [0m]: [CWLDataDeviceProtocol] New datamgr resource bound at 5599873212d0
[1;32mDEBUG [0m]: [CWLDataDeviceManagerResource] New data device bound at 55998731ec80
[1;32mDEBUG [0m]: [CTextInputV1Protocol] New TI V1 at 5599880afee0
[1;32mDEBUG [0m]: [CTextInputV3] New tiv3 at 0000559987f57cf0
[1;32mDEBUG [0m]: [CPrimarySelectionProtocol] New primary_seletion_manager at 55998731ccb0
[1;32mDEBUG [0m]: [CPrimarySelectionManager] New primary selection data device bound at 55998732bbb0
[1;32mDEBUG [0m]: [CXDGOutputProtocol] New xdg_output for WAYLAND-1: client 5599880eeac0 (not xwayland)
[1;32mDEBUG [0m]: [CXDGOutputProtocol] New xdg_output for HEADLESS-1: client 5599880eeac0 (not xwayland)
[1;32mDEBUG [0m]: [CXDGShellProtocol] New xdg_wm_base at 55998732d110
[1;32mDEBUG [0m]: Hyprctl: new connection from pid 34
[1;32mDEBUG [0m]: Socket2 accepted a new client at FD 44
[1;32mDEBUG [0m]: [CWLCompositorResource] New wl_surface with id 45 at 559987250df0
[1;32mDEBUG [0m]: [CWLCompositorResource] New wl_surface with id 49 at 559987250df0
[1;32mDEBUG [0m]: CWLSurface 559987255f40 called init()
[1;32mDEBUG [0m]: LayerSurface 5599881b4f10 (namespace putkin-wallpaper layer 0) created on monitor WAYLAND-1
[1;32mDEBUG [0m]: [CLayerShellProtocol] New wlr_layer_surface 5599881b4f10
[1;32mDEBUG [0m]: [CWLCompositorResource] New wl_surface with id 53 at 559987251470
[1;32mDEBUG [0m]: [CWLCompositorResource] New wl_surface with id 56 at 559987251470
[1;32mDEBUG [0m]: CWLSurface 5599872576f0 called init()
[1;32mDEBUG [0m]: LayerSurface 5599880cd3e0 (namespace putkin-wallpaper layer 0) created on monitor HEADLESS-1
[1;32mDEBUG [0m]: [CLayerShellProtocol] New wlr_layer_surface 5599880cd3e0
[1;32mDEBUG [0m]: [CWLCompositorResource] New wl_surface with id 60 at 55998824eb40
[1;32mDEBUG [0m]: [CWLCompositorResource] New wl_surface with id 63 at 5599882491b0
[1;32mDEBUG [0m]: CWLSurface 559988248cc0 called init()
[1;32mDEBUG [0m]: LayerSurface 5599880dec50 (namespace putkin-bar layer 2) created on monitor WAYLAND-1
[1;32mDEBUG [0m]: [CLayerShellProtocol] New wlr_layer_surface 5599880dec50
[1;32mDEBUG [0m]: [CWLCompositorResource] New wl_surface with id 67 at 55998824baa0
[1;32mDEBUG [0m]: [CWLCompositorResource] New wl_surface with id 70 at 55998824baa0
[1;32mDEBUG [0m]: CWLSurface 55998824fb90 called init()
[1;32mDEBUG [0m]: LayerSurface 55998824e490 (namespace putkin-bar layer 2) created on monitor HEADLESS-1
[1;32mDEBUG [0m]: [CLayerShellProtocol] New wlr_layer_surface 55998824e490
[1;32mDEBUG [0m]: Socket2 accepted a new client at FD 43
[1;32mDEBUG [0m]: Hyprctl: new connection from pid 34
[1;32mDEBUG [0m]: Hyprctl: new connection from pid 34
[1;32mDEBUG [0m]: Hyprctl: new connection from pid 34
[1;32mDEBUG [0m]: [CWLCompositorResource] New wl_region with id 69 at 55998732efc0
[1;32mDEBUG [0m]: [CWLCompositorResource] New wl_region with id 62 at 55998732f9e0
[1;32mDEBUG [0m]: [CLinuxDMABUFParamsResource] Creating a dmabuf, with id 55: size [Vector2D: x: 1920, y: 1080], fmt AR24, planes 1
[1;32mDEBUG [0m]: [CLinuxDMABUFParamsResource]  | plane 0: mod 72057594037927952 fd 46 stride 7680 offset 0
[1;32mDEBUG [0m]: LayerSurface 5599881b4f10 mapped
[1;32mDEBUG [0m]: [CWLCompositorResource] New wl_region with id 47 at 55998732f9e0
[1;32mDEBUG [0m]: [CWLCompositorResource] New wl_region with id 69 at 559987d87260
[1;32mDEBUG [0m]: [CLinuxDMABUFParamsResource] Creating a dmabuf, with id 62: size [Vector2D: x: 1920, y: 1080], fmt AR24, planes 1
[1;32mDEBUG [0m]: [CLinuxDMABUFParamsResource]  | plane 0: mod 72057594037927952 fd 57 stride 7680 offset 0
[1;32mDEBUG [0m]: [CWLCompositorResource] New wl_region with id 40 at 559987256230
[1;32mDEBUG [0m]: LayerSurface 5599880cd3e0 mapped
[1;32mDEBUG [0m]: [CLinuxDMABUFParamsResource] Creating a dmabuf, with id 60: size [Vector2D: x: 1920, y: 32], fmt AR24, planes 1
[1;32mDEBUG [0m]: [CLinuxDMABUFParamsResource]  | plane 0: mod 72057594037927952 fd 62 stride 7680 offset 0
[1;32mDEBUG [0m]: LayerSurface 5599880dec50 mapped
[1;32mDEBUG [0m]: [CWLCompositorResource] New wl_region with id 74 at 559987256230
[1;32mDEBUG [0m]: [CLinuxDMABUFParamsResource] Creating a dmabuf, with id 40: size [Vector2D: x: 1920, y: 32], fmt AR24, planes 1
[1;32mDEBUG [0m]: [CLinuxDMABUFParamsResource]  | plane 0: mod 72057594037927952 fd 69 stride 7680 offset 0
[1;32mDEBUG [0m]: LayerSurface 55998824e490 mapped
[1;32mDEBUG [0m]: [CLinuxDMABUFParamsResource] Creating a dmabuf, with id 76: size [Vector2D: x: 1920, y: 32], fmt AR24, planes 1
[1;32mDEBUG [0m]: [CLinuxDMABUFParamsResource]  | plane 0: mod 72057594037927952 fd 72 stride 7680 offset 0
[1;32mDEBUG [0m]: [CLinuxDMABUFParamsResource] Creating a dmabuf, with id 79: size [Vector2D: x: 1920, y: 32], fmt AR24, planes 1
[1;32mDEBUG [0m]: [CLinuxDMABUFParamsResource]  | plane 0: mod 72057594037927952 fd 74 stride 7680 offset 0
[1;32mDEBUG [0m]: [CLinuxDMABUFParamsResource] Creating a dmabuf, with id 47: size [Vector2D: x: 1920, y: 32], fmt AR24, planes 1
[1;32mDEBUG [0m]: [CLinuxDMABUFParamsResource]  | plane 0: mod 72057594037927952 fd 70 stride 7680 offset 0
[1;32mDEBUG [0m]: [CLinuxDMABUFParamsResource] Creating a dmabuf, with id 77: size [Vector2D: x: 1920, y: 32], fmt AR24, planes 1
[1;32mDEBUG [0m]: [CLinuxDMABUFParamsResource]  | plane 0: mod 72057594037927952 fd 62 stride 7680 offset 0
[1;32mDEBUG [0m]: [CWLCompositorResource] New wl_surface with id 78 at 55998825d640
[1;32mDEBUG [0m]: CWLSurface 559988260430 called init()
[1;32mDEBUG [0m]: LayerSurface 5599882613b0 (namespace putkin-panel layer 3) created on monitor HEADLESS-1
[1;32mDEBUG [0m]: [CLayerShellProtocol] New wlr_layer_surface 5599882613b0
[1;32mDEBUG [0m]: [CPrimarySelectionProtocol] CPrimarySelectionProtocol::updateSelection: cannot send selection to a client without a data_device
[1;32mDEBUG [0m]: [CWLCompositorResource] New wl_region with id 83 at 55998825d1e0
[1;32mDEBUG [0m]: [CLinuxDMABUFParamsResource] Creating a dmabuf, with id 86: size [Vector2D: x: 368, y: 136], fmt AR24, planes 1
[1;32mDEBUG [0m]: [CLinuxDMABUFParamsResource]  | plane 0: mod 72057594037927952 fd 63 stride 1536 offset 0
[1;32mDEBUG [0m]: LayerSurface 5599882613b0 mapped
[1;32mDEBUG [0m]: cursorImage request: shape 1 -> default
[1;32mDEBUG [0m]: [CLinuxDMABUFParamsResource] Creating a dmabuf, with id 85: size [Vector2D: x: 368, y: 136], fmt AR24, planes 1
[1;32mDEBUG [0m]: [CLinuxDMABUFParamsResource]  | plane 0: mod 72057594037927952 fd 76 stride 1536 offset 0
[1;32mDEBUG [0m]: [CLinuxDMABUFParamsResource] Creating a dmabuf, with id 84: size [Vector2D: x: 368, y: 424], fmt AR24, planes 1
[1;32mDEBUG [0m]: [CLinuxDMABUFParamsResource]  | plane 0: mod 72057594037927952 fd 79 stride 1536 offset 0
[1;32mDEBUG [0m]: Hyprctl: new connection from pid 77
[1;32mDEBUG [0m]: [CLinuxDMABUFParamsResource] Creating a dmabuf, with id 83: size [Vector2D: x: 368, y: 424], fmt AR24, planes 1
[1;32mDEBUG [0m]: [CLinuxDMABUFParamsResource]  | plane 0: mod 72057594037927952 fd 77 stride 1536 offset 0
[1;32mDEBUG [0m]: Hyprctl: new connection from pid 78
[1;32mDEBUG [0m]: Hyprctl: new connection from pid 79
[1;32mDEBUG [0m]: [CScreencopyProtocol] Bound client successfully!
[1;32mDEBUG [0m]: [CXDGOutputProtocol] New xdg_output for HEADLESS-1: client 559987251ce0 (not xwayland)
[1;32mDEBUG [0m]: [CXDGOutputProtocol] New xdg_output for WAYLAND-1: client 559987251ce0 (not xwayland)
[1;32mDEBUG [0m]: [COutputImageCaptureSourceProtocol] New capture source for monitor: HEADLESS-1
[1;32mDEBUG [0m]: [CImageCopyCaptureProtocol] New image copy capture session for source (monitor): "HEADLESS-1"
[1;32mDEBUG [0m]: Framebuffer "Monitor HEADLESS-1 mirror FB" created, status 36053
[1;32mDEBUG [0m]: Framebuffer "" created, status 36053
[1;32mDEBUG [0m]: [Screenshare] Started screenshare session for (monitor): HEADLESS-1
[1;32mDEBUG [0m]: [Screenshare] Stopped screenshare session for (monitor): HEADLESS-1
[1;32mDEBUG [0m]: [CWLCompositorResource] New wl_region with id 89 at 55998823b610
[1;32mDEBUG [0m]: LayerSurface 5599882613b0 destroyed
[1;32mDEBUG [0m]: Forcing an unmap of a LS that did a straight destroy!
[1;32mDEBUG [0m]: LayerSurface 5599882613b0 unmapped
[1;32mDEBUG [0m]: renderer: making a snapshot of layer 559988261840
[1;32mDEBUG [0m]: Framebuffer "layer snapshot" created, status 36053
[1;32mDEBUG [0m]: renderer: cleared a snapshot of layer 559988261840
[1;32mDEBUG [0m]: renderer: rendered a snapshot of layer 559988261840
[1;32mDEBUG [0m]: renderer: made a snapshot of layer 559988261840
[1;32mDEBUG [0m]: CWLSurface 559988260430 called destroy()
[1;32mDEBUG [0m]: Cleanup: removed 1 fadeouts
[1;32mDEBUG [0m]: [CWLSeatProtocol] New seat resource bound at 5599872ddd40
[1;32mDEBUG [0m]: [CWLDataDeviceProtocol] New datamgr resource bound at 559988243f20
[1;32mDEBUG [0m]: [CWLDataDeviceManagerResource] New data device bound at 55998823b410
[1;32mDEBUG [0m]: [CTextInputV1Protocol] New TI V1 at 559988264860
[1;32mDEBUG [0m]: [CTextInputV3] New tiv3 at 0000559988297610
[1;32mDEBUG [0m]: [CPrimarySelectionProtocol] New primary_seletion_manager at 559988244940
[1;32mDEBUG [0m]: [CPrimarySelectionManager] New primary selection data device bound at 559988244e00
[1;32mDEBUG [0m]: [CXDGOutputProtocol] New xdg_output for WAYLAND-1: client 559987251ce0 (not xwayland)
[1;32mDEBUG [0m]: [CXDGOutputProtocol] New xdg_output for HEADLESS-1: client 559987251ce0 (not xwayland)
[1;32mDEBUG [0m]: [CXDGShellProtocol] New xdg_wm_base at 5599882456c0
[1;32mDEBUG [0m]: [CWLCompositorResource] New wl_surface with id 43 at 55998825d640
[1;32mDEBUG [0m]: [CWLCompositorResource] New wl_region with id 46 at 559988240b00
[1;32mDEBUG [0m]: [CXDGWMBase] New xdg_surface at 5599880ea540
[1;32mDEBUG [0m]: [CXDGSurfaceResource] xdg_surface 5599882456c0 gets a toplevel 559987035cf0
[1;32mDEBUG [0m]: CWLSurface 559988293c80 called init()
[1;32mDEBUG [0m]: [CXDGDecoration] setMode: MODE_SERVER_SIDE. Sending MODE_SERVER_SIDE as reply.
[1;32mDEBUG [0m]: Window 559988295ad0 set title to Putkin private input test
[1;32mDEBUG [0m]: Window 559988295ad0 set class to org.quickshell
[1;32mDEBUG [0m]: Layout predicts size [Vector2D: x: 1920, y: 1080] for [Window 559988295ad0: title: "Putkin private input test"]
[1;32mDEBUG [0m]: [CXDGActivationToken] assigned new xdg-activation token 5de81e02-7c9b-44d7-9ba3-26cc2c063521
[1;32mDEBUG [0m]: [CXDGSurfaceResource] xdg_surface 5599880ea540 requests geometry 0x0 1920x1080
[1;32mDEBUG [0m]: [CWLCompositorResource] New wl_region with id 46 at 559988250f60
[1;32mDEBUG [0m]: [CLinuxDMABUFParamsResource] Creating a dmabuf, with id 52: size [Vector2D: x: 1920, y: 1080], fmt AR24, planes 1
[1;32mDEBUG [0m]: [CLinuxDMABUFParamsResource]  | plane 0: mod 72057594037927952 fd 79 stride 7680 offset 0
[1;32mDEBUG [0m]: [CForeignToplevelWlrManager] Newly mapped window 0000559988295ad0
[1;32mDEBUG [0m]: Set keyboard focus to surface 55998825d640, with [Window 559988295ad0: title: "Putkin private input test"]
[1;32mDEBUG [0m]: Map request dispatched, monitor HEADLESS-1, window pos: [2021.00000, 53.00000], window size: [1878.00000, 1006.00000]
[1;32mDEBUG [0m]: compiling feature set 16 for shadow.frag
[1;32mDEBUG [0m]: compiling feature set 8 for border.frag
[1;32mDEBUG [0m]: [CLinuxDMABUFParamsResource] Creating a dmabuf, with id 50: size [Vector2D: x: 1920, y: 1080], fmt AR24, planes 1
[1;32mDEBUG [0m]: [CLinuxDMABUFParamsResource]  | plane 0: mod 72057594037927952 fd 63 stride 7680 offset 0
[1;32mDEBUG [0m]: [CXDGSurfaceResource] xdg_surface 5599880ea540 requests geometry 0x0 1878x1006
[1;32mDEBUG [0m]: [CWLCompositorResource] New wl_region with id 55 at 559988253cb0
[1;32mDEBUG [0m]: [CLinuxDMABUFParamsResource] Creating a dmabuf, with id 55: size [Vector2D: x: 1920, y: 1080], fmt AR24, planes 1
[1;32mDEBUG [0m]: [CLinuxDMABUFParamsResource]  | plane 0: mod 72057594037927952 fd 76 stride 7680 offset 0
[1;32mDEBUG [0m]: [CLinuxDMABUFParamsResource] Creating a dmabuf, with id 53: size [Vector2D: x: 1878, y: 1006], fmt AR24, planes 1
[1;32mDEBUG [0m]: [CLinuxDMABUFParamsResource]  | plane 0: mod 72057594037927952 fd 83 stride 7552 offset 0
[1;32mDEBUG [0m]: [CWLSeatProtocol] New seat resource bound at 5599889997a0
[1;32mDEBUG [0m]: [CVirtualKeyboardProtocol] New VKeyboard at id 5
[1;32mDEBUG [0m]: ApplyConfigToKeyboard for "hl-virtual-keyboard-wtype", hasconfig: 0
[1;32mDEBUG [0m]: Attempting to create a keymap for layout us with variant  (rules: , model: , options: )
[1;32mDEBUG [0m]: Updating keyboard 55998829dee0's translation state from a provided keymap
[1;32mDEBUG [0m]: xkb: LED index 0 (name Num Lock) got index 1
[1;32mDEBUG [0m]: xkb: LED index 1 (name Caps Lock) got index 0
[1;32mDEBUG [0m]: xkb: LED index 2 (name Scroll Lock) got index 2
[1;32mDEBUG [0m]: xkb: Mod index 0 (name Shift) got index 0
[1;32mDEBUG [0m]: xkb: Mod index 1 (name Lock) got index 1
[1;32mDEBUG [0m]: xkb: Mod index 2 (name Control) got index 2
[1;32mDEBUG [0m]: xkb: Mod index 3 (name Mod1) got index 3
[1;32mDEBUG [0m]: xkb: Mod index 4 (name Mod2) got index 4
[1;32mDEBUG [0m]: xkb: Mod index 5 (name Mod3) got index 5
[1;32mDEBUG [0m]: xkb: Mod index 6 (name Mod4) got index 6
[1;32mDEBUG [0m]: xkb: Mod index 7 (name Mod5) got index 7
[1;32mDEBUG [0m]: Updating keymap fd for keyboard hl-virtual-keyboard-wtype
[1;32mDEBUG [0m]: Updated keymap fd to 90, keymap V1 to: 92
[1;32mDEBUG [0m]: Set the keyboard layout to us and variant to  for keyboard "hl-virtual-keyboard-wtype"
[1;32mDEBUG [0m]: New virtual keyboard created at 55998829dee0
[1;32mDEBUG [0m]: Updating keyboard 55998829dee0's translation state from a provided keymap
[1;32mDEBUG [0m]: Updating keymap fd for keyboard hl-virtual-keyboard-wtype
[1;32mDEBUG [0m]: Updated keymap fd to 90, keymap V1 to: 92
[1;32mDEBUG [0m]: [CLinuxDMABUFParamsResource] Creating a dmabuf, with id 46: size [Vector2D: x: 1878, y: 1006], fmt AR24, planes 1
[1;32mDEBUG [0m]: [CLinuxDMABUFParamsResource]  | plane 0: mod 72057594037927952 fd 81 stride 7552 offset 0
[1;32mDEBUG [0m]: Keyboard at 55998829dee0 removed
[1;32mDEBUG [0m]: Destroyed keyboard 55998829dee0
[1;32mDEBUG [0m]: [CWLCompositorResource] New wl_surface with id 40 at 5599883f29e0
[1;32mDEBUG [0m]: [CWLCompositorResource] New wl_surface with id 83 at 5599883f29e0
[1;32mDEBUG [0m]: CWLSurface 5599883657b0 called init()
[1;32mDEBUG [0m]: LayerSurface 5599882613b0 (namespace putkin-notifications layer 3) created on monitor HEADLESS-1
[1;32mDEBUG [0m]: [CLayerShellProtocol] New wlr_layer_surface 5599882613b0
[1;32mDEBUG [0m]: [CWLCompositorResource] New wl_region with id 40 at 5599887ce1d0
[1;32mDEBUG [0m]: [CLinuxDMABUFParamsResource] Creating a dmabuf, with id 89: size [Vector2D: x: 368, y: 40], fmt AR24, planes 1
[1;32mDEBUG [0m]: [CLinuxDMABUFParamsResource]  | plane 0: mod 72057594037927952 fd 76 stride 1536 offset 0
[1;32mDEBUG [0m]: LayerSurface 5599882613b0 mapped
[1;32mDEBUG [0m]: [CLinuxDMABUFParamsResource] Creating a dmabuf, with id 82: size [Vector2D: x: 368, y: 40], fmt AR24, planes 1
[1;32mDEBUG [0m]: [CLinuxDMABUFParamsResource]  | plane 0: mod 72057594037927952 fd 82 stride 1536 offset 0
[1;32mDEBUG [0m]: [CLinuxDMABUFParamsResource] Creating a dmabuf, with id 85: size [Vector2D: x: 368, y: 254], fmt AR24, planes 1
[1;32mDEBUG [0m]: [CLinuxDMABUFParamsResource]  | plane 0: mod 72057594037927952 fd 84 stride 1536 offset 0
[1;32mDEBUG [0m]: [CWLCompositorResource] New wl_surface with id 40 at 559988363fa0
[1;32mDEBUG [0m]: [CWLCompositorResource] New wl_surface with id 92 at 559988363fa0
[1;32mDEBUG [0m]: CWLSurface 559988363e20 called init()
[1;32mDEBUG [0m]: LayerSurface 55998826b9f0 (namespace putkin-osd layer 3) created on monitor HEADLESS-1
[1;32mDEBUG [0m]: [CLayerShellProtocol] New wlr_layer_surface 55998826b9f0
[1;32mDEBUG [0m]: [CWLCompositorResource] New wl_region with id 91 at 5599889a26f0
[1;32mDEBUG [0m]: [CLinuxDMABUFParamsResource] Creating a dmabuf, with id 97: size [Vector2D: x: 320, y: 76], fmt AR24, planes 1
[1;32mDEBUG [0m]: [CLinuxDMABUFParamsResource]  | plane 0: mod 72057594037927952 fd 80 stride 1280 offset 0
[1;32mDEBUG [0m]: LayerSurface 55998826b9f0 mapped
[1;32mDEBUG [0m]: [CLinuxDMABUFParamsResource] Creating a dmabuf, with id 100: size [Vector2D: x: 368, y: 254], fmt AR24, planes 1
[1;32mDEBUG [0m]: [CLinuxDMABUFParamsResource]  | plane 0: mod 72057594037927952 fd 89 stride 1536 offset 0
[1;32mDEBUG [0m]: [CLinuxDMABUFParamsResource] Creating a dmabuf, with id 82: size [Vector2D: x: 320, y: 76], fmt AR24, planes 1
[1;32mDEBUG [0m]: [CLinuxDMABUFParamsResource]  | plane 0: mod 72057594037927952 fd 85 stride 1280 offset 0
[1;32mDEBUG [0m]: [CLinuxDMABUFParamsResource] Creating a dmabuf, with id 90: size [Vector2D: x: 320, y: 76], fmt AR24, planes 1
[1;32mDEBUG [0m]: [CLinuxDMABUFParamsResource]  | plane 0: mod 72057594037927952 fd 80 stride 1280 offset 0
[1;32mDEBUG [0m]: [CWLSeatProtocol] New seat resource bound at 5599889a4880
[1;32mDEBUG [0m]: [CVirtualKeyboardProtocol] New VKeyboard at id 5
[1;32mDEBUG [0m]: ApplyConfigToKeyboard for "hl-virtual-keyboard-wtype", hasconfig: 0
[1;32mDEBUG [0m]: Attempting to create a keymap for layout us with variant  (rules: , model: , options: )
[1;32mDEBUG [0m]: Updating keyboard 55998829dee0's translation state from a provided keymap
[1;32mDEBUG [0m]: xkb: LED index 0 (name Num Lock) got index 1
[1;32mDEBUG [0m]: xkb: LED index 1 (name Caps Lock) got index 0
[1;32mDEBUG [0m]: xkb: LED index 2 (name Scroll Lock) got index 2
[1;32mDEBUG [0m]: xkb: Mod index 0 (name Shift) got index 0
[1;32mDEBUG [0m]: xkb: Mod index 1 (name Lock) got index 1
[1;32mDEBUG [0m]: xkb: Mod index 2 (name Control) got index 2
[1;32mDEBUG [0m]: xkb: Mod index 3 (name Mod1) got index 3
[1;32mDEBUG [0m]: xkb: Mod index 4 (name Mod2) got index 4
[1;32mDEBUG [0m]: xkb: Mod index 5 (name Mod3) got index 5
[1;32mDEBUG [0m]: xkb: Mod index 6 (name Mod4) got index 6
[1;32mDEBUG [0m]: xkb: Mod index 7 (name Mod5) got index 7
[1;32mDEBUG [0m]: Updating keymap fd for keyboard hl-virtual-keyboard-wtype
[1;32mDEBUG [0m]: Updated keymap fd to 94, keymap V1 to: 97
[1;32mDEBUG [0m]: Set the keyboard layout to us and variant to  for keyboard "hl-virtual-keyboard-wtype"
[1;32mDEBUG [0m]: New virtual keyboard created at 55998829dee0
[1;32mDEBUG [0m]: Updating keyboard 55998829dee0's translation state from a provided keymap
[1;32mDEBUG [0m]: Updating keymap fd for keyboard hl-virtual-keyboard-wtype
[1;32mDEBUG [0m]: Updated keymap fd to 94, keymap V1 to: 97
[1;32mDEBUG [0m]: Keyboard at 55998829dee0 removed
[1;32mDEBUG [0m]: Destroyed keyboard 55998829dee0
[1;32mDEBUG [0m]: Hyprctl: new connection from pid 132
[1;32mDEBUG [0m]: Hyprctl: new connection from pid 133
[1;32mDEBUG [0m]: [CForeignToplevelList] Newly mapped window gets an identifier of 18000000
[1;32mDEBUG [0m]: [CScreencopyProtocol] Bound client successfully!
[1;32mDEBUG [0m]: [CXDGOutputProtocol] New xdg_output for HEADLESS-1: client 559988828c80 (not xwayland)
[1;32mDEBUG [0m]: [CXDGOutputProtocol] New xdg_output for WAYLAND-1: client 559988828c80 (not xwayland)
[1;32mDEBUG [0m]: [COutputImageCaptureSourceProtocol] New capture source for monitor: HEADLESS-1
[1;32mDEBUG [0m]: [CImageCopyCaptureProtocol] New image copy capture session for source (monitor): "HEADLESS-1"
[1;32mDEBUG [0m]: Framebuffer "Monitor HEADLESS-1 mirror FB" created, status 36053
[1;32mDEBUG [0m]: Framebuffer "" created, status 36053
[1;32mDEBUG [0m]: [Screenshare] Started screenshare session for (monitor): HEADLESS-1
[1;32mDEBUG [0m]: [Screenshare] Stopped screenshare session for (monitor): HEADLESS-1
[1;32mDEBUG [0m]: [CWLCompositorResource] New wl_region with id 40 at 559988c1e5e0
[1;32mDEBUG [0m]: [CWLCompositorResource] New wl_surface with id 91 at 5599884153c0
[1;32mDEBUG [0m]: CWLSurface 5599885f9dc0 called init()
[1;32mDEBUG [0m]: LayerSurface 55998826b1b0 (namespace putkin-panel layer 3) created on monitor HEADLESS-1
[1;32mDEBUG [0m]: [CLayerShellProtocol] New wlr_layer_surface 55998826b1b0
[1;32mDEBUG [0m]: [CPrimarySelectionProtocol] CPrimarySelectionProtocol::updateSelection: cannot send selection to a client without a data_device
[1;32mDEBUG [0m]: [CWLCompositorResource] New wl_region with id 104 at 5599889fb830
[1;32mDEBUG [0m]: [CLinuxDMABUFParamsResource] Creating a dmabuf, with id 102: size [Vector2D: x: 736, y: 290], fmt AR24, planes 1
[1;32mDEBUG [0m]: [CLinuxDMABUFParamsResource]  | plane 0: mod 72057594037927952 fd 84 stride 2944 offset 0
[1;32mDEBUG [0m]: [CWLCompositorResource] New wl_region with id 101 at 55998823a770
[1;32mDEBUG [0m]: [CLinuxDMABUFParamsResource] Creating a dmabuf, with id 85: size [Vector2D: x: 368, y: 136], fmt AR24, planes 1
[1;32mDEBUG [0m]: [CLinuxDMABUFParamsResource]  | plane 0: mod 72057594037927952 fd 76 stride 1536 offset 0
[1;32mDEBUG [0m]: cursorImage request: shape 1 -> default
[1;32mDEBUG [0m]: [CLinuxDMABUFParamsResource] Creating a dmabuf, with id 101: size [Vector2D: x: 736, y: 290], fmt AR24, planes 1
[1;32mDEBUG [0m]: [CLinuxDMABUFParamsResource]  | plane 0: mod 72057594037927952 fd 92 stride 2944 offset 0
[1;32mDEBUG [0m]: LayerSurface 55998826b1b0 mapped
[1;32mDEBUG [0m]: [CLinuxDMABUFParamsResource] Creating a dmabuf, with id 98: size [Vector2D: x: 736, y: 254], fmt AR24, planes 1
[1;32mDEBUG [0m]: [CLinuxDMABUFParamsResource]  | plane 0: mod 72057594037927952 fd 82 stride 2944 offset 0
[1;32mDEBUG [0m]: [CLinuxDMABUFParamsResource] Creating a dmabuf, with id 102: size [Vector2D: x: 368, y: 136], fmt AR24, planes 1
[1;32mDEBUG [0m]: [CLinuxDMABUFParamsResource]  | plane 0: mod 72057594037927952 fd 89 stride 1536 offset 0
[1;32mDEBUG [0m]: [CWLCompositorResource] New wl_region with id 109 at 5599882680e0
[1;32mDEBUG [0m]: [CLinuxDMABUFParamsResource] Creating a dmabuf, with id 101: size [Vector2D: x: 736, y: 254], fmt AR24, planes 1
[1;32mDEBUG [0m]: [CLinuxDMABUFParamsResource]  | plane 0: mod 72057594037927952 fd 86 stride 2944 offset 0
[1;32mDEBUG [0m]: LayerSurface 55998826b9f0 destroyed
[1;32mDEBUG [0m]: Forcing an unmap of a LS that did a straight destroy!
[1;32mDEBUG [0m]: LayerSurface 55998826b9f0 unmapped
[1;32mDEBUG [0m]: renderer: making a snapshot of layer 559988349e90
[1;32mDEBUG [0m]: Framebuffer "layer snapshot" created, status 36053
[1;32mDEBUG [0m]: renderer: cleared a snapshot of layer 559988349e90
[1;32mDEBUG [0m]: renderer: rendered a snapshot of layer 559988349e90
[1;32mDEBUG [0m]: renderer: made a snapshot of layer 559988349e90
[1;32mDEBUG [0m]: CWLSurface 559988363e20 called destroy()
[1;32mDEBUG [0m]: Cleanup: removed 1 fadeouts
[1;32mDEBUG [0m]: [CLinuxDMABUFParamsResource] Creating a dmabuf, with id 109: size [Vector2D: x: 736, y: 254], fmt AR24, planes 1
[1;32mDEBUG [0m]: [CLinuxDMABUFParamsResource]  | plane 0: mod 72057594037927952 fd 90 stride 2944 offset 0
[1;32mDEBUG [0m]: [CLinuxDMABUFParamsResource] Creating a dmabuf, with id 108: size [Vector2D: x: 368, y: 424], fmt AR24, planes 1
[1;32mDEBUG [0m]: [CLinuxDMABUFParamsResource]  | plane 0: mod 72057594037927952 fd 76 stride 1536 offset 0
[1;32mDEBUG [0m]: [CLinuxDMABUFParamsResource] Creating a dmabuf, with id 88: size [Vector2D: x: 368, y: 424], fmt AR24, planes 1
[1;32mDEBUG [0m]: [CLinuxDMABUFParamsResource]  | plane 0: mod 72057594037927952 fd 80 stride 1536 offset 0
[1;32mDEBUG [0m]: [CLinuxDMABUFParamsResource] Creating a dmabuf, with id 90: size [Vector2D: x: 368, y: 424], fmt AR24, planes 1
[1;32mDEBUG [0m]: [CLinuxDMABUFParamsResource]  | plane 0: mod 72057594037927952 fd 82 stride 1536 offset 0
[1;32mDEBUG [0m]: [CPrimarySelectionProtocol] CPrimarySelectionProtocol::updateSelection: cannot send selection to a client without a data_device
[1;32mDEBUG [0m]: cursorImage request: shape 1 -> default
[1;32mDEBUG [0m]: cursorImage request: shape 9 -> text
[1;32mDEBUG [0m]: LayerSurface 5599882613b0 destroyed
[1;32mDEBUG [0m]: Forcing an unmap of a LS that did a straight destroy!
[1;32mDEBUG [0m]: LayerSurface 5599882613b0 unmapped
[1;32mDEBUG [0m]: renderer: making a snapshot of layer 559988118be0
[1;32mDEBUG [0m]: Framebuffer "layer snapshot" created, status 36053
[1;32mDEBUG [0m]: renderer: cleared a snapshot of layer 559988118be0
[1;32mDEBUG [0m]: renderer: rendered a snapshot of layer 559988118be0
[1;32mDEBUG [0m]: renderer: made a snapshot of layer 559988118be0
[1;32mDEBUG [0m]: CWLSurface 5599883657b0 called destroy()
[1;32mDEBUG [0m]: [CPrimarySelectionProtocol] CPrimarySelectionProtocol::updateSelection: cannot send selection to a client without a data_device
[1;32mDEBUG [0m]: cursorImage request: shape 1 -> default
[1;32mDEBUG [0m]: Cleanup: removed 1 fadeouts
[1;32mDEBUG [0m]: Hyprctl: new connection from pid 149
[1;32mDEBUG [0m]: Hyprctl: new connection from pid 150
[1;32mDEBUG [0m]: Hyprctl: dispatcher movecursor : 2100 100
[1;32mDEBUG [0m]: [CVirtualPointerProtocol] New VPointer at id 3
[1;32mDEBUG [0m]: Attached pointer unknown-device to global
[1;32mDEBUG [0m]: New virtual mouse created
[1;32mDEBUG [0m]: Set keyboard focus to surface 55998825d640, with [Window 559988295ad0: title: "Putkin private input test"]
[1;32mDEBUG [0m]: [CPrimarySelectionProtocol] CPrimarySelectionProtocol::updateSelection: cannot send selection to a client without a data_device
[1;32mDEBUG [0m]: cursorImage request: shape 9 -> text
[1;32mDEBUG [0m]: cursorImage request: shape 1 -> default
[1;32mDEBUG [0m]: [CWLCompositorResource] New wl_region with id 101 at 559988242300
[1;31mERR [0m]: [/usr/src/debug/hyprland/Hyprland-0.56.2/src/protocols/core/Seat.cpp:227] sendButton release on a non-pressed button
[1;32mDEBUG [0m]: Pointer at 5599887fb700 removed
[1;32mDEBUG [0m]: LayerSurface 55998826b1b0 destroyed
[1;32mDEBUG [0m]: Forcing an unmap of a LS that did a straight destroy!
[1;32mDEBUG [0m]: LayerSurface 55998826b1b0 unmapped
[1;32mDEBUG [0m]: renderer: making a snapshot of layer 559988366940
[1;32mDEBUG [0m]: Framebuffer "layer snapshot" created, status 36053
[1;32mDEBUG [0m]: renderer: cleared a snapshot of layer 559988366940
[1;32mDEBUG [0m]: renderer: rendered a snapshot of layer 559988366940
[1;32mDEBUG [0m]: renderer: made a snapshot of layer 559988366940
[1;32mDEBUG [0m]: CWLSurface 5599885f9dc0 called destroy()
[1;32mDEBUG [0m]: Cleanup: removed 1 fadeouts
[1;32mDEBUG [0m]: [CWLSeatProtocol] New seat resource bound at 559988365890
[1;32mDEBUG [0m]: [CVirtualKeyboardProtocol] New VKeyboard at id 5
[1;32mDEBUG [0m]: ApplyConfigToKeyboard for "hl-virtual-keyboard-wtype", hasconfig: 0
[1;32mDEBUG [0m]: Attempting to create a keymap for layout us with variant  (rules: , model: , options: )
[1;32mDEBUG [0m]: Updating keyboard 55998829dee0's translation state from a provided keymap
[1;32mDEBUG [0m]: xkb: LED index 0 (name Num Lock) got index 1
[1;32mDEBUG [0m]: xkb: LED index 1 (name Caps Lock) got index 0
[1;32mDEBUG [0m]: xkb: LED index 2 (name Scroll Lock) got index 2
[1;32mDEBUG [0m]: xkb: Mod index 0 (name Shift) got index 0
[1;32mDEBUG [0m]: xkb: Mod index 1 (name Lock) got index 1
[1;32mDEBUG [0m]: xkb: Mod index 2 (name Control) got index 2
[1;32mDEBUG [0m]: xkb: Mod index 3 (name Mod1) got index 3
[1;32mDEBUG [0m]: xkb: Mod index 4 (name Mod2) got index 4
[1;32mDEBUG [0m]: xkb: Mod index 5 (name Mod3) got index 5
[1;32mDEBUG [0m]: xkb: Mod index 6 (name Mod4) got index 6
[1;32mDEBUG [0m]: xkb: Mod index 7 (name Mod5) got index 7
[1;32mDEBUG [0m]: Updating keymap fd for keyboard hl-virtual-keyboard-wtype
[1;32mDEBUG [0m]: Updated keymap fd to 86, keymap V1 to: 89
[1;32mDEBUG [0m]: Set the keyboard layout to us and variant to  for keyboard "hl-virtual-keyboard-wtype"
[1;32mDEBUG [0m]: New virtual keyboard created at 55998829dee0
[1;32mDEBUG [0m]: Updating keyboard 55998829dee0's translation state from a provided keymap
[1;32mDEBUG [0m]: Updating keymap fd for keyboard hl-virtual-keyboard-wtype
[1;32mDEBUG [0m]: Updated keymap fd to 86, keymap V1 to: 89
[1;32mDEBUG [0m]: Keyboard at 55998829dee0 removed
[1;32mDEBUG [0m]: Destroyed keyboard 55998829dee0
[1;32mDEBUG [0m]: [CWLCompositorResource] New wl_surface with id 40 at 5599889b9dd0
[1;32mDEBUG [0m]: [CWLCompositorResource] New wl_surface with id 108 at 5599889b9dd0
[1;32mDEBUG [0m]: CWLSurface 559988625f60 called init()
[1;32mDEBUG [0m]: LayerSurface 55998826b1b0 (namespace putkin-notifications layer 3) created on monitor HEADLESS-1
[1;32mDEBUG [0m]: [CLayerShellProtocol] New wlr_layer_surface 55998826b1b0
[1;32mDEBUG [0m]: [CWLCompositorResource] New wl_region with id 40 at 55998823c080
[1;32mDEBUG [0m]: [CLinuxDMABUFParamsResource] Creating a dmabuf, with id 86: size [Vector2D: x: 368, y: 40], fmt AR24, planes 1
[1;32mDEBUG [0m]: [CLinuxDMABUFParamsResource]  | plane 0: mod 72057594037927952 fd 76 stride 1536 offset 0
[1;32mDEBUG [0m]: LayerSurface 55998826b1b0 mapped
[1;32mDEBUG [0m]: [CLinuxDMABUFParamsResource] Creating a dmabuf, with id 97: size [Vector2D: x: 368, y: 254], fmt AR24, planes 1
[1;32mDEBUG [0m]: [CLinuxDMABUFParamsResource]  | plane 0: mod 72057594037927952 fd 84 stride 1536 offset 0
[1;32mDEBUG [0m]: [CLinuxDMABUFParamsResource] Creating a dmabuf, with id 101: size [Vector2D: x: 368, y: 254], fmt AR24, planes 1
[1;32mDEBUG [0m]: [CLinuxDMABUFParamsResource]  | plane 0: mod 72057594037927952 fd 80 stride 1536 offset 0
[1;32mDEBUG [0m]: [CPrimarySelectionProtocol] CPrimarySelectionProtocol::updateSelection: cannot send selection to a client without a data_device
[1;32mDEBUG [0m]: cursorImage request: shape 1 -> default
[1;32mDEBUG [0m]: [CWLSeatProtocol] New seat resource bound at 559988470040
[1;32mDEBUG [0m]: [CVirtualKeyboardProtocol] New VKeyboard at id 5
[1;32mDEBUG [0m]: ApplyConfigToKeyboard for "hl-virtual-keyboard-wtype", hasconfig: 0
[1;32mDEBUG [0m]: Attempting to create a keymap for layout us with variant  (rules: , model: , options: )
[1;32mDEBUG [0m]: Updating keyboard 55998829dee0's translation state from a provided keymap
[1;32mDEBUG [0m]: xkb: LED index 0 (name Num Lock) got index 1
[1;32mDEBUG [0m]: xkb: LED index 1 (name Caps Lock) got index 0
[1;32mDEBUG [0m]: xkb: LED index 2 (name Scroll Lock) got index 2
[1;32mDEBUG [0m]: xkb: Mod index 0 (name Shift) got index 0
[1;32mDEBUG [0m]: xkb: Mod index 1 (name Lock) got index 1
[1;32mDEBUG [0m]: xkb: Mod index 2 (name Control) got index 2
[1;32mDEBUG [0m]: xkb: Mod index 3 (name Mod1) got index 3
[1;32mDEBUG [0m]: xkb: Mod index 4 (name Mod2) got index 4
[1;32mDEBUG [0m]: xkb: Mod index 5 (name Mod3) got index 5
[1;32mDEBUG [0m]: xkb: Mod index 6 (name Mod4) got index 6
[1;32mDEBUG [0m]: xkb: Mod index 7 (name Mod5) got index 7
[1;32mDEBUG [0m]: Updating keymap fd for keyboard hl-virtual-keyboard-wtype
[1;32mDEBUG [0m]: Updated keymap fd to 91, keymap V1 to: 93
[1;32mDEBUG [0m]: Set the keyboard layout to us and variant to  for keyboard "hl-virtual-keyboard-wtype"
[1;32mDEBUG [0m]: New virtual keyboard created at 55998829dee0
[1;32mDEBUG [0m]: Updating keyboard 55998829dee0's translation state from a provided keymap
[1;32mDEBUG [0m]: Updating keymap fd for keyboard hl-virtual-keyboard-wtype
[1;32mDEBUG [0m]: Updated keymap fd to 91, keymap V1 to: 93
[1;32mDEBUG [0m]: Set keyboard focus to surface 55998825d640, with [Window 559988295ad0: title: "Putkin private input test"]
[1;32mDEBUG [0m]: [CPrimarySelectionProtocol] CPrimarySelectionProtocol::updateSelection: cannot send selection to a client without a data_device
[1;32mDEBUG [0m]: cursorImage request: shape 1 -> default
[1;32mDEBUG [0m]: Keyboard at 55998829dee0 removed
[1;32mDEBUG [0m]: Destroyed keyboard 55998829dee0
[1;32mDEBUG [0m]: [CPrimarySelectionProtocol] CPrimarySelectionProtocol::updateSelection: cannot send selection to a client without a data_device
[1;32mDEBUG [0m]: cursorImage request: shape 1 -> default
[1;32mDEBUG [0m]: Hyprctl: new connection from pid 176
[1;32mDEBUG [0m]: Hyprctl: dispatcher movecursor : 2100 100
[1;32mDEBUG [0m]: [CVirtualPointerProtocol] New VPointer at id 3
[1;32mDEBUG [0m]: Attached pointer unknown-device to global
[1;32mDEBUG [0m]: New virtual mouse created
[1;32mDEBUG [0m]: Set keyboard focus to surface 55998825d640, with [Window 559988295ad0: title: "Putkin private input test"]
[1;32mDEBUG [0m]: [CPrimarySelectionProtocol] CPrimarySelectionProtocol::updateSelection: cannot send selection to a client without a data_device
[1;32mDEBUG [0m]: cursorImage request: shape 1 -> default
[1;31mERR [0m]: [/usr/src/debug/hyprland/Hyprland-0.56.2/src/protocols/core/Seat.cpp:227] sendButton release on a non-pressed button
[1;32mDEBUG [0m]: Pointer at 55998877a280 removed
[1;32mDEBUG [0m]: [CWLSeatProtocol] New seat resource bound at 559987014f90
[1;32mDEBUG [0m]: [CVirtualKeyboardProtocol] New VKeyboard at id 5
[1;32mDEBUG [0m]: ApplyConfigToKeyboard for "hl-virtual-keyboard-wtype", hasconfig: 0
[1;32mDEBUG [0m]: Attempting to create a keymap for layout us with variant  (rules: , model: , options: )
[1;32mDEBUG [0m]: Updating keyboard 55998829dee0's translation state from a provided keymap
[1;32mDEBUG [0m]: xkb: LED index 0 (name Num Lock) got index 1
[1;32mDEBUG [0m]: xkb: LED index 1 (name Caps Lock) got index 0
[1;32mDEBUG [0m]: xkb: LED index 2 (name Scroll Lock) got index 2
[1;32mDEBUG [0m]: xkb: Mod index 0 (name Shift) got index 0
[1;32mDEBUG [0m]: xkb: Mod index 1 (name Lock) got index 1
[1;32mDEBUG [0m]: xkb: Mod index 2 (name Control) got index 2
[1;32mDEBUG [0m]: xkb: Mod index 3 (name Mod1) got index 3
[1;32mDEBUG [0m]: xkb: Mod index 4 (name Mod2) got index 4
[1;32mDEBUG [0m]: xkb: Mod index 5 (name Mod3) got index 5
[1;32mDEBUG [0m]: xkb: Mod index 6 (name Mod4) got index 6
[1;32mDEBUG [0m]: xkb: Mod index 7 (name Mod5) got index 7
[1;32mDEBUG [0m]: Updating keymap fd for keyboard hl-virtual-keyboard-wtype
[1;32mDEBUG [0m]: Updated keymap fd to 91, keymap V1 to: 93
[1;32mDEBUG [0m]: Set the keyboard layout to us and variant to  for keyboard "hl-virtual-keyboard-wtype"
[1;32mDEBUG [0m]: New virtual keyboard created at 55998829dee0
[1;32mDEBUG [0m]: Updating keyboard 55998829dee0's translation state from a provided keymap
[1;32mDEBUG [0m]: Updating keymap fd for keyboard hl-virtual-keyboard-wtype
[1;32mDEBUG [0m]: Updated keymap fd to 91, keymap V1 to: 93
[1;32mDEBUG [0m]: Keyboard at 55998829dee0 removed
[1;32mDEBUG [0m]: Destroyed keyboard 55998829dee0
[1;32mDEBUG [0m]: Hyprctl: new connection from pid 185
[1;32mDEBUG [0m]: Set keyboard focus to surface 55998824baa0
[1;32mDEBUG [0m]: [CPrimarySelectionProtocol] CPrimarySelectionProtocol::updateSelection: cannot send selection to a client without a data_device
[1;32mDEBUG [0m]: cursorImage request: shape 1 -> default
[1;32mDEBUG [0m]: [CWLSeatProtocol] New seat resource bound at 559988414730
[1;32mDEBUG [0m]: [CVirtualKeyboardProtocol] New VKeyboard at id 5
[1;32mDEBUG [0m]: ApplyConfigToKeyboard for "hl-virtual-keyboard-wtype", hasconfig: 0
[1;32mDEBUG [0m]: Attempting to create a keymap for layout us with variant  (rules: , model: , options: )
[1;32mDEBUG [0m]: Updating keyboard 55998829dee0's translation state from a provided keymap
[1;32mDEBUG [0m]: xkb: LED index 0 (name Num Lock) got index 1
[1;32mDEBUG [0m]: xkb: LED index 1 (name Caps Lock) got index 0
[1;32mDEBUG [0m]: xkb: LED index 2 (name Scroll Lock) got index 2
[1;32mDEBUG [0m]: xkb: Mod index 0 (name Shift) got index 0
[1;32mDEBUG [0m]: xkb: Mod index 1 (name Lock) got index 1
[1;32mDEBUG [0m]: xkb: Mod index 2 (name Control) got index 2
[1;32mDEBUG [0m]: xkb: Mod index 3 (name Mod1) got index 3
[1;32mDEBUG [0m]: xkb: Mod index 4 (name Mod2) got index 4
[1;32mDEBUG [0m]: xkb: Mod index 5 (name Mod3) got index 5
[1;32mDEBUG [0m]: xkb: Mod index 6 (name Mod4) got index 6
[1;32mDEBUG [0m]: xkb: Mod index 7 (name Mod5) got index 7
[1;32mDEBUG [0m]: Updating keymap fd for keyboard hl-virtual-keyboard-wtype
[1;32mDEBUG [0m]: Updated keymap fd to 91, keymap V1 to: 93
[1;32mDEBUG [0m]: Set the keyboard layout to us and variant to  for keyboard "hl-virtual-keyboard-wtype"
[1;32mDEBUG [0m]: New virtual keyboard created at 55998829dee0
[1;32mDEBUG [0m]: Updating keyboard 55998829dee0's translation state from a provided keymap
[1;32mDEBUG [0m]: Updating keymap fd for keyboard hl-virtual-keyboard-wtype
[1;32mDEBUG [0m]: Updated keymap fd to 91, keymap V1 to: 93
[1;32mDEBUG [0m]: Hyprctl: new connection from pid 34
[1;32mDEBUG [0m]: Refusing a keyboard focus to a window because of an exclusive ls
[1;32mDEBUG [0m]: Hyprctl: dispatcher focusworkspaceoncurrentmonitor : 3
[1;32mDEBUG [0m]: Hyprctl: new connection from pid 34
[1;32mDEBUG [0m]: [CWLCompositorResource] New wl_region with id 84 at 55998899a260
[1;32mDEBUG [0m]: Keyboard at 55998829dee0 removed
[1;32mDEBUG [0m]: Destroyed keyboard 55998829dee0
[1;32mDEBUG [0m]: LayerSurface 55998826b1b0 destroyed
[1;32mDEBUG [0m]: Forcing an unmap of a LS that did a straight destroy!
[1;32mDEBUG [0m]: LayerSurface 55998826b1b0 unmapped
[1;32mDEBUG [0m]: renderer: making a snapshot of layer 5599883671e0
[1;32mDEBUG [0m]: Framebuffer "layer snapshot" created, status 36053
[1;32mDEBUG [0m]: renderer: cleared a snapshot of layer 5599883671e0
[1;32mDEBUG [0m]: renderer: rendered a snapshot of layer 5599883671e0
[1;32mDEBUG [0m]: renderer: made a snapshot of layer 5599883671e0
[1;32mDEBUG [0m]: CWLSurface 559988625f60 called destroy()
[1;32mDEBUG [0m]: Cleanup: removed 1 fadeouts
[1;32mDEBUG [0m]: Hyprctl: new connection from pid 189
[1;32mDEBUG [0m]: Set keyboard focus to surface 55998824baa0
[1;32mDEBUG [0m]: [CPrimarySelectionProtocol] CPrimarySelectionProtocol::updateSelection: cannot send selection to a client without a data_device
[1;32mDEBUG [0m]: cursorImage request: shape 1 -> default
[1;32mDEBUG [0m]: [CWLSeatProtocol] New seat resource bound at 559988414730
[1;32mDEBUG [0m]: [CVirtualKeyboardProtocol] New VKeyboard at id 5
[1;32mDEBUG [0m]: ApplyConfigToKeyboard for "hl-virtual-keyboard-wtype", hasconfig: 0
[1;32mDEBUG [0m]: Attempting to create a keymap for layout us with variant  (rules: , model: , options: )
[1;32mDEBUG [0m]: Updating keyboard 55998829dee0's translation state from a provided keymap
[1;32mDEBUG [0m]: xkb: LED index 0 (name Num Lock) got index 1
[1;32mDEBUG [0m]: xkb: LED index 1 (name Caps Lock) got index 0
[1;32mDEBUG [0m]: xkb: LED index 2 (name Scroll Lock) got index 2
[1;32mDEBUG [0m]: xkb: Mod index 0 (name Shift) got index 0
[1;32mDEBUG [0m]: xkb: Mod index 1 (name Lock) got index 1
[1;32mDEBUG [0m]: xkb: Mod index 2 (name Control) got index 2
[1;32mDEBUG [0m]: xkb: Mod index 3 (name Mod1) got index 3
[1;32mDEBUG [0m]: xkb: Mod index 4 (name Mod2) got index 4
[1;32mDEBUG [0m]: xkb: Mod index 5 (name Mod3) got index 5
[1;32mDEBUG [0m]: xkb: Mod index 6 (name Mod4) got index 6
[1;32mDEBUG [0m]: xkb: Mod index 7 (name Mod5) got index 7
[1;32mDEBUG [0m]: Updating keymap fd for keyboard hl-virtual-keyboard-wtype
[1;32mDEBUG [0m]: Updated keymap fd to 87, keymap V1 to: 89
[1;32mDEBUG [0m]: Set the keyboard layout to us and variant to  for keyboard "hl-virtual-keyboard-wtype"
[1;32mDEBUG [0m]: New virtual keyboard created at 55998829dee0
[1;32mDEBUG [0m]: Updating keyboard 55998829dee0's translation state from a provided keymap
[1;32mDEBUG [0m]: Updating keymap fd for keyboard hl-virtual-keyboard-wtype
[1;32mDEBUG [0m]: Updated keymap fd to 87, keymap V1 to: 89
[1;32mDEBUG [0m]: Keyboard at 55998829dee0 removed
[1;32mDEBUG [0m]: Destroyed keyboard 55998829dee0
[1;32mDEBUG [0m]: [CWLSeatProtocol] New seat resource bound at 55998837e4a0
[1;32mDEBUG [0m]: [CVirtualKeyboardProtocol] New VKeyboard at id 5
[1;32mDEBUG [0m]: ApplyConfigToKeyboard for "hl-virtual-keyboard-wtype", hasconfig: 0
[1;32mDEBUG [0m]: Attempting to create a keymap for layout us with variant  (rules: , model: , options: )
[1;32mDEBUG [0m]: Updating keyboard 55998829dee0's translation state from a provided keymap
[1;32mDEBUG [0m]: xkb: LED index 0 (name Num Lock) got index 1
[1;32mDEBUG [0m]: xkb: LED index 1 (name Caps Lock) got index 0
[1;32mDEBUG [0m]: xkb: LED index 2 (name Scroll Lock) got index 2
[1;32mDEBUG [0m]: xkb: Mod index 0 (name Shift) got index 0
[1;32mDEBUG [0m]: xkb: Mod index 1 (name Lock) got index 1
[1;32mDEBUG [0m]: xkb: Mod index 2 (name Control) got index 2
[1;32mDEBUG [0m]: xkb: Mod index 3 (name Mod1) got index 3
[1;32mDEBUG [0m]: xkb: Mod index 4 (name Mod2) got index 4
[1;32mDEBUG [0m]: xkb: Mod index 5 (name Mod3) got index 5
[1;32mDEBUG [0m]: xkb: Mod index 6 (name Mod4) got index 6
[1;32mDEBUG [0m]: xkb: Mod index 7 (name Mod5) got index 7
[1;32mDEBUG [0m]: Updating keymap fd for keyboard hl-virtual-keyboard-wtype
[1;32mDEBUG [0m]: Updated keymap fd to 87, keymap V1 to: 89
[1;32mDEBUG [0m]: Set the keyboard layout to us and variant to  for keyboard "hl-virtual-keyboard-wtype"
[1;32mDEBUG [0m]: New virtual keyboard created at 55998829dee0
[1;32mDEBUG [0m]: Updating keyboard 55998829dee0's translation state from a provided keymap
[1;32mDEBUG [0m]: Updating keymap fd for keyboard hl-virtual-keyboard-wtype
[1;32mDEBUG [0m]: Updated keymap fd to 87, keymap V1 to: 89
[1;32mDEBUG [0m]: Keyboard at 55998829dee0 removed
[1;32mDEBUG [0m]: Destroyed keyboard 55998829dee0
[1;32mDEBUG [0m]: [CWLSeatProtocol] New seat resource bound at 5599889fc000
[1;32mDEBUG [0m]: [CVirtualKeyboardProtocol] New VKeyboard at id 5
[1;32mDEBUG [0m]: ApplyConfigToKeyboard for "hl-virtual-keyboard-wtype", hasconfig: 0
[1;32mDEBUG [0m]: Attempting to create a keymap for layout us with variant  (rules: , model: , options: )
[1;32mDEBUG [0m]: Updating keyboard 55998829dee0's translation state from a provided keymap
[1;32mDEBUG [0m]: xkb: LED index 0 (name Num Lock) got index 1
[1;32mDEBUG [0m]: xkb: LED index 1 (name Caps Lock) got index 0
[1;32mDEBUG [0m]: xkb: LED index 2 (name Scroll Lock) got index 2
[1;32mDEBUG [0m]: xkb: Mod index 0 (name Shift) got index 0
[1;32mDEBUG [0m]: xkb: Mod index 1 (name Lock) got index 1
[1;32mDEBUG [0m]: xkb: Mod index 2 (name Control) got index 2
[1;32mDEBUG [0m]: xkb: Mod index 3 (name Mod1) got index 3
[1;32mDEBUG [0m]: xkb: Mod index 4 (name Mod2) got index 4
[1;32mDEBUG [0m]: xkb: Mod index 5 (name Mod3) got index 5
[1;32mDEBUG [0m]: xkb: Mod index 6 (name Mod4) got index 6
[1;32mDEBUG [0m]: xkb: Mod index 7 (name Mod5) got index 7
[1;32mDEBUG [0m]: Updating keymap fd for keyboard hl-virtual-keyboard-wtype
[1;32mDEBUG [0m]: Updated keymap fd to 87, keymap V1 to: 89
[1;32mDEBUG [0m]: Set the keyboard layout to us and variant to  for keyboard "hl-virtual-keyboard-wtype"
[1;32mDEBUG [0m]: New virtual keyboard created at 55998829dee0
[1;32mDEBUG [0m]: Updating keyboard 55998829dee0's translation state from a provided keymap
[1;32mDEBUG [0m]: Updating keymap fd for keyboard hl-virtual-keyboard-wtype
[1;32mDEBUG [0m]: Updated keymap fd to 87, keymap V1 to: 89
[1;32mDEBUG [0m]: Keyboard at 55998829dee0 removed
[1;32mDEBUG [0m]: Destroyed keyboard 55998829dee0
[1;32mDEBUG [0m]: [CWLSeatProtocol] New seat resource bound at 5599889b99a0
[1;32mDEBUG [0m]: [CVirtualKeyboardProtocol] New VKeyboard at id 5
[1;32mDEBUG [0m]: ApplyConfigToKeyboard for "hl-virtual-keyboard-wtype", hasconfig: 0
[1;32mDEBUG [0m]: Attempting to create a keymap for layout us with variant  (rules: , model: , options: )
[1;32mDEBUG [0m]: Updating keyboard 55998829dee0's translation state from a provided keymap
[1;32mDEBUG [0m]: xkb: LED index 0 (name Num Lock) got index 1
[1;32mDEBUG [0m]: xkb: LED index 1 (name Caps Lock) got index 0
[1;32mDEBUG [0m]: xkb: LED index 2 (name Scroll Lock) got index 2
[1;32mDEBUG [0m]: xkb: Mod index 0 (name Shift) got index 0
[1;32mDEBUG [0m]: xkb: Mod index 1 (name Lock) got index 1
[1;32mDEBUG [0m]: xkb: Mod index 2 (name Control) got index 2
[1;32mDEBUG [0m]: xkb: Mod index 3 (name Mod1) got index 3
[1;32mDEBUG [0m]: xkb: Mod index 4 (name Mod2) got index 4
[1;32mDEBUG [0m]: xkb: Mod index 5 (name Mod3) got index 5
[1;32mDEBUG [0m]: xkb: Mod index 6 (name Mod4) got index 6
[1;32mDEBUG [0m]: xkb: Mod index 7 (name Mod5) got index 7
[1;32mDEBUG [0m]: Updating keymap fd for keyboard hl-virtual-keyboard-wtype
[1;32mDEBUG [0m]: Updated keymap fd to 87, keymap V1 to: 89
[1;32mDEBUG [0m]: Set the keyboard layout to us and variant to  for keyboard "hl-virtual-keyboard-wtype"
[1;32mDEBUG [0m]: New virtual keyboard created at 55998829dee0
[1;32mDEBUG [0m]: Updating keyboard 55998829dee0's translation state from a provided keymap
[1;32mDEBUG [0m]: Updating keymap fd for keyboard hl-virtual-keyboard-wtype
[1;32mDEBUG [0m]: Updated keymap fd to 87, keymap V1 to: 89
[1;32mDEBUG [0m]: Keyboard at 55998829dee0 removed
[1;32mDEBUG [0m]: Destroyed keyboard 55998829dee0
[1;32mDEBUG [0m]: [CWLSeatProtocol] New seat resource bound at 55998877a660
[1;32mDEBUG [0m]: [CVirtualKeyboardProtocol] New VKeyboard at id 5
[1;32mDEBUG [0m]: ApplyConfigToKeyboard for "hl-virtual-keyboard-wtype", hasconfig: 0
[1;32mDEBUG [0m]: Attempting to create a keymap for layout us with variant  (rules: , model: , options: )
[1;32mDEBUG [0m]: Updating keyboard 55998829dee0's translation state from a provided keymap
[1;32mDEBUG [0m]: xkb: LED index 0 (name Num Lock) got index 1
[1;32mDEBUG [0m]: xkb: LED index 1 (name Caps Lock) got index 0
[1;32mDEBUG [0m]: xkb: LED index 2 (name Scroll Lock) got index 2
[1;32mDEBUG [0m]: xkb: Mod index 0 (name Shift) got index 0
[1;32mDEBUG [0m]: xkb: Mod index 1 (name Lock) got index 1
[1;32mDEBUG [0m]: xkb: Mod index 2 (name Control) got index 2
[1;32mDEBUG [0m]: xkb: Mod index 3 (name Mod1) got index 3
[1;32mDEBUG [0m]: xkb: Mod index 4 (name Mod2) got index 4
[1;32mDEBUG [0m]: xkb: Mod index 5 (name Mod3) got index 5
[1;32mDEBUG [0m]: xkb: Mod index 6 (name Mod4) got index 6
[1;32mDEBUG [0m]: xkb: Mod index 7 (name Mod5) got index 7
[1;32mDEBUG [0m]: Updating keymap fd for keyboard hl-virtual-keyboard-wtype
[1;32mDEBUG [0m]: Updated keymap fd to 87, keymap V1 to: 89
[1;32mDEBUG [0m]: Set the keyboard layout to us and variant to  for keyboard "hl-virtual-keyboard-wtype"
[1;32mDEBUG [0m]: New virtual keyboard created at 55998829dee0
[1;32mDEBUG [0m]: Updating keyboard 55998829dee0's translation state from a provided keymap
[1;32mDEBUG [0m]: Updating keymap fd for keyboard hl-virtual-keyboard-wtype
[1;32mDEBUG [0m]: Updated keymap fd to 87, keymap V1 to: 89
[1;32mDEBUG [0m]: Keyboard at 55998829dee0 removed
[1;32mDEBUG [0m]: Destroyed keyboard 55998829dee0
[1;32mDEBUG [0m]: [CWLSeatProtocol] New seat resource bound at 5599889bab40
[1;32mDEBUG [0m]: [CVirtualKeyboardProtocol] New VKeyboard at id 5
[1;32mDEBUG [0m]: ApplyConfigToKeyboard for "hl-virtual-keyboard-wtype", hasconfig: 0
[1;32mDEBUG [0m]: Attempting to create a keymap for layout us with variant  (rules: , model: , options: )
[1;32mDEBUG [0m]: Updating keyboard 55998829dee0's translation state from a provided keymap
[1;32mDEBUG [0m]: xkb: LED index 0 (name Num Lock) got index 1
[1;32mDEBUG [0m]: xkb: LED index 1 (name Caps Lock) got index 0
[1;32mDEBUG [0m]: xkb: LED index 2 (name Scroll Lock) got index 2
[1;32mDEBUG [0m]: xkb: Mod index 0 (name Shift) got index 0
[1;32mDEBUG [0m]: xkb: Mod index 1 (name Lock) got index 1
[1;32mDEBUG [0m]: xkb: Mod index 2 (name Control) got index 2
[1;32mDEBUG [0m]: xkb: Mod index 3 (name Mod1) got index 3
[1;32mDEBUG [0m]: xkb: Mod index 4 (name Mod2) got index 4
[1;32mDEBUG [0m]: xkb: Mod index 5 (name Mod3) got index 5
[1;32mDEBUG [0m]: xkb: Mod index 6 (name Mod4) got index 6
[1;32mDEBUG [0m]: xkb: Mod index 7 (name Mod5) got index 7
[1;32mDEBUG [0m]: Updating keymap fd for keyboard hl-virtual-keyboard-wtype
[1;32mDEBUG [0m]: Updated keymap fd to 87, keymap V1 to: 89
[1;32mDEBUG [0m]: Set the keyboard layout to us and variant to  for keyboard "hl-virtual-keyboard-wtype"
[1;32mDEBUG [0m]: New virtual keyboard created at 55998829dee0
[1;32mDEBUG [0m]: Updating keyboard 55998829dee0's translation state from a provided keymap
[1;32mDEBUG [0m]: Updating keymap fd for keyboard hl-virtual-keyboard-wtype
[1;32mDEBUG [0m]: Updated keymap fd to 87, keymap V1 to: 89
[1;32mDEBUG [0m]: Keyboard at 55998829dee0 removed
[1;32mDEBUG [0m]: Destroyed keyboard 55998829dee0
[1;32mDEBUG [0m]: [CWLSeatProtocol] New seat resource bound at 5599887f8a80
[1;32mDEBUG [0m]: [CVirtualKeyboardProtocol] New VKeyboard at id 5
[1;32mDEBUG [0m]: ApplyConfigToKeyboard for "hl-virtual-keyboard-wtype", hasconfig: 0
[1;32mDEBUG [0m]: Attempting to create a keymap for layout us with variant  (rules: , model: , options: )
[1;32mDEBUG [0m]: Updating keyboard 55998829dee0's translation state from a provided keymap
[1;32mDEBUG [0m]: xkb: LED index 0 (name Num Lock) got index 1
[1;32mDEBUG [0m]: xkb: LED index 1 (name Caps Lock) got index 0
[1;32mDEBUG [0m]: xkb: LED index 2 (name Scroll Lock) got index 2
[1;32mDEBUG [0m]: xkb: Mod index 0 (name Shift) got index 0
[1;32mDEBUG [0m]: xkb: Mod index 1 (name Lock) got index 1
[1;32mDEBUG [0m]: xkb: Mod index 2 (name Control) got index 2
[1;32mDEBUG [0m]: xkb: Mod index 3 (name Mod1) got index 3
[1;32mDEBUG [0m]: xkb: Mod index 4 (name Mod2) got index 4
[1;32mDEBUG [0m]: xkb: Mod index 5 (name Mod3) got index 5
[1;32mDEBUG [0m]: xkb: Mod index 6 (name Mod4) got index 6
[1;32mDEBUG [0m]: xkb: Mod index 7 (name Mod5) got index 7
[1;32mDEBUG [0m]: Updating keymap fd for keyboard hl-virtual-keyboard-wtype
[1;32mDEBUG [0m]: Updated keymap fd to 87, keymap V1 to: 89
[1;32mDEBUG [0m]: Set the keyboard layout to us and variant to  for keyboard "hl-virtual-keyboard-wtype"
[1;32mDEBUG [0m]: New virtual keyboard created at 55998829dee0
[1;32mDEBUG [0m]: Updating keyboard 55998829dee0's translation state from a provided keymap
[1;32mDEBUG [0m]: Updating keymap fd for keyboard hl-virtual-keyboard-wtype
[1;32mDEBUG [0m]: Updated keymap fd to 87, keymap V1 to: 89
[1;32mDEBUG [0m]: Keyboard at 55998829dee0 removed
[1;32mDEBUG [0m]: Destroyed keyboard 55998829dee0
[1;32mDEBUG [0m]: [CWLSeatProtocol] New seat resource bound at 5599889a4f40
[1;32mDEBUG [0m]: [CVirtualKeyboardProtocol] New VKeyboard at id 5
[1;32mDEBUG [0m]: ApplyConfigToKeyboard for "hl-virtual-keyboard-wtype", hasconfig: 0
[1;32mDEBUG [0m]: Attempting to create a keymap for layout us with variant  (rules: , model: , options: )
[1;32mDEBUG [0m]: Updating keyboard 55998829dee0's translation state from a provided keymap
[1;32mDEBUG [0m]: xkb: LED index 0 (name Num Lock) got index 1
[1;32mDEBUG [0m]: xkb: LED index 1 (name Caps Lock) got index 0
[1;32mDEBUG [0m]: xkb: LED index 2 (name Scroll Lock) got index 2
[1;32mDEBUG [0m]: xkb: Mod index 0 (name Shift) got index 0
[1;32mDEBUG [0m]: xkb: Mod index 1 (name Lock) got index 1
[1;32mDEBUG [0m]: xkb: Mod index 2 (name Control) got index 2
[1;32mDEBUG [0m]: xkb: Mod index 3 (name Mod1) got index 3
[1;32mDEBUG [0m]: xkb: Mod index 4 (name Mod2) got index 4
[1;32mDEBUG [0m]: xkb: Mod index 5 (name Mod3) got index 5
[1;32mDEBUG [0m]: xkb: Mod index 6 (name Mod4) got index 6
[1;32mDEBUG [0m]: xkb: Mod index 7 (name Mod5) got index 7
[1;32mDEBUG [0m]: Updating keymap fd for keyboard hl-virtual-keyboard-wtype
[1;32mDEBUG [0m]: Updated keymap fd to 87, keymap V1 to: 89
[1;32mDEBUG [0m]: Set the keyboard layout to us and variant to  for keyboard "hl-virtual-keyboard-wtype"
[1;32mDEBUG [0m]: New virtual keyboard created at 55998829dee0
[1;32mDEBUG [0m]: Updating keyboard 55998829dee0's translation state from a provided keymap
[1;32mDEBUG [0m]: Updating keymap fd for keyboard hl-virtual-keyboard-wtype
[1;32mDEBUG [0m]: Updated keymap fd to 87, keymap V1 to: 89
[1;32mDEBUG [0m]: Keyboard at 55998829dee0 removed
[1;32mDEBUG [0m]: Destroyed keyboard 55998829dee0
[1;32mDEBUG [0m]: [CWLSeatProtocol] New seat resource bound at 55998856fd40
[1;32mDEBUG [0m]: [CVirtualKeyboardProtocol] New VKeyboard at id 5
[1;32mDEBUG [0m]: ApplyConfigToKeyboard for "hl-virtual-keyboard-wtype", hasconfig: 0
[1;32mDEBUG [0m]: Attempting to create a keymap for layout us with variant  (rules: , model: , options: )
[1;32mDEBUG [0m]: Updating keyboard 55998829dee0's translation state from a provided keymap
[1;32mDEBUG [0m]: xkb: LED index 0 (name Num Lock) got index 1
[1;32mDEBUG [0m]: xkb: LED index 1 (name Caps Lock) got index 0
[1;32mDEBUG [0m]: xkb: LED index 2 (name Scroll Lock) got index 2
[1;32mDEBUG [0m]: xkb: Mod index 0 (name Shift) got index 0
[1;32mDEBUG [0m]: xkb: Mod index 1 (name Lock) got index 1
[1;32mDEBUG [0m]: xkb: Mod index 2 (name Control) got index 2
[1;32mDEBUG [0m]: xkb: Mod index 3 (name Mod1) got index 3
[1;32mDEBUG [0m]: xkb: Mod index 4 (name Mod2) got index 4
[1;32mDEBUG [0m]: xkb: Mod index 5 (name Mod3) got index 5
[1;32mDEBUG [0m]: xkb: Mod index 6 (name Mod4) got index 6
[1;32mDEBUG [0m]: xkb: Mod index 7 (name Mod5) got index 7
[1;32mDEBUG [0m]: Updating keymap fd for keyboard hl-virtual-keyboard-wtype
[1;32mDEBUG [0m]: Updated keymap fd to 87, keymap V1 to: 89
[1;32mDEBUG [0m]: Set the keyboard layout to us and variant to  for keyboard "hl-virtual-keyboard-wtype"
[1;32mDEBUG [0m]: New virtual keyboard created at 55998829dee0
[1;32mDEBUG [0m]: Updating keyboard 55998829dee0's translation state from a provided keymap
[1;32mDEBUG [0m]: Updating keymap fd for keyboard hl-virtual-keyboard-wtype
[1;32mDEBUG [0m]: Updated keymap fd to 87, keymap V1 to: 89
[1;32mDEBUG [0m]: Keyboard at 55998829dee0 removed
[1;32mDEBUG [0m]: Destroyed keyboard 55998829dee0
[1;32mDEBUG [0m]: [CWLSeatProtocol] New seat resource bound at 5599883f01e0
[1;32mDEBUG [0m]: [CVirtualKeyboardProtocol] New VKeyboard at id 5
[1;32mDEBUG [0m]: ApplyConfigToKeyboard for "hl-virtual-keyboard-wtype", hasconfig: 0
[1;32mDEBUG [0m]: Attempting to create a keymap for layout us with variant  (rules: , model: , options: )
[1;32mDEBUG [0m]: Updating keyboard 55998829dee0's translation state from a provided keymap
[1;32mDEBUG [0m]: xkb: LED index 0 (name Num Lock) got index 1
[1;32mDEBUG [0m]: xkb: LED index 1 (name Caps Lock) got index 0
[1;32mDEBUG [0m]: xkb: LED index 2 (name Scroll Lock) got index 2
[1;32mDEBUG [0m]: xkb: Mod index 0 (name Shift) got index 0
[1;32mDEBUG [0m]: xkb: Mod index 1 (name Lock) got index 1
[1;32mDEBUG [0m]: xkb: Mod index 2 (name Control) got index 2
[1;32mDEBUG [0m]: xkb: Mod index 3 (name Mod1) got index 3
[1;32mDEBUG [0m]: xkb: Mod index 4 (name Mod2) got index 4
[1;32mDEBUG [0m]: xkb: Mod index 5 (name Mod3) got index 5
[1;32mDEBUG [0m]: xkb: Mod index 6 (name Mod4) got index 6
[1;32mDEBUG [0m]: xkb: Mod index 7 (name Mod5) got index 7
[1;32mDEBUG [0m]: Updating keymap fd for keyboard hl-virtual-keyboard-wtype
[1;32mDEBUG [0m]: Updated keymap fd to 87, keymap V1 to: 89
[1;32mDEBUG [0m]: Set the keyboard layout to us and variant to  for keyboard "hl-virtual-keyboard-wtype"
[1;32mDEBUG [0m]: New virtual keyboard created at 55998829dee0
[1;32mDEBUG [0m]: Updating keyboard 55998829dee0's translation state from a provided keymap
[1;32mDEBUG [0m]: Updating keymap fd for keyboard hl-virtual-keyboard-wtype
[1;32mDEBUG [0m]: Updated keymap fd to 87, keymap V1 to: 89
[1;32mDEBUG [0m]: Keyboard at 55998829dee0 removed
[1;32mDEBUG [0m]: Destroyed keyboard 55998829dee0
[1;32mDEBUG [0m]: [CWLSeatProtocol] New seat resource bound at 5599883f0530
[1;32mDEBUG [0m]: [CVirtualKeyboardProtocol] New VKeyboard at id 5
[1;32mDEBUG [0m]: ApplyConfigToKeyboard for "hl-virtual-keyboard-wtype", hasconfig: 0
[1;32mDEBUG [0m]: Attempting to create a keymap for layout us with variant  (rules: , model: , options: )
[1;32mDEBUG [0m]: Updating keyboard 55998829dee0's translation state from a provided keymap
[1;32mDEBUG [0m]: xkb: LED index 0 (name Num Lock) got index 1
[1;32mDEBUG [0m]: xkb: LED index 1 (name Caps Lock) got index 0
[1;32mDEBUG [0m]: xkb: LED index 2 (name Scroll Lock) got index 2
[1;32mDEBUG [0m]: xkb: Mod index 0 (name Shift) got index 0
[1;32mDEBUG [0m]: xkb: Mod index 1 (name Lock) got index 1
[1;32mDEBUG [0m]: xkb: Mod index 2 (name Control) got index 2
[1;32mDEBUG [0m]: xkb: Mod index 3 (name Mod1) got index 3
[1;32mDEBUG [0m]: xkb: Mod index 4 (name Mod2) got index 4
[1;32mDEBUG [0m]: xkb: Mod index 5 (name Mod3) got index 5
[1;32mDEBUG [0m]: xkb: Mod index 6 (name Mod4) got index 6
[1;32mDEBUG [0m]: xkb: Mod index 7 (name Mod5) got index 7
[1;32mDEBUG [0m]: Updating keymap fd for keyboard hl-virtual-keyboard-wtype
[1;32mDEBUG [0m]: Updated keymap fd to 87, keymap V1 to: 89
[1;32mDEBUG [0m]: Set the keyboard layout to us and variant to  for keyboard "hl-virtual-keyboard-wtype"
[1;32mDEBUG [0m]: New virtual keyboard created at 55998829dee0
[1;32mDEBUG [0m]: Updating keyboard 55998829dee0's translation state from a provided keymap
[1;32mDEBUG [0m]: Updating keymap fd for keyboard hl-virtual-keyboard-wtype
[1;32mDEBUG [0m]: Updated keymap fd to 87, keymap V1 to: 89
[1;32mDEBUG [0m]: Keyboard at 55998829dee0 removed
[1;32mDEBUG [0m]: Destroyed keyboard 55998829dee0
[1;32mDEBUG [0m]: [CWLSeatProtocol] New seat resource bound at 559988283ad0
[1;32mDEBUG [0m]: [CVirtualKeyboardProtocol] New VKeyboard at id 5
[1;32mDEBUG [0m]: ApplyConfigToKeyboard for "hl-virtual-keyboard-wtype", hasconfig: 0
[1;32mDEBUG [0m]: Attempting to create a keymap for layout us with variant  (rules: , model: , options: )
[1;32mDEBUG [0m]: Updating keyboard 55998829dee0's translation state from a provided keymap
[1;32mDEBUG [0m]: xkb: LED index 0 (name Num Lock) got index 1
[1;32mDEBUG [0m]: xkb: LED index 1 (name Caps Lock) got index 0
[1;32mDEBUG [0m]: xkb: LED index 2 (name Scroll Lock) got index 2
[1;32mDEBUG [0m]: xkb: Mod index 0 (name Shift) got index 0
[1;32mDEBUG [0m]: xkb: Mod index 1 (name Lock) got index 1
[1;32mDEBUG [0m]: xkb: Mod index 2 (name Control) got index 2
[1;32mDEBUG [0m]: xkb: Mod index 3 (name Mod1) got index 3
[1;32mDEBUG [0m]: xkb: Mod index 4 (name Mod2) got index 4
[1;32mDEBUG [0m]: xkb: Mod index 5 (name Mod3) got index 5
[1;32mDEBUG [0m]: xkb: Mod index 6 (name Mod4) got index 6
[1;32mDEBUG [0m]: xkb: Mod index 7 (name Mod5) got index 7
[1;32mDEBUG [0m]: Updating keymap fd for keyboard hl-virtual-keyboard-wtype
[1;32mDEBUG [0m]: Updated keymap fd to 87, keymap V1 to: 89
[1;32mDEBUG [0m]: Set the keyboard layout to us and variant to  for keyboard "hl-virtual-keyboard-wtype"
[1;32mDEBUG [0m]: New virtual keyboard created at 55998829dee0
[1;32mDEBUG [0m]: Updating keyboard 55998829dee0's translation state from a provided keymap
[1;32mDEBUG [0m]: Updating keymap fd for keyboard hl-virtual-keyboard-wtype
[1;32mDEBUG [0m]: Updated keymap fd to 87, keymap V1 to: 89
[1;32mDEBUG [0m]: [CWLCompositorResource] New wl_surface with id 40 at 559988653ed0
[1;32mDEBUG [0m]: CWLSurface 559987f57700 called init()
[1;32mDEBUG [0m]: LayerSurface 55998826b1b0 (namespace putkin-panel layer 3) created on monitor HEADLESS-1
[1;32mDEBUG [0m]: [CLayerShellProtocol] New wlr_layer_surface 55998826b1b0
[1;32mDEBUG [0m]: [CPrimarySelectionProtocol] CPrimarySelectionProtocol::updateSelection: cannot send selection to a client without a data_device
[1;32mDEBUG [0m]: Keyboard at 55998829dee0 removed
[1;32mDEBUG [0m]: Destroyed keyboard 55998829dee0
[1;32mDEBUG [0m]: [CWLCompositorResource] New wl_region with id 101 at 559988235d90
[1;32mDEBUG [0m]: [CLinuxDMABUFParamsResource] Creating a dmabuf, with id 86: size [Vector2D: x: 368, y: 136], fmt AR24, planes 1
[1;32mDEBUG [0m]: [CLinuxDMABUFParamsResource]  | plane 0: mod 72057594037927952 fd 76 stride 1536 offset 0
[1;32mDEBUG [0m]: cursorImage request: shape 1 -> default
[1;32mDEBUG [0m]: LayerSurface 55998826b1b0 mapped
[1;32mDEBUG [0m]: [CLinuxDMABUFParamsResource] Creating a dmabuf, with id 97: size [Vector2D: x: 368, y: 424], fmt AR24, planes 1
[1;32mDEBUG [0m]: [CLinuxDMABUFParamsResource]  | plane 0: mod 72057594037927952 fd 84 stride 1536 offset 0
[1;32mDEBUG [0m]: [CLinuxDMABUFParamsResource] Creating a dmabuf, with id 84: size [Vector2D: x: 368, y: 424], fmt AR24, planes 1
[1;32mDEBUG [0m]: [CLinuxDMABUFParamsResource]  | plane 0: mod 72057594037927952 fd 80 stride 1536 offset 0
[1;32mDEBUG [0m]: [CWLSeatProtocol] New seat resource bound at 5599889cbc50
[1;32mDEBUG [0m]: [CVirtualKeyboardProtocol] New VKeyboard at id 5
[1;32mDEBUG [0m]: ApplyConfigToKeyboard for "hl-virtual-keyboard-wtype", hasconfig: 0
[1;32mDEBUG [0m]: Attempting to create a keymap for layout us with variant  (rules: , model: , options: )
[1;32mDEBUG [0m]: Updating keyboard 55998829dee0's translation state from a provided keymap
[1;32mDEBUG [0m]: xkb: LED index 0 (name Num Lock) got index 1
[1;32mDEBUG [0m]: xkb: LED index 1 (name Caps Lock) got index 0
[1;32mDEBUG [0m]: xkb: LED index 2 (name Scroll Lock) got index 2
[1;32mDEBUG [0m]: xkb: Mod index 0 (name Shift) got index 0
[1;32mDEBUG [0m]: xkb: Mod index 1 (name Lock) got index 1
[1;32mDEBUG [0m]: xkb: Mod index 2 (name Control) got index 2
[1;32mDEBUG [0m]: xkb: Mod index 3 (name Mod1) got index 3
[1;32mDEBUG [0m]: xkb: Mod index 4 (name Mod2) got index 4
[1;32mDEBUG [0m]: xkb: Mod index 5 (name Mod3) got index 5
[1;32mDEBUG [0m]: xkb: Mod index 6 (name Mod4) got index 6
[1;32mDEBUG [0m]: xkb: Mod index 7 (name Mod5) got index 7
[1;32mDEBUG [0m]: Updating keymap fd for keyboard hl-virtual-keyboard-wtype
[1;32mDEBUG [0m]: Updated keymap fd to 91, keymap V1 to: 93
[1;32mDEBUG [0m]: Set the keyboard layout to us and variant to  for keyboard "hl-virtual-keyboard-wtype"
[1;32mDEBUG [0m]: New virtual keyboard created at 55998829dee0
[1;32mDEBUG [0m]: Updating keyboard 55998829dee0's translation state from a provided keymap
[1;32mDEBUG [0m]: Updating keymap fd for keyboard hl-virtual-keyboard-wtype
[1;32mDEBUG [0m]: Updated keymap fd to 91, keymap V1 to: 93
[1;32mDEBUG [0m]: Keyboard at 55998829dee0 removed
[1;32mDEBUG [0m]: Destroyed keyboard 55998829dee0
[1;32mDEBUG [0m]: [CWLSeatProtocol] New seat resource bound at 5599887fa5a0
[1;32mDEBUG [0m]: [CVirtualKeyboardProtocol] New VKeyboard at id 5
[1;32mDEBUG [0m]: ApplyConfigToKeyboard for "hl-virtual-keyboard-wtype", hasconfig: 0
[1;32mDEBUG [0m]: Attempting to create a keymap for layout us with variant  (rules: , model: , options: )
[1;32mDEBUG [0m]: Updating keyboard 55998829dee0's translation state from a provided keymap
[1;32mDEBUG [0m]: xkb: LED index 0 (name Num Lock) got index 1
[1;32mDEBUG [0m]: xkb: LED index 1 (name Caps Lock) got index 0
[1;32mDEBUG [0m]: xkb: LED index 2 (name Scroll Lock) got index 2
[1;32mDEBUG [0m]: xkb: Mod index 0 (name Shift) got index 0
[1;32mDEBUG [0m]: xkb: Mod index 1 (name Lock) got index 1
[1;32mDEBUG [0m]: xkb: Mod index 2 (name Control) got index 2
[1;32mDEBUG [0m]: xkb: Mod index 3 (name Mod1) got index 3
[1;32mDEBUG [0m]: xkb: Mod index 4 (name Mod2) got index 4
[1;32mDEBUG [0m]: xkb: Mod index 5 (name Mod3) got index 5
[1;32mDEBUG [0m]: xkb: Mod index 6 (name Mod4) got index 6
[1;32mDEBUG [0m]: xkb: Mod index 7 (name Mod5) got index 7
[1;32mDEBUG [0m]: Updating keymap fd for keyboard hl-virtual-keyboard-wtype
[1;32mDEBUG [0m]: Updated keymap fd to 91, keymap V1 to: 93
[1;32mDEBUG [0m]: Set the keyboard layout to us and variant to  for keyboard "hl-virtual-keyboard-wtype"
[1;32mDEBUG [0m]: New virtual keyboard created at 55998829dee0
[1;32mDEBUG [0m]: Updating keyboard 55998829dee0's translation state from a provided keymap
[1;32mDEBUG [0m]: Updating keymap fd for keyboard hl-virtual-keyboard-wtype
[1;32mDEBUG [0m]: Updated keymap fd to 91, keymap V1 to: 93
[1;32mDEBUG [0m]: Keyboard at 55998829dee0 removed
[1;32mDEBUG [0m]: Destroyed keyboard 55998829dee0
[1;32mDEBUG [0m]: [CWLSeatProtocol] New seat resource bound at 559988914a70
[1;32mDEBUG [0m]: [CVirtualKeyboardProtocol] New VKeyboard at id 5
[1;32mDEBUG [0m]: ApplyConfigToKeyboard for "hl-virtual-keyboard-wtype", hasconfig: 0
[1;32mDEBUG [0m]: Attempting to create a keymap for layout us with variant  (rules: , model: , options: )
[1;32mDEBUG [0m]: Updating keyboard 55998829dee0's translation state from a provided keymap
[1;32mDEBUG [0m]: xkb: LED index 0 (name Num Lock) got index 1
[1;32mDEBUG [0m]: xkb: LED index 1 (name Caps Lock) got index 0
[1;32mDEBUG [0m]: xkb: LED index 2 (name Scroll Lock) got index 2
[1;32mDEBUG [0m]: xkb: Mod index 0 (name Shift) got index 0
[1;32mDEBUG [0m]: xkb: Mod index 1 (name Lock) got index 1
[1;32mDEBUG [0m]: xkb: Mod index 2 (name Control) got index 2
[1;32mDEBUG [0m]: xkb: Mod index 3 (name Mod1) got index 3
[1;32mDEBUG [0m]: xkb: Mod index 4 (name Mod2) got index 4
[1;32mDEBUG [0m]: xkb: Mod index 5 (name Mod3) got index 5
[1;32mDEBUG [0m]: xkb: Mod index 6 (name Mod4) got index 6
[1;32mDEBUG [0m]: xkb: Mod index 7 (name Mod5) got index 7
[1;32mDEBUG [0m]: Updating keymap fd for keyboard hl-virtual-keyboard-wtype
[1;32mDEBUG [0m]: Updated keymap fd to 91, keymap V1 to: 93
[1;32mDEBUG [0m]: Set the keyboard layout to us and variant to  for keyboard "hl-virtual-keyboard-wtype"
[1;32mDEBUG [0m]: New virtual keyboard created at 55998829dee0
[1;32mDEBUG [0m]: Updating keyboard 55998829dee0's translation state from a provided keymap
[1;32mDEBUG [0m]: Updating keymap fd for keyboard hl-virtual-keyboard-wtype
[1;32mDEBUG [0m]: Updated keymap fd to 91, keymap V1 to: 93
[1;32mDEBUG [0m]: Keyboard at 55998829dee0 removed
[1;32mDEBUG [0m]: Destroyed keyboard 55998829dee0
[1;32mDEBUG [0m]: [CWLSeatProtocol] New seat resource bound at 5599887fa630
[1;32mDEBUG [0m]: [CVirtualKeyboardProtocol] New VKeyboard at id 5
[1;32mDEBUG [0m]: ApplyConfigToKeyboard for "hl-virtual-keyboard-wtype", hasconfig: 0
[1;32mDEBUG [0m]: Attempting to create a keymap for layout us with variant  (rules: , model: , options: )
[1;32mDEBUG [0m]: Updating keyboard 55998829dee0's translation state from a provided keymap
[1;32mDEBUG [0m]: xkb: LED index 0 (name Num Lock) got index 1
[1;32mDEBUG [0m]: xkb: LED index 1 (name Caps Lock) got index 0
[1;32mDEBUG [0m]: xkb: LED index 2 (name Scroll Lock) got index 2
[1;32mDEBUG [0m]: xkb: Mod index 0 (name Shift) got index 0
[1;32mDEBUG [0m]: xkb: Mod index 1 (name Lock) got index 1
[1;32mDEBUG [0m]: xkb: Mod index 2 (name Control) got index 2
[1;32mDEBUG [0m]: xkb: Mod index 3 (name Mod1) got index 3
[1;32mDEBUG [0m]: xkb: Mod index 4 (name Mod2) got index 4
[1;32mDEBUG [0m]: xkb: Mod index 5 (name Mod3) got index 5
[1;32mDEBUG [0m]: xkb: Mod index 6 (name Mod4) got index 6
[1;32mDEBUG [0m]: xkb: Mod index 7 (name Mod5) got index 7
[1;32mDEBUG [0m]: Updating keymap fd for keyboard hl-virtual-keyboard-wtype
[1;32mDEBUG [0m]: Updated keymap fd to 91, keymap V1 to: 93
[1;32mDEBUG [0m]: Set the keyboard layout to us and variant to  for keyboard "hl-virtual-keyboard-wtype"
[1;32mDEBUG [0m]: New virtual keyboard created at 55998829dee0
[1;32mDEBUG [0m]: Updating keyboard 55998829dee0's translation state from a provided keymap
[1;32mDEBUG [0m]: Updating keymap fd for keyboard hl-virtual-keyboard-wtype
[1;32mDEBUG [0m]: Updated keymap fd to 91, keymap V1 to: 93
[1;32mDEBUG [0m]: Keyboard at 55998829dee0 removed
[1;32mDEBUG [0m]: Destroyed keyboard 55998829dee0
[1;32mDEBUG [0m]: [CWLSeatProtocol] New seat resource bound at 559988914f20
[1;32mDEBUG [0m]: [CVirtualKeyboardProtocol] New VKeyboard at id 5
[1;32mDEBUG [0m]: ApplyConfigToKeyboard for "hl-virtual-keyboard-wtype", hasconfig: 0
[1;32mDEBUG [0m]: Attempting to create a keymap for layout us with variant  (rules: , model: , options: )
[1;32mDEBUG [0m]: Updating keyboard 55998829dee0's translation state from a provided keymap
[1;32mDEBUG [0m]: xkb: LED index 0 (name Num Lock) got index 1
[1;32mDEBUG [0m]: xkb: LED index 1 (name Caps Lock) got index 0
[1;32mDEBUG [0m]: xkb: LED index 2 (name Scroll Lock) got index 2
[1;32mDEBUG [0m]: xkb: Mod index 0 (name Shift) got index 0
[1;32mDEBUG [0m]: xkb: Mod index 1 (name Lock) got index 1
[1;32mDEBUG [0m]: xkb: Mod index 2 (name Control) got index 2
[1;32mDEBUG [0m]: xkb: Mod index 3 (name Mod1) got index 3
[1;32mDEBUG [0m]: xkb: Mod index 4 (name Mod2) got index 4
[1;32mDEBUG [0m]: xkb: Mod index 5 (name Mod3) got index 5
[1;32mDEBUG [0m]: xkb: Mod index 6 (name Mod4) got index 6
[1;32mDEBUG [0m]: xkb: Mod index 7 (name Mod5) got index 7
[1;32mDEBUG [0m]: Updating keymap fd for keyboard hl-virtual-keyboard-wtype
[1;32mDEBUG [0m]: Updated keymap fd to 91, keymap V1 to: 93
[1;32mDEBUG [0m]: Set the keyboard layout to us and variant to  for keyboard "hl-virtual-keyboard-wtype"
[1;32mDEBUG [0m]: New virtual keyboard created at 55998829dee0
[1;32mDEBUG [0m]: Updating keyboard 55998829dee0's translation state from a provided keymap
[1;32mDEBUG [0m]: Updating keymap fd for keyboard hl-virtual-keyboard-wtype
[1;32mDEBUG [0m]: Updated keymap fd to 91, keymap V1 to: 93
[1;32mDEBUG [0m]: Keyboard at 55998829dee0 removed
[1;32mDEBUG [0m]: Destroyed keyboard 55998829dee0
[1;32mDEBUG [0m]: [CWLSeatProtocol] New seat resource bound at 55998856fc90
[1;32mDEBUG [0m]: [CVirtualKeyboardProtocol] New VKeyboard at id 5
[1;32mDEBUG [0m]: ApplyConfigToKeyboard for "hl-virtual-keyboard-wtype", hasconfig: 0
[1;32mDEBUG [0m]: Attempting to create a keymap for layout us with variant  (rules: , model: , options: )
[1;32mDEBUG [0m]: Updating keyboard 55998829dee0's translation state from a provided keymap
[1;32mDEBUG [0m]: xkb: LED index 0 (name Num Lock) got index 1
[1;32mDEBUG [0m]: xkb: LED index 1 (name Caps Lock) got index 0
[1;32mDEBUG [0m]: xkb: LED index 2 (name Scroll Lock) got index 2
[1;32mDEBUG [0m]: xkb: Mod index 0 (name Shift) got index 0
[1;32mDEBUG [0m]: xkb: Mod index 1 (name Lock) got index 1
[1;32mDEBUG [0m]: xkb: Mod index 2 (name Control) got index 2
[1;32mDEBUG [0m]: xkb: Mod index 3 (name Mod1) got index 3
[1;32mDEBUG [0m]: xkb: Mod index 4 (name Mod2) got index 4
[1;32mDEBUG [0m]: xkb: Mod index 5 (name Mod3) got index 5
[1;32mDEBUG [0m]: xkb: Mod index 6 (name Mod4) got index 6
[1;32mDEBUG [0m]: xkb: Mod index 7 (name Mod5) got index 7
[1;32mDEBUG [0m]: Updating keymap fd for keyboard hl-virtual-keyboard-wtype
[1;32mDEBUG [0m]: Updated keymap fd to 91, keymap V1 to: 93
[1;32mDEBUG [0m]: Set the keyboard layout to us and variant to  for keyboard "hl-virtual-keyboard-wtype"
[1;32mDEBUG [0m]: New virtual keyboard created at 55998829dee0
[1;32mDEBUG [0m]: Updating keyboard 55998829dee0's translation state from a provided keymap
[1;32mDEBUG [0m]: Updating keymap fd for keyboard hl-virtual-keyboard-wtype
[1;32mDEBUG [0m]: Updated keymap fd to 91, keymap V1 to: 93
[1;32mDEBUG [0m]: Keyboard at 55998829dee0 removed
[1;32mDEBUG [0m]: Destroyed keyboard 55998829dee0
[1;32mDEBUG [0m]: [CWLSeatProtocol] New seat resource bound at 55998856fea0
[1;32mDEBUG [0m]: [CVirtualKeyboardProtocol] New VKeyboard at id 5
[1;32mDEBUG [0m]: ApplyConfigToKeyboard for "hl-virtual-keyboard-wtype", hasconfig: 0
[1;32mDEBUG [0m]: Attempting to create a keymap for layout us with variant  (rules: , model: , options: )
[1;32mDEBUG [0m]: Updating keyboard 55998829dee0's translation state from a provided keymap
[1;32mDEBUG [0m]: xkb: LED index 0 (name Num Lock) got index 1
[1;32mDEBUG [0m]: xkb: LED index 1 (name Caps Lock) got index 0
[1;32mDEBUG [0m]: xkb: LED index 2 (name Scroll Lock) got index 2
[1;32mDEBUG [0m]: xkb: Mod index 0 (name Shift) got index 0
[1;32mDEBUG [0m]: xkb: Mod index 1 (name Lock) got index 1
[1;32mDEBUG [0m]: xkb: Mod index 2 (name Control) got index 2
[1;32mDEBUG [0m]: xkb: Mod index 3 (name Mod1) got index 3
[1;32mDEBUG [0m]: xkb: Mod index 4 (name Mod2) got index 4
[1;32mDEBUG [0m]: xkb: Mod index 5 (name Mod3) got index 5
[1;32mDEBUG [0m]: xkb: Mod index 6 (name Mod4) got index 6
[1;32mDEBUG [0m]: xkb: Mod index 7 (name Mod5) got index 7
[1;32mDEBUG [0m]: Updating keymap fd for keyboard hl-virtual-keyboard-wtype
[1;32mDEBUG [0m]: Updated keymap fd to 91, keymap V1 to: 93
[1;32mDEBUG [0m]: Set the keyboard layout to us and variant to  for keyboard "hl-virtual-keyboard-wtype"
[1;32mDEBUG [0m]: New virtual keyboard created at 55998829dee0
[1;32mDEBUG [0m]: Updating keyboard 55998829dee0's translation state from a provided keymap
[1;32mDEBUG [0m]: Updating keymap fd for keyboard hl-virtual-keyboard-wtype
[1;32mDEBUG [0m]: Updated keymap fd to 91, keymap V1 to: 93
[1;32mDEBUG [0m]: Keyboard at 55998829dee0 removed
[1;32mDEBUG [0m]: Destroyed keyboard 55998829dee0
[1;32mDEBUG [0m]: [CWLSeatProtocol] New seat resource bound at 5599883f05e0
[1;32mDEBUG [0m]: [CVirtualKeyboardProtocol] New VKeyboard at id 5
[1;32mDEBUG [0m]: ApplyConfigToKeyboard for "hl-virtual-keyboard-wtype", hasconfig: 0
[1;32mDEBUG [0m]: Attempting to create a keymap for layout us with variant  (rules: , model: , options: )
[1;32mDEBUG [0m]: Updating keyboard 55998829dee0's translation state from a provided keymap
[1;32mDEBUG [0m]: xkb: LED index 0 (name Num Lock) got index 1
[1;32mDEBUG [0m]: xkb: LED index 1 (name Caps Lock) got index 0
[1;32mDEBUG [0m]: xkb: LED index 2 (name Scroll Lock) got index 2
[1;32mDEBUG [0m]: xkb: Mod index 0 (name Shift) got index 0
[1;32mDEBUG [0m]: xkb: Mod index 1 (name Lock) got index 1
[1;32mDEBUG [0m]: xkb: Mod index 2 (name Control) got index 2
[1;32mDEBUG [0m]: xkb: Mod index 3 (name Mod1) got index 3
[1;32mDEBUG [0m]: xkb: Mod index 4 (name Mod2) got index 4
[1;32mDEBUG [0m]: xkb: Mod index 5 (name Mod3) got index 5
[1;32mDEBUG [0m]: xkb: Mod index 6 (name Mod4) got index 6
[1;32mDEBUG [0m]: xkb: Mod index 7 (name Mod5) got index 7
[1;32mDEBUG [0m]: Updating keymap fd for keyboard hl-virtual-keyboard-wtype
[1;32mDEBUG [0m]: Updated keymap fd to 91, keymap V1 to: 93
[1;32mDEBUG [0m]: Set the keyboard layout to us and variant to  for keyboard "hl-virtual-keyboard-wtype"
[1;32mDEBUG [0m]: New virtual keyboard created at 55998829dee0
[1;32mDEBUG [0m]: Updating keyboard 55998829dee0's translation state from a provided keymap
[1;32mDEBUG [0m]: Updating keymap fd for keyboard hl-virtual-keyboard-wtype
[1;32mDEBUG [0m]: Updated keymap fd to 91, keymap V1 to: 93
[1;32mDEBUG [0m]: [CWLCompositorResource] New wl_region with id 98 at 559988c56480
[1;32mDEBUG [0m]: Keyboard at 55998829dee0 removed
[1;32mDEBUG [0m]: Destroyed keyboard 55998829dee0
[1;32mDEBUG [0m]: [CLinuxDMABUFParamsResource] Creating a dmabuf, with id 98: size [Vector2D: x: 368, y: 622], fmt AR24, planes 1
[1;32mDEBUG [0m]: [CLinuxDMABUFParamsResource]  | plane 0: mod 72057594037927952 fd 82 stride 1536 offset 0
[1;32mDEBUG [0m]: Hyprctl: new connection from pid 258
[1;32mDEBUG [0m]: Hyprctl: new connection from pid 259
[1;32mDEBUG [0m]: [CForeignToplevelList] Newly mapped window gets an identifier of 18000000
[1;32mDEBUG [0m]: [CScreencopyProtocol] Bound client successfully!
[1;32mDEBUG [0m]: [CXDGOutputProtocol] New xdg_output for HEADLESS-1: client 559988829ce0 (not xwayland)
[1;32mDEBUG [0m]: [CXDGOutputProtocol] New xdg_output for WAYLAND-1: client 559988829ce0 (not xwayland)
[1;32mDEBUG [0m]: [COutputImageCaptureSourceProtocol] New capture source for monitor: HEADLESS-1
[1;32mDEBUG [0m]: [CImageCopyCaptureProtocol] New image copy capture session for source (monitor): "HEADLESS-1"
[1;32mDEBUG [0m]: Framebuffer "Monitor HEADLESS-1 mirror FB" created, status 36053
[1;32mDEBUG [0m]: Framebuffer "" created, status 36053
[1;32mDEBUG [0m]: [Screenshare] Started screenshare session for (monitor): HEADLESS-1
[1;32mDEBUG [0m]: [Screenshare] Stopped screenshare session for (monitor): HEADLESS-1
[1;32mDEBUG [0m]: [CWLSeatProtocol] New seat resource bound at 5599888bc650
[1;32mDEBUG [0m]: [CVirtualKeyboardProtocol] New VKeyboard at id 5
[1;32mDEBUG [0m]: ApplyConfigToKeyboard for "hl-virtual-keyboard-wtype", hasconfig: 0
[1;32mDEBUG [0m]: Attempting to create a keymap for layout us with variant  (rules: , model: , options: )
[1;32mDEBUG [0m]: Updating keyboard 55998829dee0's translation state from a provided keymap
[1;32mDEBUG [0m]: xkb: LED index 0 (name Num Lock) got index 1
[1;32mDEBUG [0m]: xkb: LED index 1 (name Caps Lock) got index 0
[1;32mDEBUG [0m]: xkb: LED index 2 (name Scroll Lock) got index 2
[1;32mDEBUG [0m]: xkb: Mod index 0 (name Shift) got index 0
[1;32mDEBUG [0m]: xkb: Mod index 1 (name Lock) got index 1
[1;32mDEBUG [0m]: xkb: Mod index 2 (name Control) got index 2
[1;32mDEBUG [0m]: xkb: Mod index 3 (name Mod1) got index 3
[1;32mDEBUG [0m]: xkb: Mod index 4 (name Mod2) got index 4
[1;32mDEBUG [0m]: xkb: Mod index 5 (name Mod3) got index 5
[1;32mDEBUG [0m]: xkb: Mod index 6 (name Mod4) got index 6
[1;32mDEBUG [0m]: xkb: Mod index 7 (name Mod5) got index 7
[1;32mDEBUG [0m]: Updating keymap fd for keyboard hl-virtual-keyboard-wtype
[1;32mDEBUG [0m]: Updated keymap fd to 90, keymap V1 to: 93
[1;32mDEBUG [0m]: Set the keyboard layout to us and variant to  for keyboard "hl-virtual-keyboard-wtype"
[1;32mDEBUG [0m]: New virtual keyboard created at 55998829dee0
[1;32mDEBUG [0m]: Updating keyboard 55998829dee0's translation state from a provided keymap
[1;32mDEBUG [0m]: Updating keymap fd for keyboard hl-virtual-keyboard-wtype
[1;32mDEBUG [0m]: Updated keymap fd to 90, keymap V1 to: 93
[1;32mDEBUG [0m]: [CLinuxDMABUFParamsResource] Creating a dmabuf, with id 101: size [Vector2D: x: 368, y: 622], fmt AR24, planes 1
[1;32mDEBUG [0m]: [CLinuxDMABUFParamsResource]  | plane 0: mod 72057594037927952 fd 88 stride 1536 offset 0
[1;32mDEBUG [0m]: Keyboard at 55998829dee0 removed
[1;32mDEBUG [0m]: Destroyed keyboard 55998829dee0
[1;32mDEBUG [0m]: [CWLSeatProtocol] New seat resource bound at 5599887cba70
[1;32mDEBUG [0m]: [CVirtualKeyboardProtocol] New VKeyboard at id 5
[1;32mDEBUG [0m]: ApplyConfigToKeyboard for "hl-virtual-keyboard-wtype", hasconfig: 0
[1;32mDEBUG [0m]: Attempting to create a keymap for layout us with variant  (rules: , model: , options: )
[1;32mDEBUG [0m]: Updating keyboard 55998829dee0's translation state from a provided keymap
[1;32mDEBUG [0m]: xkb: LED index 0 (name Num Lock) got index 1
[1;32mDEBUG [0m]: xkb: LED index 1 (name Caps Lock) got index 0
[1;32mDEBUG [0m]: xkb: LED index 2 (name Scroll Lock) got index 2
[1;32mDEBUG [0m]: xkb: Mod index 0 (name Shift) got index 0
[1;32mDEBUG [0m]: xkb: Mod index 1 (name Lock) got index 1
[1;32mDEBUG [0m]: xkb: Mod index 2 (name Control) got index 2
[1;32mDEBUG [0m]: xkb: Mod index 3 (name Mod1) got index 3
[1;32mDEBUG [0m]: xkb: Mod index 4 (name Mod2) got index 4
[1;32mDEBUG [0m]: xkb: Mod index 5 (name Mod3) got index 5
[1;32mDEBUG [0m]: xkb: Mod index 6 (name Mod4) got index 6
[1;32mDEBUG [0m]: xkb: Mod index 7 (name Mod5) got index 7
[1;32mDEBUG [0m]: Updating keymap fd for keyboard hl-virtual-keyboard-wtype
[1;32mDEBUG [0m]: Updated keymap fd to 91, keymap V1 to: 93
[1;32mDEBUG [0m]: Set the keyboard layout to us and variant to  for keyboard "hl-virtual-keyboard-wtype"
[1;32mDEBUG [0m]: New virtual keyboard created at 55998829dee0
[1;32mDEBUG [0m]: Updating keyboard 55998829dee0's translation state from a provided keymap
[1;32mDEBUG [0m]: Updating keymap fd for keyboard hl-virtual-keyboard-wtype
[1;32mDEBUG [0m]: Updated keymap fd to 91, keymap V1 to: 93
[1;32mDEBUG [0m]: Keyboard at 55998829dee0 removed
[1;32mDEBUG [0m]: Destroyed keyboard 55998829dee0
[1;32mDEBUG [0m]: [CWLSeatProtocol] New seat resource bound at 5599883eff70
[1;32mDEBUG [0m]: [CVirtualKeyboardProtocol] New VKeyboard at id 5
[1;32mDEBUG [0m]: ApplyConfigToKeyboard for "hl-virtual-keyboard-wtype", hasconfig: 0
[1;32mDEBUG [0m]: Attempting to create a keymap for layout us with variant  (rules: , model: , options: )
[1;32mDEBUG [0m]: Updating keyboard 55998829dee0's translation state from a provided keymap
[1;32mDEBUG [0m]: xkb: LED index 0 (name Num Lock) got index 1
[1;32mDEBUG [0m]: xkb: LED index 1 (name Caps Lock) got index 0
[1;32mDEBUG [0m]: xkb: LED index 2 (name Scroll Lock) got index 2
[1;32mDEBUG [0m]: xkb: Mod index 0 (name Shift) got index 0
[1;32mDEBUG [0m]: xkb: Mod index 1 (name Lock) got index 1
[1;32mDEBUG [0m]: xkb: Mod index 2 (name Control) got index 2
[1;32mDEBUG [0m]: xkb: Mod index 3 (name Mod1) got index 3
[1;32mDEBUG [0m]: xkb: Mod index 4 (name Mod2) got index 4
[1;32mDEBUG [0m]: xkb: Mod index 5 (name Mod3) got index 5
[1;32mDEBUG [0m]: xkb: Mod index 6 (name Mod4) got index 6
[1;32mDEBUG [0m]: xkb: Mod index 7 (name Mod5) got index 7
[1;32mDEBUG [0m]: Updating keymap fd for keyboard hl-virtual-keyboard-wtype
[1;32mDEBUG [0m]: Updated keymap fd to 91, keymap V1 to: 93
[1;32mDEBUG [0m]: Set the keyboard layout to us and variant to  for keyboard "hl-virtual-keyboard-wtype"
[1;32mDEBUG [0m]: New virtual keyboard created at 55998829dee0
[1;32mDEBUG [0m]: Updating keyboard 55998829dee0's translation state from a provided keymap
[1;32mDEBUG [0m]: Updating keymap fd for keyboard hl-virtual-keyboard-wtype
[1;32mDEBUG [0m]: Updated keymap fd to 91, keymap V1 to: 93
[1;32mDEBUG [0m]: Keyboard at 55998829dee0 removed
[1;32mDEBUG [0m]: Destroyed keyboard 55998829dee0
[1;32mDEBUG [0m]: [CWLSeatProtocol] New seat resource bound at 55998877a480
[1;32mDEBUG [0m]: [CVirtualKeyboardProtocol] New VKeyboard at id 5
[1;32mDEBUG [0m]: ApplyConfigToKeyboard for "hl-virtual-keyboard-wtype", hasconfig: 0
[1;32mDEBUG [0m]: Attempting to create a keymap for layout us with variant  (rules: , model: , options: )
[1;32mDEBUG [0m]: Updating keyboard 55998829dee0's translation state from a provided keymap
[1;32mDEBUG [0m]: xkb: LED index 0 (name Num Lock) got index 1
[1;32mDEBUG [0m]: xkb: LED index 1 (name Caps Lock) got index 0
[1;32mDEBUG [0m]: xkb: LED index 2 (name Scroll Lock) got index 2
[1;32mDEBUG [0m]: xkb: Mod index 0 (name Shift) got index 0
[1;32mDEBUG [0m]: xkb: Mod index 1 (name Lock) got index 1
[1;32mDEBUG [0m]: xkb: Mod index 2 (name Control) got index 2
[1;32mDEBUG [0m]: xkb: Mod index 3 (name Mod1) got index 3
[1;32mDEBUG [0m]: xkb: Mod index 4 (name Mod2) got index 4
[1;32mDEBUG [0m]: xkb: Mod index 5 (name Mod3) got index 5
[1;32mDEBUG [0m]: xkb: Mod index 6 (name Mod4) got index 6
[1;32mDEBUG [0m]: xkb: Mod index 7 (name Mod5) got index 7
[1;32mDEBUG [0m]: Updating keymap fd for keyboard hl-virtual-keyboard-wtype
[1;32mDEBUG [0m]: Updated keymap fd to 91, keymap V1 to: 93
[1;32mDEBUG [0m]: Set the keyboard layout to us and variant to  for keyboard "hl-virtual-keyboard-wtype"
[1;32mDEBUG [0m]: New virtual keyboard created at 55998829dee0
[1;32mDEBUG [0m]: Updating keyboard 55998829dee0's translation state from a provided keymap
[1;32mDEBUG [0m]: Updating keymap fd for keyboard hl-virtual-keyboard-wtype
[1;32mDEBUG [0m]: Updated keymap fd to 91, keymap V1 to: 93
[1;32mDEBUG [0m]: Keyboard at 55998829dee0 removed
[1;32mDEBUG [0m]: Destroyed keyboard 55998829dee0
[1;32mDEBUG [0m]: Hyprctl: new connection from pid 273
[1;32mDEBUG [0m]: Hyprctl: new connection from pid 274
[1;32mDEBUG [0m]: [CForeignToplevelList] Newly mapped window gets an identifier of 18000000
[1;32mDEBUG [0m]: [CScreencopyProtocol] Bound client successfully!
[1;32mDEBUG [0m]: [CXDGOutputProtocol] New xdg_output for HEADLESS-1: client 559988829ce0 (not xwayland)
[1;32mDEBUG [0m]: [CXDGOutputProtocol] New xdg_output for WAYLAND-1: client 559988829ce0 (not xwayland)
[1;32mDEBUG [0m]: [COutputImageCaptureSourceProtocol] New capture source for monitor: HEADLESS-1
[1;32mDEBUG [0m]: [CImageCopyCaptureProtocol] New image copy capture session for source (monitor): "HEADLESS-1"
[1;32mDEBUG [0m]: Framebuffer "Monitor HEADLESS-1 mirror FB" created, status 36053
[1;32mDEBUG [0m]: Framebuffer "" created, status 36053
[1;32mDEBUG [0m]: [Screenshare] Started screenshare session for (monitor): HEADLESS-1
[1;32mDEBUG [0m]: [Screenshare] Stopped screenshare session for (monitor): HEADLESS-1
[1;32mDEBUG [0m]: [CWLSeatProtocol] New seat resource bound at 5599887f9b40
[1;32mDEBUG [0m]: [CVirtualKeyboardProtocol] New VKeyboard at id 5
[1;32mDEBUG [0m]: ApplyConfigToKeyboard for "hl-virtual-keyboard-wtype", hasconfig: 0
[1;32mDEBUG [0m]: Attempting to create a keymap for layout us with variant  (rules: , model: , options: )
[1;32mDEBUG [0m]: Updating keyboard 55998829dee0's translation state from a provided keymap
[1;32mDEBUG [0m]: xkb: LED index 0 (name Num Lock) got index 1
[1;32mDEBUG [0m]: xkb: LED index 1 (name Caps Lock) got index 0
[1;32mDEBUG [0m]: xkb: LED index 2 (name Scroll Lock) got index 2
[1;32mDEBUG [0m]: xkb: Mod index 0 (name Shift) got index 0
[1;32mDEBUG [0m]: xkb: Mod index 1 (name Lock) got index 1
[1;32mDEBUG [0m]: xkb: Mod index 2 (name Control) got index 2
[1;32mDEBUG [0m]: xkb: Mod index 3 (name Mod1) got index 3
[1;32mDEBUG [0m]: xkb: Mod index 4 (name Mod2) got index 4
[1;32mDEBUG [0m]: xkb: Mod index 5 (name Mod3) got index 5
[1;32mDEBUG [0m]: xkb: Mod index 6 (name Mod4) got index 6
[1;32mDEBUG [0m]: xkb: Mod index 7 (name Mod5) got index 7
[1;32mDEBUG [0m]: Updating keymap fd for keyboard hl-virtual-keyboard-wtype
[1;32mDEBUG [0m]: Updated keymap fd to 90, keymap V1 to: 93
[1;32mDEBUG [0m]: Set the keyboard layout to us and variant to  for keyboard "hl-virtual-keyboard-wtype"
[1;32mDEBUG [0m]: New virtual keyboard created at 55998829dee0
[1;32mDEBUG [0m]: Updating keyboard 55998829dee0's translation state from a provided keymap
[1;32mDEBUG [0m]: Updating keymap fd for keyboard hl-virtual-keyboard-wtype
[1;32mDEBUG [0m]: Updated keymap fd to 90, keymap V1 to: 93
[1;32mDEBUG [0m]: Keyboard at 55998829dee0 removed
[1;32mDEBUG [0m]: Destroyed keyboard 55998829dee0
[1;32mDEBUG [0m]: [CWLSeatProtocol] New seat resource bound at 5599887cc880
[1;32mDEBUG [0m]: [CVirtualKeyboardProtocol] New VKeyboard at id 5
[1;32mDEBUG [0m]: ApplyConfigToKeyboard for "hl-virtual-keyboard-wtype", hasconfig: 0
[1;32mDEBUG [0m]: Attempting to create a keymap for layout us with variant  (rules: , model: , options: )
[1;32mDEBUG [0m]: Updating keyboard 55998829dee0's translation state from a provided keymap
[1;32mDEBUG [0m]: xkb: LED index 0 (name Num Lock) got index 1
[1;32mDEBUG [0m]: xkb: LED index 1 (name Caps Lock) got index 0
[1;32mDEBUG [0m]: xkb: LED index 2 (name Scroll Lock) got index 2
[1;32mDEBUG [0m]: xkb: Mod index 0 (name Shift) got index 0
[1;32mDEBUG [0m]: xkb: Mod index 1 (name Lock) got index 1
[1;32mDEBUG [0m]: xkb: Mod index 2 (name Control) got index 2
[1;32mDEBUG [0m]: xkb: Mod index 3 (name Mod1) got index 3
[1;32mDEBUG [0m]: xkb: Mod index 4 (name Mod2) got index 4
[1;32mDEBUG [0m]: xkb: Mod index 5 (name Mod3) got index 5
[1;32mDEBUG [0m]: xkb: Mod index 6 (name Mod4) got index 6
[1;32mDEBUG [0m]: xkb: Mod index 7 (name Mod5) got index 7
[1;32mDEBUG [0m]: Updating keymap fd for keyboard hl-virtual-keyboard-wtype
[1;32mDEBUG [0m]: Updated keymap fd to 90, keymap V1 to: 93
[1;32mDEBUG [0m]: Set the keyboard layout to us and variant to  for keyboard "hl-virtual-keyboard-wtype"
[1;32mDEBUG [0m]: New virtual keyboard created at 55998829dee0
[1;32mDEBUG [0m]: Updating keyboard 55998829dee0's translation state from a provided keymap
[1;32mDEBUG [0m]: Updating keymap fd for keyboard hl-virtual-keyboard-wtype
[1;32mDEBUG [0m]: Updated keymap fd to 90, keymap V1 to: 93
[1;32mDEBUG [0m]: Keyboard at 55998829dee0 removed
[1;32mDEBUG [0m]: Destroyed keyboard 55998829dee0
[1;32mDEBUG [0m]: [CWLSeatProtocol] New seat resource bound at 5599883ef690
[1;32mDEBUG [0m]: [CVirtualKeyboardProtocol] New VKeyboard at id 5
[1;32mDEBUG [0m]: ApplyConfigToKeyboard for "hl-virtual-keyboard-wtype", hasconfig: 0
[1;32mDEBUG [0m]: Attempting to create a keymap for layout us with variant  (rules: , model: , options: )
[1;32mDEBUG [0m]: Updating keyboard 55998829dee0's translation state from a provided keymap
[1;32mDEBUG [0m]: xkb: LED index 0 (name Num Lock) got index 1
[1;32mDEBUG [0m]: xkb: LED index 1 (name Caps Lock) got index 0
[1;32mDEBUG [0m]: xkb: LED index 2 (name Scroll Lock) got index 2
[1;32mDEBUG [0m]: xkb: Mod index 0 (name Shift) got index 0
[1;32mDEBUG [0m]: xkb: Mod index 1 (name Lock) got index 1
[1;32mDEBUG [0m]: xkb: Mod index 2 (name Control) got index 2
[1;32mDEBUG [0m]: xkb: Mod index 3 (name Mod1) got index 3
[1;32mDEBUG [0m]: xkb: Mod index 4 (name Mod2) got index 4
[1;32mDEBUG [0m]: xkb: Mod index 5 (name Mod3) got index 5
[1;32mDEBUG [0m]: xkb: Mod index 6 (name Mod4) got index 6
[1;32mDEBUG [0m]: xkb: Mod index 7 (name Mod5) got index 7
[1;32mDEBUG [0m]: Updating keymap fd for keyboard hl-virtual-keyboard-wtype
[1;32mDEBUG [0m]: Updated keymap fd to 91, keymap V1 to: 93
[1;32mDEBUG [0m]: Set the keyboard layout to us and variant to  for keyboard "hl-virtual-keyboard-wtype"
[1;32mDEBUG [0m]: New virtual keyboard created at 55998829dee0
[1;32mDEBUG [0m]: Updating keyboard 55998829dee0's translation state from a provided keymap
[1;32mDEBUG [0m]: Updating keymap fd for keyboard hl-virtual-keyboard-wtype
[1;32mDEBUG [0m]: Updated keymap fd to 91, keymap V1 to: 93
[1;32mDEBUG [0m]: Keyboard at 55998829dee0 removed
[1;32mDEBUG [0m]: Destroyed keyboard 55998829dee0
[1;32mDEBUG [0m]: [CWLSeatProtocol] New seat resource bound at 5599883f0480
[1;32mDEBUG [0m]: [CVirtualKeyboardProtocol] New VKeyboard at id 5
[1;32mDEBUG [0m]: ApplyConfigToKeyboard for "hl-virtual-keyboard-wtype", hasconfig: 0
[1;32mDEBUG [0m]: Attempting to create a keymap for layout us with variant  (rules: , model: , options: )
[1;32mDEBUG [0m]: Updating keyboard 55998829dee0's translation state from a provided keymap
[1;32mDEBUG [0m]: xkb: LED index 0 (name Num Lock) got index 1
[1;32mDEBUG [0m]: xkb: LED index 1 (name Caps Lock) got index 0
[1;32mDEBUG [0m]: xkb: LED index 2 (name Scroll Lock) got index 2
[1;32mDEBUG [0m]: xkb: Mod index 0 (name Shift) got index 0
[1;32mDEBUG [0m]: xkb: Mod index 1 (name Lock) got index 1
[1;32mDEBUG [0m]: xkb: Mod index 2 (name Control) got index 2
[1;32mDEBUG [0m]: xkb: Mod index 3 (name Mod1) got index 3
[1;32mDEBUG [0m]: xkb: Mod index 4 (name Mod2) got index 4
[1;32mDEBUG [0m]: xkb: Mod index 5 (name Mod3) got index 5
[1;32mDEBUG [0m]: xkb: Mod index 6 (name Mod4) got index 6
[1;32mDEBUG [0m]: xkb: Mod index 7 (name Mod5) got index 7
[1;32mDEBUG [0m]: Updating keymap fd for keyboard hl-virtual-keyboard-wtype
[1;32mDEBUG [0m]: Updated keymap fd to 91, keymap V1 to: 93
[1;32mDEBUG [0m]: Set the keyboard layout to us and variant to  for keyboard "hl-virtual-keyboard-wtype"
[1;32mDEBUG [0m]: New virtual keyboard created at 55998829dee0
[1;32mDEBUG [0m]: Updating keyboard 55998829dee0's translation state from a provided keymap
[1;32mDEBUG [0m]: Updating keymap fd for keyboard hl-virtual-keyboard-wtype
[1;32mDEBUG [0m]: Updated keymap fd to 91, keymap V1 to: 93
[1;32mDEBUG [0m]: Keyboard at 55998829dee0 removed
[1;32mDEBUG [0m]: Destroyed keyboard 55998829dee0
[1;32mDEBUG [0m]: [CWLSeatProtocol] New seat resource bound at 5599887cb6b0
[1;32mDEBUG [0m]: [CVirtualKeyboardProtocol] New VKeyboard at id 5
[1;32mDEBUG [0m]: ApplyConfigToKeyboard for "hl-virtual-keyboard-wtype", hasconfig: 0
[1;32mDEBUG [0m]: Attempting to create a keymap for layout us with variant  (rules: , model: , options: )
[1;32mDEBUG [0m]: Updating keyboard 55998829dee0's translation state from a provided keymap
[1;32mDEBUG [0m]: xkb: LED index 0 (name Num Lock) got index 1
[1;32mDEBUG [0m]: xkb: LED index 1 (name Caps Lock) got index 0
[1;32mDEBUG [0m]: xkb: LED index 2 (name Scroll Lock) got index 2
[1;32mDEBUG [0m]: xkb: Mod index 0 (name Shift) got index 0
[1;32mDEBUG [0m]: xkb: Mod index 1 (name Lock) got index 1
[1;32mDEBUG [0m]: xkb: Mod index 2 (name Control) got index 2
[1;32mDEBUG [0m]: xkb: Mod index 3 (name Mod1) got index 3
[1;32mDEBUG [0m]: xkb: Mod index 4 (name Mod2) got index 4
[1;32mDEBUG [0m]: xkb: Mod index 5 (name Mod3) got index 5
[1;32mDEBUG [0m]: xkb: Mod index 6 (name Mod4) got index 6
[1;32mDEBUG [0m]: xkb: Mod index 7 (name Mod5) got index 7
[1;32mDEBUG [0m]: Updating keymap fd for keyboard hl-virtual-keyboard-wtype
[1;32mDEBUG [0m]: Updated keymap fd to 91, keymap V1 to: 93
[1;32mDEBUG [0m]: Set the keyboard layout to us and variant to  for keyboard "hl-virtual-keyboard-wtype"
[1;32mDEBUG [0m]: New virtual keyboard created at 55998829dee0
[1;32mDEBUG [0m]: Updating keyboard 55998829dee0's translation state from a provided keymap
[1;32mDEBUG [0m]: Updating keymap fd for keyboard hl-virtual-keyboard-wtype
[1;32mDEBUG [0m]: Updated keymap fd to 91, keymap V1 to: 93
[1;32mDEBUG [0m]: Keyboard at 55998829dee0 removed
[1;32mDEBUG [0m]: Destroyed keyboard 55998829dee0
[1;32mDEBUG [0m]: [CWLSeatProtocol] New seat resource bound at 559987328190
[1;32mDEBUG [0m]: [CVirtualKeyboardProtocol] New VKeyboard at id 5
[1;32mDEBUG [0m]: ApplyConfigToKeyboard for "hl-virtual-keyboard-wtype", hasconfig: 0
[1;32mDEBUG [0m]: Attempting to create a keymap for layout us with variant  (rules: , model: , options: )
[1;32mDEBUG [0m]: Updating keyboard 55998829dee0's translation state from a provided keymap
[1;32mDEBUG [0m]: xkb: LED index 0 (name Num Lock) got index 1
[1;32mDEBUG [0m]: xkb: LED index 1 (name Caps Lock) got index 0
[1;32mDEBUG [0m]: xkb: LED index 2 (name Scroll Lock) got index 2
[1;32mDEBUG [0m]: xkb: Mod index 0 (name Shift) got index 0
[1;32mDEBUG [0m]: xkb: Mod index 1 (name Lock) got index 1
[1;32mDEBUG [0m]: xkb: Mod index 2 (name Control) got index 2
[1;32mDEBUG [0m]: xkb: Mod index 3 (name Mod1) got index 3
[1;32mDEBUG [0m]: xkb: Mod index 4 (name Mod2) got index 4
[1;32mDEBUG [0m]: xkb: Mod index 5 (name Mod3) got index 5
[1;32mDEBUG [0m]: xkb: Mod index 6 (name Mod4) got index 6
[1;32mDEBUG [0m]: xkb: Mod index 7 (name Mod5) got index 7
[1;32mDEBUG [0m]: Updating keymap fd for keyboard hl-virtual-keyboard-wtype
[1;32mDEBUG [0m]: Updated keymap fd to 91, keymap V1 to: 93
[1;32mDEBUG [0m]: Set the keyboard layout to us and variant to  for keyboard "hl-virtual-keyboard-wtype"
[1;32mDEBUG [0m]: New virtual keyboard created at 55998829dee0
[1;32mDEBUG [0m]: Updating keyboard 55998829dee0's translation state from a provided keymap
[1;32mDEBUG [0m]: Updating keymap fd for keyboard hl-virtual-keyboard-wtype
[1;32mDEBUG [0m]: Updated keymap fd to 91, keymap V1 to: 93
[1;32mDEBUG [0m]: [CWLCompositorResource] New wl_region with id 97 at 5599887cbcd0
[1;32mDEBUG [0m]: [CLinuxDMABUFParamsResource] Creating a dmabuf, with id 97: size [Vector2D: x: 368, y: 424], fmt AR24, planes 1
[1;32mDEBUG [0m]: [CLinuxDMABUFParamsResource]  | plane 0: mod 72057594037927952 fd 80 stride 1536 offset 0
[1;32mDEBUG [0m]: Keyboard at 55998829dee0 removed
[1;32mDEBUG [0m]: Destroyed keyboard 55998829dee0
[1;32mDEBUG [0m]: [CWLSeatProtocol] New seat resource bound at 559988363c60
[1;32mDEBUG [0m]: [CVirtualKeyboardProtocol] New VKeyboard at id 5
[1;32mDEBUG [0m]: ApplyConfigToKeyboard for "hl-virtual-keyboard-wtype", hasconfig: 0
[1;32mDEBUG [0m]: Attempting to create a keymap for layout us with variant  (rules: , model: , options: )
[1;32mDEBUG [0m]: Updating keyboard 55998829dee0's translation state from a provided keymap
[1;32mDEBUG [0m]: xkb: LED index 0 (name Num Lock) got index 1
[1;32mDEBUG [0m]: xkb: LED index 1 (name Caps Lock) got index 0
[1;32mDEBUG [0m]: xkb: LED index 2 (name Scroll Lock) got index 2
[1;32mDEBUG [0m]: xkb: Mod index 0 (name Shift) got index 0
[1;32mDEBUG [0m]: xkb: Mod index 1 (name Lock) got index 1
[1;32mDEBUG [0m]: xkb: Mod index 2 (name Control) got index 2
[1;32mDEBUG [0m]: xkb: Mod index 3 (name Mod1) got index 3
[1;32mDEBUG [0m]: xkb: Mod index 4 (name Mod2) got index 4
[1;32mDEBUG [0m]: xkb: Mod index 5 (name Mod3) got index 5
[1;32mDEBUG [0m]: xkb: Mod index 6 (name Mod4) got index 6
[1;32mDEBUG [0m]: xkb: Mod index 7 (name Mod5) got index 7
[1;32mDEBUG [0m]: Updating keymap fd for keyboard hl-virtual-keyboard-wtype
[1;32mDEBUG [0m]: Updated keymap fd to 91, keymap V1 to: 93
[1;32mDEBUG [0m]: Set the keyboard layout to us and variant to  for keyboard "hl-virtual-keyboard-wtype"
[1;32mDEBUG [0m]: New virtual keyboard created at 55998829dee0
[1;32mDEBUG [0m]: Updating keyboard 55998829dee0's translation state from a provided keymap
[1;32mDEBUG [0m]: Updating keymap fd for keyboard hl-virtual-keyboard-wtype
[1;32mDEBUG [0m]: Updated keymap fd to 91, keymap V1 to: 93
[1;32mDEBUG [0m]: [CLinuxDMABUFParamsResource] Creating a dmabuf, with id 94: size [Vector2D: x: 368, y: 424], fmt AR24, planes 1
[1;32mDEBUG [0m]: [CLinuxDMABUFParamsResource]  | plane 0: mod 72057594037927952 fd 86 stride 1536 offset 0
[1;32mDEBUG [0m]: Keyboard at 55998829dee0 removed
[1;32mDEBUG [0m]: Destroyed keyboard 55998829dee0
[1;32mDEBUG [0m]: [CWLSeatProtocol] New seat resource bound at 55998886da20
[1;32mDEBUG [0m]: [CVirtualKeyboardProtocol] New VKeyboard at id 5
[1;32mDEBUG [0m]: ApplyConfigToKeyboard for "hl-virtual-keyboard-wtype", hasconfig: 0
[1;32mDEBUG [0m]: Attempting to create a keymap for layout us with variant  (rules: , model: , options: )
[1;32mDEBUG [0m]: Updating keyboard 55998829dee0's translation state from a provided keymap
[1;32mDEBUG [0m]: xkb: LED index 0 (name Num Lock) got index 1
[1;32mDEBUG [0m]: xkb: LED index 1 (name Caps Lock) got index 0
[1;32mDEBUG [0m]: xkb: LED index 2 (name Scroll Lock) got index 2
[1;32mDEBUG [0m]: xkb: Mod index 0 (name Shift) got index 0
[1;32mDEBUG [0m]: xkb: Mod index 1 (name Lock) got index 1
[1;32mDEBUG [0m]: xkb: Mod index 2 (name Control) got index 2
[1;32mDEBUG [0m]: xkb: Mod index 3 (name Mod1) got index 3
[1;32mDEBUG [0m]: xkb: Mod index 4 (name Mod2) got index 4
[1;32mDEBUG [0m]: xkb: Mod index 5 (name Mod3) got index 5
[1;32mDEBUG [0m]: xkb: Mod index 6 (name Mod4) got index 6
[1;32mDEBUG [0m]: xkb: Mod index 7 (name Mod5) got index 7
[1;32mDEBUG [0m]: Updating keymap fd for keyboard hl-virtual-keyboard-wtype
[1;32mDEBUG [0m]: Updated keymap fd to 91, keymap V1 to: 93
[1;32mDEBUG [0m]: Set the keyboard layout to us and variant to  for keyboard "hl-virtual-keyboard-wtype"
[1;32mDEBUG [0m]: New virtual keyboard created at 55998829dee0
[1;32mDEBUG [0m]: Updating keyboard 55998829dee0's translation state from a provided keymap
[1;32mDEBUG [0m]: Updating keymap fd for keyboard hl-virtual-keyboard-wtype
[1;32mDEBUG [0m]: Updated keymap fd to 91, keymap V1 to: 93
[1;32mDEBUG [0m]: Keyboard at 55998829dee0 removed
[1;32mDEBUG [0m]: Destroyed keyboard 55998829dee0
[1;32mDEBUG [0m]: [CWLSeatProtocol] New seat resource bound at 559988914bd0
[1;32mDEBUG [0m]: [CVirtualKeyboardProtocol] New VKeyboard at id 5
[1;32mDEBUG [0m]: ApplyConfigToKeyboard for "hl-virtual-keyboard-wtype", hasconfig: 0
[1;32mDEBUG [0m]: Attempting to create a keymap for layout us with variant  (rules: , model: , options: )
[1;32mDEBUG [0m]: Updating keyboard 55998829dee0's translation state from a provided keymap
[1;32mDEBUG [0m]: xkb: LED index 0 (name Num Lock) got index 1
[1;32mDEBUG [0m]: xkb: LED index 1 (name Caps Lock) got index 0
[1;32mDEBUG [0m]: xkb: LED index 2 (name Scroll Lock) got index 2
[1;32mDEBUG [0m]: xkb: Mod index 0 (name Shift) got index 0
[1;32mDEBUG [0m]: xkb: Mod index 1 (name Lock) got index 1
[1;32mDEBUG [0m]: xkb: Mod index 2 (name Control) got index 2
[1;32mDEBUG [0m]: xkb: Mod index 3 (name Mod1) got index 3
[1;32mDEBUG [0m]: xkb: Mod index 4 (name Mod2) got index 4
[1;32mDEBUG [0m]: xkb: Mod index 5 (name Mod3) got index 5
[1;32mDEBUG [0m]: xkb: Mod index 6 (name Mod4) got index 6
[1;32mDEBUG [0m]: xkb: Mod index 7 (name Mod5) got index 7
[1;32mDEBUG [0m]: Updating keymap fd for keyboard hl-virtual-keyboard-wtype
[1;32mDEBUG [0m]: Updated keymap fd to 91, keymap V1 to: 93
[1;32mDEBUG [0m]: Set the keyboard layout to us and variant to  for keyboard "hl-virtual-keyboard-wtype"
[1;32mDEBUG [0m]: New virtual keyboard created at 55998829dee0
[1;32mDEBUG [0m]: Updating keyboard 55998829dee0's translation state from a provided keymap
[1;32mDEBUG [0m]: Updating keymap fd for keyboard hl-virtual-keyboard-wtype
[1;32mDEBUG [0m]: Updated keymap fd to 91, keymap V1 to: 93
[1;32mDEBUG [0m]: Keyboard at 55998829dee0 removed
[1;32mDEBUG [0m]: Destroyed keyboard 55998829dee0
[1;32mDEBUG [0m]: [CWLSeatProtocol] New seat resource bound at 5599888b10b0
[1;32mDEBUG [0m]: [CVirtualKeyboardProtocol] New VKeyboard at id 5
[1;32mDEBUG [0m]: ApplyConfigToKeyboard for "hl-virtual-keyboard-wtype", hasconfig: 0
[1;32mDEBUG [0m]: Attempting to create a keymap for layout us with variant  (rules: , model: , options: )
[1;32mDEBUG [0m]: Updating keyboard 55998829dee0's translation state from a provided keymap
[1;32mDEBUG [0m]: xkb: LED index 0 (name Num Lock) got index 1
[1;32mDEBUG [0m]: xkb: LED index 1 (name Caps Lock) got index 0
[1;32mDEBUG [0m]: xkb: LED index 2 (name Scroll Lock) got index 2
[1;32mDEBUG [0m]: xkb: Mod index 0 (name Shift) got index 0
[1;32mDEBUG [0m]: xkb: Mod index 1 (name Lock) got index 1
[1;32mDEBUG [0m]: xkb: Mod index 2 (name Control) got index 2
[1;32mDEBUG [0m]: xkb: Mod index 3 (name Mod1) got index 3
[1;32mDEBUG [0m]: xkb: Mod index 4 (name Mod2) got index 4
[1;32mDEBUG [0m]: xkb: Mod index 5 (name Mod3) got index 5
[1;32mDEBUG [0m]: xkb: Mod index 6 (name Mod4) got index 6
[1;32mDEBUG [0m]: xkb: Mod index 7 (name Mod5) got index 7
[1;32mDEBUG [0m]: Updating keymap fd for keyboard hl-virtual-keyboard-wtype
[1;32mDEBUG [0m]: Updated keymap fd to 91, keymap V1 to: 93
[1;32mDEBUG [0m]: Set the keyboard layout to us and variant to  for keyboard "hl-virtual-keyboard-wtype"
[1;32mDEBUG [0m]: New virtual keyboard created at 55998829dee0
[1;32mDEBUG [0m]: Updating keyboard 55998829dee0's translation state from a provided keymap
[1;32mDEBUG [0m]: Updating keymap fd for keyboard hl-virtual-keyboard-wtype
[1;32mDEBUG [0m]: Updated keymap fd to 91, keymap V1 to: 93
[1;32mDEBUG [0m]: Keyboard at 55998829dee0 removed
[1;32mDEBUG [0m]: Destroyed keyboard 55998829dee0
[1;32mDEBUG [0m]: [CWLSeatProtocol] New seat resource bound at 55998891c250
[1;32mDEBUG [0m]: [CVirtualKeyboardProtocol] New VKeyboard at id 5
[1;32mDEBUG [0m]: ApplyConfigToKeyboard for "hl-virtual-keyboard-wtype", hasconfig: 0
[1;32mDEBUG [0m]: Attempting to create a keymap for layout us with variant  (rules: , model: , options: )
[1;32mDEBUG [0m]: Updating keyboard 55998829dee0's translation state from a provided keymap
[1;32mDEBUG [0m]: xkb: LED index 0 (name Num Lock) got index 1
[1;32mDEBUG [0m]: xkb: LED index 1 (name Caps Lock) got index 0
[1;32mDEBUG [0m]: xkb: LED index 2 (name Scroll Lock) got index 2
[1;32mDEBUG [0m]: xkb: Mod index 0 (name Shift) got index 0
[1;32mDEBUG [0m]: xkb: Mod index 1 (name Lock) got index 1
[1;32mDEBUG [0m]: xkb: Mod index 2 (name Control) got index 2
[1;32mDEBUG [0m]: xkb: Mod index 3 (name Mod1) got index 3
[1;32mDEBUG [0m]: xkb: Mod index 4 (name Mod2) got index 4
[1;32mDEBUG [0m]: xkb: Mod index 5 (name Mod3) got index 5
[1;32mDEBUG [0m]: xkb: Mod index 6 (name Mod4) got index 6
[1;32mDEBUG [0m]: xkb: Mod index 7 (name Mod5) got index 7
[1;32mDEBUG [0m]: Updating keymap fd for keyboard hl-virtual-keyboard-wtype
[1;32mDEBUG [0m]: Updated keymap fd to 91, keymap V1 to: 93
[1;32mDEBUG [0m]: Set the keyboard layout to us and variant to  for keyboard "hl-virtual-keyboard-wtype"
[1;32mDEBUG [0m]: New virtual keyboard created at 55998829dee0
[1;32mDEBUG [0m]: Updating keyboard 55998829dee0's translation state from a provided keymap
[1;32mDEBUG [0m]: Updating keymap fd for keyboard hl-virtual-keyboard-wtype
[1;32mDEBUG [0m]: Updated keymap fd to 91, keymap V1 to: 93
[1;32mDEBUG [0m]: [CWLCompositorResource] New wl_region with id 98 at 559988c714a0
[1;32mDEBUG [0m]: [CLinuxDMABUFParamsResource] Creating a dmabuf, with id 98: size [Vector2D: x: 368, y: 676], fmt AR24, planes 1
[1;32mDEBUG [0m]: [CLinuxDMABUFParamsResource]  | plane 0: mod 72057594037927952 fd 85 stride 1536 offset 0
[1;32mDEBUG [0m]: [CLinuxDMABUFParamsResource] Creating a dmabuf, with id 83: size [Vector2D: x: 368, y: 676], fmt AR24, planes 1
[1;32mDEBUG [0m]: [CLinuxDMABUFParamsResource]  | plane 0: mod 72057594037927952 fd 82 stride 1536 offset 0
[1;32mDEBUG [0m]: Keyboard at 55998829dee0 removed
[1;32mDEBUG [0m]: Destroyed keyboard 55998829dee0
[1;32mDEBUG [0m]: [CWLSeatProtocol] New seat resource bound at 5599887fa320
[1;32mDEBUG [0m]: [CVirtualKeyboardProtocol] New VKeyboard at id 5
[1;32mDEBUG [0m]: ApplyConfigToKeyboard for "hl-virtual-keyboard-wtype", hasconfig: 0
[1;32mDEBUG [0m]: Attempting to create a keymap for layout us with variant  (rules: , model: , options: )
[1;32mDEBUG [0m]: Updating keyboard 55998829dee0's translation state from a provided keymap
[1;32mDEBUG [0m]: xkb: LED index 0 (name Num Lock) got index 1
[1;32mDEBUG [0m]: xkb: LED index 1 (name Caps Lock) got index 0
[1;32mDEBUG [0m]: xkb: LED index 2 (name Scroll Lock) got index 2
[1;32mDEBUG [0m]: xkb: Mod index 0 (name Shift) got index 0
[1;32mDEBUG [0m]: xkb: Mod index 1 (name Lock) got index 1
[1;32mDEBUG [0m]: xkb: Mod index 2 (name Control) got index 2
[1;32mDEBUG [0m]: xkb: Mod index 3 (name Mod1) got index 3
[1;32mDEBUG [0m]: xkb: Mod index 4 (name Mod2) got index 4
[1;32mDEBUG [0m]: xkb: Mod index 5 (name Mod3) got index 5
[1;32mDEBUG [0m]: xkb: Mod index 6 (name Mod4) got index 6
[1;32mDEBUG [0m]: xkb: Mod index 7 (name Mod5) got index 7
[1;32mDEBUG [0m]: Updating keymap fd for keyboard hl-virtual-keyboard-wtype
[1;32mDEBUG [0m]: Updated keymap fd to 91, keymap V1 to: 93
[1;32mDEBUG [0m]: Set the keyboard layout to us and variant to  for keyboard "hl-virtual-keyboard-wtype"
[1;32mDEBUG [0m]: New virtual keyboard created at 55998829dee0
[1;32mDEBUG [0m]: Updating keyboard 55998829dee0's translation state from a provided keymap
[1;32mDEBUG [0m]: Updating keymap fd for keyboard hl-virtual-keyboard-wtype
[1;32mDEBUG [0m]: Updated keymap fd to 91, keymap V1 to: 93
[1;32mDEBUG [0m]: Keyboard at 55998829dee0 removed
[1;32mDEBUG [0m]: Destroyed keyboard 55998829dee0
[1;32mDEBUG [0m]: [CWLSeatProtocol] New seat resource bound at 5599887f8a20
[1;32mDEBUG [0m]: [CVirtualKeyboardProtocol] New VKeyboard at id 5
[1;32mDEBUG [0m]: ApplyConfigToKeyboard for "hl-virtual-keyboard-wtype", hasconfig: 0
[1;32mDEBUG [0m]: Attempting to create a keymap for layout us with variant  (rules: , model: , options: )
[1;32mDEBUG [0m]: Updating keyboard 55998829dee0's translation state from a provided keymap
[1;32mDEBUG [0m]: xkb: LED index 0 (name Num Lock) got index 1
[1;32mDEBUG [0m]: xkb: LED index 1 (name Caps Lock) got index 0
[1;32mDEBUG [0m]: xkb: LED index 2 (name Scroll Lock) got index 2
[1;32mDEBUG [0m]: xkb: Mod index 0 (name Shift) got index 0
[1;32mDEBUG [0m]: xkb: Mod index 1 (name Lock) got index 1
[1;32mDEBUG [0m]: xkb: Mod index 2 (name Control) got index 2
[1;32mDEBUG [0m]: xkb: Mod index 3 (name Mod1) got index 3
[1;32mDEBUG [0m]: xkb: Mod index 4 (name Mod2) got index 4
[1;32mDEBUG [0m]: xkb: Mod index 5 (name Mod3) got index 5
[1;32mDEBUG [0m]: xkb: Mod index 6 (name Mod4) got index 6
[1;32mDEBUG [0m]: xkb: Mod index 7 (name Mod5) got index 7
[1;32mDEBUG [0m]: Updating keymap fd for keyboard hl-virtual-keyboard-wtype
[1;32mDEBUG [0m]: Updated keymap fd to 91, keymap V1 to: 93
[1;32mDEBUG [0m]: Set the keyboard layout to us and variant to  for keyboard "hl-virtual-keyboard-wtype"
[1;32mDEBUG [0m]: New virtual keyboard created at 55998829dee0
[1;32mDEBUG [0m]: Updating keyboard 55998829dee0's translation state from a provided keymap
[1;32mDEBUG [0m]: Updating keymap fd for keyboard hl-virtual-keyboard-wtype
[1;32mDEBUG [0m]: Updated keymap fd to 91, keymap V1 to: 93
[1;32mDEBUG [0m]: Keyboard at 55998829dee0 removed
[1;32mDEBUG [0m]: Destroyed keyboard 55998829dee0
[1;32mDEBUG [0m]: [CWLSeatProtocol] New seat resource bound at 559988281160
[1;32mDEBUG [0m]: [CVirtualKeyboardProtocol] New VKeyboard at id 5
[1;32mDEBUG [0m]: ApplyConfigToKeyboard for "hl-virtual-keyboard-wtype", hasconfig: 0
[1;32mDEBUG [0m]: Attempting to create a keymap for layout us with variant  (rules: , model: , options: )
[1;32mDEBUG [0m]: Updating keyboard 55998829dee0's translation state from a provided keymap
[1;32mDEBUG [0m]: xkb: LED index 0 (name Num Lock) got index 1
[1;32mDEBUG [0m]: xkb: LED index 1 (name Caps Lock) got index 0
[1;32mDEBUG [0m]: xkb: LED index 2 (name Scroll Lock) got index 2
[1;32mDEBUG [0m]: xkb: Mod index 0 (name Shift) got index 0
[1;32mDEBUG [0m]: xkb: Mod index 1 (name Lock) got index 1
[1;32mDEBUG [0m]: xkb: Mod index 2 (name Control) got index 2
[1;32mDEBUG [0m]: xkb: Mod index 3 (name Mod1) got index 3
[1;32mDEBUG [0m]: xkb: Mod index 4 (name Mod2) got index 4
[1;32mDEBUG [0m]: xkb: Mod index 5 (name Mod3) got index 5
[1;32mDEBUG [0m]: xkb: Mod index 6 (name Mod4) got index 6
[1;32mDEBUG [0m]: xkb: Mod index 7 (name Mod5) got index 7
[1;32mDEBUG [0m]: Updating keymap fd for keyboard hl-virtual-keyboard-wtype
[1;32mDEBUG [0m]: Updated keymap fd to 91, keymap V1 to: 93
[1;32mDEBUG [0m]: Set the keyboard layout to us and variant to  for keyboard "hl-virtual-keyboard-wtype"
[1;32mDEBUG [0m]: New virtual keyboard created at 55998829dee0
[1;32mDEBUG [0m]: Updating keyboard 55998829dee0's translation state from a provided keymap
[1;32mDEBUG [0m]: Updating keymap fd for keyboard hl-virtual-keyboard-wtype
[1;32mDEBUG [0m]: Updated keymap fd to 91, keymap V1 to: 93
[1;32mDEBUG [0m]: Keyboard at 55998829dee0 removed
[1;32mDEBUG [0m]: Destroyed keyboard 55998829dee0
[1;32mDEBUG [0m]: [CWLSeatProtocol] New seat resource bound at 5599887cb6b0
[1;32mDEBUG [0m]: [CVirtualKeyboardProtocol] New VKeyboard at id 5
[1;32mDEBUG [0m]: ApplyConfigToKeyboard for "hl-virtual-keyboard-wtype", hasconfig: 0
[1;32mDEBUG [0m]: Attempting to create a keymap for layout us with variant  (rules: , model: , options: )
[1;32mDEBUG [0m]: Updating keyboard 55998829dee0's translation state from a provided keymap
[1;32mDEBUG [0m]: xkb: LED index 0 (name Num Lock) got index 1
[1;32mDEBUG [0m]: xkb: LED index 1 (name Caps Lock) got index 0
[1;32mDEBUG [0m]: xkb: LED index 2 (name Scroll Lock) got index 2
[1;32mDEBUG [0m]: xkb: Mod index 0 (name Shift) got index 0
[1;32mDEBUG [0m]: xkb: Mod index 1 (name Lock) got index 1
[1;32mDEBUG [0m]: xkb: Mod index 2 (name Control) got index 2
[1;32mDEBUG [0m]: xkb: Mod index 3 (name Mod1) got index 3
[1;32mDEBUG [0m]: xkb: Mod index 4 (name Mod2) got index 4
[1;32mDEBUG [0m]: xkb: Mod index 5 (name Mod3) got index 5
[1;32mDEBUG [0m]: xkb: Mod index 6 (name Mod4) got index 6
[1;32mDEBUG [0m]: xkb: Mod index 7 (name Mod5) got index 7
[1;32mDEBUG [0m]: Updating keymap fd for keyboard hl-virtual-keyboard-wtype
[1;32mDEBUG [0m]: Updated keymap fd to 91, keymap V1 to: 93
[1;32mDEBUG [0m]: Set the keyboard layout to us and variant to  for keyboard "hl-virtual-keyboard-wtype"
[1;32mDEBUG [0m]: New virtual keyboard created at 55998829dee0
[1;32mDEBUG [0m]: Updating keyboard 55998829dee0's translation state from a provided keymap
[1;32mDEBUG [0m]: Updating keymap fd for keyboard hl-virtual-keyboard-wtype
[1;32mDEBUG [0m]: Updated keymap fd to 91, keymap V1 to: 93
[1;32mDEBUG [0m]: [CWLCompositorResource] New wl_region with id 75 at 559988887080
[1;32mDEBUG [0m]: [CLinuxDMABUFParamsResource] Creating a dmabuf, with id 75: size [Vector2D: x: 368, y: 834], fmt AR24, planes 1
[1;32mDEBUG [0m]: [CLinuxDMABUFParamsResource]  | plane 0: mod 72057594037927952 fd 87 stride 1536 offset 0
[1;32mDEBUG [0m]: Keyboard at 55998829dee0 removed
[1;32mDEBUG [0m]: Destroyed keyboard 55998829dee0
[1;32mDEBUG [0m]: [CWLSeatProtocol] New seat resource bound at 5599887794d0
[1;32mDEBUG [0m]: [CVirtualKeyboardProtocol] New VKeyboard at id 5
[1;32mDEBUG [0m]: ApplyConfigToKeyboard for "hl-virtual-keyboard-wtype", hasconfig: 0
[1;32mDEBUG [0m]: Attempting to create a keymap for layout us with variant  (rules: , model: , options: )
[1;32mDEBUG [0m]: Updating keyboard 55998829dee0's translation state from a provided keymap
[1;32mDEBUG [0m]: xkb: LED index 0 (name Num Lock) got index 1
[1;32mDEBUG [0m]: xkb: LED index 1 (name Caps Lock) got index 0
[1;32mDEBUG [0m]: xkb: LED index 2 (name Scroll Lock) got index 2
[1;32mDEBUG [0m]: xkb: Mod index 0 (name Shift) got index 0
[1;32mDEBUG [0m]: xkb: Mod index 1 (name Lock) got index 1
[1;32mDEBUG [0m]: xkb: Mod index 2 (name Control) got index 2
[1;32mDEBUG [0m]: xkb: Mod index 3 (name Mod1) got index 3
[1;32mDEBUG [0m]: xkb: Mod index 4 (name Mod2) got index 4
[1;32mDEBUG [0m]: xkb: Mod index 5 (name Mod3) got index 5
[1;32mDEBUG [0m]: xkb: Mod index 6 (name Mod4) got index 6
[1;32mDEBUG [0m]: xkb: Mod index 7 (name Mod5) got index 7
[1;32mDEBUG [0m]: Updating keymap fd for keyboard hl-virtual-keyboard-wtype
[1;32mDEBUG [0m]: Updated keymap fd to 91, keymap V1 to: 93
[1;32mDEBUG [0m]: Set the keyboard layout to us and variant to  for keyboard "hl-virtual-keyboard-wtype"
[1;32mDEBUG [0m]: New virtual keyboard created at 55998829dee0
[1;32mDEBUG [0m]: Updating keyboard 55998829dee0's translation state from a provided keymap
[1;32mDEBUG [0m]: Updating keymap fd for keyboard hl-virtual-keyboard-wtype
[1;32mDEBUG [0m]: Updated keymap fd to 91, keymap V1 to: 93
[1;32mDEBUG [0m]: [CLinuxDMABUFParamsResource] Creating a dmabuf, with id 97: size [Vector2D: x: 368, y: 834], fmt AR24, planes 1
[1;32mDEBUG [0m]: [CLinuxDMABUFParamsResource]  | plane 0: mod 72057594037927952 fd 86 stride 1536 offset 0
[1;32mDEBUG [0m]: Keyboard at 55998829dee0 removed
[1;32mDEBUG [0m]: Destroyed keyboard 55998829dee0
[1;32mDEBUG [0m]: [CWLSeatProtocol] New seat resource bound at 5599887253d0
[1;32mDEBUG [0m]: [CVirtualKeyboardProtocol] New VKeyboard at id 5
[1;32mDEBUG [0m]: ApplyConfigToKeyboard for "hl-virtual-keyboard-wtype", hasconfig: 0
[1;32mDEBUG [0m]: Attempting to create a keymap for layout us with variant  (rules: , model: , options: )
[1;32mDEBUG [0m]: Updating keyboard 55998829dee0's translation state from a provided keymap
[1;32mDEBUG [0m]: xkb: LED index 0 (name Num Lock) got index 1
[1;32mDEBUG [0m]: xkb: LED index 1 (name Caps Lock) got index 0
[1;32mDEBUG [0m]: xkb: LED index 2 (name Scroll Lock) got index 2
[1;32mDEBUG [0m]: xkb: Mod index 0 (name Shift) got index 0
[1;32mDEBUG [0m]: xkb: Mod index 1 (name Lock) got index 1
[1;32mDEBUG [0m]: xkb: Mod index 2 (name Control) got index 2
[1;32mDEBUG [0m]: xkb: Mod index 3 (name Mod1) got index 3
[1;32mDEBUG [0m]: xkb: Mod index 4 (name Mod2) got index 4
[1;32mDEBUG [0m]: xkb: Mod index 5 (name Mod3) got index 5
[1;32mDEBUG [0m]: xkb: Mod index 6 (name Mod4) got index 6
[1;32mDEBUG [0m]: xkb: Mod index 7 (name Mod5) got index 7
[1;32mDEBUG [0m]: Updating keymap fd for keyboard hl-virtual-keyboard-wtype
[1;32mDEBUG [0m]: Updated keymap fd to 91, keymap V1 to: 93
[1;32mDEBUG [0m]: Set the keyboard layout to us and variant to  for keyboard "hl-virtual-keyboard-wtype"
[1;32mDEBUG [0m]: New virtual keyboard created at 55998829dee0
[1;32mDEBUG [0m]: Updating keyboard 55998829dee0's translation state from a provided keymap
[1;32mDEBUG [0m]: Updating keymap fd for keyboard hl-virtual-keyboard-wtype
[1;32mDEBUG [0m]: Updated keymap fd to 91, keymap V1 to: 93
[1;32mDEBUG [0m]: [CWLCompositorResource] New wl_region with id 83 at 559988917700
[1;32mDEBUG [0m]: [CLinuxDMABUFParamsResource] Creating a dmabuf, with id 83: size [Vector2D: x: 368, y: 676], fmt AR24, planes 1
[1;32mDEBUG [0m]: [CLinuxDMABUFParamsResource]  | plane 0: mod 72057594037927952 fd 84 stride 1536 offset 0
[1;32mDEBUG [0m]: Keyboard at 55998829dee0 removed
[1;32mDEBUG [0m]: Destroyed keyboard 55998829dee0
[1;32mDEBUG [0m]: [CWLSeatProtocol] New seat resource bound at 559988761f30
[1;32mDEBUG [0m]: [CVirtualKeyboardProtocol] New VKeyboard at id 5
[1;32mDEBUG [0m]: ApplyConfigToKeyboard for "hl-virtual-keyboard-wtype", hasconfig: 0
[1;32mDEBUG [0m]: Attempting to create a keymap for layout us with variant  (rules: , model: , options: )
[1;32mDEBUG [0m]: Updating keyboard 55998829dee0's translation state from a provided keymap
[1;32mDEBUG [0m]: xkb: LED index 0 (name Num Lock) got index 1
[1;32mDEBUG [0m]: xkb: LED index 1 (name Caps Lock) got index 0
[1;32mDEBUG [0m]: xkb: LED index 2 (name Scroll Lock) got index 2
[1;32mDEBUG [0m]: xkb: Mod index 0 (name Shift) got index 0
[1;32mDEBUG [0m]: xkb: Mod index 1 (name Lock) got index 1
[1;32mDEBUG [0m]: xkb: Mod index 2 (name Control) got index 2
[1;32mDEBUG [0m]: xkb: Mod index 3 (name Mod1) got index 3
[1;32mDEBUG [0m]: xkb: Mod index 4 (name Mod2) got index 4
[1;32mDEBUG [0m]: xkb: Mod index 5 (name Mod3) got index 5
[1;32mDEBUG [0m]: xkb: Mod index 6 (name Mod4) got index 6
[1;32mDEBUG [0m]: xkb: Mod index 7 (name Mod5) got index 7
[1;32mDEBUG [0m]: Updating keymap fd for keyboard hl-virtual-keyboard-wtype
[1;32mDEBUG [0m]: Updated keymap fd to 91, keymap V1 to: 93
[1;32mDEBUG [0m]: Set the keyboard layout to us and variant to  for keyboard "hl-virtual-keyboard-wtype"
[1;32mDEBUG [0m]: New virtual keyboard created at 55998829dee0
[1;32mDEBUG [0m]: Updating keyboard 55998829dee0's translation state from a provided keymap
[1;32mDEBUG [0m]: Updating keymap fd for keyboard hl-virtual-keyboard-wtype
[1;32mDEBUG [0m]: Updated keymap fd to 91, keymap V1 to: 93
[1;32mDEBUG [0m]: [CLinuxDMABUFParamsResource] Creating a dmabuf, with id 94: size [Vector2D: x: 368, y: 676], fmt AR24, planes 1
[1;32mDEBUG [0m]: [CLinuxDMABUFParamsResource]  | plane 0: mod 72057594037927952 fd 89 stride 1536 offset 0
[1;32mDEBUG [0m]: Keyboard at 55998829dee0 removed
[1;32mDEBUG [0m]: Destroyed keyboard 55998829dee0
[1;32mDEBUG [0m]: [CWLSeatProtocol] New seat resource bound at 559987328190
[1;32mDEBUG [0m]: [CVirtualKeyboardProtocol] New VKeyboard at id 5
[1;32mDEBUG [0m]: ApplyConfigToKeyboard for "hl-virtual-keyboard-wtype", hasconfig: 0
[1;32mDEBUG [0m]: Attempting to create a keymap for layout us with variant  (rules: , model: , options: )
[1;32mDEBUG [0m]: Updating keyboard 55998829dee0's translation state from a provided keymap
[1;32mDEBUG [0m]: xkb: LED index 0 (name Num Lock) got index 1
[1;32mDEBUG [0m]: xkb: LED index 1 (name Caps Lock) got index 0
[1;32mDEBUG [0m]: xkb: LED index 2 (name Scroll Lock) got index 2
[1;32mDEBUG [0m]: xkb: Mod index 0 (name Shift) got index 0
[1;32mDEBUG [0m]: xkb: Mod index 1 (name Lock) got index 1
[1;32mDEBUG [0m]: xkb: Mod index 2 (name Control) got index 2
[1;32mDEBUG [0m]: xkb: Mod index 3 (name Mod1) got index 3
[1;32mDEBUG [0m]: xkb: Mod index 4 (name Mod2) got index 4
[1;32mDEBUG [0m]: xkb: Mod index 5 (name Mod3) got index 5
[1;32mDEBUG [0m]: xkb: Mod index 6 (name Mod4) got index 6
[1;32mDEBUG [0m]: xkb: Mod index 7 (name Mod5) got index 7
[1;32mDEBUG [0m]: Updating keymap fd for keyboard hl-virtual-keyboard-wtype
[1;32mDEBUG [0m]: Updated keymap fd to 91, keymap V1 to: 93
[1;32mDEBUG [0m]: Set the keyboard layout to us and variant to  for keyboard "hl-virtual-keyboard-wtype"
[1;32mDEBUG [0m]: New virtual keyboard created at 55998829dee0
[1;32mDEBUG [0m]: Updating keyboard 55998829dee0's translation state from a provided keymap
[1;32mDEBUG [0m]: Updating keymap fd for keyboard hl-virtual-keyboard-wtype
[1;32mDEBUG [0m]: Updated keymap fd to 91, keymap V1 to: 93
[1;32mDEBUG [0m]: Keyboard at 55998829dee0 removed
[1;32mDEBUG [0m]: Destroyed keyboard 55998829dee0
[1;32mDEBUG [0m]: [CWLCompositorResource] New wl_region with id 101 at 559988914a00
[1;32mDEBUG [0m]: [CLinuxDMABUFParamsResource] Creating a dmabuf, with id 101: size [Vector2D: x: 368, y: 424], fmt AR24, planes 1
[1;32mDEBUG [0m]: [CLinuxDMABUFParamsResource]  | plane 0: mod 72057594037927952 fd 76 stride 1536 offset 0
[1;32mDEBUG [0m]: [CWLSeatProtocol] New seat resource bound at 55998886bf70
[1;32mDEBUG [0m]: [CVirtualKeyboardProtocol] New VKeyboard at id 5
[1;32mDEBUG [0m]: ApplyConfigToKeyboard for "hl-virtual-keyboard-wtype", hasconfig: 0
[1;32mDEBUG [0m]: Attempting to create a keymap for layout us with variant  (rules: , model: , options: )
[1;32mDEBUG [0m]: Updating keyboard 55998829dee0's translation state from a provided keymap
[1;32mDEBUG [0m]: xkb: LED index 0 (name Num Lock) got index 1
[1;32mDEBUG [0m]: xkb: LED index 1 (name Caps Lock) got index 0
[1;32mDEBUG [0m]: xkb: LED index 2 (name Scroll Lock) got index 2
[1;32mDEBUG [0m]: xkb: Mod index 0 (name Shift) got index 0
[1;32mDEBUG [0m]: xkb: Mod index 1 (name Lock) got index 1
[1;32mDEBUG [0m]: xkb: Mod index 2 (name Control) got index 2
[1;32mDEBUG [0m]: xkb: Mod index 3 (name Mod1) got index 3
[1;32mDEBUG [0m]: xkb: Mod index 4 (name Mod2) got index 4
[1;32mDEBUG [0m]: xkb: Mod index 5 (name Mod3) got index 5
[1;32mDEBUG [0m]: xkb: Mod index 6 (name Mod4) got index 6
[1;32mDEBUG [0m]: xkb: Mod index 7 (name Mod5) got index 7
[1;32mDEBUG [0m]: Updating keymap fd for keyboard hl-virtual-keyboard-wtype
[1;32mDEBUG [0m]: Updated keymap fd to 91, keymap V1 to: 93
[1;32mDEBUG [0m]: Set the keyboard layout to us and variant to  for keyboard "hl-virtual-keyboard-wtype"
[1;32mDEBUG [0m]: New virtual keyboard created at 55998829dee0
[1;32mDEBUG [0m]: Updating keyboard 55998829dee0's translation state from a provided keymap
[1;32mDEBUG [0m]: Updating keymap fd for keyboard hl-virtual-keyboard-wtype
[1;32mDEBUG [0m]: Updated keymap fd to 91, keymap V1 to: 93
[1;32mDEBUG [0m]: [CLinuxDMABUFParamsResource] Creating a dmabuf, with id 98: size [Vector2D: x: 368, y: 424], fmt AR24, planes 1
[1;32mDEBUG [0m]: [CLinuxDMABUFParamsResource]  | plane 0: mod 72057594037927952 fd 89 stride 1536 offset 0
[1;32mDEBUG [0m]: [CWLCompositorResource] New wl_region with id 97 at 5599888eb320
[1;32mDEBUG [0m]: [CLinuxDMABUFParamsResource] Creating a dmabuf, with id 98: size [Vector2D: x: 368, y: 556], fmt AR24, planes 1
[1;32mDEBUG [0m]: [CLinuxDMABUFParamsResource]  | plane 0: mod 72057594037927952 fd 82 stride 1536 offset 0
[1;32mDEBUG [0m]: [CLinuxDMABUFParamsResource] Creating a dmabuf, with id 75: size [Vector2D: x: 368, y: 556], fmt AR24, planes 1
[1;32mDEBUG [0m]: [CLinuxDMABUFParamsResource]  | plane 0: mod 72057594037927952 fd 84 stride 1536 offset 0
[1;32mDEBUG [0m]: Keyboard at 55998829dee0 removed
[1;32mDEBUG [0m]: Destroyed keyboard 55998829dee0
[1;32mDEBUG [0m]: [CWLSeatProtocol] New seat resource bound at 5599889160d0
[1;32mDEBUG [0m]: [CVirtualKeyboardProtocol] New VKeyboard at id 5
[1;32mDEBUG [0m]: ApplyConfigToKeyboard for "hl-virtual-keyboard-wtype", hasconfig: 0
[1;32mDEBUG [0m]: Attempting to create a keymap for layout us with variant  (rules: , model: , options: )
[1;32mDEBUG [0m]: Updating keyboard 55998829dee0's translation state from a provided keymap
[1;32mDEBUG [0m]: xkb: LED index 0 (name Num Lock) got index 1
[1;32mDEBUG [0m]: xkb: LED index 1 (name Caps Lock) got index 0
[1;32mDEBUG [0m]: xkb: LED index 2 (name Scroll Lock) got index 2
[1;32mDEBUG [0m]: xkb: Mod index 0 (name Shift) got index 0
[1;32mDEBUG [0m]: xkb: Mod index 1 (name Lock) got index 1
[1;32mDEBUG [0m]: xkb: Mod index 2 (name Control) got index 2
[1;32mDEBUG [0m]: xkb: Mod index 3 (name Mod1) got index 3
[1;32mDEBUG [0m]: xkb: Mod index 4 (name Mod2) got index 4
[1;32mDEBUG [0m]: xkb: Mod index 5 (name Mod3) got index 5
[1;32mDEBUG [0m]: xkb: Mod index 6 (name Mod4) got index 6
[1;32mDEBUG [0m]: xkb: Mod index 7 (name Mod5) got index 7
[1;32mDEBUG [0m]: Updating keymap fd for keyboard hl-virtual-keyboard-wtype
[1;32mDEBUG [0m]: Updated keymap fd to 91, keymap V1 to: 93
[1;32mDEBUG [0m]: Set the keyboard layout to us and variant to  for keyboard "hl-virtual-keyboard-wtype"
[1;32mDEBUG [0m]: New virtual keyboard created at 55998829dee0
[1;32mDEBUG [0m]: Updating keyboard 55998829dee0's translation state from a provided keymap
[1;32mDEBUG [0m]: Updating keymap fd for keyboard hl-virtual-keyboard-wtype
[1;32mDEBUG [0m]: Updated keymap fd to 91, keymap V1 to: 93
[1;32mDEBUG [0m]: Keyboard at 55998829dee0 removed
[1;32mDEBUG [0m]: Destroyed keyboard 55998829dee0
[1;32mDEBUG [0m]: [CWLSeatProtocol] New seat resource bound at 55998834a290
[1;32mDEBUG [0m]: [CVirtualKeyboardProtocol] New VKeyboard at id 5
[1;32mDEBUG [0m]: ApplyConfigToKeyboard for "hl-virtual-keyboard-wtype", hasconfig: 0
[1;32mDEBUG [0m]: Attempting to create a keymap for layout us with variant  (rules: , model: , options: )
[1;32mDEBUG [0m]: Updating keyboard 55998829dee0's translation state from a provided keymap
[1;32mDEBUG [0m]: xkb: LED index 0 (name Num Lock) got index 1
[1;32mDEBUG [0m]: xkb: LED index 1 (name Caps Lock) got index 0
[1;32mDEBUG [0m]: xkb: LED index 2 (name Scroll Lock) got index 2
[1;32mDEBUG [0m]: xkb: Mod index 0 (name Shift) got index 0
[1;32mDEBUG [0m]: xkb: Mod index 1 (name Lock) got index 1
[1;32mDEBUG [0m]: xkb: Mod index 2 (name Control) got index 2
[1;32mDEBUG [0m]: xkb: Mod index 3 (name Mod1) got index 3
[1;32mDEBUG [0m]: xkb: Mod index 4 (name Mod2) got index 4
[1;32mDEBUG [0m]: xkb: Mod index 5 (name Mod3) got index 5
[1;32mDEBUG [0m]: xkb: Mod index 6 (name Mod4) got index 6
[1;32mDEBUG [0m]: xkb: Mod index 7 (name Mod5) got index 7
[1;32mDEBUG [0m]: Updating keymap fd for keyboard hl-virtual-keyboard-wtype
[1;32mDEBUG [0m]: Updated keymap fd to 91, keymap V1 to: 93
[1;32mDEBUG [0m]: Set the keyboard layout to us and variant to  for keyboard "hl-virtual-keyboard-wtype"
[1;32mDEBUG [0m]: New virtual keyboard created at 55998829dee0
[1;32mDEBUG [0m]: Updating keyboard 55998829dee0's translation state from a provided keymap
[1;32mDEBUG [0m]: Updating keymap fd for keyboard hl-virtual-keyboard-wtype
[1;32mDEBUG [0m]: Updated keymap fd to 91, keymap V1 to: 93
[1;32mDEBUG [0m]: Keyboard at 55998829dee0 removed
[1;32mDEBUG [0m]: Destroyed keyboard 55998829dee0
[1;32mDEBUG [0m]: [CWLSeatProtocol] New seat resource bound at 5599873280e0
[1;32mDEBUG [0m]: [CVirtualKeyboardProtocol] New VKeyboard at id 5
[1;32mDEBUG [0m]: ApplyConfigToKeyboard for "hl-virtual-keyboard-wtype", hasconfig: 0
[1;32mDEBUG [0m]: Attempting to create a keymap for layout us with variant  (rules: , model: , options: )
[1;32mDEBUG [0m]: Updating keyboard 55998829dee0's translation state from a provided keymap
[1;32mDEBUG [0m]: xkb: LED index 0 (name Num Lock) got index 1
[1;32mDEBUG [0m]: xkb: LED index 1 (name Caps Lock) got index 0
[1;32mDEBUG [0m]: xkb: LED index 2 (name Scroll Lock) got index 2
[1;32mDEBUG [0m]: xkb: Mod index 0 (name Shift) got index 0
[1;32mDEBUG [0m]: xkb: Mod index 1 (name Lock) got index 1
[1;32mDEBUG [0m]: xkb: Mod index 2 (name Control) got index 2
[1;32mDEBUG [0m]: xkb: Mod index 3 (name Mod1) got index 3
[1;32mDEBUG [0m]: xkb: Mod index 4 (name Mod2) got index 4
[1;32mDEBUG [0m]: xkb: Mod index 5 (name Mod3) got index 5
[1;32mDEBUG [0m]: xkb: Mod index 6 (name Mod4) got index 6
[1;32mDEBUG [0m]: xkb: Mod index 7 (name Mod5) got index 7
[1;32mDEBUG [0m]: Updating keymap fd for keyboard hl-virtual-keyboard-wtype
[1;32mDEBUG [0m]: Updated keymap fd to 91, keymap V1 to: 93
[1;32mDEBUG [0m]: Set the keyboard layout to us and variant to  for keyboard "hl-virtual-keyboard-wtype"
[1;32mDEBUG [0m]: New virtual keyboard created at 55998829dee0
[1;32mDEBUG [0m]: Updating keyboard 55998829dee0's translation state from a provided keymap
[1;32mDEBUG [0m]: Updating keymap fd for keyboard hl-virtual-keyboard-wtype
[1;32mDEBUG [0m]: Updated keymap fd to 91, keymap V1 to: 93
[1;32mDEBUG [0m]: Keyboard at 55998829dee0 removed
[1;32mDEBUG [0m]: Destroyed keyboard 55998829dee0
[1;32mDEBUG [0m]: [CWLSeatProtocol] New seat resource bound at 5599882b6db0
[1;32mDEBUG [0m]: [CVirtualKeyboardProtocol] New VKeyboard at id 5
[1;32mDEBUG [0m]: ApplyConfigToKeyboard for "hl-virtual-keyboard-wtype", hasconfig: 0
[1;32mDEBUG [0m]: Attempting to create a keymap for layout us with variant  (rules: , model: , options: )
[1;32mDEBUG [0m]: Updating keyboard 55998829dee0's translation state from a provided keymap
[1;32mDEBUG [0m]: xkb: LED index 0 (name Num Lock) got index 1
[1;32mDEBUG [0m]: xkb: LED index 1 (name Caps Lock) got index 0
[1;32mDEBUG [0m]: xkb: LED index 2 (name Scroll Lock) got index 2
[1;32mDEBUG [0m]: xkb: Mod index 0 (name Shift) got index 0
[1;32mDEBUG [0m]: xkb: Mod index 1 (name Lock) got index 1
[1;32mDEBUG [0m]: xkb: Mod index 2 (name Control) got index 2
[1;32mDEBUG [0m]: xkb: Mod index 3 (name Mod1) got index 3
[1;32mDEBUG [0m]: xkb: Mod index 4 (name Mod2) got index 4
[1;32mDEBUG [0m]: xkb: Mod index 5 (name Mod3) got index 5
[1;32mDEBUG [0m]: xkb: Mod index 6 (name Mod4) got index 6
[1;32mDEBUG [0m]: xkb: Mod index 7 (name Mod5) got index 7
[1;32mDEBUG [0m]: Updating keymap fd for keyboard hl-virtual-keyboard-wtype
[1;32mDEBUG [0m]: Updated keymap fd to 91, keymap V1 to: 93
[1;32mDEBUG [0m]: Set the keyboard layout to us and variant to  for keyboard "hl-virtual-keyboard-wtype"
[1;32mDEBUG [0m]: New virtual keyboard created at 55998829dee0
[1;32mDEBUG [0m]: Updating keyboard 55998829dee0's translation state from a provided keymap
[1;32mDEBUG [0m]: Updating keymap fd for keyboard hl-virtual-keyboard-wtype
[1;32mDEBUG [0m]: Updated keymap fd to 91, keymap V1 to: 93
[1;32mDEBUG [0m]: Keyboard at 55998829dee0 removed
[1;32mDEBUG [0m]: Destroyed keyboard 55998829dee0
[1;32mDEBUG [0m]: [CWLSeatProtocol] New seat resource bound at 559988916180
[1;32mDEBUG [0m]: [CVirtualKeyboardProtocol] New VKeyboard at id 5
[1;32mDEBUG [0m]: ApplyConfigToKeyboard for "hl-virtual-keyboard-wtype", hasconfig: 0
[1;32mDEBUG [0m]: Attempting to create a keymap for layout us with variant  (rules: , model: , options: )
[1;32mDEBUG [0m]: Updating keyboard 55998829dee0's translation state from a provided keymap
[1;32mDEBUG [0m]: xkb: LED index 0 (name Num Lock) got index 1
[1;32mDEBUG [0m]: xkb: LED index 1 (name Caps Lock) got index 0
[1;32mDEBUG [0m]: xkb: LED index 2 (name Scroll Lock) got index 2
[1;32mDEBUG [0m]: xkb: Mod index 0 (name Shift) got index 0
[1;32mDEBUG [0m]: xkb: Mod index 1 (name Lock) got index 1
[1;32mDEBUG [0m]: xkb: Mod index 2 (name Control) got index 2
[1;32mDEBUG [0m]: xkb: Mod index 3 (name Mod1) got index 3
[1;32mDEBUG [0m]: xkb: Mod index 4 (name Mod2) got index 4
[1;32mDEBUG [0m]: xkb: Mod index 5 (name Mod3) got index 5
[1;32mDEBUG [0m]: xkb: Mod index 6 (name Mod4) got index 6
[1;32mDEBUG [0m]: xkb: Mod index 7 (name Mod5) got index 7
[1;32mDEBUG [0m]: Updating keymap fd for keyboard hl-virtual-keyboard-wtype
[1;32mDEBUG [0m]: Updated keymap fd to 91, keymap V1 to: 93
[1;32mDEBUG [0m]: Set the keyboard layout to us and variant to  for keyboard "hl-virtual-keyboard-wtype"
[1;32mDEBUG [0m]: New virtual keyboard created at 55998829dee0
[1;32mDEBUG [0m]: Updating keyboard 55998829dee0's translation state from a provided keymap
[1;32mDEBUG [0m]: Updating keymap fd for keyboard hl-virtual-keyboard-wtype
[1;32mDEBUG [0m]: Updated keymap fd to 91, keymap V1 to: 93
[1;32mDEBUG [0m]: Keyboard at 55998829dee0 removed
[1;32mDEBUG [0m]: Destroyed keyboard 55998829dee0
[1;32mDEBUG [0m]: [CWLCompositorResource] New wl_region with id 94 at 559988c704e0
[1;32mDEBUG [0m]: [CLinuxDMABUFParamsResource] Creating a dmabuf, with id 94: size [Vector2D: x: 368, y: 424], fmt AR24, planes 1
[1;32mDEBUG [0m]: [CLinuxDMABUFParamsResource]  | plane 0: mod 72057594037927952 fd 80 stride 1536 offset 0
[1;32mDEBUG [0m]: [CWLSeatProtocol] New seat resource bound at 5599887f88e0
[1;32mDEBUG [0m]: [CVirtualKeyboardProtocol] New VKeyboard at id 5
[1;32mDEBUG [0m]: ApplyConfigToKeyboard for "hl-virtual-keyboard-wtype", hasconfig: 0
[1;32mDEBUG [0m]: Attempting to create a keymap for layout us with variant  (rules: , model: , options: )
[1;32mDEBUG [0m]: Updating keyboard 55998829dee0's translation state from a provided keymap
[1;32mDEBUG [0m]: xkb: LED index 0 (name Num Lock) got index 1
[1;32mDEBUG [0m]: xkb: LED index 1 (name Caps Lock) got index 0
[1;32mDEBUG [0m]: xkb: LED index 2 (name Scroll Lock) got index 2
[1;32mDEBUG [0m]: xkb: Mod index 0 (name Shift) got index 0
[1;32mDEBUG [0m]: xkb: Mod index 1 (name Lock) got index 1
[1;32mDEBUG [0m]: xkb: Mod index 2 (name Control) got index 2
[1;32mDEBUG [0m]: xkb: Mod index 3 (name Mod1) got index 3
[1;32mDEBUG [0m]: xkb: Mod index 4 (name Mod2) got index 4
[1;32mDEBUG [0m]: xkb: Mod index 5 (name Mod3) got index 5
[1;32mDEBUG [0m]: xkb: Mod index 6 (name Mod4) got index 6
[1;32mDEBUG [0m]: xkb: Mod index 7 (name Mod5) got index 7
[1;32mDEBUG [0m]: Updating keymap fd for keyboard hl-virtual-keyboard-wtype
[1;32mDEBUG [0m]: Updated keymap fd to 93, keymap V1 to: 95
[1;32mDEBUG [0m]: Set the keyboard layout to us and variant to  for keyboard "hl-virtual-keyboard-wtype"
[1;32mDEBUG [0m]: New virtual keyboard created at 55998829dee0
[1;32mDEBUG [0m]: Updating keyboard 55998829dee0's translation state from a provided keymap
[1;32mDEBUG [0m]: Updating keymap fd for keyboard hl-virtual-keyboard-wtype
[1;32mDEBUG [0m]: Updated keymap fd to 93, keymap V1 to: 95
[1;32mDEBUG [0m]: [CLinuxDMABUFParamsResource] Creating a dmabuf, with id 97: size [Vector2D: x: 368, y: 424], fmt AR24, planes 1
[1;32mDEBUG [0m]: [CLinuxDMABUFParamsResource]  | plane 0: mod 72057594037927952 fd 89 stride 1536 offset 0
[1;32mDEBUG [0m]: Keyboard at 55998829dee0 removed
[1;32mDEBUG [0m]: Destroyed keyboard 55998829dee0
[1;32mDEBUG [0m]: [CWLSeatProtocol] New seat resource bound at 5599888bd130
[1;32mDEBUG [0m]: [CVirtualKeyboardProtocol] New VKeyboard at id 5
[1;32mDEBUG [0m]: ApplyConfigToKeyboard for "hl-virtual-keyboard-wtype", hasconfig: 0
[1;32mDEBUG [0m]: Attempting to create a keymap for layout us with variant  (rules: , model: , options: )
[1;32mDEBUG [0m]: Updating keyboard 55998829dee0's translation state from a provided keymap
[1;32mDEBUG [0m]: xkb: LED index 0 (name Num Lock) got index 1
[1;32mDEBUG [0m]: xkb: LED index 1 (name Caps Lock) got index 0
[1;32mDEBUG [0m]: xkb: LED index 2 (name Scroll Lock) got index 2
[1;32mDEBUG [0m]: xkb: Mod index 0 (name Shift) got index 0
[1;32mDEBUG [0m]: xkb: Mod index 1 (name Lock) got index 1
[1;32mDEBUG [0m]: xkb: Mod index 2 (name Control) got index 2
[1;32mDEBUG [0m]: xkb: Mod index 3 (name Mod1) got index 3
[1;32mDEBUG [0m]: xkb: Mod index 4 (name Mod2) got index 4
[1;32mDEBUG [0m]: xkb: Mod index 5 (name Mod3) got index 5
[1;32mDEBUG [0m]: xkb: Mod index 6 (name Mod4) got index 6
[1;32mDEBUG [0m]: xkb: Mod index 7 (name Mod5) got index 7
[1;32mDEBUG [0m]: Updating keymap fd for keyboard hl-virtual-keyboard-wtype
[1;32mDEBUG [0m]: Updated keymap fd to 91, keymap V1 to: 93
[1;32mDEBUG [0m]: Set the keyboard layout to us and variant to  for keyboard "hl-virtual-keyboard-wtype"
[1;32mDEBUG [0m]: New virtual keyboard created at 55998829dee0
[1;32mDEBUG [0m]: Updating keyboard 55998829dee0's translation state from a provided keymap
[1;32mDEBUG [0m]: Updating keymap fd for keyboard hl-virtual-keyboard-wtype
[1;32mDEBUG [0m]: Updated keymap fd to 91, keymap V1 to: 93
[1;32mDEBUG [0m]: Keyboard at 55998829dee0 removed
[1;32mDEBUG [0m]: Destroyed keyboard 55998829dee0
[1;32mDEBUG [0m]: [CWLCompositorResource] New wl_region with id 75 at 559988c51de0
[1;32mDEBUG [0m]: [CLinuxDMABUFParamsResource] Creating a dmabuf, with id 75: size [Vector2D: x: 368, y: 468], fmt AR24, planes 1
[1;32mDEBUG [0m]: [CLinuxDMABUFParamsResource]  | plane 0: mod 72057594037927952 fd 76 stride 1536 offset 0
[1;32mDEBUG [0m]: [CWLSeatProtocol] New seat resource bound at 5599886561f0
[1;32mDEBUG [0m]: [CVirtualKeyboardProtocol] New VKeyboard at id 5
[1;32mDEBUG [0m]: ApplyConfigToKeyboard for "hl-virtual-keyboard-wtype", hasconfig: 0
[1;32mDEBUG [0m]: Attempting to create a keymap for layout us with variant  (rules: , model: , options: )
[1;32mDEBUG [0m]: Updating keyboard 55998829dee0's translation state from a provided keymap
[1;32mDEBUG [0m]: xkb: LED index 0 (name Num Lock) got index 1
[1;32mDEBUG [0m]: xkb: LED index 1 (name Caps Lock) got index 0
[1;32mDEBUG [0m]: xkb: LED index 2 (name Scroll Lock) got index 2
[1;32mDEBUG [0m]: xkb: Mod index 0 (name Shift) got index 0
[1;32mDEBUG [0m]: xkb: Mod index 1 (name Lock) got index 1
[1;32mDEBUG [0m]: xkb: Mod index 2 (name Control) got index 2
[1;32mDEBUG [0m]: xkb: Mod index 3 (name Mod1) got index 3
[1;32mDEBUG [0m]: xkb: Mod index 4 (name Mod2) got index 4
[1;32mDEBUG [0m]: xkb: Mod index 5 (name Mod3) got index 5
[1;32mDEBUG [0m]: xkb: Mod index 6 (name Mod4) got index 6
[1;32mDEBUG [0m]: xkb: Mod index 7 (name Mod5) got index 7
[1;32mDEBUG [0m]: Updating keymap fd for keyboard hl-virtual-keyboard-wtype
[1;32mDEBUG [0m]: Updated keymap fd to 91, keymap V1 to: 93
[1;32mDEBUG [0m]: Set the keyboard layout to us and variant to  for keyboard "hl-virtual-keyboard-wtype"
[1;32mDEBUG [0m]: New virtual keyboard created at 55998829dee0
[1;32mDEBUG [0m]: Updating keyboard 55998829dee0's translation state from a provided keymap
[1;32mDEBUG [0m]: Updating keymap fd for keyboard hl-virtual-keyboard-wtype
[1;32mDEBUG [0m]: Updated keymap fd to 91, keymap V1 to: 93
[1;32mDEBUG [0m]: [CLinuxDMABUFParamsResource] Creating a dmabuf, with id 101: size [Vector2D: x: 368, y: 468], fmt AR24, planes 1
[1;32mDEBUG [0m]: [CLinuxDMABUFParamsResource]  | plane 0: mod 72057594037927952 fd 87 stride 1536 offset 0
[1;32mDEBUG [0m]: Keyboard at 55998829dee0 removed
[1;32mDEBUG [0m]: Destroyed keyboard 55998829dee0
[1;32mDEBUG [0m]: [CWLSeatProtocol] New seat resource bound at 55998877a560
[1;32mDEBUG [0m]: [CVirtualKeyboardProtocol] New VKeyboard at id 5
[1;32mDEBUG [0m]: ApplyConfigToKeyboard for "hl-virtual-keyboard-wtype", hasconfig: 0
[1;32mDEBUG [0m]: Attempting to create a keymap for layout us with variant  (rules: , model: , options: )
[1;32mDEBUG [0m]: Updating keyboard 55998829dee0's translation state from a provided keymap
[1;32mDEBUG [0m]: xkb: LED index 0 (name Num Lock) got index 1
[1;32mDEBUG [0m]: xkb: LED index 1 (name Caps Lock) got index 0
[1;32mDEBUG [0m]: xkb: LED index 2 (name Scroll Lock) got index 2
[1;32mDEBUG [0m]: xkb: Mod index 0 (name Shift) got index 0
[1;32mDEBUG [0m]: xkb: Mod index 1 (name Lock) got index 1
[1;32mDEBUG [0m]: xkb: Mod index 2 (name Control) got index 2
[1;32mDEBUG [0m]: xkb: Mod index 3 (name Mod1) got index 3
[1;32mDEBUG [0m]: xkb: Mod index 4 (name Mod2) got index 4
[1;32mDEBUG [0m]: xkb: Mod index 5 (name Mod3) got index 5
[1;32mDEBUG [0m]: xkb: Mod index 6 (name Mod4) got index 6
[1;32mDEBUG [0m]: xkb: Mod index 7 (name Mod5) got index 7
[1;32mDEBUG [0m]: Updating keymap fd for keyboard hl-virtual-keyboard-wtype
[1;32mDEBUG [0m]: Updated keymap fd to 91, keymap V1 to: 93
[1;32mDEBUG [0m]: Set the keyboard layout to us and variant to  for keyboard "hl-virtual-keyboard-wtype"
[1;32mDEBUG [0m]: New virtual keyboard created at 55998829dee0
[1;32mDEBUG [0m]: Updating keyboard 55998829dee0's translation state from a provided keymap
[1;32mDEBUG [0m]: Updating keymap fd for keyboard hl-virtual-keyboard-wtype
[1;32mDEBUG [0m]: Updated keymap fd to 91, keymap V1 to: 93
[1;32mDEBUG [0m]: Keyboard at 55998829dee0 removed
[1;32mDEBUG [0m]: Destroyed keyboard 55998829dee0
[1;32mDEBUG [0m]: [CWLSeatProtocol] New seat resource bound at 5599885eb7f0
[1;32mDEBUG [0m]: [CVirtualKeyboardProtocol] New VKeyboard at id 5
[1;32mDEBUG [0m]: ApplyConfigToKeyboard for "hl-virtual-keyboard-wtype", hasconfig: 0
[1;32mDEBUG [0m]: Attempting to create a keymap for layout us with variant  (rules: , model: , options: )
[1;32mDEBUG [0m]: Updating keyboard 55998829dee0's translation state from a provided keymap
[1;32mDEBUG [0m]: xkb: LED index 0 (name Num Lock) got index 1
[1;32mDEBUG [0m]: xkb: LED index 1 (name Caps Lock) got index 0
[1;32mDEBUG [0m]: xkb: LED index 2 (name Scroll Lock) got index 2
[1;32mDEBUG [0m]: xkb: Mod index 0 (name Shift) got index 0
[1;32mDEBUG [0m]: xkb: Mod index 1 (name Lock) got index 1
[1;32mDEBUG [0m]: xkb: Mod index 2 (name Control) got index 2
[1;32mDEBUG [0m]: xkb: Mod index 3 (name Mod1) got index 3
[1;32mDEBUG [0m]: xkb: Mod index 4 (name Mod2) got index 4
[1;32mDEBUG [0m]: xkb: Mod index 5 (name Mod3) got index 5
[1;32mDEBUG [0m]: xkb: Mod index 6 (name Mod4) got index 6
[1;32mDEBUG [0m]: xkb: Mod index 7 (name Mod5) got index 7
[1;32mDEBUG [0m]: Updating keymap fd for keyboard hl-virtual-keyboard-wtype
[1;32mDEBUG [0m]: Updated keymap fd to 91, keymap V1 to: 93
[1;32mDEBUG [0m]: Set the keyboard layout to us and variant to  for keyboard "hl-virtual-keyboard-wtype"
[1;32mDEBUG [0m]: New virtual keyboard created at 55998829dee0
[1;32mDEBUG [0m]: Updating keyboard 55998829dee0's translation state from a provided keymap
[1;32mDEBUG [0m]: Updating keymap fd for keyboard hl-virtual-keyboard-wtype
[1;32mDEBUG [0m]: Updated keymap fd to 91, keymap V1 to: 93
[1;32mDEBUG [0m]: [CWLCompositorResource] New wl_region with id 94 at 5599883f1c50
[1;32mDEBUG [0m]: Keyboard at 55998829dee0 removed
[1;32mDEBUG [0m]: Destroyed keyboard 55998829dee0
[1;32mDEBUG [0m]: [CLinuxDMABUFParamsResource] Creating a dmabuf, with id 94: size [Vector2D: x: 1140, y: 627], fmt AR24, planes 1
[1;32mDEBUG [0m]: [CLinuxDMABUFParamsResource]  | plane 0: mod 72057594037927952 fd 82 stride 4608 offset 0
[1;32mDEBUG [0m]: [CWLSeatProtocol] New seat resource bound at 559988c70d70
[1;32mDEBUG [0m]: [CVirtualKeyboardProtocol] New VKeyboard at id 5
[1;32mDEBUG [0m]: ApplyConfigToKeyboard for "hl-virtual-keyboard-wtype", hasconfig: 0
[1;32mDEBUG [0m]: Attempting to create a keymap for layout us with variant  (rules: , model: , options: )
[1;32mDEBUG [0m]: Updating keyboard 55998829dee0's translation state from a provided keymap
[1;32mDEBUG [0m]: xkb: LED index 0 (name Num Lock) got index 1
[1;32mDEBUG [0m]: xkb: LED index 1 (name Caps Lock) got index 0
[1;32mDEBUG [0m]: xkb: LED index 2 (name Scroll Lock) got index 2
[1;32mDEBUG [0m]: xkb: Mod index 0 (name Shift) got index 0
[1;32mDEBUG [0m]: xkb: Mod index 1 (name Lock) got index 1
[1;32mDEBUG [0m]: xkb: Mod index 2 (name Control) got index 2
[1;32mDEBUG [0m]: xkb: Mod index 3 (name Mod1) got index 3
[1;32mDEBUG [0m]: xkb: Mod index 4 (name Mod2) got index 4
[1;32mDEBUG [0m]: xkb: Mod index 5 (name Mod3) got index 5
[1;32mDEBUG [0m]: xkb: Mod index 6 (name Mod4) got index 6
[1;32mDEBUG [0m]: xkb: Mod index 7 (name Mod5) got index 7
[1;32mDEBUG [0m]: Updating keymap fd for keyboard hl-virtual-keyboard-wtype
[1;32mDEBUG [0m]: Updated keymap fd to 91, keymap V1 to: 93
[1;32mDEBUG [0m]: Set the keyboard layout to us and variant to  for keyboard "hl-virtual-keyboard-wtype"
[1;32mDEBUG [0m]: New virtual keyboard created at 55998829dee0
[1;32mDEBUG [0m]: Updating keyboard 55998829dee0's translation state from a provided keymap
[1;32mDEBUG [0m]: Updating keymap fd for keyboard hl-virtual-keyboard-wtype
[1;32mDEBUG [0m]: Updated keymap fd to 91, keymap V1 to: 93
[1;32mDEBUG [0m]: [CLinuxDMABUFParamsResource] Creating a dmabuf, with id 83: size [Vector2D: x: 1140, y: 627], fmt AR24, planes 1
[1;32mDEBUG [0m]: [CLinuxDMABUFParamsResource]  | plane 0: mod 72057594037927952 fd 89 stride 4608 offset 0
[1;32mDEBUG [0m]: [CWLCompositorResource] New wl_region with id 98 at 5599888bb2b0
[1;32mDEBUG [0m]: [CLinuxDMABUFParamsResource] Creating a dmabuf, with id 97: size [Vector2D: x: 1140, y: 633], fmt AR24, planes 1
[1;32mDEBUG [0m]: [CLinuxDMABUFParamsResource]  | plane 0: mod 72057594037927952 fd 76 stride 4608 offset 0
[1;32mDEBUG [0m]: Keyboard at 55998829dee0 removed
[1;32mDEBUG [0m]: Destroyed keyboard 55998829dee0
[1;32mDEBUG [0m]: Hyprctl: new connection from pid 389
[1;32mDEBUG [0m]: Hyprctl: new connection from pid 390
[1;32mDEBUG [0m]: [CForeignToplevelList] Newly mapped window gets an identifier of 18000000
[1;32mDEBUG [0m]: [CScreencopyProtocol] Bound client successfully!
[1;32mDEBUG [0m]: [CXDGOutputProtocol] New xdg_output for HEADLESS-1: client 559988829ce0 (not xwayland)
[1;32mDEBUG [0m]: [CXDGOutputProtocol] New xdg_output for WAYLAND-1: client 559988829ce0 (not xwayland)
[1;32mDEBUG [0m]: [COutputImageCaptureSourceProtocol] New capture source for monitor: HEADLESS-1
[1;32mDEBUG [0m]: [CImageCopyCaptureProtocol] New image copy capture session for source (monitor): "HEADLESS-1"
[1;32mDEBUG [0m]: Framebuffer "Monitor HEADLESS-1 mirror FB" created, status 36053
[1;32mDEBUG [0m]: Framebuffer "" created, status 36053
[1;32mDEBUG [0m]: [Screenshare] Started screenshare session for (monitor): HEADLESS-1
[1;32mDEBUG [0m]: [Screenshare] Stopped screenshare session for (monitor): HEADLESS-1
[1;32mDEBUG [0m]: [CWLSeatProtocol] New seat resource bound at 559988363d10
[1;32mDEBUG [0m]: [CVirtualKeyboardProtocol] New VKeyboard at id 5
[1;32mDEBUG [0m]: ApplyConfigToKeyboard for "hl-virtual-keyboard-wtype", hasconfig: 0
[1;32mDEBUG [0m]: Attempting to create a keymap for layout us with variant  (rules: , model: , options: )
[1;32mDEBUG [0m]: Updating keyboard 55998829dee0's translation state from a provided keymap
[1;32mDEBUG [0m]: xkb: LED index 0 (name Num Lock) got index 1
[1;32mDEBUG [0m]: xkb: LED index 1 (name Caps Lock) got index 0
[1;32mDEBUG [0m]: xkb: LED index 2 (name Scroll Lock) got index 2
[1;32mDEBUG [0m]: xkb: Mod index 0 (name Shift) got index 0
[1;32mDEBUG [0m]: xkb: Mod index 1 (name Lock) got index 1
[1;32mDEBUG [0m]: xkb: Mod index 2 (name Control) got index 2
[1;32mDEBUG [0m]: xkb: Mod index 3 (name Mod1) got index 3
[1;32mDEBUG [0m]: xkb: Mod index 4 (name Mod2) got index 4
[1;32mDEBUG [0m]: xkb: Mod index 5 (name Mod3) got index 5
[1;32mDEBUG [0m]: xkb: Mod index 6 (name Mod4) got index 6
[1;32mDEBUG [0m]: xkb: Mod index 7 (name Mod5) got index 7
[1;32mDEBUG [0m]: Updating keymap fd for keyboard hl-virtual-keyboard-wtype
[1;32mDEBUG [0m]: Updated keymap fd to 90, keymap V1 to: 93
[1;32mDEBUG [0m]: Set the keyboard layout to us and variant to  for keyboard "hl-virtual-keyboard-wtype"
[1;32mDEBUG [0m]: New virtual keyboard created at 55998829dee0
[1;32mDEBUG [0m]: Updating keyboard 55998829dee0's translation state from a provided keymap
[1;32mDEBUG [0m]: Updating keymap fd for keyboard hl-virtual-keyboard-wtype
[1;32mDEBUG [0m]: Updated keymap fd to 90, keymap V1 to: 93
[1;32mDEBUG [0m]: [CWLCompositorResource] New wl_region with id 83 at 559988c71020
[1;32mDEBUG [0m]: [CLinuxDMABUFParamsResource] Creating a dmabuf, with id 98: size [Vector2D: x: 1140, y: 633], fmt AR24, planes 1
[1;32mDEBUG [0m]: [CLinuxDMABUFParamsResource]  | plane 0: mod 72057594037927952 fd 88 stride 4608 offset 0
[1;32mDEBUG [0m]: [CLinuxDMABUFParamsResource] Creating a dmabuf, with id 75: size [Vector2D: x: 1140, y: 627], fmt AR24, planes 1
[1;32mDEBUG [0m]: [CLinuxDMABUFParamsResource]  | plane 0: mod 72057594037927952 fd 84 stride 4608 offset 0
[1;32mDEBUG [0m]: Keyboard at 55998829dee0 removed
[1;32mDEBUG [0m]: Destroyed keyboard 55998829dee0
[1;32mDEBUG [0m]: [CWLSeatProtocol] New seat resource bound at 5599889f9a30
[1;32mDEBUG [0m]: [CVirtualKeyboardProtocol] New VKeyboard at id 5
[1;32mDEBUG [0m]: ApplyConfigToKeyboard for "hl-virtual-keyboard-wtype", hasconfig: 0
[1;32mDEBUG [0m]: Attempting to create a keymap for layout us with variant  (rules: , model: , options: )
[1;32mDEBUG [0m]: Updating keyboard 55998829dee0's translation state from a provided keymap
[1;32mDEBUG [0m]: xkb: LED index 0 (name Num Lock) got index 1
[1;32mDEBUG [0m]: xkb: LED index 1 (name Caps Lock) got index 0
[1;32mDEBUG [0m]: xkb: LED index 2 (name Scroll Lock) got index 2
[1;32mDEBUG [0m]: xkb: Mod index 0 (name Shift) got index 0
[1;32mDEBUG [0m]: xkb: Mod index 1 (name Lock) got index 1
[1;32mDEBUG [0m]: xkb: Mod index 2 (name Control) got index 2
[1;32mDEBUG [0m]: xkb: Mod index 3 (name Mod1) got index 3
[1;32mDEBUG [0m]: xkb: Mod index 4 (name Mod2) got index 4
[1;32mDEBUG [0m]: xkb: Mod index 5 (name Mod3) got index 5
[1;32mDEBUG [0m]: xkb: Mod index 6 (name Mod4) got index 6
[1;32mDEBUG [0m]: xkb: Mod index 7 (name Mod5) got index 7
[1;32mDEBUG [0m]: Updating keymap fd for keyboard hl-virtual-keyboard-wtype
[1;32mDEBUG [0m]: Updated keymap fd to 90, keymap V1 to: 93
[1;32mDEBUG [0m]: Set the keyboard layout to us and variant to  for keyboard "hl-virtual-keyboard-wtype"
[1;32mDEBUG [0m]: New virtual keyboard created at 55998829dee0
[1;32mDEBUG [0m]: Updating keyboard 55998829dee0's translation state from a provided keymap
[1;32mDEBUG [0m]: Updating keymap fd for keyboard hl-virtual-keyboard-wtype
[1;32mDEBUG [0m]: Updated keymap fd to 90, keymap V1 to: 93
[1;32mDEBUG [0m]: [CWLCompositorResource] New wl_region with id 90 at 5599888bd6d0
[1;32mDEBUG [0m]: [CLinuxDMABUFParamsResource] Creating a dmabuf, with id 101: size [Vector2D: x: 1140, y: 627], fmt AR24, planes 1
[1;32mDEBUG [0m]: [CLinuxDMABUFParamsResource]  | plane 0: mod 72057594037927952 fd 86 stride 4608 offset 0
[1;32mDEBUG [0m]: Set keyboard focus to surface 55998824baa0
[1;32mDEBUG [0m]: [CPrimarySelectionProtocol] CPrimarySelectionProtocol::updateSelection: cannot send selection to a client without a data_device
[1;32mDEBUG [0m]: cursorImage request: shape 1 -> default
[1;32mDEBUG [0m]: [CWLCompositorResource] New wl_surface with id 86 at 559988760eb0
[1;32mDEBUG [0m]: [CWLCompositorResource] New wl_surface with id 109 at 559988760eb0
[1;32mDEBUG [0m]: CWLSurface 559987f577e0 called init()
[1;32mDEBUG [0m]: LayerSurface 55998826b9f0 (namespace putkin-notifications layer 3) created on monitor HEADLESS-1
[1;32mDEBUG [0m]: [CLayerShellProtocol] New wlr_layer_surface 55998826b9f0
[1;32mDEBUG [0m]: Keyboard at 55998829dee0 removed
[1;32mDEBUG [0m]: Destroyed keyboard 55998829dee0
[1;32mDEBUG [0m]: [CWLCompositorResource] New wl_region with id 87 at 559987d87da0
[1;32mDEBUG [0m]: [CLinuxDMABUFParamsResource] Creating a dmabuf, with id 86: size [Vector2D: x: 368, y: 40], fmt AR24, planes 1
[1;32mDEBUG [0m]: [CLinuxDMABUFParamsResource]  | plane 0: mod 72057594037927952 fd 80 stride 1536 offset 0
[1;32mDEBUG [0m]: LayerSurface 55998826b9f0 mapped
[1;32mDEBUG [0m]: [CLinuxDMABUFParamsResource] Creating a dmabuf, with id 104: size [Vector2D: x: 368, y: 254], fmt AR24, planes 1
[1;32mDEBUG [0m]: [CLinuxDMABUFParamsResource]  | plane 0: mod 72057594037927952 fd 93 stride 1536 offset 0
[1;32mDEBUG [0m]: [CLinuxDMABUFParamsResource] Creating a dmabuf, with id 94: size [Vector2D: x: 368, y: 254], fmt AR24, planes 1
[1;32mDEBUG [0m]: [CLinuxDMABUFParamsResource]  | plane 0: mod 72057594037927952 fd 80 stride 1536 offset 0
[1;32mDEBUG [0m]: LayerSurface 55998826b1b0 destroyed
[1;32mDEBUG [0m]: Forcing an unmap of a LS that did a straight destroy!
[1;32mDEBUG [0m]: LayerSurface 55998826b1b0 unmapped
[1;32mDEBUG [0m]: renderer: making a snapshot of layer 559988366940
[1;32mDEBUG [0m]: Framebuffer "layer snapshot" created, status 36053
[1;32mDEBUG [0m]: renderer: cleared a snapshot of layer 559988366940
[1;32mDEBUG [0m]: renderer: rendered a snapshot of layer 559988366940
[1;32mDEBUG [0m]: renderer: made a snapshot of layer 559988366940
[1;32mDEBUG [0m]: CWLSurface 559987f57700 called destroy()
[1;32mDEBUG [0m]: Cleanup: removed 1 fadeouts
[1;32mDEBUG [0m]: [CWLCompositorResource] New wl_region with id 40 at 5599882525e0
[1;32mDEBUG [0m]: LayerSurface 55998826b9f0 destroyed
[1;32mDEBUG [0m]: Forcing an unmap of a LS that did a straight destroy!
[1;32mDEBUG [0m]: LayerSurface 55998826b9f0 unmapped
[1;32mDEBUG [0m]: renderer: making a snapshot of layer 559988917090
[1;32mDEBUG [0m]: Framebuffer "layer snapshot" created, status 36053
[1;32mDEBUG [0m]: renderer: cleared a snapshot of layer 559988917090
[1;32mDEBUG [0m]: renderer: rendered a snapshot of layer 559988917090
[1;32mDEBUG [0m]: renderer: made a snapshot of layer 559988917090
[1;32mDEBUG [0m]: CWLSurface 559987f577e0 called destroy()
[1;32mDEBUG [0m]: Cleanup: removed 1 fadeouts
[1;32mDEBUG [0m]: [CWLCompositorResource] New wl_surface with id 94 at 559988760eb0
[1;32mDEBUG [0m]: CWLSurface 559988264b00 called init()
[1;32mDEBUG [0m]: LayerSurface 55998826b9f0 (namespace putkin-panel layer 3) created on monitor HEADLESS-1
[1;32mDEBUG [0m]: [CLayerShellProtocol] New wlr_layer_surface 55998826b9f0
[1;32mDEBUG [0m]: [CPrimarySelectionProtocol] CPrimarySelectionProtocol::updateSelection: cannot send selection to a client without a data_device
[1;32mDEBUG [0m]: [CWLCompositorResource] New wl_region with id 92 at 55998823bf60
[1;32mDEBUG [0m]: [CLinuxDMABUFParamsResource] Creating a dmabuf, with id 40: size [Vector2D: x: 368, y: 130], fmt AR24, planes 1
[1;32mDEBUG [0m]: [CLinuxDMABUFParamsResource]  | plane 0: mod 72057594037927952 fd 76 stride 1536 offset 0
[1;32mDEBUG [0m]: cursorImage request: shape 1 -> default
[1;32mDEBUG [0m]: LayerSurface 55998826b9f0 mapped
[1;32mDEBUG [0m]: [CLinuxDMABUFParamsResource] Creating a dmabuf, with id 75: size [Vector2D: x: 368, y: 130], fmt AR24, planes 1
[1;32mDEBUG [0m]: [CLinuxDMABUFParamsResource]  | plane 0: mod 72057594037927952 fd 80 stride 1536 offset 0
[1;32mDEBUG [0m]: [CLinuxDMABUFParamsResource] Creating a dmabuf, with id 86: size [Vector2D: x: 368, y: 1072], fmt AR24, planes 1
[1;32mDEBUG [0m]: [CLinuxDMABUFParamsResource]  | plane 0: mod 72057594037927952 fd 82 stride 1536 offset 0
[1;32mDEBUG [0m]: [CLinuxDMABUFParamsResource] Creating a dmabuf, with id 108: size [Vector2D: x: 368, y: 1072], fmt AR24, planes 1
[1;32mDEBUG [0m]: [CLinuxDMABUFParamsResource]  | plane 0: mod 72057594037927952 fd 80 stride 1536 offset 0
[1;32mDEBUG [0m]: [CWLSeatProtocol] New seat resource bound at 5599889150f0
[1;32mDEBUG [0m]: [CVirtualKeyboardProtocol] New VKeyboard at id 5
[1;32mDEBUG [0m]: ApplyConfigToKeyboard for "hl-virtual-keyboard-wtype", hasconfig: 0
[1;32mDEBUG [0m]: Attempting to create a keymap for layout us with variant  (rules: , model: , options: )
[1;32mDEBUG [0m]: Updating keyboard 55998829dee0's translation state from a provided keymap
[1;32mDEBUG [0m]: xkb: LED index 0 (name Num Lock) got index 1
[1;32mDEBUG [0m]: xkb: LED index 1 (name Caps Lock) got index 0
[1;32mDEBUG [0m]: xkb: LED index 2 (name Scroll Lock) got index 2
[1;32mDEBUG [0m]: xkb: Mod index 0 (name Shift) got index 0
[1;32mDEBUG [0m]: xkb: Mod index 1 (name Lock) got index 1
[1;32mDEBUG [0m]: xkb: Mod index 2 (name Control) got index 2
[1;32mDEBUG [0m]: xkb: Mod index 3 (name Mod1) got index 3
[1;32mDEBUG [0m]: xkb: Mod index 4 (name Mod2) got index 4
[1;32mDEBUG [0m]: xkb: Mod index 5 (name Mod3) got index 5
[1;32mDEBUG [0m]: xkb: Mod index 6 (name Mod4) got index 6
[1;32mDEBUG [0m]: xkb: Mod index 7 (name Mod5) got index 7
[1;32mDEBUG [0m]: Updating keymap fd for keyboard hl-virtual-keyboard-wtype
[1;32mDEBUG [0m]: Updated keymap fd to 91, keymap V1 to: 93
[1;32mDEBUG [0m]: Set the keyboard layout to us and variant to  for keyboard "hl-virtual-keyboard-wtype"
[1;32mDEBUG [0m]: New virtual keyboard created at 55998829dee0
[1;32mDEBUG [0m]: Updating keyboard 55998829dee0's translation state from a provided keymap
[1;32mDEBUG [0m]: Updating keymap fd for keyboard hl-virtual-keyboard-wtype
[1;32mDEBUG [0m]: Updated keymap fd to 91, keymap V1 to: 93
[1;32mDEBUG [0m]: Keyboard at 55998829dee0 removed
[1;32mDEBUG [0m]: Destroyed keyboard 55998829dee0
[1;32mDEBUG [0m]: [CWLSeatProtocol] New seat resource bound at 55998846fe00
[1;32mDEBUG [0m]: [CVirtualKeyboardProtocol] New VKeyboard at id 5
[1;32mDEBUG [0m]: ApplyConfigToKeyboard for "hl-virtual-keyboard-wtype", hasconfig: 0
[1;32mDEBUG [0m]: Attempting to create a keymap for layout us with variant  (rules: , model: , options: )
[1;32mDEBUG [0m]: Updating keyboard 55998829dee0's translation state from a provided keymap
[1;32mDEBUG [0m]: xkb: LED index 0 (name Num Lock) got index 1
[1;32mDEBUG [0m]: xkb: LED index 1 (name Caps Lock) got index 0
[1;32mDEBUG [0m]: xkb: LED index 2 (name Scroll Lock) got index 2
[1;32mDEBUG [0m]: xkb: Mod index 0 (name Shift) got index 0
[1;32mDEBUG [0m]: xkb: Mod index 1 (name Lock) got index 1
[1;32mDEBUG [0m]: xkb: Mod index 2 (name Control) got index 2
[1;32mDEBUG [0m]: xkb: Mod index 3 (name Mod1) got index 3
[1;32mDEBUG [0m]: xkb: Mod index 4 (name Mod2) got index 4
[1;32mDEBUG [0m]: xkb: Mod index 5 (name Mod3) got index 5
[1;32mDEBUG [0m]: xkb: Mod index 6 (name Mod4) got index 6
[1;32mDEBUG [0m]: xkb: Mod index 7 (name Mod5) got index 7
[1;32mDEBUG [0m]: Updating keymap fd for keyboard hl-virtual-keyboard-wtype
[1;32mDEBUG [0m]: Updated keymap fd to 91, keymap V1 to: 93
[1;32mDEBUG [0m]: Set the keyboard layout to us and variant to  for keyboard "hl-virtual-keyboard-wtype"
[1;32mDEBUG [0m]: New virtual keyboard created at 55998829dee0
[1;32mDEBUG [0m]: Updating keyboard 55998829dee0's translation state from a provided keymap
[1;32mDEBUG [0m]: Updating keymap fd for keyboard hl-virtual-keyboard-wtype
[1;32mDEBUG [0m]: Updated keymap fd to 91, keymap V1 to: 93
[1;32mDEBUG [0m]: Keyboard at 55998829dee0 removed
[1;32mDEBUG [0m]: Destroyed keyboard 55998829dee0
[1;32mDEBUG [0m]: [CWLSeatProtocol] New seat resource bound at 5599888ba720
[1;32mDEBUG [0m]: [CVirtualKeyboardProtocol] New VKeyboard at id 5
[1;32mDEBUG [0m]: ApplyConfigToKeyboard for "hl-virtual-keyboard-wtype", hasconfig: 0
[1;32mDEBUG [0m]: Attempting to create a keymap for layout us with variant  (rules: , model: , options: )
[1;32mDEBUG [0m]: Updating keyboard 55998829dee0's translation state from a provided keymap
[1;32mDEBUG [0m]: xkb: LED index 0 (name Num Lock) got index 1
[1;32mDEBUG [0m]: xkb: LED index 1 (name Caps Lock) got index 0
[1;32mDEBUG [0m]: xkb: LED index 2 (name Scroll Lock) got index 2
[1;32mDEBUG [0m]: xkb: Mod index 0 (name Shift) got index 0
[1;32mDEBUG [0m]: xkb: Mod index 1 (name Lock) got index 1
[1;32mDEBUG [0m]: xkb: Mod index 2 (name Control) got index 2
[1;32mDEBUG [0m]: xkb: Mod index 3 (name Mod1) got index 3
[1;32mDEBUG [0m]: xkb: Mod index 4 (name Mod2) got index 4
[1;32mDEBUG [0m]: xkb: Mod index 5 (name Mod3) got index 5
[1;32mDEBUG [0m]: xkb: Mod index 6 (name Mod4) got index 6
[1;32mDEBUG [0m]: xkb: Mod index 7 (name Mod5) got index 7
[1;32mDEBUG [0m]: Updating keymap fd for keyboard hl-virtual-keyboard-wtype
[1;32mDEBUG [0m]: Updated keymap fd to 91, keymap V1 to: 93
[1;32mDEBUG [0m]: Set the keyboard layout to us and variant to  for keyboard "hl-virtual-keyboard-wtype"
[1;32mDEBUG [0m]: New virtual keyboard created at 55998829dee0
[1;32mDEBUG [0m]: Updating keyboard 55998829dee0's translation state from a provided keymap
[1;32mDEBUG [0m]: Updating keymap fd for keyboard hl-virtual-keyboard-wtype
[1;32mDEBUG [0m]: Updated keymap fd to 91, keymap V1 to: 93
[1;32mDEBUG [0m]: Keyboard at 55998829dee0 removed
[1;32mDEBUG [0m]: Destroyed keyboard 55998829dee0
[1;32mDEBUG [0m]: [CWLSeatProtocol] New seat resource bound at 5599883f0480
[1;32mDEBUG [0m]: [CVirtualKeyboardProtocol] New VKeyboard at id 5
[1;32mDEBUG [0m]: ApplyConfigToKeyboard for "hl-virtual-keyboard-wtype", hasconfig: 0
[1;32mDEBUG [0m]: Attempting to create a keymap for layout us with variant  (rules: , model: , options: )
[1;32mDEBUG [0m]: Updating keyboard 55998829dee0's translation state from a provided keymap
[1;32mDEBUG [0m]: xkb: LED index 0 (name Num Lock) got index 1
[1;32mDEBUG [0m]: xkb: LED index 1 (name Caps Lock) got index 0
[1;32mDEBUG [0m]: xkb: LED index 2 (name Scroll Lock) got index 2
[1;32mDEBUG [0m]: xkb: Mod index 0 (name Shift) got index 0
[1;32mDEBUG [0m]: xkb: Mod index 1 (name Lock) got index 1
[1;32mDEBUG [0m]: xkb: Mod index 2 (name Control) got index 2
[1;32mDEBUG [0m]: xkb: Mod index 3 (name Mod1) got index 3
[1;32mDEBUG [0m]: xkb: Mod index 4 (name Mod2) got index 4
[1;32mDEBUG [0m]: xkb: Mod index 5 (name Mod3) got index 5
[1;32mDEBUG [0m]: xkb: Mod index 6 (name Mod4) got index 6
[1;32mDEBUG [0m]: xkb: Mod index 7 (name Mod5) got index 7
[1;32mDEBUG [0m]: Updating keymap fd for keyboard hl-virtual-keyboard-wtype
[1;32mDEBUG [0m]: Updated keymap fd to 91, keymap V1 to: 93
[1;32mDEBUG [0m]: Set the keyboard layout to us and variant to  for keyboard "hl-virtual-keyboard-wtype"
[1;32mDEBUG [0m]: New virtual keyboard created at 55998829dee0
[1;32mDEBUG [0m]: Updating keyboard 55998829dee0's translation state from a provided keymap
[1;32mDEBUG [0m]: Updating keymap fd for keyboard hl-virtual-keyboard-wtype
[1;32mDEBUG [0m]: Updated keymap fd to 91, keymap V1 to: 93
[1;32mDEBUG [0m]: Keyboard at 55998829dee0 removed
[1;32mDEBUG [0m]: Destroyed keyboard 55998829dee0
[1;32mDEBUG [0m]: [CWLSeatProtocol] New seat resource bound at 5599889adeb0
[1;32mDEBUG [0m]: [CVirtualKeyboardProtocol] New VKeyboard at id 5
[1;32mDEBUG [0m]: ApplyConfigToKeyboard for "hl-virtual-keyboard-wtype", hasconfig: 0
[1;32mDEBUG [0m]: Attempting to create a keymap for layout us with variant  (rules: , model: , options: )
[1;32mDEBUG [0m]: Updating keyboard 55998829dee0's translation state from a provided keymap
[1;32mDEBUG [0m]: xkb: LED index 0 (name Num Lock) got index 1
[1;32mDEBUG [0m]: xkb: LED index 1 (name Caps Lock) got index 0
[1;32mDEBUG [0m]: xkb: LED index 2 (name Scroll Lock) got index 2
[1;32mDEBUG [0m]: xkb: Mod index 0 (name Shift) got index 0
[1;32mDEBUG [0m]: xkb: Mod index 1 (name Lock) got index 1
[1;32mDEBUG [0m]: xkb: Mod index 2 (name Control) got index 2
[1;32mDEBUG [0m]: xkb: Mod index 3 (name Mod1) got index 3
[1;32mDEBUG [0m]: xkb: Mod index 4 (name Mod2) got index 4
[1;32mDEBUG [0m]: xkb: Mod index 5 (name Mod3) got index 5
[1;32mDEBUG [0m]: xkb: Mod index 6 (name Mod4) got index 6
[1;32mDEBUG [0m]: xkb: Mod index 7 (name Mod5) got index 7
[1;32mDEBUG [0m]: Updating keymap fd for keyboard hl-virtual-keyboard-wtype
[1;32mDEBUG [0m]: Updated keymap fd to 91, keymap V1 to: 93
[1;32mDEBUG [0m]: Set the keyboard layout to us and variant to  for keyboard "hl-virtual-keyboard-wtype"
[1;32mDEBUG [0m]: New virtual keyboard created at 55998829dee0
[1;32mDEBUG [0m]: Updating keyboard 55998829dee0's translation state from a provided keymap
[1;32mDEBUG [0m]: Updating keymap fd for keyboard hl-virtual-keyboard-wtype
[1;32mDEBUG [0m]: Updated keymap fd to 91, keymap V1 to: 93
[1;32mDEBUG [0m]: Keyboard at 55998829dee0 removed
[1;32mDEBUG [0m]: Destroyed keyboard 55998829dee0
[1;32mDEBUG [0m]: [CWLSeatProtocol] New seat resource bound at 559988349400
[1;32mDEBUG [0m]: [CVirtualKeyboardProtocol] New VKeyboard at id 5
[1;32mDEBUG [0m]: ApplyConfigToKeyboard for "hl-virtual-keyboard-wtype", hasconfig: 0
[1;32mDEBUG [0m]: Attempting to create a keymap for layout us with variant  (rules: , model: , options: )
[1;32mDEBUG [0m]: Updating keyboard 55998829dee0's translation state from a provided keymap
[1;32mDEBUG [0m]: xkb: LED index 0 (name Num Lock) got index 1
[1;32mDEBUG [0m]: xkb: LED index 1 (name Caps Lock) got index 0
[1;32mDEBUG [0m]: xkb: LED index 2 (name Scroll Lock) got index 2
[1;32mDEBUG [0m]: xkb: Mod index 0 (name Shift) got index 0
[1;32mDEBUG [0m]: xkb: Mod index 1 (name Lock) got index 1
[1;32mDEBUG [0m]: xkb: Mod index 2 (name Control) got index 2
[1;32mDEBUG [0m]: xkb: Mod index 3 (name Mod1) got index 3
[1;32mDEBUG [0m]: xkb: Mod index 4 (name Mod2) got index 4
[1;32mDEBUG [0m]: xkb: Mod index 5 (name Mod3) got index 5
[1;32mDEBUG [0m]: xkb: Mod index 6 (name Mod4) got index 6
[1;32mDEBUG [0m]: xkb: Mod index 7 (name Mod5) got index 7
[1;32mDEBUG [0m]: Updating keymap fd for keyboard hl-virtual-keyboard-wtype
[1;32mDEBUG [0m]: Updated keymap fd to 91, keymap V1 to: 93
[1;32mDEBUG [0m]: Set the keyboard layout to us and variant to  for keyboard "hl-virtual-keyboard-wtype"
[1;32mDEBUG [0m]: New virtual keyboard created at 55998829dee0
[1;32mDEBUG [0m]: Updating keyboard 55998829dee0's translation state from a provided keymap
[1;32mDEBUG [0m]: Updating keymap fd for keyboard hl-virtual-keyboard-wtype
[1;32mDEBUG [0m]: Updated keymap fd to 91, keymap V1 to: 93
[1;32mDEBUG [0m]: Keyboard at 55998829dee0 removed
[1;32mDEBUG [0m]: Destroyed keyboard 55998829dee0
[1;32mDEBUG [0m]: [CWLSeatProtocol] New seat resource bound at 55998886d690
[1;32mDEBUG [0m]: [CVirtualKeyboardProtocol] New VKeyboard at id 5
[1;32mDEBUG [0m]: ApplyConfigToKeyboard for "hl-virtual-keyboard-wtype", hasconfig: 0
[1;32mDEBUG [0m]: Attempting to create a keymap for layout us with variant  (rules: , model: , options: )
[1;32mDEBUG [0m]: Updating keyboard 55998829dee0's translation state from a provided keymap
[1;32mDEBUG [0m]: xkb: LED index 0 (name Num Lock) got index 1
[1;32mDEBUG [0m]: xkb: LED index 1 (name Caps Lock) got index 0
[1;32mDEBUG [0m]: xkb: LED index 2 (name Scroll Lock) got index 2
[1;32mDEBUG [0m]: xkb: Mod index 0 (name Shift) got index 0
[1;32mDEBUG [0m]: xkb: Mod index 1 (name Lock) got index 1
[1;32mDEBUG [0m]: xkb: Mod index 2 (name Control) got index 2
[1;32mDEBUG [0m]: xkb: Mod index 3 (name Mod1) got index 3
[1;32mDEBUG [0m]: xkb: Mod index 4 (name Mod2) got index 4
[1;32mDEBUG [0m]: xkb: Mod index 5 (name Mod3) got index 5
[1;32mDEBUG [0m]: xkb: Mod index 6 (name Mod4) got index 6
[1;32mDEBUG [0m]: xkb: Mod index 7 (name Mod5) got index 7
[1;32mDEBUG [0m]: Updating keymap fd for keyboard hl-virtual-keyboard-wtype
[1;32mDEBUG [0m]: Updated keymap fd to 91, keymap V1 to: 93
[1;32mDEBUG [0m]: Set the keyboard layout to us and variant to  for keyboard "hl-virtual-keyboard-wtype"
[1;32mDEBUG [0m]: New virtual keyboard created at 55998829dee0
[1;32mDEBUG [0m]: Updating keyboard 55998829dee0's translation state from a provided keymap
[1;32mDEBUG [0m]: Updating keymap fd for keyboard hl-virtual-keyboard-wtype
[1;32mDEBUG [0m]: Updated keymap fd to 91, keymap V1 to: 93
[1;32mDEBUG [0m]: Keyboard at 55998829dee0 removed
[1;32mDEBUG [0m]: Destroyed keyboard 55998829dee0
[1;32mDEBUG [0m]: [CWLSeatProtocol] New seat resource bound at 559987014bd0
[1;32mDEBUG [0m]: [CVirtualKeyboardProtocol] New VKeyboard at id 5
[1;32mDEBUG [0m]: ApplyConfigToKeyboard for "hl-virtual-keyboard-wtype", hasconfig: 0
[1;32mDEBUG [0m]: Attempting to create a keymap for layout us with variant  (rules: , model: , options: )
[1;32mDEBUG [0m]: Updating keyboard 55998829dee0's translation state from a provided keymap
[1;32mDEBUG [0m]: xkb: LED index 0 (name Num Lock) got index 1
[1;32mDEBUG [0m]: xkb: LED index 1 (name Caps Lock) got index 0
[1;32mDEBUG [0m]: xkb: LED index 2 (name Scroll Lock) got index 2
[1;32mDEBUG [0m]: xkb: Mod index 0 (name Shift) got index 0
[1;32mDEBUG [0m]: xkb: Mod index 1 (name Lock) got index 1
[1;32mDEBUG [0m]: xkb: Mod index 2 (name Control) got index 2
[1;32mDEBUG [0m]: xkb: Mod index 3 (name Mod1) got index 3
[1;32mDEBUG [0m]: xkb: Mod index 4 (name Mod2) got index 4
[1;32mDEBUG [0m]: xkb: Mod index 5 (name Mod3) got index 5
[1;32mDEBUG [0m]: xkb: Mod index 6 (name Mod4) got index 6
[1;32mDEBUG [0m]: xkb: Mod index 7 (name Mod5) got index 7
[1;32mDEBUG [0m]: Updating keymap fd for keyboard hl-virtual-keyboard-wtype
[1;32mDEBUG [0m]: Updated keymap fd to 91, keymap V1 to: 93
[1;32mDEBUG [0m]: Set the keyboard layout to us and variant to  for keyboard "hl-virtual-keyboard-wtype"
[1;32mDEBUG [0m]: New virtual keyboard created at 55998829dee0
[1;32mDEBUG [0m]: Updating keyboard 55998829dee0's translation state from a provided keymap
[1;32mDEBUG [0m]: Updating keymap fd for keyboard hl-virtual-keyboard-wtype
[1;32mDEBUG [0m]: Updated keymap fd to 91, keymap V1 to: 93
[1;32mDEBUG [0m]: Keyboard at 55998829dee0 removed
[1;32mDEBUG [0m]: Destroyed keyboard 55998829dee0
[1;32mDEBUG [0m]: [CWLSeatProtocol] New seat resource bound at 559988656f70
[1;32mDEBUG [0m]: [CVirtualKeyboardProtocol] New VKeyboard at id 5
[1;32mDEBUG [0m]: ApplyConfigToKeyboard for "hl-virtual-keyboard-wtype", hasconfig: 0
[1;32mDEBUG [0m]: Attempting to create a keymap for layout us with variant  (rules: , model: , options: )
[1;32mDEBUG [0m]: Updating keyboard 55998829dee0's translation state from a provided keymap
[1;32mDEBUG [0m]: xkb: LED index 0 (name Num Lock) got index 1
[1;32mDEBUG [0m]: xkb: LED index 1 (name Caps Lock) got index 0
[1;32mDEBUG [0m]: xkb: LED index 2 (name Scroll Lock) got index 2
[1;32mDEBUG [0m]: xkb: Mod index 0 (name Shift) got index 0
[1;32mDEBUG [0m]: xkb: Mod index 1 (name Lock) got index 1
[1;32mDEBUG [0m]: xkb: Mod index 2 (name Control) got index 2
[1;32mDEBUG [0m]: xkb: Mod index 3 (name Mod1) got index 3
[1;32mDEBUG [0m]: xkb: Mod index 4 (name Mod2) got index 4
[1;32mDEBUG [0m]: xkb: Mod index 5 (name Mod3) got index 5
[1;32mDEBUG [0m]: xkb: Mod index 6 (name Mod4) got index 6
[1;32mDEBUG [0m]: xkb: Mod index 7 (name Mod5) got index 7
[1;32mDEBUG [0m]: Updating keymap fd for keyboard hl-virtual-keyboard-wtype
[1;32mDEBUG [0m]: Updated keymap fd to 91, keymap V1 to: 93
[1;32mDEBUG [0m]: Set the keyboard layout to us and variant to  for keyboard "hl-virtual-keyboard-wtype"
[1;32mDEBUG [0m]: New virtual keyboard created at 55998829dee0
[1;32mDEBUG [0m]: Updating keyboard 55998829dee0's translation state from a provided keymap
[1;32mDEBUG [0m]: Updating keymap fd for keyboard hl-virtual-keyboard-wtype
[1;32mDEBUG [0m]: Updated keymap fd to 91, keymap V1 to: 93
[1;32mDEBUG [0m]: Keyboard at 55998829dee0 removed
[1;32mDEBUG [0m]: Destroyed keyboard 55998829dee0
[1;32mDEBUG [0m]: [CWLSeatProtocol] New seat resource bound at 5599888ebc00
[1;32mDEBUG [0m]: [CVirtualKeyboardProtocol] New VKeyboard at id 5
[1;32mDEBUG [0m]: ApplyConfigToKeyboard for "hl-virtual-keyboard-wtype", hasconfig: 0
[1;32mDEBUG [0m]: Attempting to create a keymap for layout us with variant  (rules: , model: , options: )
[1;32mDEBUG [0m]: Updating keyboard 55998829dee0's translation state from a provided keymap
[1;32mDEBUG [0m]: xkb: LED index 0 (name Num Lock) got index 1
[1;32mDEBUG [0m]: xkb: LED index 1 (name Caps Lock) got index 0
[1;32mDEBUG [0m]: xkb: LED index 2 (name Scroll Lock) got index 2
[1;32mDEBUG [0m]: xkb: Mod index 0 (name Shift) got index 0
[1;32mDEBUG [0m]: xkb: Mod index 1 (name Lock) got index 1
[1;32mDEBUG [0m]: xkb: Mod index 2 (name Control) got index 2
[1;32mDEBUG [0m]: xkb: Mod index 3 (name Mod1) got index 3
[1;32mDEBUG [0m]: xkb: Mod index 4 (name Mod2) got index 4
[1;32mDEBUG [0m]: xkb: Mod index 5 (name Mod3) got index 5
[1;32mDEBUG [0m]: xkb: Mod index 6 (name Mod4) got index 6
[1;32mDEBUG [0m]: xkb: Mod index 7 (name Mod5) got index 7
[1;32mDEBUG [0m]: Updating keymap fd for keyboard hl-virtual-keyboard-wtype
[1;32mDEBUG [0m]: Updated keymap fd to 91, keymap V1 to: 93
[1;32mDEBUG [0m]: Set the keyboard layout to us and variant to  for keyboard "hl-virtual-keyboard-wtype"
[1;32mDEBUG [0m]: New virtual keyboard created at 55998829dee0
[1;32mDEBUG [0m]: Updating keyboard 55998829dee0's translation state from a provided keymap
[1;32mDEBUG [0m]: Updating keymap fd for keyboard hl-virtual-keyboard-wtype
[1;32mDEBUG [0m]: Updated keymap fd to 91, keymap V1 to: 93
[1;32mDEBUG [0m]: Keyboard at 55998829dee0 removed
[1;32mDEBUG [0m]: Destroyed keyboard 55998829dee0
[1;32mDEBUG [0m]: [CWLSeatProtocol] New seat resource bound at 55998886b9a0
[1;32mDEBUG [0m]: [CVirtualKeyboardProtocol] New VKeyboard at id 5
[1;32mDEBUG [0m]: ApplyConfigToKeyboard for "hl-virtual-keyboard-wtype", hasconfig: 0
[1;32mDEBUG [0m]: Attempting to create a keymap for layout us with variant  (rules: , model: , options: )
[1;32mDEBUG [0m]: Updating keyboard 55998829dee0's translation state from a provided keymap
[1;32mDEBUG [0m]: xkb: LED index 0 (name Num Lock) got index 1
[1;32mDEBUG [0m]: xkb: LED index 1 (name Caps Lock) got index 0
[1;32mDEBUG [0m]: xkb: LED index 2 (name Scroll Lock) got index 2
[1;32mDEBUG [0m]: xkb: Mod index 0 (name Shift) got index 0
[1;32mDEBUG [0m]: xkb: Mod index 1 (name Lock) got index 1
[1;32mDEBUG [0m]: xkb: Mod index 2 (name Control) got index 2
[1;32mDEBUG [0m]: xkb: Mod index 3 (name Mod1) got index 3
[1;32mDEBUG [0m]: xkb: Mod index 4 (name Mod2) got index 4
[1;32mDEBUG [0m]: xkb: Mod index 5 (name Mod3) got index 5
[1;32mDEBUG [0m]: xkb: Mod index 6 (name Mod4) got index 6
[1;32mDEBUG [0m]: xkb: Mod index 7 (name Mod5) got index 7
[1;32mDEBUG [0m]: Updating keymap fd for keyboard hl-virtual-keyboard-wtype
[1;32mDEBUG [0m]: Updated keymap fd to 91, keymap V1 to: 93
[1;32mDEBUG [0m]: Set the keyboard layout to us and variant to  for keyboard "hl-virtual-keyboard-wtype"
[1;32mDEBUG [0m]: New virtual keyboard created at 55998829dee0
[1;32mDEBUG [0m]: Updating keyboard 55998829dee0's translation state from a provided keymap
[1;32mDEBUG [0m]: Updating keymap fd for keyboard hl-virtual-keyboard-wtype
[1;32mDEBUG [0m]: Updated keymap fd to 91, keymap V1 to: 93
[1;32mDEBUG [0m]: Keyboard at 55998829dee0 removed
[1;32mDEBUG [0m]: Destroyed keyboard 55998829dee0
[1;32mDEBUG [0m]: [CWLSeatProtocol] New seat resource bound at 55998891c390
[1;32mDEBUG [0m]: [CVirtualKeyboardProtocol] New VKeyboard at id 5
[1;32mDEBUG [0m]: ApplyConfigToKeyboard for "hl-virtual-keyboard-wtype", hasconfig: 0
[1;32mDEBUG [0m]: Attempting to create a keymap for layout us with variant  (rules: , model: , options: )
[1;32mDEBUG [0m]: Updating keyboard 55998829dee0's translation state from a provided keymap
[1;32mDEBUG [0m]: xkb: LED index 0 (name Num Lock) got index 1
[1;32mDEBUG [0m]: xkb: LED index 1 (name Caps Lock) got index 0
[1;32mDEBUG [0m]: xkb: LED index 2 (name Scroll Lock) got index 2
[1;32mDEBUG [0m]: xkb: Mod index 0 (name Shift) got index 0
[1;32mDEBUG [0m]: xkb: Mod index 1 (name Lock) got index 1
[1;32mDEBUG [0m]: xkb: Mod index 2 (name Control) got index 2
[1;32mDEBUG [0m]: xkb: Mod index 3 (name Mod1) got index 3
[1;32mDEBUG [0m]: xkb: Mod index 4 (name Mod2) got index 4
[1;32mDEBUG [0m]: xkb: Mod index 5 (name Mod3) got index 5
[1;32mDEBUG [0m]: xkb: Mod index 6 (name Mod4) got index 6
[1;32mDEBUG [0m]: xkb: Mod index 7 (name Mod5) got index 7
[1;32mDEBUG [0m]: Updating keymap fd for keyboard hl-virtual-keyboard-wtype
[1;32mDEBUG [0m]: Updated keymap fd to 91, keymap V1 to: 93
[1;32mDEBUG [0m]: Set the keyboard layout to us and variant to  for keyboard "hl-virtual-keyboard-wtype"
[1;32mDEBUG [0m]: New virtual keyboard created at 55998829dee0
[1;32mDEBUG [0m]: Updating keyboard 55998829dee0's translation state from a provided keymap
[1;32mDEBUG [0m]: Updating keymap fd for keyboard hl-virtual-keyboard-wtype
[1;32mDEBUG [0m]: Updated keymap fd to 91, keymap V1 to: 93
[1;32mDEBUG [0m]: Keyboard at 55998829dee0 removed
[1;32mDEBUG [0m]: Destroyed keyboard 55998829dee0
[1;32mDEBUG [0m]: [CWLSeatProtocol] New seat resource bound at 5599889dd440
[1;32mDEBUG [0m]: [CVirtualKeyboardProtocol] New VKeyboard at id 5
[1;32mDEBUG [0m]: ApplyConfigToKeyboard for "hl-virtual-keyboard-wtype", hasconfig: 0
[1;32mDEBUG [0m]: Attempting to create a keymap for layout us with variant  (rules: , model: , options: )
[1;32mDEBUG [0m]: Updating keyboard 55998829dee0's translation state from a provided keymap
[1;32mDEBUG [0m]: xkb: LED index 0 (name Num Lock) got index 1
[1;32mDEBUG [0m]: xkb: LED index 1 (name Caps Lock) got index 0
[1;32mDEBUG [0m]: xkb: LED index 2 (name Scroll Lock) got index 2
[1;32mDEBUG [0m]: xkb: Mod index 0 (name Shift) got index 0
[1;32mDEBUG [0m]: xkb: Mod index 1 (name Lock) got index 1
[1;32mDEBUG [0m]: xkb: Mod index 2 (name Control) got index 2
[1;32mDEBUG [0m]: xkb: Mod index 3 (name Mod1) got index 3
[1;32mDEBUG [0m]: xkb: Mod index 4 (name Mod2) got index 4
[1;32mDEBUG [0m]: xkb: Mod index 5 (name Mod3) got index 5
[1;32mDEBUG [0m]: xkb: Mod index 6 (name Mod4) got index 6
[1;32mDEBUG [0m]: xkb: Mod index 7 (name Mod5) got index 7
[1;32mDEBUG [0m]: Updating keymap fd for keyboard hl-virtual-keyboard-wtype
[1;32mDEBUG [0m]: Updated keymap fd to 91, keymap V1 to: 93
[1;32mDEBUG [0m]: Set the keyboard layout to us and variant to  for keyboard "hl-virtual-keyboard-wtype"
[1;32mDEBUG [0m]: New virtual keyboard created at 55998829dee0
[1;32mDEBUG [0m]: Updating keyboard 55998829dee0's translation state from a provided keymap
[1;32mDEBUG [0m]: Updating keymap fd for keyboard hl-virtual-keyboard-wtype
[1;32mDEBUG [0m]: Updated keymap fd to 91, keymap V1 to: 93
[1;32mDEBUG [0m]: Keyboard at 55998829dee0 removed
[1;32mDEBUG [0m]: Destroyed keyboard 55998829dee0
[1;32mDEBUG [0m]: [CWLSeatProtocol] New seat resource bound at 5599889cbc50
[1;32mDEBUG [0m]: [CVirtualKeyboardProtocol] New VKeyboard at id 5
[1;32mDEBUG [0m]: ApplyConfigToKeyboard for "hl-virtual-keyboard-wtype", hasconfig: 0
[1;32mDEBUG [0m]: Attempting to create a keymap for layout us with variant  (rules: , model: , options: )
[1;32mDEBUG [0m]: Updating keyboard 55998829dee0's translation state from a provided keymap
[1;32mDEBUG [0m]: xkb: LED index 0 (name Num Lock) got index 1
[1;32mDEBUG [0m]: xkb: LED index 1 (name Caps Lock) got index 0
[1;32mDEBUG [0m]: xkb: LED index 2 (name Scroll Lock) got index 2
[1;32mDEBUG [0m]: xkb: Mod index 0 (name Shift) got index 0
[1;32mDEBUG [0m]: xkb: Mod index 1 (name Lock) got index 1
[1;32mDEBUG [0m]: xkb: Mod index 2 (name Control) got index 2
[1;32mDEBUG [0m]: xkb: Mod index 3 (name Mod1) got index 3
[1;32mDEBUG [0m]: xkb: Mod index 4 (name Mod2) got index 4
[1;32mDEBUG [0m]: xkb: Mod index 5 (name Mod3) got index 5
[1;32mDEBUG [0m]: xkb: Mod index 6 (name Mod4) got index 6
[1;32mDEBUG [0m]: xkb: Mod index 7 (name Mod5) got index 7
[1;32mDEBUG [0m]: Updating keymap fd for keyboard hl-virtual-keyboard-wtype
[1;32mDEBUG [0m]: Updated keymap fd to 91, keymap V1 to: 93
[1;32mDEBUG [0m]: Set the keyboard layout to us and variant to  for keyboard "hl-virtual-keyboard-wtype"
[1;32mDEBUG [0m]: New virtual keyboard created at 55998829dee0
[1;32mDEBUG [0m]: Updating keyboard 55998829dee0's translation state from a provided keymap
[1;32mDEBUG [0m]: Updating keymap fd for keyboard hl-virtual-keyboard-wtype
[1;32mDEBUG [0m]: Updated keymap fd to 91, keymap V1 to: 93
[1;32mDEBUG [0m]: Keyboard at 55998829dee0 removed
[1;32mDEBUG [0m]: Destroyed keyboard 55998829dee0
[1;32mDEBUG [0m]: [CWLSeatProtocol] New seat resource bound at 5599889dd410
[1;32mDEBUG [0m]: [CVirtualKeyboardProtocol] New VKeyboard at id 5
[1;32mDEBUG [0m]: ApplyConfigToKeyboard for "hl-virtual-keyboard-wtype", hasconfig: 0
[1;32mDEBUG [0m]: Attempting to create a keymap for layout us with variant  (rules: , model: , options: )
[1;32mDEBUG [0m]: Updating keyboard 55998829dee0's translation state from a provided keymap
[1;32mDEBUG [0m]: xkb: LED index 0 (name Num Lock) got index 1
[1;32mDEBUG [0m]: xkb: LED index 1 (name Caps Lock) got index 0
[1;32mDEBUG [0m]: xkb: LED index 2 (name Scroll Lock) got index 2
[1;32mDEBUG [0m]: xkb: Mod index 0 (name Shift) got index 0
[1;32mDEBUG [0m]: xkb: Mod index 1 (name Lock) got index 1
[1;32mDEBUG [0m]: xkb: Mod index 2 (name Control) got index 2
[1;32mDEBUG [0m]: xkb: Mod index 3 (name Mod1) got index 3
[1;32mDEBUG [0m]: xkb: Mod index 4 (name Mod2) got index 4
[1;32mDEBUG [0m]: xkb: Mod index 5 (name Mod3) got index 5
[1;32mDEBUG [0m]: xkb: Mod index 6 (name Mod4) got index 6
[1;32mDEBUG [0m]: xkb: Mod index 7 (name Mod5) got index 7
[1;32mDEBUG [0m]: Updating keymap fd for keyboard hl-virtual-keyboard-wtype
[1;32mDEBUG [0m]: Updated keymap fd to 91, keymap V1 to: 93
[1;32mDEBUG [0m]: Set the keyboard layout to us and variant to  for keyboard "hl-virtual-keyboard-wtype"
[1;32mDEBUG [0m]: New virtual keyboard created at 55998829dee0
[1;32mDEBUG [0m]: Updating keyboard 55998829dee0's translation state from a provided keymap
[1;32mDEBUG [0m]: Updating keymap fd for keyboard hl-virtual-keyboard-wtype
[1;32mDEBUG [0m]: Updated keymap fd to 91, keymap V1 to: 93
[1;32mDEBUG [0m]: Keyboard at 55998829dee0 removed
[1;32mDEBUG [0m]: Destroyed keyboard 55998829dee0
[1;32mDEBUG [0m]: [CWLSeatProtocol] New seat resource bound at 559988845a50
[1;32mDEBUG [0m]: [CVirtualKeyboardProtocol] New VKeyboard at id 5
[1;32mDEBUG [0m]: ApplyConfigToKeyboard for "hl-virtual-keyboard-wtype", hasconfig: 0
[1;32mDEBUG [0m]: Attempting to create a keymap for layout us with variant  (rules: , model: , options: )
[1;32mDEBUG [0m]: Updating keyboard 55998829dee0's translation state from a provided keymap
[1;32mDEBUG [0m]: xkb: LED index 0 (name Num Lock) got index 1
[1;32mDEBUG [0m]: xkb: LED index 1 (name Caps Lock) got index 0
[1;32mDEBUG [0m]: xkb: LED index 2 (name Scroll Lock) got index 2
[1;32mDEBUG [0m]: xkb: Mod index 0 (name Shift) got index 0
[1;32mDEBUG [0m]: xkb: Mod index 1 (name Lock) got index 1
[1;32mDEBUG [0m]: xkb: Mod index 2 (name Control) got index 2
[1;32mDEBUG [0m]: xkb: Mod index 3 (name Mod1) got index 3
[1;32mDEBUG [0m]: xkb: Mod index 4 (name Mod2) got index 4
[1;32mDEBUG [0m]: xkb: Mod index 5 (name Mod3) got index 5
[1;32mDEBUG [0m]: xkb: Mod index 6 (name Mod4) got index 6
[1;32mDEBUG [0m]: xkb: Mod index 7 (name Mod5) got index 7
[1;32mDEBUG [0m]: Updating keymap fd for keyboard hl-virtual-keyboard-wtype
[1;32mDEBUG [0m]: Updated keymap fd to 91, keymap V1 to: 93
[1;32mDEBUG [0m]: Set the keyboard layout to us and variant to  for keyboard "hl-virtual-keyboard-wtype"
[1;32mDEBUG [0m]: New virtual keyboard created at 55998829dee0
[1;32mDEBUG [0m]: Updating keyboard 55998829dee0's translation state from a provided keymap
[1;32mDEBUG [0m]: Updating keymap fd for keyboard hl-virtual-keyboard-wtype
[1;32mDEBUG [0m]: Updated keymap fd to 91, keymap V1 to: 93
[1;32mDEBUG [0m]: Keyboard at 55998829dee0 removed
[1;32mDEBUG [0m]: Destroyed keyboard 55998829dee0
[1;32mDEBUG [0m]: [CWLSeatProtocol] New seat resource bound at 559988283ea0
[1;32mDEBUG [0m]: [CVirtualKeyboardProtocol] New VKeyboard at id 5
[1;32mDEBUG [0m]: ApplyConfigToKeyboard for "hl-virtual-keyboard-wtype", hasconfig: 0
[1;32mDEBUG [0m]: Attempting to create a keymap for layout us with variant  (rules: , model: , options: )
[1;32mDEBUG [0m]: Updating keyboard 55998829dee0's translation state from a provided keymap
[1;32mDEBUG [0m]: xkb: LED index 0 (name Num Lock) got index 1
[1;32mDEBUG [0m]: xkb: LED index 1 (name Caps Lock) got index 0
[1;32mDEBUG [0m]: xkb: LED index 2 (name Scroll Lock) got index 2
[1;32mDEBUG [0m]: xkb: Mod index 0 (name Shift) got index 0
[1;32mDEBUG [0m]: xkb: Mod index 1 (name Lock) got index 1
[1;32mDEBUG [0m]: xkb: Mod index 2 (name Control) got index 2
[1;32mDEBUG [0m]: xkb: Mod index 3 (name Mod1) got index 3
[1;32mDEBUG [0m]: xkb: Mod index 4 (name Mod2) got index 4
[1;32mDEBUG [0m]: xkb: Mod index 5 (name Mod3) got index 5
[1;32mDEBUG [0m]: xkb: Mod index 6 (name Mod4) got index 6
[1;32mDEBUG [0m]: xkb: Mod index 7 (name Mod5) got index 7
[1;32mDEBUG [0m]: Updating keymap fd for keyboard hl-virtual-keyboard-wtype
[1;32mDEBUG [0m]: Updated keymap fd to 91, keymap V1 to: 93
[1;32mDEBUG [0m]: Set the keyboard layout to us and variant to  for keyboard "hl-virtual-keyboard-wtype"
[1;32mDEBUG [0m]: New virtual keyboard created at 55998829dee0
[1;32mDEBUG [0m]: Updating keyboard 55998829dee0's translation state from a provided keymap
[1;32mDEBUG [0m]: Updating keymap fd for keyboard hl-virtual-keyboard-wtype
[1;32mDEBUG [0m]: Updated keymap fd to 91, keymap V1 to: 93
[1;32mDEBUG [0m]: Keyboard at 55998829dee0 removed
[1;32mDEBUG [0m]: Destroyed keyboard 55998829dee0
[1;32mDEBUG [0m]: [CWLSeatProtocol] New seat resource bound at 5599888459a0
[1;32mDEBUG [0m]: [CVirtualKeyboardProtocol] New VKeyboard at id 5
[1;32mDEBUG [0m]: ApplyConfigToKeyboard for "hl-virtual-keyboard-wtype", hasconfig: 0
[1;32mDEBUG [0m]: Attempting to create a keymap for layout us with variant  (rules: , model: , options: )
[1;32mDEBUG [0m]: Updating keyboard 55998829dee0's translation state from a provided keymap
[1;32mDEBUG [0m]: xkb: LED index 0 (name Num Lock) got index 1
[1;32mDEBUG [0m]: xkb: LED index 1 (name Caps Lock) got index 0
[1;32mDEBUG [0m]: xkb: LED index 2 (name Scroll Lock) got index 2
[1;32mDEBUG [0m]: xkb: Mod index 0 (name Shift) got index 0
[1;32mDEBUG [0m]: xkb: Mod index 1 (name Lock) got index 1
[1;32mDEBUG [0m]: xkb: Mod index 2 (name Control) got index 2
[1;32mDEBUG [0m]: xkb: Mod index 3 (name Mod1) got index 3
[1;32mDEBUG [0m]: xkb: Mod index 4 (name Mod2) got index 4
[1;32mDEBUG [0m]: xkb: Mod index 5 (name Mod3) got index 5
[1;32mDEBUG [0m]: xkb: Mod index 6 (name Mod4) got index 6
[1;32mDEBUG [0m]: xkb: Mod index 7 (name Mod5) got index 7
[1;32mDEBUG [0m]: Updating keymap fd for keyboard hl-virtual-keyboard-wtype
[1;32mDEBUG [0m]: Updated keymap fd to 91, keymap V1 to: 93
[1;32mDEBUG [0m]: Set the keyboard layout to us and variant to  for keyboard "hl-virtual-keyboard-wtype"
[1;32mDEBUG [0m]: New virtual keyboard created at 55998829dee0
[1;32mDEBUG [0m]: Updating keyboard 55998829dee0's translation state from a provided keymap
[1;32mDEBUG [0m]: Updating keymap fd for keyboard hl-virtual-keyboard-wtype
[1;32mDEBUG [0m]: Updated keymap fd to 91, keymap V1 to: 93
[1;32mDEBUG [0m]: Keyboard at 55998829dee0 removed
[1;32mDEBUG [0m]: Destroyed keyboard 55998829dee0
[1;32mDEBUG [0m]: [CWLSeatProtocol] New seat resource bound at 559988846430
[1;32mDEBUG [0m]: [CVirtualKeyboardProtocol] New VKeyboard at id 5
[1;32mDEBUG [0m]: ApplyConfigToKeyboard for "hl-virtual-keyboard-wtype", hasconfig: 0
[1;32mDEBUG [0m]: Attempting to create a keymap for layout us with variant  (rules: , model: , options: )
[1;32mDEBUG [0m]: Updating keyboard 55998829dee0's translation state from a provided keymap
[1;32mDEBUG [0m]: xkb: LED index 0 (name Num Lock) got index 1
[1;32mDEBUG [0m]: xkb: LED index 1 (name Caps Lock) got index 0
[1;32mDEBUG [0m]: xkb: LED index 2 (name Scroll Lock) got index 2
[1;32mDEBUG [0m]: xkb: Mod index 0 (name Shift) got index 0
[1;32mDEBUG [0m]: xkb: Mod index 1 (name Lock) got index 1
[1;32mDEBUG [0m]: xkb: Mod index 2 (name Control) got index 2
[1;32mDEBUG [0m]: xkb: Mod index 3 (name Mod1) got index 3
[1;32mDEBUG [0m]: xkb: Mod index 4 (name Mod2) got index 4
[1;32mDEBUG [0m]: xkb: Mod index 5 (name Mod3) got index 5
[1;32mDEBUG [0m]: xkb: Mod index 6 (name Mod4) got index 6
[1;32mDEBUG [0m]: xkb: Mod index 7 (name Mod5) got index 7
[1;32mDEBUG [0m]: Updating keymap fd for keyboard hl-virtual-keyboard-wtype
[1;32mDEBUG [0m]: Updated keymap fd to 91, keymap V1 to: 93
[1;32mDEBUG [0m]: Set the keyboard layout to us and variant to  for keyboard "hl-virtual-keyboard-wtype"
[1;32mDEBUG [0m]: New virtual keyboard created at 55998829dee0
[1;32mDEBUG [0m]: Updating keyboard 55998829dee0's translation state from a provided keymap
[1;32mDEBUG [0m]: Updating keymap fd for keyboard hl-virtual-keyboard-wtype
[1;32mDEBUG [0m]: Updated keymap fd to 91, keymap V1 to: 93
[1;32mDEBUG [0m]: Keyboard at 55998829dee0 removed
[1;32mDEBUG [0m]: Destroyed keyboard 55998829dee0
[1;32mDEBUG [0m]: [CWLSeatProtocol] New seat resource bound at 559988845a50
[1;32mDEBUG [0m]: [CVirtualKeyboardProtocol] New VKeyboard at id 5
[1;32mDEBUG [0m]: ApplyConfigToKeyboard for "hl-virtual-keyboard-wtype", hasconfig: 0
[1;32mDEBUG [0m]: Attempting to create a keymap for layout us with variant  (rules: , model: , options: )
[1;32mDEBUG [0m]: Updating keyboard 55998829dee0's translation state from a provided keymap
[1;32mDEBUG [0m]: xkb: LED index 0 (name Num Lock) got index 1
[1;32mDEBUG [0m]: xkb: LED index 1 (name Caps Lock) got index 0
[1;32mDEBUG [0m]: xkb: LED index 2 (name Scroll Lock) got index 2
[1;32mDEBUG [0m]: xkb: Mod index 0 (name Shift) got index 0
[1;32mDEBUG [0m]: xkb: Mod index 1 (name Lock) got index 1
[1;32mDEBUG [0m]: xkb: Mod index 2 (name Control) got index 2
[1;32mDEBUG [0m]: xkb: Mod index 3 (name Mod1) got index 3
[1;32mDEBUG [0m]: xkb: Mod index 4 (name Mod2) got index 4
[1;32mDEBUG [0m]: xkb: Mod index 5 (name Mod3) got index 5
[1;32mDEBUG [0m]: xkb: Mod index 6 (name Mod4) got index 6
[1;32mDEBUG [0m]: xkb: Mod index 7 (name Mod5) got index 7
[1;32mDEBUG [0m]: Updating keymap fd for keyboard hl-virtual-keyboard-wtype
[1;32mDEBUG [0m]: Updated keymap fd to 91, keymap V1 to: 93
[1;32mDEBUG [0m]: Set the keyboard layout to us and variant to  for keyboard "hl-virtual-keyboard-wtype"
[1;32mDEBUG [0m]: New virtual keyboard created at 55998829dee0
[1;32mDEBUG [0m]: Updating keyboard 55998829dee0's translation state from a provided keymap
[1;32mDEBUG [0m]: Updating keymap fd for keyboard hl-virtual-keyboard-wtype
[1;32mDEBUG [0m]: Updated keymap fd to 91, keymap V1 to: 93
[1;32mDEBUG [0m]: Keyboard at 55998829dee0 removed
[1;32mDEBUG [0m]: Destroyed keyboard 55998829dee0
[1;32mDEBUG [0m]: [CWLSeatProtocol] New seat resource bound at 559988a3f2f0
[1;32mDEBUG [0m]: [CVirtualKeyboardProtocol] New VKeyboard at id 5
[1;32mDEBUG [0m]: ApplyConfigToKeyboard for "hl-virtual-keyboard-wtype", hasconfig: 0
[1;32mDEBUG [0m]: Attempting to create a keymap for layout us with variant  (rules: , model: , options: )
[1;32mDEBUG [0m]: Updating keyboard 55998829dee0's translation state from a provided keymap
[1;32mDEBUG [0m]: xkb: LED index 0 (name Num Lock) got index 1
[1;32mDEBUG [0m]: xkb: LED index 1 (name Caps Lock) got index 0
[1;32mDEBUG [0m]: xkb: LED index 2 (name Scroll Lock) got index 2
[1;32mDEBUG [0m]: xkb: Mod index 0 (name Shift) got index 0
[1;32mDEBUG [0m]: xkb: Mod index 1 (name Lock) got index 1
[1;32mDEBUG [0m]: xkb: Mod index 2 (name Control) got index 2
[1;32mDEBUG [0m]: xkb: Mod index 3 (name Mod1) got index 3
[1;32mDEBUG [0m]: xkb: Mod index 4 (name Mod2) got index 4
[1;32mDEBUG [0m]: xkb: Mod index 5 (name Mod3) got index 5
[1;32mDEBUG [0m]: xkb: Mod index 6 (name Mod4) got index 6
[1;32mDEBUG [0m]: xkb: Mod index 7 (name Mod5) got index 7
[1;32mDEBUG [0m]: Updating keymap fd for keyboard hl-virtual-keyboard-wtype
[1;32mDEBUG [0m]: Updated keymap fd to 91, keymap V1 to: 93
[1;32mDEBUG [0m]: Set the keyboard layout to us and variant to  for keyboard "hl-virtual-keyboard-wtype"
[1;32mDEBUG [0m]: New virtual keyboard created at 55998829dee0
[1;32mDEBUG [0m]: Updating keyboard 55998829dee0's translation state from a provided keymap
[1;32mDEBUG [0m]: Updating keymap fd for keyboard hl-virtual-keyboard-wtype
[1;32mDEBUG [0m]: Updated keymap fd to 91, keymap V1 to: 93
[1;32mDEBUG [0m]: Keyboard at 55998829dee0 removed
[1;32mDEBUG [0m]: Destroyed keyboard 55998829dee0
[1;32mDEBUG [0m]: [CWLSeatProtocol] New seat resource bound at 5599889b71f0
[1;32mDEBUG [0m]: [CVirtualKeyboardProtocol] New VKeyboard at id 5
[1;32mDEBUG [0m]: ApplyConfigToKeyboard for "hl-virtual-keyboard-wtype", hasconfig: 0
[1;32mDEBUG [0m]: Attempting to create a keymap for layout us with variant  (rules: , model: , options: )
[1;32mDEBUG [0m]: Updating keyboard 55998829dee0's translation state from a provided keymap
[1;32mDEBUG [0m]: xkb: LED index 0 (name Num Lock) got index 1
[1;32mDEBUG [0m]: xkb: LED index 1 (name Caps Lock) got index 0
[1;32mDEBUG [0m]: xkb: LED index 2 (name Scroll Lock) got index 2
[1;32mDEBUG [0m]: xkb: Mod index 0 (name Shift) got index 0
[1;32mDEBUG [0m]: xkb: Mod index 1 (name Lock) got index 1
[1;32mDEBUG [0m]: xkb: Mod index 2 (name Control) got index 2
[1;32mDEBUG [0m]: xkb: Mod index 3 (name Mod1) got index 3
[1;32mDEBUG [0m]: xkb: Mod index 4 (name Mod2) got index 4
[1;32mDEBUG [0m]: xkb: Mod index 5 (name Mod3) got index 5
[1;32mDEBUG [0m]: xkb: Mod index 6 (name Mod4) got index 6
[1;32mDEBUG [0m]: xkb: Mod index 7 (name Mod5) got index 7
[1;32mDEBUG [0m]: Updating keymap fd for keyboard hl-virtual-keyboard-wtype
[1;32mDEBUG [0m]: Updated keymap fd to 91, keymap V1 to: 93
[1;32mDEBUG [0m]: Set the keyboard layout to us and variant to  for keyboard "hl-virtual-keyboard-wtype"
[1;32mDEBUG [0m]: New virtual keyboard created at 55998829dee0
[1;32mDEBUG [0m]: Updating keyboard 55998829dee0's translation state from a provided keymap
[1;32mDEBUG [0m]: Updating keymap fd for keyboard hl-virtual-keyboard-wtype
[1;32mDEBUG [0m]: Updated keymap fd to 91, keymap V1 to: 93
[1;32mDEBUG [0m]: Keyboard at 55998829dee0 removed
[1;32mDEBUG [0m]: Destroyed keyboard 55998829dee0
[1;32mDEBUG [0m]: [CWLSeatProtocol] New seat resource bound at 5599889dd2b0
[1;32mDEBUG [0m]: [CVirtualKeyboardProtocol] New VKeyboard at id 5
[1;32mDEBUG [0m]: ApplyConfigToKeyboard for "hl-virtual-keyboard-wtype", hasconfig: 0
[1;32mDEBUG [0m]: Attempting to create a keymap for layout us with variant  (rules: , model: , options: )
[1;32mDEBUG [0m]: Updating keyboard 55998829dee0's translation state from a provided keymap
[1;32mDEBUG [0m]: xkb: LED index 0 (name Num Lock) got index 1
[1;32mDEBUG [0m]: xkb: LED index 1 (name Caps Lock) got index 0
[1;32mDEBUG [0m]: xkb: LED index 2 (name Scroll Lock) got index 2
[1;32mDEBUG [0m]: xkb: Mod index 0 (name Shift) got index 0
[1;32mDEBUG [0m]: xkb: Mod index 1 (name Lock) got index 1
[1;32mDEBUG [0m]: xkb: Mod index 2 (name Control) got index 2
[1;32mDEBUG [0m]: xkb: Mod index 3 (name Mod1) got index 3
[1;32mDEBUG [0m]: xkb: Mod index 4 (name Mod2) got index 4
[1;32mDEBUG [0m]: xkb: Mod index 5 (name Mod3) got index 5
[1;32mDEBUG [0m]: xkb: Mod index 6 (name Mod4) got index 6
[1;32mDEBUG [0m]: xkb: Mod index 7 (name Mod5) got index 7
[1;32mDEBUG [0m]: Updating keymap fd for keyboard hl-virtual-keyboard-wtype
[1;32mDEBUG [0m]: Updated keymap fd to 91, keymap V1 to: 93
[1;32mDEBUG [0m]: Set the keyboard layout to us and variant to  for keyboard "hl-virtual-keyboard-wtype"
[1;32mDEBUG [0m]: New virtual keyboard created at 55998829dee0
[1;32mDEBUG [0m]: Updating keyboard 55998829dee0's translation state from a provided keymap
[1;32mDEBUG [0m]: Updating keymap fd for keyboard hl-virtual-keyboard-wtype
[1;32mDEBUG [0m]: Updated keymap fd to 91, keymap V1 to: 93
[1;32mDEBUG [0m]: Keyboard at 55998829dee0 removed
[1;32mDEBUG [0m]: Destroyed keyboard 55998829dee0
[1;32mDEBUG [0m]: [CWLSeatProtocol] New seat resource bound at 5599887fb9a0
[1;32mDEBUG [0m]: [CVirtualKeyboardProtocol] New VKeyboard at id 5
[1;32mDEBUG [0m]: ApplyConfigToKeyboard for "hl-virtual-keyboard-wtype", hasconfig: 0
[1;32mDEBUG [0m]: Attempting to create a keymap for layout us with variant  (rules: , model: , options: )
[1;32mDEBUG [0m]: Updating keyboard 55998829dee0's translation state from a provided keymap
[1;32mDEBUG [0m]: xkb: LED index 0 (name Num Lock) got index 1
[1;32mDEBUG [0m]: xkb: LED index 1 (name Caps Lock) got index 0
[1;32mDEBUG [0m]: xkb: LED index 2 (name Scroll Lock) got index 2
[1;32mDEBUG [0m]: xkb: Mod index 0 (name Shift) got index 0
[1;32mDEBUG [0m]: xkb: Mod index 1 (name Lock) got index 1
[1;32mDEBUG [0m]: xkb: Mod index 2 (name Control) got index 2
[1;32mDEBUG [0m]: xkb: Mod index 3 (name Mod1) got index 3
[1;32mDEBUG [0m]: xkb: Mod index 4 (name Mod2) got index 4
[1;32mDEBUG [0m]: xkb: Mod index 5 (name Mod3) got index 5
[1;32mDEBUG [0m]: xkb: Mod index 6 (name Mod4) got index 6
[1;32mDEBUG [0m]: xkb: Mod index 7 (name Mod5) got index 7
[1;32mDEBUG [0m]: Updating keymap fd for keyboard hl-virtual-keyboard-wtype
[1;32mDEBUG [0m]: Updated keymap fd to 91, keymap V1 to: 93
[1;32mDEBUG [0m]: Set the keyboard layout to us and variant to  for keyboard "hl-virtual-keyboard-wtype"
[1;32mDEBUG [0m]: New virtual keyboard created at 55998829dee0
[1;32mDEBUG [0m]: Updating keyboard 55998829dee0's translation state from a provided keymap
[1;32mDEBUG [0m]: Updating keymap fd for keyboard hl-virtual-keyboard-wtype
[1;32mDEBUG [0m]: Updated keymap fd to 91, keymap V1 to: 93
[1;32mDEBUG [0m]: Keyboard at 55998829dee0 removed
[1;32mDEBUG [0m]: Destroyed keyboard 55998829dee0
[1;32mDEBUG [0m]: [CWLSeatProtocol] New seat resource bound at 55998890c4b0
[1;32mDEBUG [0m]: [CVirtualKeyboardProtocol] New VKeyboard at id 5
[1;32mDEBUG [0m]: ApplyConfigToKeyboard for "hl-virtual-keyboard-wtype", hasconfig: 0
[1;32mDEBUG [0m]: Attempting to create a keymap for layout us with variant  (rules: , model: , options: )
[1;32mDEBUG [0m]: Updating keyboard 55998829dee0's translation state from a provided keymap
[1;32mDEBUG [0m]: xkb: LED index 0 (name Num Lock) got index 1
[1;32mDEBUG [0m]: xkb: LED index 1 (name Caps Lock) got index 0
[1;32mDEBUG [0m]: xkb: LED index 2 (name Scroll Lock) got index 2
[1;32mDEBUG [0m]: xkb: Mod index 0 (name Shift) got index 0
[1;32mDEBUG [0m]: xkb: Mod index 1 (name Lock) got index 1
[1;32mDEBUG [0m]: xkb: Mod index 2 (name Control) got index 2
[1;32mDEBUG [0m]: xkb: Mod index 3 (name Mod1) got index 3
[1;32mDEBUG [0m]: xkb: Mod index 4 (name Mod2) got index 4
[1;32mDEBUG [0m]: xkb: Mod index 5 (name Mod3) got index 5
[1;32mDEBUG [0m]: xkb: Mod index 6 (name Mod4) got index 6
[1;32mDEBUG [0m]: xkb: Mod index 7 (name Mod5) got index 7
[1;32mDEBUG [0m]: Updating keymap fd for keyboard hl-virtual-keyboard-wtype
[1;32mDEBUG [0m]: Updated keymap fd to 91, keymap V1 to: 93
[1;32mDEBUG [0m]: Set the keyboard layout to us and variant to  for keyboard "hl-virtual-keyboard-wtype"
[1;32mDEBUG [0m]: New virtual keyboard created at 55998829dee0
[1;32mDEBUG [0m]: Updating keyboard 55998829dee0's translation state from a provided keymap
[1;32mDEBUG [0m]: Updating keymap fd for keyboard hl-virtual-keyboard-wtype
[1;32mDEBUG [0m]: Updated keymap fd to 91, keymap V1 to: 93
[1;32mDEBUG [0m]: Keyboard at 55998829dee0 removed
[1;32mDEBUG [0m]: Destroyed keyboard 55998829dee0
[1;32mDEBUG [0m]: [CWLSeatProtocol] New seat resource bound at 559988916d30
[1;32mDEBUG [0m]: [CVirtualKeyboardProtocol] New VKeyboard at id 5
[1;32mDEBUG [0m]: ApplyConfigToKeyboard for "hl-virtual-keyboard-wtype", hasconfig: 0
[1;32mDEBUG [0m]: Attempting to create a keymap for layout us with variant  (rules: , model: , options: )
[1;32mDEBUG [0m]: Updating keyboard 55998829dee0's translation state from a provided keymap
[1;32mDEBUG [0m]: xkb: LED index 0 (name Num Lock) got index 1
[1;32mDEBUG [0m]: xkb: LED index 1 (name Caps Lock) got index 0
[1;32mDEBUG [0m]: xkb: LED index 2 (name Scroll Lock) got index 2
[1;32mDEBUG [0m]: xkb: Mod index 0 (name Shift) got index 0
[1;32mDEBUG [0m]: xkb: Mod index 1 (name Lock) got index 1
[1;32mDEBUG [0m]: xkb: Mod index 2 (name Control) got index 2
[1;32mDEBUG [0m]: xkb: Mod index 3 (name Mod1) got index 3
[1;32mDEBUG [0m]: xkb: Mod index 4 (name Mod2) got index 4
[1;32mDEBUG [0m]: xkb: Mod index 5 (name Mod3) got index 5
[1;32mDEBUG [0m]: xkb: Mod index 6 (name Mod4) got index 6
[1;32mDEBUG [0m]: xkb: Mod index 7 (name Mod5) got index 7
[1;32mDEBUG [0m]: Updating keymap fd for keyboard hl-virtual-keyboard-wtype
[1;32mDEBUG [0m]: Updated keymap fd to 91, keymap V1 to: 93
[1;32mDEBUG [0m]: Set the keyboard layout to us and variant to  for keyboard "hl-virtual-keyboard-wtype"
[1;32mDEBUG [0m]: New virtual keyboard created at 55998829dee0
[1;32mDEBUG [0m]: Updating keyboard 55998829dee0's translation state from a provided keymap
[1;32mDEBUG [0m]: Updating keymap fd for keyboard hl-virtual-keyboard-wtype
[1;32mDEBUG [0m]: Updated keymap fd to 91, keymap V1 to: 93
[1;32mDEBUG [0m]: Keyboard at 55998829dee0 removed
[1;32mDEBUG [0m]: Destroyed keyboard 55998829dee0
[1;32mDEBUG [0m]: [CWLSeatProtocol] New seat resource bound at 55998890c4b0
[1;32mDEBUG [0m]: [CVirtualKeyboardProtocol] New VKeyboard at id 5
[1;32mDEBUG [0m]: ApplyConfigToKeyboard for "hl-virtual-keyboard-wtype", hasconfig: 0
[1;32mDEBUG [0m]: Attempting to create a keymap for layout us with variant  (rules: , model: , options: )
[1;32mDEBUG [0m]: Updating keyboard 55998829dee0's translation state from a provided keymap
[1;32mDEBUG [0m]: xkb: LED index 0 (name Num Lock) got index 1
[1;32mDEBUG [0m]: xkb: LED index 1 (name Caps Lock) got index 0
[1;32mDEBUG [0m]: xkb: LED index 2 (name Scroll Lock) got index 2
[1;32mDEBUG [0m]: xkb: Mod index 0 (name Shift) got index 0
[1;32mDEBUG [0m]: xkb: Mod index 1 (name Lock) got index 1
[1;32mDEBUG [0m]: xkb: Mod index 2 (name Control) got index 2
[1;32mDEBUG [0m]: xkb: Mod index 3 (name Mod1) got index 3
[1;32mDEBUG [0m]: xkb: Mod index 4 (name Mod2) got index 4
[1;32mDEBUG [0m]: xkb: Mod index 5 (name Mod3) got index 5
[1;32mDEBUG [0m]: xkb: Mod index 6 (name Mod4) got index 6
[1;32mDEBUG [0m]: xkb: Mod index 7 (name Mod5) got index 7
[1;32mDEBUG [0m]: Updating keymap fd for keyboard hl-virtual-keyboard-wtype
[1;32mDEBUG [0m]: Updated keymap fd to 91, keymap V1 to: 93
[1;32mDEBUG [0m]: Set the keyboard layout to us and variant to  for keyboard "hl-virtual-keyboard-wtype"
[1;32mDEBUG [0m]: New virtual keyboard created at 55998829dee0
[1;32mDEBUG [0m]: Updating keyboard 55998829dee0's translation state from a provided keymap
[1;32mDEBUG [0m]: Updating keymap fd for keyboard hl-virtual-keyboard-wtype
[1;32mDEBUG [0m]: Updated keymap fd to 91, keymap V1 to: 93
[1;32mDEBUG [0m]: Keyboard at 55998829dee0 removed
[1;32mDEBUG [0m]: Destroyed keyboard 55998829dee0
[1;32mDEBUG [0m]: [CWLSeatProtocol] New seat resource bound at 5599889b9d00
[1;32mDEBUG [0m]: [CVirtualKeyboardProtocol] New VKeyboard at id 5
[1;32mDEBUG [0m]: ApplyConfigToKeyboard for "hl-virtual-keyboard-wtype", hasconfig: 0
[1;32mDEBUG [0m]: Attempting to create a keymap for layout us with variant  (rules: , model: , options: )
[1;32mDEBUG [0m]: Updating keyboard 55998829dee0's translation state from a provided keymap
[1;32mDEBUG [0m]: xkb: LED index 0 (name Num Lock) got index 1
[1;32mDEBUG [0m]: xkb: LED index 1 (name Caps Lock) got index 0
[1;32mDEBUG [0m]: xkb: LED index 2 (name Scroll Lock) got index 2
[1;32mDEBUG [0m]: xkb: Mod index 0 (name Shift) got index 0
[1;32mDEBUG [0m]: xkb: Mod index 1 (name Lock) got index 1
[1;32mDEBUG [0m]: xkb: Mod index 2 (name Control) got index 2
[1;32mDEBUG [0m]: xkb: Mod index 3 (name Mod1) got index 3
[1;32mDEBUG [0m]: xkb: Mod index 4 (name Mod2) got index 4
[1;32mDEBUG [0m]: xkb: Mod index 5 (name Mod3) got index 5
[1;32mDEBUG [0m]: xkb: Mod index 6 (name Mod4) got index 6
[1;32mDEBUG [0m]: xkb: Mod index 7 (name Mod5) got index 7
[1;32mDEBUG [0m]: Updating keymap fd for keyboard hl-virtual-keyboard-wtype
[1;32mDEBUG [0m]: Updated keymap fd to 91, keymap V1 to: 93
[1;32mDEBUG [0m]: Set the keyboard layout to us and variant to  for keyboard "hl-virtual-keyboard-wtype"
[1;32mDEBUG [0m]: New virtual keyboard created at 55998829dee0
[1;32mDEBUG [0m]: Updating keyboard 55998829dee0's translation state from a provided keymap
[1;32mDEBUG [0m]: Updating keymap fd for keyboard hl-virtual-keyboard-wtype
[1;32mDEBUG [0m]: Updated keymap fd to 91, keymap V1 to: 93
[1;32mDEBUG [0m]: Keyboard at 55998829dee0 removed
[1;32mDEBUG [0m]: Destroyed keyboard 55998829dee0
[1;32mDEBUG [0m]: [CWLSeatProtocol] New seat resource bound at 559988845a80
[1;32mDEBUG [0m]: [CVirtualKeyboardProtocol] New VKeyboard at id 5
[1;32mDEBUG [0m]: ApplyConfigToKeyboard for "hl-virtual-keyboard-wtype", hasconfig: 0
[1;32mDEBUG [0m]: Attempting to create a keymap for layout us with variant  (rules: , model: , options: )
[1;32mDEBUG [0m]: Updating keyboard 55998829dee0's translation state from a provided keymap
[1;32mDEBUG [0m]: xkb: LED index 0 (name Num Lock) got index 1
[1;32mDEBUG [0m]: xkb: LED index 1 (name Caps Lock) got index 0
[1;32mDEBUG [0m]: xkb: LED index 2 (name Scroll Lock) got index 2
[1;32mDEBUG [0m]: xkb: Mod index 0 (name Shift) got index 0
[1;32mDEBUG [0m]: xkb: Mod index 1 (name Lock) got index 1
[1;32mDEBUG [0m]: xkb: Mod index 2 (name Control) got index 2
[1;32mDEBUG [0m]: xkb: Mod index 3 (name Mod1) got index 3
[1;32mDEBUG [0m]: xkb: Mod index 4 (name Mod2) got index 4
[1;32mDEBUG [0m]: xkb: Mod index 5 (name Mod3) got index 5
[1;32mDEBUG [0m]: xkb: Mod index 6 (name Mod4) got index 6
[1;32mDEBUG [0m]: xkb: Mod index 7 (name Mod5) got index 7
[1;32mDEBUG [0m]: Updating keymap fd for keyboard hl-virtual-keyboard-wtype
[1;32mDEBUG [0m]: Updated keymap fd to 91, keymap V1 to: 93
[1;32mDEBUG [0m]: Set the keyboard layout to us and variant to  for keyboard "hl-virtual-keyboard-wtype"
[1;32mDEBUG [0m]: New virtual keyboard created at 55998829dee0
[1;32mDEBUG [0m]: Updating keyboard 55998829dee0's translation state from a provided keymap
[1;32mDEBUG [0m]: Updating keymap fd for keyboard hl-virtual-keyboard-wtype
[1;32mDEBUG [0m]: Updated keymap fd to 91, keymap V1 to: 93
[1;32mDEBUG [0m]: Keyboard at 55998829dee0 removed
[1;32mDEBUG [0m]: Destroyed keyboard 55998829dee0
[1;32mDEBUG [0m]: [CWLSeatProtocol] New seat resource bound at 5599873700f0
[1;32mDEBUG [0m]: [CVirtualKeyboardProtocol] New VKeyboard at id 5
[1;32mDEBUG [0m]: ApplyConfigToKeyboard for "hl-virtual-keyboard-wtype", hasconfig: 0
[1;32mDEBUG [0m]: Attempting to create a keymap for layout us with variant  (rules: , model: , options: )
[1;32mDEBUG [0m]: Updating keyboard 55998829dee0's translation state from a provided keymap
[1;32mDEBUG [0m]: xkb: LED index 0 (name Num Lock) got index 1
[1;32mDEBUG [0m]: xkb: LED index 1 (name Caps Lock) got index 0
[1;32mDEBUG [0m]: xkb: LED index 2 (name Scroll Lock) got index 2
[1;32mDEBUG [0m]: xkb: Mod index 0 (name Shift) got index 0
[1;32mDEBUG [0m]: xkb: Mod index 1 (name Lock) got index 1
[1;32mDEBUG [0m]: xkb: Mod index 2 (name Control) got index 2
[1;32mDEBUG [0m]: xkb: Mod index 3 (name Mod1) got index 3
[1;32mDEBUG [0m]: xkb: Mod index 4 (name Mod2) got index 4
[1;32mDEBUG [0m]: xkb: Mod index 5 (name Mod3) got index 5
[1;32mDEBUG [0m]: xkb: Mod index 6 (name Mod4) got index 6
[1;32mDEBUG [0m]: xkb: Mod index 7 (name Mod5) got index 7
[1;32mDEBUG [0m]: Updating keymap fd for keyboard hl-virtual-keyboard-wtype
[1;32mDEBUG [0m]: Updated keymap fd to 91, keymap V1 to: 93
[1;32mDEBUG [0m]: Set the keyboard layout to us and variant to  for keyboard "hl-virtual-keyboard-wtype"
[1;32mDEBUG [0m]: New virtual keyboard created at 55998829dee0
[1;32mDEBUG [0m]: Updating keyboard 55998829dee0's translation state from a provided keymap
[1;32mDEBUG [0m]: Updating keymap fd for keyboard hl-virtual-keyboard-wtype
[1;32mDEBUG [0m]: Updated keymap fd to 91, keymap V1 to: 93
[1;32mDEBUG [0m]: Keyboard at 55998829dee0 removed
[1;32mDEBUG [0m]: Destroyed keyboard 55998829dee0
[1;32mDEBUG [0m]: [CWLSeatProtocol] New seat resource bound at 5599888ba230
[1;32mDEBUG [0m]: [CVirtualKeyboardProtocol] New VKeyboard at id 5
[1;32mDEBUG [0m]: ApplyConfigToKeyboard for "hl-virtual-keyboard-wtype", hasconfig: 0
[1;32mDEBUG [0m]: Attempting to create a keymap for layout us with variant  (rules: , model: , options: )
[1;32mDEBUG [0m]: Updating keyboard 55998829dee0's translation state from a provided keymap
[1;32mDEBUG [0m]: xkb: LED index 0 (name Num Lock) got index 1
[1;32mDEBUG [0m]: xkb: LED index 1 (name Caps Lock) got index 0
[1;32mDEBUG [0m]: xkb: LED index 2 (name Scroll Lock) got index 2
[1;32mDEBUG [0m]: xkb: Mod index 0 (name Shift) got index 0
[1;32mDEBUG [0m]: xkb: Mod index 1 (name Lock) got index 1
[1;32mDEBUG [0m]: xkb: Mod index 2 (name Control) got index 2
[1;32mDEBUG [0m]: xkb: Mod index 3 (name Mod1) got index 3
[1;32mDEBUG [0m]: xkb: Mod index 4 (name Mod2) got index 4
[1;32mDEBUG [0m]: xkb: Mod index 5 (name Mod3) got index 5
[1;32mDEBUG [0m]: xkb: Mod index 6 (name Mod4) got index 6
[1;32mDEBUG [0m]: xkb: Mod index 7 (name Mod5) got index 7
[1;32mDEBUG [0m]: Updating keymap fd for keyboard hl-virtual-keyboard-wtype
[1;32mDEBUG [0m]: Updated keymap fd to 91, keymap V1 to: 93
[1;32mDEBUG [0m]: Set the keyboard layout to us and variant to  for keyboard "hl-virtual-keyboard-wtype"
[1;32mDEBUG [0m]: New virtual keyboard created at 55998829dee0
[1;32mDEBUG [0m]: Updating keyboard 55998829dee0's translation state from a provided keymap
[1;32mDEBUG [0m]: Updating keymap fd for keyboard hl-virtual-keyboard-wtype
[1;32mDEBUG [0m]: Updated keymap fd to 91, keymap V1 to: 93
[1;32mDEBUG [0m]: Keyboard at 55998829dee0 removed
[1;32mDEBUG [0m]: Destroyed keyboard 55998829dee0
[1;32mDEBUG [0m]: [CWLSeatProtocol] New seat resource bound at 5599888eb5a0
[1;32mDEBUG [0m]: [CVirtualKeyboardProtocol] New VKeyboard at id 5
[1;32mDEBUG [0m]: ApplyConfigToKeyboard for "hl-virtual-keyboard-wtype", hasconfig: 0
[1;32mDEBUG [0m]: Attempting to create a keymap for layout us with variant  (rules: , model: , options: )
[1;32mDEBUG [0m]: Updating keyboard 55998829dee0's translation state from a provided keymap
[1;32mDEBUG [0m]: xkb: LED index 0 (name Num Lock) got index 1
[1;32mDEBUG [0m]: xkb: LED index 1 (name Caps Lock) got index 0
[1;32mDEBUG [0m]: xkb: LED index 2 (name Scroll Lock) got index 2
[1;32mDEBUG [0m]: xkb: Mod index 0 (name Shift) got index 0
[1;32mDEBUG [0m]: xkb: Mod index 1 (name Lock) got index 1
[1;32mDEBUG [0m]: xkb: Mod index 2 (name Control) got index 2
[1;32mDEBUG [0m]: xkb: Mod index 3 (name Mod1) got index 3
[1;32mDEBUG [0m]: xkb: Mod index 4 (name Mod2) got index 4
[1;32mDEBUG [0m]: xkb: Mod index 5 (name Mod3) got index 5
[1;32mDEBUG [0m]: xkb: Mod index 6 (name Mod4) got index 6
[1;32mDEBUG [0m]: xkb: Mod index 7 (name Mod5) got index 7
[1;32mDEBUG [0m]: Updating keymap fd for keyboard hl-virtual-keyboard-wtype
[1;32mDEBUG [0m]: Updated keymap fd to 91, keymap V1 to: 93
[1;32mDEBUG [0m]: Set the keyboard layout to us and variant to  for keyboard "hl-virtual-keyboard-wtype"
[1;32mDEBUG [0m]: New virtual keyboard created at 55998829dee0
[1;32mDEBUG [0m]: Updating keyboard 55998829dee0's translation state from a provided keymap
[1;32mDEBUG [0m]: Updating keymap fd for keyboard hl-virtual-keyboard-wtype
[1;32mDEBUG [0m]: Updated keymap fd to 91, keymap V1 to: 93
[1;32mDEBUG [0m]: Keyboard at 55998829dee0 removed
[1;32mDEBUG [0m]: Destroyed keyboard 55998829dee0
[1;32mDEBUG [0m]: [CWLSeatProtocol] New seat resource bound at 559988842420
[1;32mDEBUG [0m]: [CVirtualKeyboardProtocol] New VKeyboard at id 5
[1;32mDEBUG [0m]: ApplyConfigToKeyboard for "hl-virtual-keyboard-wtype", hasconfig: 0
[1;32mDEBUG [0m]: Attempting to create a keymap for layout us with variant  (rules: , model: , options: )
[1;32mDEBUG [0m]: Updating keyboard 55998829dee0's translation state from a provided keymap
[1;32mDEBUG [0m]: xkb: LED index 0 (name Num Lock) got index 1
[1;32mDEBUG [0m]: xkb: LED index 1 (name Caps Lock) got index 0
[1;32mDEBUG [0m]: xkb: LED index 2 (name Scroll Lock) got index 2
[1;32mDEBUG [0m]: xkb: Mod index 0 (name Shift) got index 0
[1;32mDEBUG [0m]: xkb: Mod index 1 (name Lock) got index 1
[1;32mDEBUG [0m]: xkb: Mod index 2 (name Control) got index 2
[1;32mDEBUG [0m]: xkb: Mod index 3 (name Mod1) got index 3
[1;32mDEBUG [0m]: xkb: Mod index 4 (name Mod2) got index 4
[1;32mDEBUG [0m]: xkb: Mod index 5 (name Mod3) got index 5
[1;32mDEBUG [0m]: xkb: Mod index 6 (name Mod4) got index 6
[1;32mDEBUG [0m]: xkb: Mod index 7 (name Mod5) got index 7
[1;32mDEBUG [0m]: Updating keymap fd for keyboard hl-virtual-keyboard-wtype
[1;32mDEBUG [0m]: Updated keymap fd to 91, keymap V1 to: 93
[1;32mDEBUG [0m]: Set the keyboard layout to us and variant to  for keyboard "hl-virtual-keyboard-wtype"
[1;32mDEBUG [0m]: New virtual keyboard created at 55998829dee0
[1;32mDEBUG [0m]: Updating keyboard 55998829dee0's translation state from a provided keymap
[1;32mDEBUG [0m]: Updating keymap fd for keyboard hl-virtual-keyboard-wtype
[1;32mDEBUG [0m]: Updated keymap fd to 91, keymap V1 to: 93
[1;32mDEBUG [0m]: Keyboard at 55998829dee0 removed
[1;32mDEBUG [0m]: Destroyed keyboard 55998829dee0
[1;32mDEBUG [0m]: [CWLSeatProtocol] New seat resource bound at 5599889151a0
[1;32mDEBUG [0m]: [CVirtualKeyboardProtocol] New VKeyboard at id 5
[1;32mDEBUG [0m]: ApplyConfigToKeyboard for "hl-virtual-keyboard-wtype", hasconfig: 0
[1;32mDEBUG [0m]: Attempting to create a keymap for layout us with variant  (rules: , model: , options: )
[1;32mDEBUG [0m]: Updating keyboard 55998829dee0's translation state from a provided keymap
[1;32mDEBUG [0m]: xkb: LED index 0 (name Num Lock) got index 1
[1;32mDEBUG [0m]: xkb: LED index 1 (name Caps Lock) got index 0
[1;32mDEBUG [0m]: xkb: LED index 2 (name Scroll Lock) got index 2
[1;32mDEBUG [0m]: xkb: Mod index 0 (name Shift) got index 0
[1;32mDEBUG [0m]: xkb: Mod index 1 (name Lock) got index 1
[1;32mDEBUG [0m]: xkb: Mod index 2 (name Control) got index 2
[1;32mDEBUG [0m]: xkb: Mod index 3 (name Mod1) got index 3
[1;32mDEBUG [0m]: xkb: Mod index 4 (name Mod2) got index 4
[1;32mDEBUG [0m]: xkb: Mod index 5 (name Mod3) got index 5
[1;32mDEBUG [0m]: xkb: Mod index 6 (name Mod4) got index 6
[1;32mDEBUG [0m]: xkb: Mod index 7 (name Mod5) got index 7
[1;32mDEBUG [0m]: Updating keymap fd for keyboard hl-virtual-keyboard-wtype
[1;32mDEBUG [0m]: Updated keymap fd to 91, keymap V1 to: 93
[1;32mDEBUG [0m]: Set the keyboard layout to us and variant to  for keyboard "hl-virtual-keyboard-wtype"
[1;32mDEBUG [0m]: New virtual keyboard created at 55998829dee0
[1;32mDEBUG [0m]: Updating keyboard 55998829dee0's translation state from a provided keymap
[1;32mDEBUG [0m]: Updating keymap fd for keyboard hl-virtual-keyboard-wtype
[1;32mDEBUG [0m]: Updated keymap fd to 91, keymap V1 to: 93
[1;32mDEBUG [0m]: Keyboard at 55998829dee0 removed
[1;32mDEBUG [0m]: Destroyed keyboard 55998829dee0
[1;32mDEBUG [0m]: [CWLSeatProtocol] New seat resource bound at 559988846590
[1;32mDEBUG [0m]: [CVirtualKeyboardProtocol] New VKeyboard at id 5
[1;32mDEBUG [0m]: ApplyConfigToKeyboard for "hl-virtual-keyboard-wtype", hasconfig: 0
[1;32mDEBUG [0m]: Attempting to create a keymap for layout us with variant  (rules: , model: , options: )
[1;32mDEBUG [0m]: Updating keyboard 55998829dee0's translation state from a provided keymap
[1;32mDEBUG [0m]: xkb: LED index 0 (name Num Lock) got index 1
[1;32mDEBUG [0m]: xkb: LED index 1 (name Caps Lock) got index 0
[1;32mDEBUG [0m]: xkb: LED index 2 (name Scroll Lock) got index 2
[1;32mDEBUG [0m]: xkb: Mod index 0 (name Shift) got index 0
[1;32mDEBUG [0m]: xkb: Mod index 1 (name Lock) got index 1
[1;32mDEBUG [0m]: xkb: Mod index 2 (name Control) got index 2
[1;32mDEBUG [0m]: xkb: Mod index 3 (name Mod1) got index 3
[1;32mDEBUG [0m]: xkb: Mod index 4 (name Mod2) got index 4
[1;32mDEBUG [0m]: xkb: Mod index 5 (name Mod3) got index 5
[1;32mDEBUG [0m]: xkb: Mod index 6 (name Mod4) got index 6
[1;32mDEBUG [0m]: xkb: Mod index 7 (name Mod5) got index 7
[1;32mDEBUG [0m]: Updating keymap fd for keyboard hl-virtual-keyboard-wtype
[1;32mDEBUG [0m]: Updated keymap fd to 91, keymap V1 to: 93
[1;32mDEBUG [0m]: Set the keyboard layout to us and variant to  for keyboard "hl-virtual-keyboard-wtype"
[1;32mDEBUG [0m]: New virtual keyboard created at 55998829dee0
[1;32mDEBUG [0m]: Updating keyboard 55998829dee0's translation state from a provided keymap
[1;32mDEBUG [0m]: Updating keymap fd for keyboard hl-virtual-keyboard-wtype
[1;32mDEBUG [0m]: Updated keymap fd to 91, keymap V1 to: 93
[1;32mDEBUG [0m]: Keyboard at 55998829dee0 removed
[1;32mDEBUG [0m]: Destroyed keyboard 55998829dee0
[1;32mDEBUG [0m]: [CWLSeatProtocol] New seat resource bound at 5599882b8440
[1;32mDEBUG [0m]: [CVirtualKeyboardProtocol] New VKeyboard at id 5
[1;32mDEBUG [0m]: ApplyConfigToKeyboard for "hl-virtual-keyboard-wtype", hasconfig: 0
[1;32mDEBUG [0m]: Attempting to create a keymap for layout us with variant  (rules: , model: , options: )
[1;32mDEBUG [0m]: Updating keyboard 55998829dee0's translation state from a provided keymap
[1;32mDEBUG [0m]: xkb: LED index 0 (name Num Lock) got index 1
[1;32mDEBUG [0m]: xkb: LED index 1 (name Caps Lock) got index 0
[1;32mDEBUG [0m]: xkb: LED index 2 (name Scroll Lock) got index 2
[1;32mDEBUG [0m]: xkb: Mod index 0 (name Shift) got index 0
[1;32mDEBUG [0m]: xkb: Mod index 1 (name Lock) got index 1
[1;32mDEBUG [0m]: xkb: Mod index 2 (name Control) got index 2
[1;32mDEBUG [0m]: xkb: Mod index 3 (name Mod1) got index 3
[1;32mDEBUG [0m]: xkb: Mod index 4 (name Mod2) got index 4
[1;32mDEBUG [0m]: xkb: Mod index 5 (name Mod3) got index 5
[1;32mDEBUG [0m]: xkb: Mod index 6 (name Mod4) got index 6
[1;32mDEBUG [0m]: xkb: Mod index 7 (name Mod5) got index 7
[1;32mDEBUG [0m]: Updating keymap fd for keyboard hl-virtual-keyboard-wtype
[1;32mDEBUG [0m]: Updated keymap fd to 91, keymap V1 to: 93
[1;32mDEBUG [0m]: Set the keyboard layout to us and variant to  for keyboard "hl-virtual-keyboard-wtype"
[1;32mDEBUG [0m]: New virtual keyboard created at 55998829dee0
[1;32mDEBUG [0m]: Updating keyboard 55998829dee0's translation state from a provided keymap
[1;32mDEBUG [0m]: Updating keymap fd for keyboard hl-virtual-keyboard-wtype
[1;32mDEBUG [0m]: Updated keymap fd to 91, keymap V1 to: 93
[1;32mDEBUG [0m]: Keyboard at 55998829dee0 removed
[1;32mDEBUG [0m]: Destroyed keyboard 55998829dee0
[1;32mDEBUG [0m]: [CWLSeatProtocol] New seat resource bound at 5599889cbd00
[1;32mDEBUG [0m]: [CVirtualKeyboardProtocol] New VKeyboard at id 5
[1;32mDEBUG [0m]: ApplyConfigToKeyboard for "hl-virtual-keyboard-wtype", hasconfig: 0
[1;32mDEBUG [0m]: Attempting to create a keymap for layout us with variant  (rules: , model: , options: )
[1;32mDEBUG [0m]: Updating keyboard 55998829dee0's translation state from a provided keymap
[1;32mDEBUG [0m]: xkb: LED index 0 (name Num Lock) got index 1
[1;32mDEBUG [0m]: xkb: LED index 1 (name Caps Lock) got index 0
[1;32mDEBUG [0m]: xkb: LED index 2 (name Scroll Lock) got index 2
[1;32mDEBUG [0m]: xkb: Mod index 0 (name Shift) got index 0
[1;32mDEBUG [0m]: xkb: Mod index 1 (name Lock) got index 1
[1;32mDEBUG [0m]: xkb: Mod index 2 (name Control) got index 2
[1;32mDEBUG [0m]: xkb: Mod index 3 (name Mod1) got index 3
[1;32mDEBUG [0m]: xkb: Mod index 4 (name Mod2) got index 4
[1;32mDEBUG [0m]: xkb: Mod index 5 (name Mod3) got index 5
[1;32mDEBUG [0m]: xkb: Mod index 6 (name Mod4) got index 6
[1;32mDEBUG [0m]: xkb: Mod index 7 (name Mod5) got index 7
[1;32mDEBUG [0m]: Updating keymap fd for keyboard hl-virtual-keyboard-wtype
[1;32mDEBUG [0m]: Updated keymap fd to 91, keymap V1 to: 93
[1;32mDEBUG [0m]: Set the keyboard layout to us and variant to  for keyboard "hl-virtual-keyboard-wtype"
[1;32mDEBUG [0m]: New virtual keyboard created at 55998829dee0
[1;32mDEBUG [0m]: Updating keyboard 55998829dee0's translation state from a provided keymap
[1;32mDEBUG [0m]: Updating keymap fd for keyboard hl-virtual-keyboard-wtype
[1;32mDEBUG [0m]: Updated keymap fd to 91, keymap V1 to: 93
[1;32mDEBUG [0m]: Keyboard at 55998829dee0 removed
[1;32mDEBUG [0m]: Destroyed keyboard 55998829dee0
[1;32mDEBUG [0m]: [CWLSeatProtocol] New seat resource bound at 5599888459a0
[1;32mDEBUG [0m]: [CVirtualKeyboardProtocol] New VKeyboard at id 5
[1;32mDEBUG [0m]: ApplyConfigToKeyboard for "hl-virtual-keyboard-wtype", hasconfig: 0
[1;32mDEBUG [0m]: Attempting to create a keymap for layout us with variant  (rules: , model: , options: )
[1;32mDEBUG [0m]: Updating keyboard 55998829dee0's translation state from a provided keymap
[1;32mDEBUG [0m]: xkb: LED index 0 (name Num Lock) got index 1
[1;32mDEBUG [0m]: xkb: LED index 1 (name Caps Lock) got index 0
[1;32mDEBUG [0m]: xkb: LED index 2 (name Scroll Lock) got index 2
[1;32mDEBUG [0m]: xkb: Mod index 0 (name Shift) got index 0
[1;32mDEBUG [0m]: xkb: Mod index 1 (name Lock) got index 1
[1;32mDEBUG [0m]: xkb: Mod index 2 (name Control) got index 2
[1;32mDEBUG [0m]: xkb: Mod index 3 (name Mod1) got index 3
[1;32mDEBUG [0m]: xkb: Mod index 4 (name Mod2) got index 4
[1;32mDEBUG [0m]: xkb: Mod index 5 (name Mod3) got index 5
[1;32mDEBUG [0m]: xkb: Mod index 6 (name Mod4) got index 6
[1;32mDEBUG [0m]: xkb: Mod index 7 (name Mod5) got index 7
[1;32mDEBUG [0m]: Updating keymap fd for keyboard hl-virtual-keyboard-wtype
[1;32mDEBUG [0m]: Updated keymap fd to 91, keymap V1 to: 93
[1;32mDEBUG [0m]: Set the keyboard layout to us and variant to  for keyboard "hl-virtual-keyboard-wtype"
[1;32mDEBUG [0m]: New virtual keyboard created at 55998829dee0
[1;32mDEBUG [0m]: Updating keyboard 55998829dee0's translation state from a provided keymap
[1;32mDEBUG [0m]: Updating keymap fd for keyboard hl-virtual-keyboard-wtype
[1;32mDEBUG [0m]: Updated keymap fd to 91, keymap V1 to: 93
[1;32mDEBUG [0m]: Keyboard at 55998829dee0 removed
[1;32mDEBUG [0m]: Destroyed keyboard 55998829dee0
[1;32mDEBUG [0m]: [CWLSeatProtocol] New seat resource bound at 5599887cb860
[1;32mDEBUG [0m]: [CVirtualKeyboardProtocol] New VKeyboard at id 5
[1;32mDEBUG [0m]: ApplyConfigToKeyboard for "hl-virtual-keyboard-wtype", hasconfig: 0
[1;32mDEBUG [0m]: Attempting to create a keymap for layout us with variant  (rules: , model: , options: )
[1;32mDEBUG [0m]: Updating keyboard 55998829dee0's translation state from a provided keymap
[1;32mDEBUG [0m]: xkb: LED index 0 (name Num Lock) got index 1
[1;32mDEBUG [0m]: xkb: LED index 1 (name Caps Lock) got index 0
[1;32mDEBUG [0m]: xkb: LED index 2 (name Scroll Lock) got index 2
[1;32mDEBUG [0m]: xkb: Mod index 0 (name Shift) got index 0
[1;32mDEBUG [0m]: xkb: Mod index 1 (name Lock) got index 1
[1;32mDEBUG [0m]: xkb: Mod index 2 (name Control) got index 2
[1;32mDEBUG [0m]: xkb: Mod index 3 (name Mod1) got index 3
[1;32mDEBUG [0m]: xkb: Mod index 4 (name Mod2) got index 4
[1;32mDEBUG [0m]: xkb: Mod index 5 (name Mod3) got index 5
[1;32mDEBUG [0m]: xkb: Mod index 6 (name Mod4) got index 6
[1;32mDEBUG [0m]: xkb: Mod index 7 (name Mod5) got index 7
[1;32mDEBUG [0m]: Updating keymap fd for keyboard hl-virtual-keyboard-wtype
[1;32mDEBUG [0m]: Updated keymap fd to 91, keymap V1 to: 93
[1;32mDEBUG [0m]: Set the keyboard layout to us and variant to  for keyboard "hl-virtual-keyboard-wtype"
[1;32mDEBUG [0m]: New virtual keyboard created at 55998829dee0
[1;32mDEBUG [0m]: Updating keyboard 55998829dee0's translation state from a provided keymap
[1;32mDEBUG [0m]: Updating keymap fd for keyboard hl-virtual-keyboard-wtype
[1;32mDEBUG [0m]: Updated keymap fd to 91, keymap V1 to: 93
[1;32mDEBUG [0m]: Keyboard at 55998829dee0 removed
[1;32mDEBUG [0m]: Destroyed keyboard 55998829dee0
[1;32mDEBUG [0m]: Hyprctl: new connection from pid 545
[1;32mDEBUG [0m]: Hyprctl: new connection from pid 546
[1;32mDEBUG [0m]: [CForeignToplevelList] Newly mapped window gets an identifier of 18000000
[1;32mDEBUG [0m]: [CScreencopyProtocol] Bound client successfully!
[1;32mDEBUG [0m]: [CXDGOutputProtocol] New xdg_output for HEADLESS-1: client 559988829ce0 (not xwayland)
[1;32mDEBUG [0m]: [CXDGOutputProtocol] New xdg_output for WAYLAND-1: client 559988829ce0 (not xwayland)
[1;32mDEBUG [0m]: [COutputImageCaptureSourceProtocol] New capture source for monitor: HEADLESS-1
[1;32mDEBUG [0m]: [CImageCopyCaptureProtocol] New image copy capture session for source (monitor): "HEADLESS-1"
[1;32mDEBUG [0m]: Framebuffer "Monitor HEADLESS-1 mirror FB" created, status 36053
[1;32mDEBUG [0m]: Framebuffer "" created, status 36053
[1;32mDEBUG [0m]: [Screenshare] Started screenshare session for (monitor): HEADLESS-1
[1;32mDEBUG [0m]: [Screenshare] Stopped screenshare session for (monitor): HEADLESS-1
[1;32mDEBUG [0m]: [CWLSeatProtocol] New seat resource bound at 5599889dd2b0
[1;32mDEBUG [0m]: [CVirtualKeyboardProtocol] New VKeyboard at id 5
[1;32mDEBUG [0m]: ApplyConfigToKeyboard for "hl-virtual-keyboard-wtype", hasconfig: 0
[1;32mDEBUG [0m]: Attempting to create a keymap for layout us with variant  (rules: , model: , options: )
[1;32mDEBUG [0m]: Updating keyboard 55998829dee0's translation state from a provided keymap
[1;32mDEBUG [0m]: xkb: LED index 0 (name Num Lock) got index 1
[1;32mDEBUG [0m]: xkb: LED index 1 (name Caps Lock) got index 0
[1;32mDEBUG [0m]: xkb: LED index 2 (name Scroll Lock) got index 2
[1;32mDEBUG [0m]: xkb: Mod index 0 (name Shift) got index 0
[1;32mDEBUG [0m]: xkb: Mod index 1 (name Lock) got index 1
[1;32mDEBUG [0m]: xkb: Mod index 2 (name Control) got index 2
[1;32mDEBUG [0m]: xkb: Mod index 3 (name Mod1) got index 3
[1;32mDEBUG [0m]: xkb: Mod index 4 (name Mod2) got index 4
[1;32mDEBUG [0m]: xkb: Mod index 5 (name Mod3) got index 5
[1;32mDEBUG [0m]: xkb: Mod index 6 (name Mod4) got index 6
[1;32mDEBUG [0m]: xkb: Mod index 7 (name Mod5) got index 7
[1;32mDEBUG [0m]: Updating keymap fd for keyboard hl-virtual-keyboard-wtype
[1;32mDEBUG [0m]: Updated keymap fd to 90, keymap V1 to: 93
[1;32mDEBUG [0m]: Set the keyboard layout to us and variant to  for keyboard "hl-virtual-keyboard-wtype"
[1;32mDEBUG [0m]: New virtual keyboard created at 55998829dee0
[1;32mDEBUG [0m]: Updating keyboard 55998829dee0's translation state from a provided keymap
[1;32mDEBUG [0m]: Updating keymap fd for keyboard hl-virtual-keyboard-wtype
[1;32mDEBUG [0m]: Updated keymap fd to 90, keymap V1 to: 93
[1;32mDEBUG [0m]: [CWLCompositorResource] New wl_region with id 105 at 55998875eff0
[1;32mDEBUG [0m]: [CWLCompositorResource] New wl_region with id 40 at 5599888ba2d0
[1;32mDEBUG [0m]: [CWLCompositorResource] New wl_region with id 105 at 5599888ba2d0
[1;32mDEBUG [0m]: [CLinuxDMABUFParamsResource] Creating a dmabuf, with id 105: size [Vector2D: x: 368, y: 130], fmt AR24, planes 1
[1;32mDEBUG [0m]: [CLinuxDMABUFParamsResource]  | plane 0: mod 72057594037927952 fd 87 stride 1536 offset 0
[1;32mDEBUG [0m]: Keyboard at 55998829dee0 removed
[1;32mDEBUG [0m]: Destroyed keyboard 55998829dee0
[1;32mDEBUG [0m]: [CLinuxDMABUFParamsResource] Creating a dmabuf, with id 86: size [Vector2D: x: 368, y: 130], fmt AR24, planes 1
[1;32mDEBUG [0m]: [CLinuxDMABUFParamsResource]  | plane 0: mod 72057594037927952 fd 76 stride 1536 offset 0
[1;32mDEBUG [0m]: [CWLSeatProtocol] New seat resource bound at 5599889151a0
[1;32mDEBUG [0m]: [CVirtualKeyboardProtocol] New VKeyboard at id 5
[1;32mDEBUG [0m]: ApplyConfigToKeyboard for "hl-virtual-keyboard-wtype", hasconfig: 0
[1;32mDEBUG [0m]: Attempting to create a keymap for layout us with variant  (rules: , model: , options: )
[1;32mDEBUG [0m]: Updating keyboard 55998829dee0's translation state from a provided keymap
[1;32mDEBUG [0m]: xkb: LED index 0 (name Num Lock) got index 1
[1;32mDEBUG [0m]: xkb: LED index 1 (name Caps Lock) got index 0
[1;32mDEBUG [0m]: xkb: LED index 2 (name Scroll Lock) got index 2
[1;32mDEBUG [0m]: xkb: Mod index 0 (name Shift) got index 0
[1;32mDEBUG [0m]: xkb: Mod index 1 (name Lock) got index 1
[1;32mDEBUG [0m]: xkb: Mod index 2 (name Control) got index 2
[1;32mDEBUG [0m]: xkb: Mod index 3 (name Mod1) got index 3
[1;32mDEBUG [0m]: xkb: Mod index 4 (name Mod2) got index 4
[1;32mDEBUG [0m]: xkb: Mod index 5 (name Mod3) got index 5
[1;32mDEBUG [0m]: xkb: Mod index 6 (name Mod4) got index 6
[1;32mDEBUG [0m]: xkb: Mod index 7 (name Mod5) got index 7
[1;32mDEBUG [0m]: Updating keymap fd for keyboard hl-virtual-keyboard-wtype
[1;32mDEBUG [0m]: Updated keymap fd to 90, keymap V1 to: 93
[1;32mDEBUG [0m]: Set the keyboard layout to us and variant to  for keyboard "hl-virtual-keyboard-wtype"
[1;32mDEBUG [0m]: New virtual keyboard created at 55998829dee0
[1;32mDEBUG [0m]: Updating keyboard 55998829dee0's translation state from a provided keymap
[1;32mDEBUG [0m]: Updating keymap fd for keyboard hl-virtual-keyboard-wtype
[1;32mDEBUG [0m]: Updated keymap fd to 90, keymap V1 to: 93
[1;32mDEBUG [0m]: [CLinuxDMABUFParamsResource] Creating a dmabuf, with id 40: size [Vector2D: x: 368, y: 310], fmt AR24, planes 1
[1;32mDEBUG [0m]: [CLinuxDMABUFParamsResource]  | plane 0: mod 72057594037927952 fd 86 stride 1536 offset 0
[1;32mDEBUG [0m]: Keyboard at 55998829dee0 removed
[1;32mDEBUG [0m]: Destroyed keyboard 55998829dee0
[1;32mDEBUG [0m]: [CWLSeatProtocol] New seat resource bound at 5599889dd410
[1;32mDEBUG [0m]: [CVirtualKeyboardProtocol] New VKeyboard at id 5
[1;32mDEBUG [0m]: ApplyConfigToKeyboard for "hl-virtual-keyboard-wtype", hasconfig: 0
[1;32mDEBUG [0m]: Attempting to create a keymap for layout us with variant  (rules: , model: , options: )
[1;32mDEBUG [0m]: Updating keyboard 55998829dee0's translation state from a provided keymap
[1;32mDEBUG [0m]: xkb: LED index 0 (name Num Lock) got index 1
[1;32mDEBUG [0m]: xkb: LED index 1 (name Caps Lock) got index 0
[1;32mDEBUG [0m]: xkb: LED index 2 (name Scroll Lock) got index 2
[1;32mDEBUG [0m]: xkb: Mod index 0 (name Shift) got index 0
[1;32mDEBUG [0m]: xkb: Mod index 1 (name Lock) got index 1
[1;32mDEBUG [0m]: xkb: Mod index 2 (name Control) got index 2
[1;32mDEBUG [0m]: xkb: Mod index 3 (name Mod1) got index 3
[1;32mDEBUG [0m]: xkb: Mod index 4 (name Mod2) got index 4
[1;32mDEBUG [0m]: xkb: Mod index 5 (name Mod3) got index 5
[1;32mDEBUG [0m]: xkb: Mod index 6 (name Mod4) got index 6
[1;32mDEBUG [0m]: xkb: Mod index 7 (name Mod5) got index 7
[1;32mDEBUG [0m]: Updating keymap fd for keyboard hl-virtual-keyboard-wtype
[1;32mDEBUG [0m]: Updated keymap fd to 92, keymap V1 to: 95
[1;32mDEBUG [0m]: Set the keyboard layout to us and variant to  for keyboard "hl-virtual-keyboard-wtype"
[1;32mDEBUG [0m]: New virtual keyboard created at 55998829dee0
[1;32mDEBUG [0m]: Updating keyboard 55998829dee0's translation state from a provided keymap
[1;32mDEBUG [0m]: Updating keymap fd for keyboard hl-virtual-keyboard-wtype
[1;32mDEBUG [0m]: Updated keymap fd to 92, keymap V1 to: 95
[1;32mDEBUG [0m]: [CWLCompositorResource] New wl_region with id 92 at 559988906c40
[1;32mDEBUG [0m]: [CWLCompositorResource] New wl_region with id 75 at 559988906c40
[1;32mDEBUG [0m]: [CLinuxDMABUFParamsResource] Creating a dmabuf, with id 97: size [Vector2D: x: 368, y: 310], fmt AR24, planes 1
[1;32mDEBUG [0m]: [CLinuxDMABUFParamsResource]  | plane 0: mod 72057594037927952 fd 85 stride 1536 offset 0
[1;32mDEBUG [0m]: [CLinuxDMABUFParamsResource] Creating a dmabuf, with id 101: size [Vector2D: x: 368, y: 178], fmt AR24, planes 1
[1;32mDEBUG [0m]: [CLinuxDMABUFParamsResource]  | plane 0: mod 72057594037927952 fd 80 stride 1536 offset 0
[1;32mDEBUG [0m]: Keyboard at 55998829dee0 removed
[1;32mDEBUG [0m]: Destroyed keyboard 55998829dee0
[1;32mDEBUG [0m]: Hyprctl: new connection from pid 559
[1;32mDEBUG [0m]: Hyprctl: new connection from pid 560
[1;32mDEBUG [0m]: [CForeignToplevelList] Newly mapped window gets an identifier of 18000000
[1;32mDEBUG [0m]: [CScreencopyProtocol] Bound client successfully!
[1;32mDEBUG [0m]: [CXDGOutputProtocol] New xdg_output for HEADLESS-1: client 559988829ce0 (not xwayland)
[1;32mDEBUG [0m]: [CXDGOutputProtocol] New xdg_output for WAYLAND-1: client 559988829ce0 (not xwayland)
[1;32mDEBUG [0m]: [COutputImageCaptureSourceProtocol] New capture source for monitor: HEADLESS-1
[1;32mDEBUG [0m]: [CImageCopyCaptureProtocol] New image copy capture session for source (monitor): "HEADLESS-1"
[1;32mDEBUG [0m]: Framebuffer "Monitor HEADLESS-1 mirror FB" created, status 36053
[1;32mDEBUG [0m]: Framebuffer "" created, status 36053
[1;32mDEBUG [0m]: [Screenshare] Started screenshare session for (monitor): HEADLESS-1
[1;32mDEBUG [0m]: [Screenshare] Stopped screenshare session for (monitor): HEADLESS-1
[1;32mDEBUG [0m]: [CWLSeatProtocol] New seat resource bound at 559988779e50
[1;32mDEBUG [0m]: [CVirtualKeyboardProtocol] New VKeyboard at id 5
[1;32mDEBUG [0m]: ApplyConfigToKeyboard for "hl-virtual-keyboard-wtype", hasconfig: 0
[1;32mDEBUG [0m]: Attempting to create a keymap for layout us with variant  (rules: , model: , options: )
[1;32mDEBUG [0m]: Updating keyboard 55998829dee0's translation state from a provided keymap
[1;32mDEBUG [0m]: xkb: LED index 0 (name Num Lock) got index 1
[1;32mDEBUG [0m]: xkb: LED index 1 (name Caps Lock) got index 0
[1;32mDEBUG [0m]: xkb: LED index 2 (name Scroll Lock) got index 2
[1;32mDEBUG [0m]: xkb: Mod index 0 (name Shift) got index 0
[1;32mDEBUG [0m]: xkb: Mod index 1 (name Lock) got index 1
[1;32mDEBUG [0m]: xkb: Mod index 2 (name Control) got index 2
[1;32mDEBUG [0m]: xkb: Mod index 3 (name Mod1) got index 3
[1;32mDEBUG [0m]: xkb: Mod index 4 (name Mod2) got index 4
[1;32mDEBUG [0m]: xkb: Mod index 5 (name Mod3) got index 5
[1;32mDEBUG [0m]: xkb: Mod index 6 (name Mod4) got index 6
[1;32mDEBUG [0m]: xkb: Mod index 7 (name Mod5) got index 7
[1;32mDEBUG [0m]: Updating keymap fd for keyboard hl-virtual-keyboard-wtype
[1;32mDEBUG [0m]: Updated keymap fd to 90, keymap V1 to: 93
[1;32mDEBUG [0m]: Set the keyboard layout to us and variant to  for keyboard "hl-virtual-keyboard-wtype"
[1;32mDEBUG [0m]: New virtual keyboard created at 55998829dee0
[1;32mDEBUG [0m]: Updating keyboard 55998829dee0's translation state from a provided keymap
[1;32mDEBUG [0m]: Updating keymap fd for keyboard hl-virtual-keyboard-wtype
[1;32mDEBUG [0m]: Updated keymap fd to 90, keymap V1 to: 93
[1;32mDEBUG [0m]: [CWLCompositorResource] New wl_region with id 108 at 559988844440
[1;32mDEBUG [0m]: [CLinuxDMABUFParamsResource] Creating a dmabuf, with id 82: size [Vector2D: x: 368, y: 178], fmt AR24, planes 1
[1;32mDEBUG [0m]: [CLinuxDMABUFParamsResource]  | plane 0: mod 72057594037927952 fd 88 stride 1536 offset 0
[1;32mDEBUG [0m]: Keyboard at 55998829dee0 removed
[1;32mDEBUG [0m]: Destroyed keyboard 55998829dee0
[1;32mDEBUG [0m]: [CLinuxDMABUFParamsResource] Creating a dmabuf, with id 98: size [Vector2D: x: 368, y: 130], fmt AR24, planes 1
[1;32mDEBUG [0m]: [CLinuxDMABUFParamsResource]  | plane 0: mod 72057594037927952 fd 76 stride 1536 offset 0
[1;32mDEBUG [0m]: [CLinuxDMABUFParamsResource] Creating a dmabuf, with id 86: size [Vector2D: x: 368, y: 130], fmt AR24, planes 1
[1;32mDEBUG [0m]: [CLinuxDMABUFParamsResource]  | plane 0: mod 72057594037927952 fd 80 stride 1536 offset 0
[1;32mDEBUG [0m]: LayerSurface 55998826b9f0 destroyed
[1;32mDEBUG [0m]: Forcing an unmap of a LS that did a straight destroy!
[1;32mDEBUG [0m]: LayerSurface 55998826b9f0 unmapped
[1;32mDEBUG [0m]: renderer: making a snapshot of layer 559988918b90
[1;32mDEBUG [0m]: Framebuffer "layer snapshot" created, status 36053
[1;32mDEBUG [0m]: renderer: cleared a snapshot of layer 559988918b90
[1;32mDEBUG [0m]: renderer: rendered a snapshot of layer 559988918b90
[1;32mDEBUG [0m]: renderer: made a snapshot of layer 559988918b90
[1;32mDEBUG [0m]: CWLSurface 559988264b00 called destroy()
[1;32mDEBUG [0m]: Cleanup: removed 1 fadeouts
[1;32mDEBUG [0m]: [Window 559988295ad0: title: "Putkin private input test", class: org.quickshell] unmapped
[1;32mDEBUG [0m]: Removing last node (dwindle)
[1;33mWARN [0m]: ITarget: assignToSpace with a null space?
[1;32mDEBUG [0m]: Unmapped was not focused, ignoring a refocus.
[1;32mDEBUG [0m]: Destroying workspace ID 2
[1;32mDEBUG [0m]: [Window 559988295ad0: title: "Putkin private input test", class: org.quickshell] destroyed, queueing.
[1;32mDEBUG [0m]: CWLSurface 559988293c80 called destroy()
[1;32mDEBUG [0m]: Hyprctl: new connection from pid 571
[1;32mDEBUG [0m]: Hyprctl: keyword debug:disable_scale_checks : true
[1;32mDEBUG [0m]: Hyprctl: new connection from pid 576
[1;32mDEBUG [0m]: Hyprctl: keyword monitor : HEADLESS-1,1920x1080@60,2000x0,1
[1;32mDEBUG [0m]: ApplyConfigToKeyboard for "wl_keyboard", hasconfig: 0
[1;32mDEBUG [0m]: Not applying config to keyboard, it did not change.
[1;33mWARN [0m]: No rule found for WAYLAND-1, trying to use the first.
[1;32mDEBUG [0m]: Hyprctl: new connection from pid 577
[1;32mDEBUG [0m]: Hyprctl: new connection from pid 578
[1;32mDEBUG [0m]: Hyprctl: dispatcher focusmonitor : HEADLESS-1
[1;32mDEBUG [0m]: [CWLCompositorResource] New wl_surface with id 80 at 559988296500
[1;32mDEBUG [0m]: CWLSurface 55998886a260 called init()
[1;32mDEBUG [0m]: LayerSurface 55998826b9f0 (namespace putkin-panel layer 3) created on monitor HEADLESS-1
[1;32mDEBUG [0m]: [CLayerShellProtocol] New wlr_layer_surface 55998826b9f0
[1;32mDEBUG [0m]: [CPrimarySelectionProtocol] CPrimarySelectionProtocol::updateSelection: cannot send selection to a client without a data_device
[1;32mDEBUG [0m]: [CWLCompositorResource] New wl_region with id 82 at 559987d87da0
[1;32mDEBUG [0m]: [CLinuxDMABUFParamsResource] Creating a dmabuf, with id 101: size [Vector2D: x: 368, y: 136], fmt AR24, planes 1
[1;32mDEBUG [0m]: [CLinuxDMABUFParamsResource]  | plane 0: mod 72057594037927952 fd 76 stride 1536 offset 0
[1;32mDEBUG [0m]: cursorImage request: shape 1 -> default
[1;32mDEBUG [0m]: LayerSurface 55998826b9f0 mapped
[1;32mDEBUG [0m]: [CLinuxDMABUFParamsResource] Creating a dmabuf, with id 40: size [Vector2D: x: 368, y: 136], fmt AR24, planes 1
[1;32mDEBUG [0m]: [CLinuxDMABUFParamsResource]  | plane 0: mod 72057594037927952 fd 82 stride 1536 offset 0
[1;32mDEBUG [0m]: [CLinuxDMABUFParamsResource] Creating a dmabuf, with id 85: size [Vector2D: x: 368, y: 424], fmt AR24, planes 1
[1;32mDEBUG [0m]: [CLinuxDMABUFParamsResource]  | plane 0: mod 72057594037927952 fd 85 stride 1536 offset 0
[1;32mDEBUG [0m]: [CLinuxDMABUFParamsResource] Creating a dmabuf, with id 82: size [Vector2D: x: 368, y: 424], fmt AR24, planes 1
[1;32mDEBUG [0m]: [CLinuxDMABUFParamsResource]  | plane 0: mod 72057594037927952 fd 80 stride 1536 offset 0
[1;32mDEBUG [0m]: [CWLSeatProtocol] New seat resource bound at 5599889dd410
[1;32mDEBUG [0m]: [CVirtualKeyboardProtocol] New VKeyboard at id 5
[1;32mDEBUG [0m]: ApplyConfigToKeyboard for "hl-virtual-keyboard-wtype", hasconfig: 0
[1;32mDEBUG [0m]: Attempting to create a keymap for layout us with variant  (rules: , model: , options: )
[1;32mDEBUG [0m]: Updating keyboard 55998829dee0's translation state from a provided keymap
[1;32mDEBUG [0m]: xkb: LED index 0 (name Num Lock) got index 1
[1;32mDEBUG [0m]: xkb: LED index 1 (name Caps Lock) got index 0
[1;32mDEBUG [0m]: xkb: LED index 2 (name Scroll Lock) got index 2
[1;32mDEBUG [0m]: xkb: Mod index 0 (name Shift) got index 0
[1;32mDEBUG [0m]: xkb: Mod index 1 (name Lock) got index 1
[1;32mDEBUG [0m]: xkb: Mod index 2 (name Control) got index 2
[1;32mDEBUG [0m]: xkb: Mod index 3 (name Mod1) got index 3
[1;32mDEBUG [0m]: xkb: Mod index 4 (name Mod2) got index 4
[1;32mDEBUG [0m]: xkb: Mod index 5 (name Mod3) got index 5
[1;32mDEBUG [0m]: xkb: Mod index 6 (name Mod4) got index 6
[1;32mDEBUG [0m]: xkb: Mod index 7 (name Mod5) got index 7
[1;32mDEBUG [0m]: Updating keymap fd for keyboard hl-virtual-keyboard-wtype
[1;32mDEBUG [0m]: Updated keymap fd to 91, keymap V1 to: 93
[1;32mDEBUG [0m]: Set the keyboard layout to us and variant to  for keyboard "hl-virtual-keyboard-wtype"
[1;32mDEBUG [0m]: New virtual keyboard created at 55998829dee0
[1;32mDEBUG [0m]: Updating keyboard 55998829dee0's translation state from a provided keymap
[1;32mDEBUG [0m]: Updating keymap fd for keyboard hl-virtual-keyboard-wtype
[1;32mDEBUG [0m]: Updated keymap fd to 91, keymap V1 to: 93
[1;32mDEBUG [0m]: Keyboard at 55998829dee0 removed
[1;32mDEBUG [0m]: Destroyed keyboard 55998829dee0
[1;32mDEBUG [0m]: [CWLSeatProtocol] New seat resource bound at 559988239680
[1;32mDEBUG [0m]: [CVirtualKeyboardProtocol] New VKeyboard at id 5
[1;32mDEBUG [0m]: ApplyConfigToKeyboard for "hl-virtual-keyboard-wtype", hasconfig: 0
[1;32mDEBUG [0m]: Attempting to create a keymap for layout us with variant  (rules: , model: , options: )
[1;32mDEBUG [0m]: Updating keyboard 55998829dee0's translation state from a provided keymap
[1;32mDEBUG [0m]: xkb: LED index 0 (name Num Lock) got index 1
[1;32mDEBUG [0m]: xkb: LED index 1 (name Caps Lock) got index 0
[1;32mDEBUG [0m]: xkb: LED index 2 (name Scroll Lock) got index 2
[1;32mDEBUG [0m]: xkb: Mod index 0 (name Shift) got index 0
[1;32mDEBUG [0m]: xkb: Mod index 1 (name Lock) got index 1
[1;32mDEBUG [0m]: xkb: Mod index 2 (name Control) got index 2
[1;32mDEBUG [0m]: xkb: Mod index 3 (name Mod1) got index 3
[1;32mDEBUG [0m]: xkb: Mod index 4 (name Mod2) got index 4
[1;32mDEBUG [0m]: xkb: Mod index 5 (name Mod3) got index 5
[1;32mDEBUG [0m]: xkb: Mod index 6 (name Mod4) got index 6
[1;32mDEBUG [0m]: xkb: Mod index 7 (name Mod5) got index 7
[1;32mDEBUG [0m]: Updating keymap fd for keyboard hl-virtual-keyboard-wtype
[1;32mDEBUG [0m]: Updated keymap fd to 91, keymap V1 to: 93
[1;32mDEBUG [0m]: Set the keyboard layout to us and variant to  for keyboard "hl-virtual-keyboard-wtype"
[1;32mDEBUG [0m]: New virtual keyboard created at 55998829dee0
[1;32mDEBUG [0m]: Updating keyboard 55998829dee0's translation state from a provided keymap
[1;32mDEBUG [0m]: Updating keymap fd for keyboard hl-virtual-keyboard-wtype
[1;32mDEBUG [0m]: Updated keymap fd to 91, keymap V1 to: 93
[1;32mDEBUG [0m]: Keyboard at 55998829dee0 removed
[1;32mDEBUG [0m]: Destroyed keyboard 55998829dee0
[1;32mDEBUG [0m]: [CWLSeatProtocol] New seat resource bound at 5599882425b0
[1;32mDEBUG [0m]: [CVirtualKeyboardProtocol] New VKeyboard at id 5
[1;32mDEBUG [0m]: ApplyConfigToKeyboard for "hl-virtual-keyboard-wtype", hasconfig: 0
[1;32mDEBUG [0m]: Attempting to create a keymap for layout us with variant  (rules: , model: , options: )
[1;32mDEBUG [0m]: Updating keyboard 55998829dee0's translation state from a provided keymap
[1;32mDEBUG [0m]: xkb: LED index 0 (name Num Lock) got index 1
[1;32mDEBUG [0m]: xkb: LED index 1 (name Caps Lock) got index 0
[1;32mDEBUG [0m]: xkb: LED index 2 (name Scroll Lock) got index 2
[1;32mDEBUG [0m]: xkb: Mod index 0 (name Shift) got index 0
[1;32mDEBUG [0m]: xkb: Mod index 1 (name Lock) got index 1
[1;32mDEBUG [0m]: xkb: Mod index 2 (name Control) got index 2
[1;32mDEBUG [0m]: xkb: Mod index 3 (name Mod1) got index 3
[1;32mDEBUG [0m]: xkb: Mod index 4 (name Mod2) got index 4
[1;32mDEBUG [0m]: xkb: Mod index 5 (name Mod3) got index 5
[1;32mDEBUG [0m]: xkb: Mod index 6 (name Mod4) got index 6
[1;32mDEBUG [0m]: xkb: Mod index 7 (name Mod5) got index 7
[1;32mDEBUG [0m]: Updating keymap fd for keyboard hl-virtual-keyboard-wtype
[1;32mDEBUG [0m]: Updated keymap fd to 91, keymap V1 to: 93
[1;32mDEBUG [0m]: Set the keyboard layout to us and variant to  for keyboard "hl-virtual-keyboard-wtype"
[1;32mDEBUG [0m]: New virtual keyboard created at 55998829dee0
[1;32mDEBUG [0m]: Updating keyboard 55998829dee0's translation state from a provided keymap
[1;32mDEBUG [0m]: Updating keymap fd for keyboard hl-virtual-keyboard-wtype
[1;32mDEBUG [0m]: Updated keymap fd to 91, keymap V1 to: 93
[1;32mDEBUG [0m]: Keyboard at 55998829dee0 removed
[1;32mDEBUG [0m]: Destroyed keyboard 55998829dee0
[1;32mDEBUG [0m]: [CWLSeatProtocol] New seat resource bound at 5599882440b0
[1;32mDEBUG [0m]: [CVirtualKeyboardProtocol] New VKeyboard at id 5
[1;32mDEBUG [0m]: ApplyConfigToKeyboard for "hl-virtual-keyboard-wtype", hasconfig: 0
[1;32mDEBUG [0m]: Attempting to create a keymap for layout us with variant  (rules: , model: , options: )
[1;32mDEBUG [0m]: Updating keyboard 55998829dee0's translation state from a provided keymap
[1;32mDEBUG [0m]: xkb: LED index 0 (name Num Lock) got index 1
[1;32mDEBUG [0m]: xkb: LED index 1 (name Caps Lock) got index 0
[1;32mDEBUG [0m]: xkb: LED index 2 (name Scroll Lock) got index 2
[1;32mDEBUG [0m]: xkb: Mod index 0 (name Shift) got index 0
[1;32mDEBUG [0m]: xkb: Mod index 1 (name Lock) got index 1
[1;32mDEBUG [0m]: xkb: Mod index 2 (name Control) got index 2
[1;32mDEBUG [0m]: xkb: Mod index 3 (name Mod1) got index 3
[1;32mDEBUG [0m]: xkb: Mod index 4 (name Mod2) got index 4
[1;32mDEBUG [0m]: xkb: Mod index 5 (name Mod3) got index 5
[1;32mDEBUG [0m]: xkb: Mod index 6 (name Mod4) got index 6
[1;32mDEBUG [0m]: xkb: Mod index 7 (name Mod5) got index 7
[1;32mDEBUG [0m]: Updating keymap fd for keyboard hl-virtual-keyboard-wtype
[1;32mDEBUG [0m]: Updated keymap fd to 91, keymap V1 to: 93
[1;32mDEBUG [0m]: Set the keyboard layout to us and variant to  for keyboard "hl-virtual-keyboard-wtype"
[1;32mDEBUG [0m]: New virtual keyboard created at 55998829dee0
[1;32mDEBUG [0m]: Updating keyboard 55998829dee0's translation state from a provided keymap
[1;32mDEBUG [0m]: Updating keymap fd for keyboard hl-virtual-keyboard-wtype
[1;32mDEBUG [0m]: Updated keymap fd to 91, keymap V1 to: 93
[1;32mDEBUG [0m]: Keyboard at 55998829dee0 removed
[1;32mDEBUG [0m]: Destroyed keyboard 55998829dee0
[1;32mDEBUG [0m]: [CWLSeatProtocol] New seat resource bound at 559988237b80
[1;32mDEBUG [0m]: [CVirtualKeyboardProtocol] New VKeyboard at id 5
[1;32mDEBUG [0m]: ApplyConfigToKeyboard for "hl-virtual-keyboard-wtype", hasconfig: 0
[1;32mDEBUG [0m]: Attempting to create a keymap for layout us with variant  (rules: , model: , options: )
[1;32mDEBUG [0m]: Updating keyboard 55998829dee0's translation state from a provided keymap
[1;32mDEBUG [0m]: xkb: LED index 0 (name Num Lock) got index 1
[1;32mDEBUG [0m]: xkb: LED index 1 (name Caps Lock) got index 0
[1;32mDEBUG [0m]: xkb: LED index 2 (name Scroll Lock) got index 2
[1;32mDEBUG [0m]: xkb: Mod index 0 (name Shift) got index 0
[1;32mDEBUG [0m]: xkb: Mod index 1 (name Lock) got index 1
[1;32mDEBUG [0m]: xkb: Mod index 2 (name Control) got index 2
[1;32mDEBUG [0m]: xkb: Mod index 3 (name Mod1) got index 3
[1;32mDEBUG [0m]: xkb: Mod index 4 (name Mod2) got index 4
[1;32mDEBUG [0m]: xkb: Mod index 5 (name Mod3) got index 5
[1;32mDEBUG [0m]: xkb: Mod index 6 (name Mod4) got index 6
[1;32mDEBUG [0m]: xkb: Mod index 7 (name Mod5) got index 7
[1;32mDEBUG [0m]: Updating keymap fd for keyboard hl-virtual-keyboard-wtype
[1;32mDEBUG [0m]: Updated keymap fd to 91, keymap V1 to: 93
[1;32mDEBUG [0m]: Set the keyboard layout to us and variant to  for keyboard "hl-virtual-keyboard-wtype"
[1;32mDEBUG [0m]: New virtual keyboard created at 55998829dee0
[1;32mDEBUG [0m]: Updating keyboard 55998829dee0's translation state from a provided keymap
[1;32mDEBUG [0m]: Updating keymap fd for keyboard hl-virtual-keyboard-wtype
[1;32mDEBUG [0m]: Updated keymap fd to 91, keymap V1 to: 93
[1;32mDEBUG [0m]: Keyboard at 55998829dee0 removed
[1;32mDEBUG [0m]: Destroyed keyboard 55998829dee0
[1;32mDEBUG [0m]: [CWLSeatProtocol] New seat resource bound at 559988c5e150
[1;32mDEBUG [0m]: [CVirtualKeyboardProtocol] New VKeyboard at id 5
[1;32mDEBUG [0m]: ApplyConfigToKeyboard for "hl-virtual-keyboard-wtype", hasconfig: 0
[1;32mDEBUG [0m]: Attempting to create a keymap for layout us with variant  (rules: , model: , options: )
[1;32mDEBUG [0m]: Updating keyboard 55998829dee0's translation state from a provided keymap
[1;32mDEBUG [0m]: xkb: LED index 0 (name Num Lock) got index 1
[1;32mDEBUG [0m]: xkb: LED index 1 (name Caps Lock) got index 0
[1;32mDEBUG [0m]: xkb: LED index 2 (name Scroll Lock) got index 2
[1;32mDEBUG [0m]: xkb: Mod index 0 (name Shift) got index 0
[1;32mDEBUG [0m]: xkb: Mod index 1 (name Lock) got index 1
[1;32mDEBUG [0m]: xkb: Mod index 2 (name Control) got index 2
[1;32mDEBUG [0m]: xkb: Mod index 3 (name Mod1) got index 3
[1;32mDEBUG [0m]: xkb: Mod index 4 (name Mod2) got index 4
[1;32mDEBUG [0m]: xkb: Mod index 5 (name Mod3) got index 5
[1;32mDEBUG [0m]: xkb: Mod index 6 (name Mod4) got index 6
[1;32mDEBUG [0m]: xkb: Mod index 7 (name Mod5) got index 7
[1;32mDEBUG [0m]: Updating keymap fd for keyboard hl-virtual-keyboard-wtype
[1;32mDEBUG [0m]: Updated keymap fd to 91, keymap V1 to: 93
[1;32mDEBUG [0m]: Set the keyboard layout to us and variant to  for keyboard "hl-virtual-keyboard-wtype"
[1;32mDEBUG [0m]: New virtual keyboard created at 55998829dee0
[1;32mDEBUG [0m]: Updating keyboard 55998829dee0's translation state from a provided keymap
[1;32mDEBUG [0m]: Updating keymap fd for keyboard hl-virtual-keyboard-wtype
[1;32mDEBUG [0m]: Updated keymap fd to 91, keymap V1 to: 93
[1;32mDEBUG [0m]: Keyboard at 55998829dee0 removed
[1;32mDEBUG [0m]: Destroyed keyboard 55998829dee0
[1;32mDEBUG [0m]: [CWLSeatProtocol] New seat resource bound at 55998823c640
[1;32mDEBUG [0m]: [CVirtualKeyboardProtocol] New VKeyboard at id 5
[1;32mDEBUG [0m]: ApplyConfigToKeyboard for "hl-virtual-keyboard-wtype", hasconfig: 0
[1;32mDEBUG [0m]: Attempting to create a keymap for layout us with variant  (rules: , model: , options: )
[1;32mDEBUG [0m]: Updating keyboard 55998829dee0's translation state from a provided keymap
[1;32mDEBUG [0m]: xkb: LED index 0 (name Num Lock) got index 1
[1;32mDEBUG [0m]: xkb: LED index 1 (name Caps Lock) got index 0
[1;32mDEBUG [0m]: xkb: LED index 2 (name Scroll Lock) got index 2
[1;32mDEBUG [0m]: xkb: Mod index 0 (name Shift) got index 0
[1;32mDEBUG [0m]: xkb: Mod index 1 (name Lock) got index 1
[1;32mDEBUG [0m]: xkb: Mod index 2 (name Control) got index 2
[1;32mDEBUG [0m]: xkb: Mod index 3 (name Mod1) got index 3
[1;32mDEBUG [0m]: xkb: Mod index 4 (name Mod2) got index 4
[1;32mDEBUG [0m]: xkb: Mod index 5 (name Mod3) got index 5
[1;32mDEBUG [0m]: xkb: Mod index 6 (name Mod4) got index 6
[1;32mDEBUG [0m]: xkb: Mod index 7 (name Mod5) got index 7
[1;32mDEBUG [0m]: Updating keymap fd for keyboard hl-virtual-keyboard-wtype
[1;32mDEBUG [0m]: Updated keymap fd to 91, keymap V1 to: 93
[1;32mDEBUG [0m]: Set the keyboard layout to us and variant to  for keyboard "hl-virtual-keyboard-wtype"
[1;32mDEBUG [0m]: New virtual keyboard created at 55998829dee0
[1;32mDEBUG [0m]: Updating keyboard 55998829dee0's translation state from a provided keymap
[1;32mDEBUG [0m]: Updating keymap fd for keyboard hl-virtual-keyboard-wtype
[1;32mDEBUG [0m]: Updated keymap fd to 91, keymap V1 to: 93
[1;32mDEBUG [0m]: Keyboard at 55998829dee0 removed
[1;32mDEBUG [0m]: Destroyed keyboard 55998829dee0
[1;32mDEBUG [0m]: Hyprctl: new connection from pid 616
[1;32mDEBUG [0m]: Hyprctl: new connection from pid 617
[1;32mDEBUG [0m]: Hyprctl: new connection from pid 618
[1;32mDEBUG [0m]: Hyprctl: new connection from pid 619
[1;32mDEBUG [0m]: Hyprctl: new connection from pid 620
[1;32mDEBUG [0m]: Hyprctl: new connection from pid 621
[1;32mDEBUG [0m]: Hyprctl: new connection from pid 622
[1;32mDEBUG [0m]: Hyprctl: new connection from pid 623
[1;32mDEBUG [0m]: [CScreencopyProtocol] Bound client successfully!
[1;32mDEBUG [0m]: [CXDGOutputProtocol] New xdg_output for HEADLESS-1: client 559988728730 (not xwayland)
[1;32mDEBUG [0m]: [CXDGOutputProtocol] New xdg_output for WAYLAND-1: client 559988728730 (not xwayland)
[1;32mDEBUG [0m]: [COutputImageCaptureSourceProtocol] New capture source for monitor: HEADLESS-1
[1;32mDEBUG [0m]: [CImageCopyCaptureProtocol] New image copy capture session for source (monitor): "HEADLESS-1"
[1;32mDEBUG [0m]: Framebuffer "Monitor HEADLESS-1 mirror FB" created, status 36053
[1;32mDEBUG [0m]: Framebuffer "" created, status 36053
[1;32mDEBUG [0m]: [Screenshare] Started screenshare session for (monitor): HEADLESS-1
[1;32mDEBUG [0m]: [Screenshare] Stopped screenshare session for (monitor): HEADLESS-1
[1;32mDEBUG [0m]: [CWLCompositorResource] New wl_region with id 40 at 5599872e9140
[1;32mDEBUG [0m]: LayerSurface 55998826b9f0 destroyed
[1;32mDEBUG [0m]: Forcing an unmap of a LS that did a straight destroy!
[1;32mDEBUG [0m]: LayerSurface 55998826b9f0 unmapped
[1;32mDEBUG [0m]: renderer: making a snapshot of layer 559988918b90
[1;32mDEBUG [0m]: Framebuffer "layer snapshot" created, status 36053
[1;32mDEBUG [0m]: renderer: cleared a snapshot of layer 559988918b90
[1;32mDEBUG [0m]: renderer: rendered a snapshot of layer 559988918b90
[1;32mDEBUG [0m]: renderer: made a snapshot of layer 559988918b90
[1;32mDEBUG [0m]: CWLSurface 55998886a260 called destroy()
[1;32mDEBUG [0m]: Cleanup: removed 1 fadeouts
[1;32mDEBUG [0m]: Hyprctl: new connection from pid 631
[1;32mDEBUG [0m]: Hyprctl: keyword monitor : HEADLESS-1,1920x1080@60,2000x0,1.25
[1;32mDEBUG [0m]: ApplyConfigToKeyboard for "wl_keyboard", hasconfig: 0
[1;32mDEBUG [0m]: Not applying config to keyboard, it did not change.
[1;33mWARN [0m]: No rule found for WAYLAND-1, trying to use the first.
[1;32mDEBUG [0m]: Applying monitor rule for HEADLESS-1
[1;32mDEBUG [0m]: Monitor HEADLESS-1: requested 1920x1080@60.00Hz, using preferred mode 1920x1080@60.00Hz
[1;32mDEBUG [0m]: output HEADLESS-1 succeeded basic test on format DRM_FORMAT_XRGB8888
[1;32mDEBUG [0m]: CMonitor::updateVCGTRamps: skipping, no gamma ramp for output
[1;32mDEBUG [0m]: Monitor HEADLESS-1 data dump: res 1920x1080@60.00Hz, scale 1.25, transform 0, pos 2000x0, 10b 0
[1;33mWARN [0m]: FIXME: color management protocol is enabled and outputs changed, check preferred image description changes
[1;32mDEBUG [0m]: arrangeMonitors: 2 to arrange
[1;32mDEBUG [0m]: arrangeMonitors: HEADLESS-1 explicit [2000, 0]
[1;32mDEBUG [0m]: arrangeMonitors: WAYLAND-1 auto [3536, 0]
[1;32mDEBUG [0m]: arrangeMonitors: WAYLAND-1 xwayland [0, 0]
[1;32mDEBUG [0m]: arrangeMonitors: HEADLESS-1 xwayland [1920, 0]
[1;32mDEBUG [0m]: [CXDGOutputProtocol] updating all xdg_output heads
[1;32mDEBUG [0m]: [CXDGOutputProtocol] updating all xdg_output heads
[1;32mDEBUG [0m]: [CXDGOutputProtocol] updating all xdg_output heads
[1;32mDEBUG [0m]: [CWLCompositorResource] New wl_region with id 104 at 5599872865f0
[1;32mDEBUG [0m]: [CLinuxDMABUFParamsResource] Creating a dmabuf, with id 74: size [Vector2D: x: 1536, y: 32], fmt AR24, planes 1
[1;32mDEBUG [0m]: [CLinuxDMABUFParamsResource]  | plane 0: mod 72057594037927952 fd 76 stride 6144 offset 0
[1;32mDEBUG [0m]: [CWLCompositorResource] New wl_region with id 85 at 55998732da60
[1;32mDEBUG [0m]: [CLinuxDMABUFParamsResource] Creating a dmabuf, with id 108: size [Vector2D: x: 1920, y: 1080], fmt AR24, planes 1
[1;32mDEBUG [0m]: [CLinuxDMABUFParamsResource]  | plane 0: mod 72057594037927952 fd 90 stride 7680 offset 0
[1;32mDEBUG [0m]: Hyprctl: new connection from pid 632
[1;32mDEBUG [0m]: Hyprctl: new connection from pid 633
[1;32mDEBUG [0m]: Hyprctl: dispatcher focusmonitor : HEADLESS-1
[1;32mDEBUG [0m]: [CLinuxDMABUFParamsResource] Creating a dmabuf, with id 82: size [Vector2D: x: 1920, y: 40], fmt AR24, planes 1
[1;32mDEBUG [0m]: [CLinuxDMABUFParamsResource]  | plane 0: mod 72057594037927952 fd 70 stride 7680 offset 0
[1;32mDEBUG [0m]: [CLinuxDMABUFParamsResource] Creating a dmabuf, with id 47: size [Vector2D: x: 1920, y: 1080], fmt AR24, planes 1
[1;32mDEBUG [0m]: [CLinuxDMABUFParamsResource]  | plane 0: mod 72057594037927952 fd 69 stride 7680 offset 0
[1;32mDEBUG [0m]: [CLinuxDMABUFParamsResource] Creating a dmabuf, with id 98: size [Vector2D: x: 1920, y: 40], fmt AR24, planes 1
[1;32mDEBUG [0m]: [CLinuxDMABUFParamsResource]  | plane 0: mod 72057594037927952 fd 61 stride 7680 offset 0
[1;32mDEBUG [0m]: [CWLCompositorResource] New wl_surface with id 97 at 559988296500
[1;32mDEBUG [0m]: CWLSurface 55998886a260 called init()
[1;32mDEBUG [0m]: LayerSurface 55998826b9f0 (namespace putkin-panel layer 3) created on monitor HEADLESS-1
[1;32mDEBUG [0m]: [CLayerShellProtocol] New wlr_layer_surface 55998826b9f0
[1;32mDEBUG [0m]: [CPrimarySelectionProtocol] CPrimarySelectionProtocol::updateSelection: cannot send selection to a client without a data_device
[1;32mDEBUG [0m]: [CWLCompositorResource] New wl_region with id 104 at 559987d49bc0
[1;32mDEBUG [0m]: [CLinuxDMABUFParamsResource] Creating a dmabuf, with id 105: size [Vector2D: x: 460, y: 170], fmt AR24, planes 1
[1;32mDEBUG [0m]: [CLinuxDMABUFParamsResource]  | plane 0: mod 72057594037927952 fd 76 stride 1920 offset 0
[1;32mDEBUG [0m]: LayerSurface 55998826b9f0 mapped
[1;32mDEBUG [0m]: cursorImage request: shape 1 -> default
[1;32mDEBUG [0m]: XCursor scanning theme default
[1;32mDEBUG [0m]: XCursor parsing index.theme /usr/share/icons/default/index.theme
[1;32mDEBUG [0m]: XCursor theme default inherits Adwaita
[1;32mDEBUG [0m]: XCursor scanning theme Adwaita
[1;32mDEBUG [0m]: XCursor using theme path /usr/share/icons/Adwaita/cursors
[1;32mDEBUG [0m]: XCursor parsing index.theme /usr/share/icons/Adwaita/index.theme
[1;32mDEBUG [0m]: XCursor theme Adwaita inherits AdwaitaLegacy
[1;32mDEBUG [0m]: XCursor theme Adwaita inherits hicolor
[1;32mDEBUG [0m]: XCursor scanning theme Adwaita
[1;32mDEBUG [0m]: XCursor using theme path /usr/share/icons/Adwaita/cursors
[1;32mDEBUG [0m]: XCursor parsing index.theme /usr/share/icons/Adwaita/index.theme
[1;32mDEBUG [0m]: XCursor theme Adwaita inherits AdwaitaLegacy
[1;32mDEBUG [0m]: XCursor theme Adwaita inherits hicolor
[1;32mDEBUG [0m]: XCursor scanning theme AdwaitaLegacy
[1;32mDEBUG [0m]: XCursor parsing index.theme /usr/share/icons/AdwaitaLegacy/index.theme
[1;32mDEBUG [0m]: XCursor theme AdwaitaLegacy inherits hicolor
[1;32mDEBUG [0m]: XCursor scanning theme hicolor
[1;32mDEBUG [0m]: XCursor parsing index.theme /usr/share/icons/hicolor/index.theme
[1;32mDEBUG [0m]: XCursor already has a shape default loaded, skipping
[1;32mDEBUG [0m]: XCursor already has a shape context-menu loaded, skipping
[1;32mDEBUG [0m]: XCursor already has a shape help loaded, skipping
[1;32mDEBUG [0m]: XCursor already has a shape pointer loaded, skipping
[1;32mDEBUG [0m]: XCursor already has a shape progress loaded, skipping
[1;32mDEBUG [0m]: XCursor already has a shape wait loaded, skipping
[1;32mDEBUG [0m]: XCursor failed to find a legacy shape with name plus, skipping
[1;32mDEBUG [0m]: XCursor already has a shape crosshair loaded, skipping
[1;32mDEBUG [0m]: XCursor already has a shape text loaded, skipping
[1;32mDEBUG [0m]: XCursor already has a shape vertical-text loaded, skipping
[1;32mDEBUG [0m]: XCursor failed to find a legacy shape with name dnd-link, skipping
[1;32mDEBUG [0m]: XCursor failed to find a legacy shape with name dnd-copy, skipping
[1;32mDEBUG [0m]: XCursor already has a shape move loaded, skipping
[1;32mDEBUG [0m]: XCursor failed to find a legacy shape with name dnd-none, skipping
[1;32mDEBUG [0m]: XCursor failed to find a legacy shape with name crossed_circle, skipping
[1;32mDEBUG [0m]: XCursor already has a shape grab loaded, skipping
[1;32mDEBUG [0m]: XCursor already has a shape grabbing loaded, skipping
[1;32mDEBUG [0m]: XCursor already has a shape e-resize loaded, skipping
[1;32mDEBUG [0m]: XCursor already has a shape n-resize loaded, skipping
[1;32mDEBUG [0m]: XCursor already has a shape ne-resize loaded, skipping
[1;32mDEBUG [0m]: XCursor already has a shape nw-resize loaded, skipping
[1;32mDEBUG [0m]: XCursor already has a shape s-resize loaded, skipping
[1;32mDEBUG [0m]: XCursor already has a shape se-resize loaded, skipping
[1;32mDEBUG [0m]: XCursor already has a shape sw-resize loaded, skipping
[1;32mDEBUG [0m]: XCursor already has a shape w-resize loaded, skipping
[1;32mDEBUG [0m]: XCursor already has a shape ew-resize loaded, skipping
[1;32mDEBUG [0m]: XCursor already has a shape ns-resize loaded, skipping
[1;32mDEBUG [0m]: XCursor already has a shape nesw-resize loaded, skipping
[1;32mDEBUG [0m]: XCursor already has a shape nwse-resize loaded, skipping
[1;32mDEBUG [0m]: XCursor already has a shape col-resize loaded, skipping
[1;32mDEBUG [0m]: XCursor already has a shape row-resize loaded, skipping
[1;32mDEBUG [0m]: XCursor already has a shape all-scroll loaded, skipping
[1;32mDEBUG [0m]: XCursor already has a shape zoom-in loaded, skipping
[1;32mDEBUG [0m]: XCursor already has a shape zoom-out loaded, skipping
[1;32mDEBUG [0m]: XCursor failed to find a legacy shape with name dnd-copy, skipping
[1;32mDEBUG [0m]: XCursor already has a shape all-resize loaded, skipping
[1;33mWARN [0m]: GSettings default schema source does not exist, can't sync GSettings
[1;33mWARN [0m]: GSettings parameter doesn't exist cursor-theme in org.gnome.desktop.interface
[1;33mWARN [0m]: GSettings default schema source does not exist, can't sync GSettings
[1;33mWARN [0m]: GSettings parameter doesn't exist cursor-size in org.gnome.desktop.interface
[1;32mDEBUG [0m]: cursorImage request: shape 1 -> default
[1;32mDEBUG [0m]: [CLinuxDMABUFParamsResource] Creating a dmabuf, with id 40: size [Vector2D: x: 460, y: 170], fmt AR24, planes 1
[1;32mDEBUG [0m]: [CLinuxDMABUFParamsResource]  | plane 0: mod 72057594037927952 fd 74 stride 1920 offset 0
[1;32mDEBUG [0m]: [CLinuxDMABUFParamsResource] Creating a dmabuf, with id 74: size [Vector2D: x: 460, y: 530], fmt AR24, planes 1
[1;32mDEBUG [0m]: [CLinuxDMABUFParamsResource]  | plane 0: mod 72057594037927952 fd 86 stride 1920 offset 0
[1;32mDEBUG [0m]: [CLinuxDMABUFParamsResource] Creating a dmabuf, with id 104: size [Vector2D: x: 460, y: 530], fmt AR24, planes 1
[1;32mDEBUG [0m]: [CLinuxDMABUFParamsResource]  | plane 0: mod 72057594037927952 fd 80 stride 1920 offset 0
[1;32mDEBUG [0m]: [CWLSeatProtocol] New seat resource bound at 559988237a60
[1;32mDEBUG [0m]: [CVirtualKeyboardProtocol] New VKeyboard at id 5
[1;32mDEBUG [0m]: ApplyConfigToKeyboard for "hl-virtual-keyboard-wtype", hasconfig: 0
[1;32mDEBUG [0m]: Attempting to create a keymap for layout us with variant  (rules: , model: , options: )
[1;32mDEBUG [0m]: Updating keyboard 55998829dee0's translation state from a provided keymap
[1;32mDEBUG [0m]: xkb: LED index 0 (name Num Lock) got index 1
[1;32mDEBUG [0m]: xkb: LED index 1 (name Caps Lock) got index 0
[1;32mDEBUG [0m]: xkb: LED index 2 (name Scroll Lock) got index 2
[1;32mDEBUG [0m]: xkb: Mod index 0 (name Shift) got index 0
[1;32mDEBUG [0m]: xkb: Mod index 1 (name Lock) got index 1
[1;32mDEBUG [0m]: xkb: Mod index 2 (name Control) got index 2
[1;32mDEBUG [0m]: xkb: Mod index 3 (name Mod1) got index 3
[1;32mDEBUG [0m]: xkb: Mod index 4 (name Mod2) got index 4
[1;32mDEBUG [0m]: xkb: Mod index 5 (name Mod3) got index 5
[1;32mDEBUG [0m]: xkb: Mod index 6 (name Mod4) got index 6
[1;32mDEBUG [0m]: xkb: Mod index 7 (name Mod5) got index 7
[1;32mDEBUG [0m]: Updating keymap fd for keyboard hl-virtual-keyboard-wtype
[1;32mDEBUG [0m]: Updated keymap fd to 93, keymap V1 to: 95
[1;32mDEBUG [0m]: Set the keyboard layout to us and variant to  for keyboard "hl-virtual-keyboard-wtype"
[1;32mDEBUG [0m]: New virtual keyboard created at 55998829dee0
[1;32mDEBUG [0m]: Updating keyboard 55998829dee0's translation state from a provided keymap
[1;32mDEBUG [0m]: Updating keymap fd for keyboard hl-virtual-keyboard-wtype
[1;32mDEBUG [0m]: Updated keymap fd to 93, keymap V1 to: 95
[1;32mDEBUG [0m]: Keyboard at 55998829dee0 removed
[1;32mDEBUG [0m]: Destroyed keyboard 55998829dee0
[1;32mDEBUG [0m]: [CWLSeatProtocol] New seat resource bound at 559988239d40
[1;32mDEBUG [0m]: [CVirtualKeyboardProtocol] New VKeyboard at id 5
[1;32mDEBUG [0m]: ApplyConfigToKeyboard for "hl-virtual-keyboard-wtype", hasconfig: 0
[1;32mDEBUG [0m]: Attempting to create a keymap for layout us with variant  (rules: , model: , options: )
[1;32mDEBUG [0m]: Updating keyboard 55998829dee0's translation state from a provided keymap
[1;32mDEBUG [0m]: xkb: LED index 0 (name Num Lock) got index 1
[1;32mDEBUG [0m]: xkb: LED index 1 (name Caps Lock) got index 0
[1;32mDEBUG [0m]: xkb: LED index 2 (name Scroll Lock) got index 2
[1;32mDEBUG [0m]: xkb: Mod index 0 (name Shift) got index 0
[1;32mDEBUG [0m]: xkb: Mod index 1 (name Lock) got index 1
[1;32mDEBUG [0m]: xkb: Mod index 2 (name Control) got index 2
[1;32mDEBUG [0m]: xkb: Mod index 3 (name Mod1) got index 3
[1;32mDEBUG [0m]: xkb: Mod index 4 (name Mod2) got index 4
[1;32mDEBUG [0m]: xkb: Mod index 5 (name Mod3) got index 5
[1;32mDEBUG [0m]: xkb: Mod index 6 (name Mod4) got index 6
[1;32mDEBUG [0m]: xkb: Mod index 7 (name Mod5) got index 7
[1;32mDEBUG [0m]: Updating keymap fd for keyboard hl-virtual-keyboard-wtype
[1;32mDEBUG [0m]: Updated keymap fd to 93, keymap V1 to: 95
[1;32mDEBUG [0m]: Set the keyboard layout to us and variant to  for keyboard "hl-virtual-keyboard-wtype"
[1;32mDEBUG [0m]: New virtual keyboard created at 55998829dee0
[1;32mDEBUG [0m]: Updating keyboard 55998829dee0's translation state from a provided keymap
[1;32mDEBUG [0m]: Updating keymap fd for keyboard hl-virtual-keyboard-wtype
[1;32mDEBUG [0m]: Updated keymap fd to 93, keymap V1 to: 95
[1;32mDEBUG [0m]: Keyboard at 55998829dee0 removed
[1;32mDEBUG [0m]: Destroyed keyboard 55998829dee0
[1;32mDEBUG [0m]: [CWLSeatProtocol] New seat resource bound at 5599882425b0
[1;32mDEBUG [0m]: [CVirtualKeyboardProtocol] New VKeyboard at id 5
[1;32mDEBUG [0m]: ApplyConfigToKeyboard for "hl-virtual-keyboard-wtype", hasconfig: 0
[1;32mDEBUG [0m]: Attempting to create a keymap for layout us with variant  (rules: , model: , options: )
[1;32mDEBUG [0m]: Updating keyboard 55998829dee0's translation state from a provided keymap
[1;32mDEBUG [0m]: xkb: LED index 0 (name Num Lock) got index 1
[1;32mDEBUG [0m]: xkb: LED index 1 (name Caps Lock) got index 0
[1;32mDEBUG [0m]: xkb: LED index 2 (name Scroll Lock) got index 2
[1;32mDEBUG [0m]: xkb: Mod index 0 (name Shift) got index 0
[1;32mDEBUG [0m]: xkb: Mod index 1 (name Lock) got index 1
[1;32mDEBUG [0m]: xkb: Mod index 2 (name Control) got index 2
[1;32mDEBUG [0m]: xkb: Mod index 3 (name Mod1) got index 3
[1;32mDEBUG [0m]: xkb: Mod index 4 (name Mod2) got index 4
[1;32mDEBUG [0m]: xkb: Mod index 5 (name Mod3) got index 5
[1;32mDEBUG [0m]: xkb: Mod index 6 (name Mod4) got index 6
[1;32mDEBUG [0m]: xkb: Mod index 7 (name Mod5) got index 7
[1;32mDEBUG [0m]: Updating keymap fd for keyboard hl-virtual-keyboard-wtype
[1;32mDEBUG [0m]: Updated keymap fd to 93, keymap V1 to: 95
[1;32mDEBUG [0m]: Set the keyboard layout to us and variant to  for keyboard "hl-virtual-keyboard-wtype"
[1;32mDEBUG [0m]: New virtual keyboard created at 55998829dee0
[1;32mDEBUG [0m]: Updating keyboard 55998829dee0's translation state from a provided keymap
[1;32mDEBUG [0m]: Updating keymap fd for keyboard hl-virtual-keyboard-wtype
[1;32mDEBUG [0m]: Updated keymap fd to 93, keymap V1 to: 95
[1;32mDEBUG [0m]: Keyboard at 55998829dee0 removed
[1;32mDEBUG [0m]: Destroyed keyboard 55998829dee0
[1;32mDEBUG [0m]: [CWLSeatProtocol] New seat resource bound at 559988234da0
[1;32mDEBUG [0m]: [CVirtualKeyboardProtocol] New VKeyboard at id 5
[1;32mDEBUG [0m]: ApplyConfigToKeyboard for "hl-virtual-keyboard-wtype", hasconfig: 0
[1;32mDEBUG [0m]: Attempting to create a keymap for layout us with variant  (rules: , model: , options: )
[1;32mDEBUG [0m]: Updating keyboard 55998829dee0's translation state from a provided keymap
[1;32mDEBUG [0m]: xkb: LED index 0 (name Num Lock) got index 1
[1;32mDEBUG [0m]: xkb: LED index 1 (name Caps Lock) got index 0
[1;32mDEBUG [0m]: xkb: LED index 2 (name Scroll Lock) got index 2
[1;32mDEBUG [0m]: xkb: Mod index 0 (name Shift) got index 0
[1;32mDEBUG [0m]: xkb: Mod index 1 (name Lock) got index 1
[1;32mDEBUG [0m]: xkb: Mod index 2 (name Control) got index 2
[1;32mDEBUG [0m]: xkb: Mod index 3 (name Mod1) got index 3
[1;32mDEBUG [0m]: xkb: Mod index 4 (name Mod2) got index 4
[1;32mDEBUG [0m]: xkb: Mod index 5 (name Mod3) got index 5
[1;32mDEBUG [0m]: xkb: Mod index 6 (name Mod4) got index 6
[1;32mDEBUG [0m]: xkb: Mod index 7 (name Mod5) got index 7
[1;32mDEBUG [0m]: Updating keymap fd for keyboard hl-virtual-keyboard-wtype
[1;32mDEBUG [0m]: Updated keymap fd to 93, keymap V1 to: 95
[1;32mDEBUG [0m]: Set the keyboard layout to us and variant to  for keyboard "hl-virtual-keyboard-wtype"
[1;32mDEBUG [0m]: New virtual keyboard created at 55998829dee0
[1;32mDEBUG [0m]: Updating keyboard 55998829dee0's translation state from a provided keymap
[1;32mDEBUG [0m]: Updating keymap fd for keyboard hl-virtual-keyboard-wtype
[1;32mDEBUG [0m]: Updated keymap fd to 93, keymap V1 to: 95
[1;32mDEBUG [0m]: Keyboard at 55998829dee0 removed
[1;32mDEBUG [0m]: Destroyed keyboard 55998829dee0
[1;32mDEBUG [0m]: [CWLSeatProtocol] New seat resource bound at 5599882438d0
[1;32mDEBUG [0m]: [CVirtualKeyboardProtocol] New VKeyboard at id 5
[1;32mDEBUG [0m]: ApplyConfigToKeyboard for "hl-virtual-keyboard-wtype", hasconfig: 0
[1;32mDEBUG [0m]: Attempting to create a keymap for layout us with variant  (rules: , model: , options: )
[1;32mDEBUG [0m]: Updating keyboard 55998829dee0's translation state from a provided keymap
[1;32mDEBUG [0m]: xkb: LED index 0 (name Num Lock) got index 1
[1;32mDEBUG [0m]: xkb: LED index 1 (name Caps Lock) got index 0
[1;32mDEBUG [0m]: xkb: LED index 2 (name Scroll Lock) got index 2
[1;32mDEBUG [0m]: xkb: Mod index 0 (name Shift) got index 0
[1;32mDEBUG [0m]: xkb: Mod index 1 (name Lock) got index 1
[1;32mDEBUG [0m]: xkb: Mod index 2 (name Control) got index 2
[1;32mDEBUG [0m]: xkb: Mod index 3 (name Mod1) got index 3
[1;32mDEBUG [0m]: xkb: Mod index 4 (name Mod2) got index 4
[1;32mDEBUG [0m]: xkb: Mod index 5 (name Mod3) got index 5
[1;32mDEBUG [0m]: xkb: Mod index 6 (name Mod4) got index 6
[1;32mDEBUG [0m]: xkb: Mod index 7 (name Mod5) got index 7
[1;32mDEBUG [0m]: Updating keymap fd for keyboard hl-virtual-keyboard-wtype
[1;32mDEBUG [0m]: Updated keymap fd to 93, keymap V1 to: 95
[1;32mDEBUG [0m]: Set the keyboard layout to us and variant to  for keyboard "hl-virtual-keyboard-wtype"
[1;32mDEBUG [0m]: New virtual keyboard created at 55998829dee0
[1;32mDEBUG [0m]: Updating keyboard 55998829dee0's translation state from a provided keymap
[1;32mDEBUG [0m]: Updating keymap fd for keyboard hl-virtual-keyboard-wtype
[1;32mDEBUG [0m]: Updated keymap fd to 93, keymap V1 to: 95
[1;32mDEBUG [0m]: Keyboard at 55998829dee0 removed
[1;32mDEBUG [0m]: Destroyed keyboard 55998829dee0
[1;32mDEBUG [0m]: [CWLSeatProtocol] New seat resource bound at 5599884d0850
[1;32mDEBUG [0m]: [CVirtualKeyboardProtocol] New VKeyboard at id 5
[1;32mDEBUG [0m]: ApplyConfigToKeyboard for "hl-virtual-keyboard-wtype", hasconfig: 0
[1;32mDEBUG [0m]: Attempting to create a keymap for layout us with variant  (rules: , model: , options: )
[1;32mDEBUG [0m]: Updating keyboard 55998829dee0's translation state from a provided keymap
[1;32mDEBUG [0m]: xkb: LED index 0 (name Num Lock) got index 1
[1;32mDEBUG [0m]: xkb: LED index 1 (name Caps Lock) got index 0
[1;32mDEBUG [0m]: xkb: LED index 2 (name Scroll Lock) got index 2
[1;32mDEBUG [0m]: xkb: Mod index 0 (name Shift) got index 0
[1;32mDEBUG [0m]: xkb: Mod index 1 (name Lock) got index 1
[1;32mDEBUG [0m]: xkb: Mod index 2 (name Control) got index 2
[1;32mDEBUG [0m]: xkb: Mod index 3 (name Mod1) got index 3
[1;32mDEBUG [0m]: xkb: Mod index 4 (name Mod2) got index 4
[1;32mDEBUG [0m]: xkb: Mod index 5 (name Mod3) got index 5
[1;32mDEBUG [0m]: xkb: Mod index 6 (name Mod4) got index 6
[1;32mDEBUG [0m]: xkb: Mod index 7 (name Mod5) got index 7
[1;32mDEBUG [0m]: Updating keymap fd for keyboard hl-virtual-keyboard-wtype
[1;32mDEBUG [0m]: Updated keymap fd to 93, keymap V1 to: 95
[1;32mDEBUG [0m]: Set the keyboard layout to us and variant to  for keyboard "hl-virtual-keyboard-wtype"
[1;32mDEBUG [0m]: New virtual keyboard created at 55998829dee0
[1;32mDEBUG [0m]: Updating keyboard 55998829dee0's translation state from a provided keymap
[1;32mDEBUG [0m]: Updating keymap fd for keyboard hl-virtual-keyboard-wtype
[1;32mDEBUG [0m]: Updated keymap fd to 93, keymap V1 to: 95
[1;32mDEBUG [0m]: Keyboard at 55998829dee0 removed
[1;32mDEBUG [0m]: Destroyed keyboard 55998829dee0
[1;32mDEBUG [0m]: [CWLSeatProtocol] New seat resource bound at 559988237a60
[1;32mDEBUG [0m]: [CVirtualKeyboardProtocol] New VKeyboard at id 5
[1;32mDEBUG [0m]: ApplyConfigToKeyboard for "hl-virtual-keyboard-wtype", hasconfig: 0
[1;32mDEBUG [0m]: Attempting to create a keymap for layout us with variant  (rules: , model: , options: )
[1;32mDEBUG [0m]: Updating keyboard 55998829dee0's translation state from a provided keymap
[1;32mDEBUG [0m]: xkb: LED index 0 (name Num Lock) got index 1
[1;32mDEBUG [0m]: xkb: LED index 1 (name Caps Lock) got index 0
[1;32mDEBUG [0m]: xkb: LED index 2 (name Scroll Lock) got index 2
[1;32mDEBUG [0m]: xkb: Mod index 0 (name Shift) got index 0
[1;32mDEBUG [0m]: xkb: Mod index 1 (name Lock) got index 1
[1;32mDEBUG [0m]: xkb: Mod index 2 (name Control) got index 2
[1;32mDEBUG [0m]: xkb: Mod index 3 (name Mod1) got index 3
[1;32mDEBUG [0m]: xkb: Mod index 4 (name Mod2) got index 4
[1;32mDEBUG [0m]: xkb: Mod index 5 (name Mod3) got index 5
[1;32mDEBUG [0m]: xkb: Mod index 6 (name Mod4) got index 6
[1;32mDEBUG [0m]: xkb: Mod index 7 (name Mod5) got index 7
[1;32mDEBUG [0m]: Updating keymap fd for keyboard hl-virtual-keyboard-wtype
[1;32mDEBUG [0m]: Updated keymap fd to 93, keymap V1 to: 95
[1;32mDEBUG [0m]: Set the keyboard layout to us and variant to  for keyboard "hl-virtual-keyboard-wtype"
[1;32mDEBUG [0m]: New virtual keyboard created at 55998829dee0
[1;32mDEBUG [0m]: Updating keyboard 55998829dee0's translation state from a provided keymap
[1;32mDEBUG [0m]: Updating keymap fd for keyboard hl-virtual-keyboard-wtype
[1;32mDEBUG [0m]: Updated keymap fd to 93, keymap V1 to: 95
[1;32mDEBUG [0m]: Keyboard at 55998829dee0 removed
[1;32mDEBUG [0m]: Destroyed keyboard 55998829dee0
[1;32mDEBUG [0m]: Hyprctl: new connection from pid 671
[1;32mDEBUG [0m]: Hyprctl: new connection from pid 672
[1;32mDEBUG [0m]: Hyprctl: new connection from pid 673
[1;32mDEBUG [0m]: Hyprctl: new connection from pid 674
[1;32mDEBUG [0m]: Hyprctl: new connection from pid 675
[1;32mDEBUG [0m]: Hyprctl: new connection from pid 676
[1;32mDEBUG [0m]: Hyprctl: new connection from pid 677
[1;32mDEBUG [0m]: Hyprctl: new connection from pid 678
[1;32mDEBUG [0m]: [CScreencopyProtocol] Bound client successfully!
[1;32mDEBUG [0m]: [CXDGOutputProtocol] New xdg_output for HEADLESS-1: client 559988362f80 (not xwayland)
[1;32mDEBUG [0m]: [CXDGOutputProtocol] New xdg_output for WAYLAND-1: client 559988362f80 (not xwayland)
[1;32mDEBUG [0m]: [COutputImageCaptureSourceProtocol] New capture source for monitor: HEADLESS-1
[1;32mDEBUG [0m]: [CImageCopyCaptureProtocol] New image copy capture session for source (monitor): "HEADLESS-1"
[1;32mDEBUG [0m]: Framebuffer "Monitor HEADLESS-1 mirror FB" created, status 36053
[1;32mDEBUG [0m]: Framebuffer "" created, status 36053
[1;32mDEBUG [0m]: [Screenshare] Started screenshare session for (monitor): HEADLESS-1
[1;32mDEBUG [0m]: [Screenshare] Stopped screenshare session for (monitor): HEADLESS-1
[1;32mDEBUG [0m]: [CWLCompositorResource] New wl_region with id 88 at 55998732d020
[1;32mDEBUG [0m]: LayerSurface 55998826b9f0 destroyed
[1;32mDEBUG [0m]: Forcing an unmap of a LS that did a straight destroy!
[1;32mDEBUG [0m]: LayerSurface 55998826b9f0 unmapped
[1;32mDEBUG [0m]: renderer: making a snapshot of layer 559988261840
[1;32mDEBUG [0m]: Framebuffer "layer snapshot" created, status 36053
[1;32mDEBUG [0m]: renderer: cleared a snapshot of layer 559988261840
[1;32mDEBUG [0m]: renderer: rendered a snapshot of layer 559988261840
[1;32mDEBUG [0m]: renderer: made a snapshot of layer 559988261840
[1;32mDEBUG [0m]: CWLSurface 55998886a260 called destroy()
[1;32mDEBUG [0m]: Cleanup: removed 1 fadeouts
[1;32mDEBUG [0m]: Hyprctl: new connection from pid 686
[1;32mDEBUG [0m]: Hyprctl: keyword monitor : HEADLESS-1,1920x1080@60,2000x0,1.5
[1;32mDEBUG [0m]: ApplyConfigToKeyboard for "wl_keyboard", hasconfig: 0
[1;32mDEBUG [0m]: Not applying config to keyboard, it did not change.
[1;33mWARN [0m]: No rule found for WAYLAND-1, trying to use the first.
[1;32mDEBUG [0m]: Applying monitor rule for HEADLESS-1
[1;32mDEBUG [0m]: Monitor HEADLESS-1: requested 1920x1080@60.00Hz, using preferred mode 1920x1080@60.00Hz
[1;32mDEBUG [0m]: output HEADLESS-1 succeeded basic test on format DRM_FORMAT_XRGB8888
[1;32mDEBUG [0m]: CMonitor::updateVCGTRamps: skipping, no gamma ramp for output
[1;32mDEBUG [0m]: Monitor HEADLESS-1 data dump: res 1920x1080@60.00Hz, scale 1.50, transform 0, pos 2000x0, 10b 0
[1;33mWARN [0m]: FIXME: color management protocol is enabled and outputs changed, check preferred image description changes
[1;32mDEBUG [0m]: arrangeMonitors: 2 to arrange
[1;32mDEBUG [0m]: arrangeMonitors: HEADLESS-1 explicit [2000, 0]
[1;32mDEBUG [0m]: arrangeMonitors: WAYLAND-1 auto [3280, 0]
[1;32mDEBUG [0m]: arrangeMonitors: WAYLAND-1 xwayland [0, 0]
[1;32mDEBUG [0m]: arrangeMonitors: HEADLESS-1 xwayland [1920, 0]
[1;32mDEBUG [0m]: [CXDGOutputProtocol] updating all xdg_output heads
[1;32mDEBUG [0m]: [CXDGOutputProtocol] updating all xdg_output heads
[1;32mDEBUG [0m]: [CXDGOutputProtocol] updating all xdg_output heads
[1;32mDEBUG [0m]: [CWLCompositorResource] New wl_region with id 86 at 5599884ba720
[1;32mDEBUG [0m]: [CLinuxDMABUFParamsResource] Creating a dmabuf, with id 62: size [Vector2D: x: 1600, y: 40], fmt AR24, planes 1
[1;32mDEBUG [0m]: [CLinuxDMABUFParamsResource]  | plane 0: mod 72057594037927952 fd 74 stride 6400 offset 0
[1;32mDEBUG [0m]: [CWLCompositorResource] New wl_region with id 74 at 559987d87020
[1;32mDEBUG [0m]: [CLinuxDMABUFParamsResource] Creating a dmabuf, with id 80: size [Vector2D: x: 1920, y: 1080], fmt AR24, planes 1
[1;32mDEBUG [0m]: [CLinuxDMABUFParamsResource]  | plane 0: mod 72057594037927952 fd 76 stride 7680 offset 0
[1;32mDEBUG [0m]: Hyprctl: new connection from pid 687
[1;32mDEBUG [0m]: Hyprctl: new connection from pid 688
[1;32mDEBUG [0m]: Hyprctl: dispatcher focusmonitor : HEADLESS-1
[1;32mDEBUG [0m]: [CLinuxDMABUFParamsResource] Creating a dmabuf, with id 104: size [Vector2D: x: 1920, y: 48], fmt AR24, planes 1
[1;32mDEBUG [0m]: [CLinuxDMABUFParamsResource]  | plane 0: mod 72057594037927952 fd 70 stride 7680 offset 0
[1;32mDEBUG [0m]: [CLinuxDMABUFParamsResource] Creating a dmabuf, with id 108: size [Vector2D: x: 1920, y: 1080], fmt AR24, planes 1
[1;32mDEBUG [0m]: [CLinuxDMABUFParamsResource]  | plane 0: mod 72057594037927952 fd 82 stride 7680 offset 0
[1;32mDEBUG [0m]: [CLinuxDMABUFParamsResource] Creating a dmabuf, with id 40: size [Vector2D: x: 1920, y: 48], fmt AR24, planes 1
[1;32mDEBUG [0m]: [CLinuxDMABUFParamsResource]  | plane 0: mod 72057594037927952 fd 57 stride 7680 offset 0
[1;32mDEBUG [0m]: [CWLCompositorResource] New wl_surface with id 105 at 5599885686a0
[1;32mDEBUG [0m]: CWLSurface 559988293c80 called init()
[1;32mDEBUG [0m]: LayerSurface 55998826b9f0 (namespace putkin-panel layer 3) created on monitor HEADLESS-1
[1;32mDEBUG [0m]: [CLayerShellProtocol] New wlr_layer_surface 55998826b9f0
[1;32mDEBUG [0m]: [CPrimarySelectionProtocol] CPrimarySelectionProtocol::updateSelection: cannot send selection to a client without a data_device
[1;32mDEBUG [0m]: [CWLCompositorResource] New wl_region with id 97 at 559987d87260
[1;32mDEBUG [0m]: [CLinuxDMABUFParamsResource] Creating a dmabuf, with id 79: size [Vector2D: x: 552, y: 204], fmt AR24, planes 1
[1;32mDEBUG [0m]: [CLinuxDMABUFParamsResource]  | plane 0: mod 72057594037927952 fd 61 stride 2304 offset 0
[1;32mDEBUG [0m]: cursorImage request: shape 1 -> default
[1;32mDEBUG [0m]: XCursor scanning theme default
[1;32mDEBUG [0m]: XCursor parsing index.theme /usr/share/icons/default/index.theme
[1;32mDEBUG [0m]: XCursor theme default inherits Adwaita
[1;32mDEBUG [0m]: XCursor scanning theme Adwaita
[1;32mDEBUG [0m]: XCursor using theme path /usr/share/icons/Adwaita/cursors
[1;32mDEBUG [0m]: XCursor parsing index.theme /usr/share/icons/Adwaita/index.theme
[1;32mDEBUG [0m]: XCursor theme Adwaita inherits AdwaitaLegacy
[1;32mDEBUG [0m]: XCursor theme Adwaita inherits hicolor
[1;32mDEBUG [0m]: XCursor scanning theme Adwaita
[1;32mDEBUG [0m]: XCursor using theme path /usr/share/icons/Adwaita/cursors
[1;32mDEBUG [0m]: XCursor parsing index.theme /usr/share/icons/Adwaita/index.theme
[1;32mDEBUG [0m]: XCursor theme Adwaita inherits AdwaitaLegacy
[1;32mDEBUG [0m]: XCursor theme Adwaita inherits hicolor
[1;32mDEBUG [0m]: XCursor scanning theme AdwaitaLegacy
[1;32mDEBUG [0m]: XCursor parsing index.theme /usr/share/icons/AdwaitaLegacy/index.theme
[1;32mDEBUG [0m]: XCursor theme AdwaitaLegacy inherits hicolor
[1;32mDEBUG [0m]: XCursor scanning theme hicolor
[1;32mDEBUG [0m]: XCursor parsing index.theme /usr/share/icons/hicolor/index.theme
[1;32mDEBUG [0m]: XCursor already has a shape default loaded, skipping
[1;32mDEBUG [0m]: XCursor already has a shape context-menu loaded, skipping
[1;32mDEBUG [0m]: XCursor already has a shape help loaded, skipping
[1;32mDEBUG [0m]: XCursor already has a shape pointer loaded, skipping
[1;32mDEBUG [0m]: XCursor already has a shape progress loaded, skipping
[1;32mDEBUG [0m]: XCursor already has a shape wait loaded, skipping
[1;32mDEBUG [0m]: XCursor failed to find a legacy shape with name plus, skipping
[1;32mDEBUG [0m]: XCursor already has a shape crosshair loaded, skipping
[1;32mDEBUG [0m]: XCursor already has a shape text loaded, skipping
[1;32mDEBUG [0m]: XCursor already has a shape vertical-text loaded, skipping
[1;32mDEBUG [0m]: XCursor failed to find a legacy shape with name dnd-link, skipping
[1;32mDEBUG [0m]: XCursor failed to find a legacy shape with name dnd-copy, skipping
[1;32mDEBUG [0m]: XCursor already has a shape move loaded, skipping
[1;32mDEBUG [0m]: XCursor failed to find a legacy shape with name dnd-none, skipping
[1;32mDEBUG [0m]: XCursor failed to find a legacy shape with name crossed_circle, skipping
[1;32mDEBUG [0m]: XCursor already has a shape grab loaded, skipping
[1;32mDEBUG [0m]: XCursor already has a shape grabbing loaded, skipping
[1;32mDEBUG [0m]: XCursor already has a shape e-resize loaded, skipping
[1;32mDEBUG [0m]: XCursor already has a shape n-resize loaded, skipping
[1;32mDEBUG [0m]: XCursor already has a shape ne-resize loaded, skipping
[1;32mDEBUG [0m]: XCursor already has a shape nw-resize loaded, skipping
[1;32mDEBUG [0m]: XCursor already has a shape s-resize loaded, skipping
[1;32mDEBUG [0m]: XCursor already has a shape se-resize loaded, skipping
[1;32mDEBUG [0m]: XCursor already has a shape sw-resize loaded, skipping
[1;32mDEBUG [0m]: XCursor already has a shape w-resize loaded, skipping
[1;32mDEBUG [0m]: XCursor already has a shape ew-resize loaded, skipping
[1;32mDEBUG [0m]: XCursor already has a shape ns-resize loaded, skipping
[1;32mDEBUG [0m]: XCursor already has a shape nesw-resize loaded, skipping
[1;32mDEBUG [0m]: XCursor already has a shape nwse-resize loaded, skipping
[1;32mDEBUG [0m]: XCursor already has a shape col-resize loaded, skipping
[1;32mDEBUG [0m]: XCursor already has a shape row-resize loaded, skipping
[1;32mDEBUG [0m]: XCursor already has a shape all-scroll loaded, skipping
[1;32mDEBUG [0m]: XCursor already has a shape zoom-in loaded, skipping
[1;32mDEBUG [0m]: XCursor already has a shape zoom-out loaded, skipping
[1;32mDEBUG [0m]: XCursor failed to find a legacy shape with name dnd-copy, skipping
[1;32mDEBUG [0m]: XCursor already has a shape all-resize loaded, skipping
[1;33mWARN [0m]: GSettings default schema source does not exist, can't sync GSettings
[1;33mWARN [0m]: GSettings parameter doesn't exist cursor-theme in org.gnome.desktop.interface
[1;33mWARN [0m]: GSettings default schema source does not exist, can't sync GSettings
[1;33mWARN [0m]: GSettings parameter doesn't exist cursor-size in org.gnome.desktop.interface
[1;32mDEBUG [0m]: LayerSurface 55998826b9f0 mapped
[1;32mDEBUG [0m]: [CLinuxDMABUFParamsResource] Creating a dmabuf, with id 92: size [Vector2D: x: 552, y: 204], fmt AR24, planes 1
[1;32mDEBUG [0m]: [CLinuxDMABUFParamsResource]  | plane 0: mod 72057594037927952 fd 75 stride 2304 offset 0
[1;32mDEBUG [0m]: [CLinuxDMABUFParamsResource] Creating a dmabuf, with id 98: size [Vector2D: x: 552, y: 636], fmt AR24, planes 1
[1;32mDEBUG [0m]: [CLinuxDMABUFParamsResource]  | plane 0: mod 72057594037927952 fd 87 stride 2304 offset 0
[1;32mDEBUG [0m]: [CLinuxDMABUFParamsResource] Creating a dmabuf, with id 86: size [Vector2D: x: 552, y: 636], fmt AR24, planes 1
[1;32mDEBUG [0m]: [CLinuxDMABUFParamsResource]  | plane 0: mod 72057594037927952 fd 80 stride 2304 offset 0
[1;32mDEBUG [0m]: [CWLSeatProtocol] New seat resource bound at 559988244e30
[1;32mDEBUG [0m]: [CVirtualKeyboardProtocol] New VKeyboard at id 5
[1;32mDEBUG [0m]: ApplyConfigToKeyboard for "hl-virtual-keyboard-wtype", hasconfig: 0
[1;32mDEBUG [0m]: Attempting to create a keymap for layout us with variant  (rules: , model: , options: )
[1;32mDEBUG [0m]: Updating keyboard 55998829dee0's translation state from a provided keymap
[1;32mDEBUG [0m]: xkb: LED index 0 (name Num Lock) got index 1
[1;32mDEBUG [0m]: xkb: LED index 1 (name Caps Lock) got index 0
[1;32mDEBUG [0m]: xkb: LED index 2 (name Scroll Lock) got index 2
[1;32mDEBUG [0m]: xkb: Mod index 0 (name Shift) got index 0
[1;32mDEBUG [0m]: xkb: Mod index 1 (name Lock) got index 1
[1;32mDEBUG [0m]: xkb: Mod index 2 (name Control) got index 2
[1;32mDEBUG [0m]: xkb: Mod index 3 (name Mod1) got index 3
[1;32mDEBUG [0m]: xkb: Mod index 4 (name Mod2) got index 4
[1;32mDEBUG [0m]: xkb: Mod index 5 (name Mod3) got index 5
[1;32mDEBUG [0m]: xkb: Mod index 6 (name Mod4) got index 6
[1;32mDEBUG [0m]: xkb: Mod index 7 (name Mod5) got index 7
[1;32mDEBUG [0m]: Updating keymap fd for keyboard hl-virtual-keyboard-wtype
[1;32mDEBUG [0m]: Updated keymap fd to 93, keymap V1 to: 95
[1;32mDEBUG [0m]: Set the keyboard layout to us and variant to  for keyboard "hl-virtual-keyboard-wtype"
[1;32mDEBUG [0m]: New virtual keyboard created at 55998829dee0
[1;32mDEBUG [0m]: Updating keyboard 55998829dee0's translation state from a provided keymap
[1;32mDEBUG [0m]: Updating keymap fd for keyboard hl-virtual-keyboard-wtype
[1;32mDEBUG [0m]: Updated keymap fd to 93, keymap V1 to: 95
[1;32mDEBUG [0m]: Keyboard at 55998829dee0 removed
[1;32mDEBUG [0m]: Destroyed keyboard 55998829dee0
[1;32mDEBUG [0m]: [CWLSeatProtocol] New seat resource bound at 559988244e30
[1;32mDEBUG [0m]: [CVirtualKeyboardProtocol] New VKeyboard at id 5
[1;32mDEBUG [0m]: ApplyConfigToKeyboard for "hl-virtual-keyboard-wtype", hasconfig: 0
[1;32mDEBUG [0m]: Attempting to create a keymap for layout us with variant  (rules: , model: , options: )
[1;32mDEBUG [0m]: Updating keyboard 55998829dee0's translation state from a provided keymap
[1;32mDEBUG [0m]: xkb: LED index 0 (name Num Lock) got index 1
[1;32mDEBUG [0m]: xkb: LED index 1 (name Caps Lock) got index 0
[1;32mDEBUG [0m]: xkb: LED index 2 (name Scroll Lock) got index 2
[1;32mDEBUG [0m]: xkb: Mod index 0 (name Shift) got index 0
[1;32mDEBUG [0m]: xkb: Mod index 1 (name Lock) got index 1
[1;32mDEBUG [0m]: xkb: Mod index 2 (name Control) got index 2
[1;32mDEBUG [0m]: xkb: Mod index 3 (name Mod1) got index 3
[1;32mDEBUG [0m]: xkb: Mod index 4 (name Mod2) got index 4
[1;32mDEBUG [0m]: xkb: Mod index 5 (name Mod3) got index 5
[1;32mDEBUG [0m]: xkb: Mod index 6 (name Mod4) got index 6
[1;32mDEBUG [0m]: xkb: Mod index 7 (name Mod5) got index 7
[1;32mDEBUG [0m]: Updating keymap fd for keyboard hl-virtual-keyboard-wtype
[1;32mDEBUG [0m]: Updated keymap fd to 93, keymap V1 to: 95
[1;32mDEBUG [0m]: Set the keyboard layout to us and variant to  for keyboard "hl-virtual-keyboard-wtype"
[1;32mDEBUG [0m]: New virtual keyboard created at 55998829dee0
[1;32mDEBUG [0m]: Updating keyboard 55998829dee0's translation state from a provided keymap
[1;32mDEBUG [0m]: Updating keymap fd for keyboard hl-virtual-keyboard-wtype
[1;32mDEBUG [0m]: Updated keymap fd to 93, keymap V1 to: 95
[1;32mDEBUG [0m]: Keyboard at 55998829dee0 removed
[1;32mDEBUG [0m]: Destroyed keyboard 55998829dee0
[1;32mDEBUG [0m]: [CWLSeatProtocol] New seat resource bound at 559988237060
[1;32mDEBUG [0m]: [CVirtualKeyboardProtocol] New VKeyboard at id 5
[1;32mDEBUG [0m]: ApplyConfigToKeyboard for "hl-virtual-keyboard-wtype", hasconfig: 0
[1;32mDEBUG [0m]: Attempting to create a keymap for layout us with variant  (rules: , model: , options: )
[1;32mDEBUG [0m]: Updating keyboard 55998829dee0's translation state from a provided keymap
[1;32mDEBUG [0m]: xkb: LED index 0 (name Num Lock) got index 1
[1;32mDEBUG [0m]: xkb: LED index 1 (name Caps Lock) got index 0
[1;32mDEBUG [0m]: xkb: LED index 2 (name Scroll Lock) got index 2
[1;32mDEBUG [0m]: xkb: Mod index 0 (name Shift) got index 0
[1;32mDEBUG [0m]: xkb: Mod index 1 (name Lock) got index 1
[1;32mDEBUG [0m]: xkb: Mod index 2 (name Control) got index 2
[1;32mDEBUG [0m]: xkb: Mod index 3 (name Mod1) got index 3
[1;32mDEBUG [0m]: xkb: Mod index 4 (name Mod2) got index 4
[1;32mDEBUG [0m]: xkb: Mod index 5 (name Mod3) got index 5
[1;32mDEBUG [0m]: xkb: Mod index 6 (name Mod4) got index 6
[1;32mDEBUG [0m]: xkb: Mod index 7 (name Mod5) got index 7
[1;32mDEBUG [0m]: Updating keymap fd for keyboard hl-virtual-keyboard-wtype
[1;32mDEBUG [0m]: Updated keymap fd to 93, keymap V1 to: 95
[1;32mDEBUG [0m]: Set the keyboard layout to us and variant to  for keyboard "hl-virtual-keyboard-wtype"
[1;32mDEBUG [0m]: New virtual keyboard created at 55998829dee0
[1;32mDEBUG [0m]: Updating keyboard 55998829dee0's translation state from a provided keymap
[1;32mDEBUG [0m]: Updating keymap fd for keyboard hl-virtual-keyboard-wtype
[1;32mDEBUG [0m]: Updated keymap fd to 93, keymap V1 to: 95
[1;32mDEBUG [0m]: Keyboard at 55998829dee0 removed
[1;32mDEBUG [0m]: Destroyed keyboard 55998829dee0
[1;32mDEBUG [0m]: [CWLSeatProtocol] New seat resource bound at 5599880cd980
[1;32mDEBUG [0m]: [CVirtualKeyboardProtocol] New VKeyboard at id 5
[1;32mDEBUG [0m]: ApplyConfigToKeyboard for "hl-virtual-keyboard-wtype", hasconfig: 0
[1;32mDEBUG [0m]: Attempting to create a keymap for layout us with variant  (rules: , model: , options: )
[1;32mDEBUG [0m]: Updating keyboard 55998829dee0's translation state from a provided keymap
[1;32mDEBUG [0m]: xkb: LED index 0 (name Num Lock) got index 1
[1;32mDEBUG [0m]: xkb: LED index 1 (name Caps Lock) got index 0
[1;32mDEBUG [0m]: xkb: LED index 2 (name Scroll Lock) got index 2
[1;32mDEBUG [0m]: xkb: Mod index 0 (name Shift) got index 0
[1;32mDEBUG [0m]: xkb: Mod index 1 (name Lock) got index 1
[1;32mDEBUG [0m]: xkb: Mod index 2 (name Control) got index 2
[1;32mDEBUG [0m]: xkb: Mod index 3 (name Mod1) got index 3
[1;32mDEBUG [0m]: xkb: Mod index 4 (name Mod2) got index 4
[1;32mDEBUG [0m]: xkb: Mod index 5 (name Mod3) got index 5
[1;32mDEBUG [0m]: xkb: Mod index 6 (name Mod4) got index 6
[1;32mDEBUG [0m]: xkb: Mod index 7 (name Mod5) got index 7
[1;32mDEBUG [0m]: Updating keymap fd for keyboard hl-virtual-keyboard-wtype
[1;32mDEBUG [0m]: Updated keymap fd to 93, keymap V1 to: 95
[1;32mDEBUG [0m]: Set the keyboard layout to us and variant to  for keyboard "hl-virtual-keyboard-wtype"
[1;32mDEBUG [0m]: New virtual keyboard created at 55998829dee0
[1;32mDEBUG [0m]: Updating keyboard 55998829dee0's translation state from a provided keymap
[1;32mDEBUG [0m]: Updating keymap fd for keyboard hl-virtual-keyboard-wtype
[1;32mDEBUG [0m]: Updated keymap fd to 93, keymap V1 to: 95
[1;32mDEBUG [0m]: Keyboard at 55998829dee0 removed
[1;32mDEBUG [0m]: Destroyed keyboard 55998829dee0
[1;32mDEBUG [0m]: [CWLSeatProtocol] New seat resource bound at 55998823d330
[1;32mDEBUG [0m]: [CVirtualKeyboardProtocol] New VKeyboard at id 5
[1;32mDEBUG [0m]: ApplyConfigToKeyboard for "hl-virtual-keyboard-wtype", hasconfig: 0
[1;32mDEBUG [0m]: Attempting to create a keymap for layout us with variant  (rules: , model: , options: )
[1;32mDEBUG [0m]: Updating keyboard 55998829dee0's translation state from a provided keymap
[1;32mDEBUG [0m]: xkb: LED index 0 (name Num Lock) got index 1
[1;32mDEBUG [0m]: xkb: LED index 1 (name Caps Lock) got index 0
[1;32mDEBUG [0m]: xkb: LED index 2 (name Scroll Lock) got index 2
[1;32mDEBUG [0m]: xkb: Mod index 0 (name Shift) got index 0
[1;32mDEBUG [0m]: xkb: Mod index 1 (name Lock) got index 1
[1;32mDEBUG [0m]: xkb: Mod index 2 (name Control) got index 2
[1;32mDEBUG [0m]: xkb: Mod index 3 (name Mod1) got index 3
[1;32mDEBUG [0m]: xkb: Mod index 4 (name Mod2) got index 4
[1;32mDEBUG [0m]: xkb: Mod index 5 (name Mod3) got index 5
[1;32mDEBUG [0m]: xkb: Mod index 6 (name Mod4) got index 6
[1;32mDEBUG [0m]: xkb: Mod index 7 (name Mod5) got index 7
[1;32mDEBUG [0m]: Updating keymap fd for keyboard hl-virtual-keyboard-wtype
[1;32mDEBUG [0m]: Updated keymap fd to 93, keymap V1 to: 95
[1;32mDEBUG [0m]: Set the keyboard layout to us and variant to  for keyboard "hl-virtual-keyboard-wtype"
[1;32mDEBUG [0m]: New virtual keyboard created at 55998829dee0
[1;32mDEBUG [0m]: Updating keyboard 55998829dee0's translation state from a provided keymap
[1;32mDEBUG [0m]: Updating keymap fd for keyboard hl-virtual-keyboard-wtype
[1;32mDEBUG [0m]: Updated keymap fd to 93, keymap V1 to: 95
[1;32mDEBUG [0m]: Keyboard at 55998829dee0 removed
[1;32mDEBUG [0m]: Destroyed keyboard 55998829dee0
[1;32mDEBUG [0m]: [CWLSeatProtocol] New seat resource bound at 559988234da0
[1;32mDEBUG [0m]: [CVirtualKeyboardProtocol] New VKeyboard at id 5
[1;32mDEBUG [0m]: ApplyConfigToKeyboard for "hl-virtual-keyboard-wtype", hasconfig: 0
[1;32mDEBUG [0m]: Attempting to create a keymap for layout us with variant  (rules: , model: , options: )
[1;32mDEBUG [0m]: Updating keyboard 55998829dee0's translation state from a provided keymap
[1;32mDEBUG [0m]: xkb: LED index 0 (name Num Lock) got index 1
[1;32mDEBUG [0m]: xkb: LED index 1 (name Caps Lock) got index 0
[1;32mDEBUG [0m]: xkb: LED index 2 (name Scroll Lock) got index 2
[1;32mDEBUG [0m]: xkb: Mod index 0 (name Shift) got index 0
[1;32mDEBUG [0m]: xkb: Mod index 1 (name Lock) got index 1
[1;32mDEBUG [0m]: xkb: Mod index 2 (name Control) got index 2
[1;32mDEBUG [0m]: xkb: Mod index 3 (name Mod1) got index 3
[1;32mDEBUG [0m]: xkb: Mod index 4 (name Mod2) got index 4
[1;32mDEBUG [0m]: xkb: Mod index 5 (name Mod3) got index 5
[1;32mDEBUG [0m]: xkb: Mod index 6 (name Mod4) got index 6
[1;32mDEBUG [0m]: xkb: Mod index 7 (name Mod5) got index 7
[1;32mDEBUG [0m]: Updating keymap fd for keyboard hl-virtual-keyboard-wtype
[1;32mDEBUG [0m]: Updated keymap fd to 93, keymap V1 to: 95
[1;32mDEBUG [0m]: Set the keyboard layout to us and variant to  for keyboard "hl-virtual-keyboard-wtype"
[1;32mDEBUG [0m]: New virtual keyboard created at 55998829dee0
[1;32mDEBUG [0m]: Updating keyboard 55998829dee0's translation state from a provided keymap
[1;32mDEBUG [0m]: Updating keymap fd for keyboard hl-virtual-keyboard-wtype
[1;32mDEBUG [0m]: Updated keymap fd to 93, keymap V1 to: 95
[1;32mDEBUG [0m]: Keyboard at 55998829dee0 removed
[1;32mDEBUG [0m]: Destroyed keyboard 55998829dee0
[1;32mDEBUG [0m]: [CWLSeatProtocol] New seat resource bound at 559988415250
[1;32mDEBUG [0m]: [CVirtualKeyboardProtocol] New VKeyboard at id 5
[1;32mDEBUG [0m]: ApplyConfigToKeyboard for "hl-virtual-keyboard-wtype", hasconfig: 0
[1;32mDEBUG [0m]: Attempting to create a keymap for layout us with variant  (rules: , model: , options: )
[1;32mDEBUG [0m]: Updating keyboard 55998829dee0's translation state from a provided keymap
[1;32mDEBUG [0m]: xkb: LED index 0 (name Num Lock) got index 1
[1;32mDEBUG [0m]: xkb: LED index 1 (name Caps Lock) got index 0
[1;32mDEBUG [0m]: xkb: LED index 2 (name Scroll Lock) got index 2
[1;32mDEBUG [0m]: xkb: Mod index 0 (name Shift) got index 0
[1;32mDEBUG [0m]: xkb: Mod index 1 (name Lock) got index 1
[1;32mDEBUG [0m]: xkb: Mod index 2 (name Control) got index 2
[1;32mDEBUG [0m]: xkb: Mod index 3 (name Mod1) got index 3
[1;32mDEBUG [0m]: xkb: Mod index 4 (name Mod2) got index 4
[1;32mDEBUG [0m]: xkb: Mod index 5 (name Mod3) got index 5
[1;32mDEBUG [0m]: xkb: Mod index 6 (name Mod4) got index 6
[1;32mDEBUG [0m]: xkb: Mod index 7 (name Mod5) got index 7
[1;32mDEBUG [0m]: Updating keymap fd for keyboard hl-virtual-keyboard-wtype
[1;32mDEBUG [0m]: Updated keymap fd to 93, keymap V1 to: 95
[1;32mDEBUG [0m]: Set the keyboard layout to us and variant to  for keyboard "hl-virtual-keyboard-wtype"
[1;32mDEBUG [0m]: New virtual keyboard created at 55998829dee0
[1;32mDEBUG [0m]: Updating keyboard 55998829dee0's translation state from a provided keymap
[1;32mDEBUG [0m]: Updating keymap fd for keyboard hl-virtual-keyboard-wtype
[1;32mDEBUG [0m]: Updated keymap fd to 93, keymap V1 to: 95
[1;32mDEBUG [0m]: Keyboard at 55998829dee0 removed
[1;32mDEBUG [0m]: Destroyed keyboard 55998829dee0
[1;32mDEBUG [0m]: Hyprctl: new connection from pid 726
[1;32mDEBUG [0m]: Hyprctl: new connection from pid 727
[1;32mDEBUG [0m]: Hyprctl: new connection from pid 728
[1;32mDEBUG [0m]: Hyprctl: new connection from pid 729
[1;32mDEBUG [0m]: Hyprctl: new connection from pid 730
[1;32mDEBUG [0m]: Hyprctl: new connection from pid 731
[1;32mDEBUG [0m]: Hyprctl: new connection from pid 732
[1;32mDEBUG [0m]: Hyprctl: new connection from pid 733
[1;32mDEBUG [0m]: [CScreencopyProtocol] Bound client successfully!
[1;32mDEBUG [0m]: [CXDGOutputProtocol] New xdg_output for HEADLESS-1: client 55998890bf80 (not xwayland)
[1;32mDEBUG [0m]: [CXDGOutputProtocol] New xdg_output for WAYLAND-1: client 55998890bf80 (not xwayland)
[1;32mDEBUG [0m]: [COutputImageCaptureSourceProtocol] New capture source for monitor: HEADLESS-1
[1;32mDEBUG [0m]: [CImageCopyCaptureProtocol] New image copy capture session for source (monitor): "HEADLESS-1"
[1;32mDEBUG [0m]: Framebuffer "Monitor HEADLESS-1 mirror FB" created, status 36053
[1;32mDEBUG [0m]: Framebuffer "" created, status 36053
[1;32mDEBUG [0m]: [Screenshare] Started screenshare session for (monitor): HEADLESS-1
[1;32mDEBUG [0m]: [Screenshare] Stopped screenshare session for (monitor): HEADLESS-1
[1;32mDEBUG [0m]: [CWLCompositorResource] New wl_region with id 92 at 559987313490
[1;32mDEBUG [0m]: LayerSurface 55998826b9f0 destroyed
[1;32mDEBUG [0m]: Forcing an unmap of a LS that did a straight destroy!
[1;32mDEBUG [0m]: LayerSurface 55998826b9f0 unmapped
[1;32mDEBUG [0m]: renderer: making a snapshot of layer 559988918b90
[1;32mDEBUG [0m]: Framebuffer "layer snapshot" created, status 36053
[1;32mDEBUG [0m]: renderer: cleared a snapshot of layer 559988918b90
[1;32mDEBUG [0m]: renderer: rendered a snapshot of layer 559988918b90
[1;32mDEBUG [0m]: renderer: made a snapshot of layer 559988918b90
[1;32mDEBUG [0m]: CWLSurface 559988293c80 called destroy()
[1;32mDEBUG [0m]: Cleanup: removed 1 fadeouts
[1;32mDEBUG [0m]: Hyprctl: new connection from pid 741
[1;32mDEBUG [0m]: Hyprctl: keyword monitor : HEADLESS-1,1920x1080@60,2000x0,2
[1;32mDEBUG [0m]: ApplyConfigToKeyboard for "wl_keyboard", hasconfig: 0
[1;32mDEBUG [0m]: Not applying config to keyboard, it did not change.
[1;33mWARN [0m]: No rule found for WAYLAND-1, trying to use the first.
[1;32mDEBUG [0m]: Applying monitor rule for HEADLESS-1
[1;32mDEBUG [0m]: Monitor HEADLESS-1: requested 1920x1080@60.00Hz, using preferred mode 1920x1080@60.00Hz
[1;32mDEBUG [0m]: output HEADLESS-1 succeeded basic test on format DRM_FORMAT_XRGB8888
[1;32mDEBUG [0m]: CMonitor::updateVCGTRamps: skipping, no gamma ramp for output
[1;32mDEBUG [0m]: Monitor HEADLESS-1 data dump: res 1920x1080@60.00Hz, scale 2.00, transform 0, pos 2000x0, 10b 0
[1;33mWARN [0m]: FIXME: color management protocol is enabled and outputs changed, check preferred image description changes
[1;32mDEBUG [0m]: arrangeMonitors: 2 to arrange
[1;32mDEBUG [0m]: arrangeMonitors: HEADLESS-1 explicit [2000, 0]
[1;32mDEBUG [0m]: arrangeMonitors: WAYLAND-1 auto [2960, 0]
[1;32mDEBUG [0m]: arrangeMonitors: WAYLAND-1 xwayland [0, 0]
[1;32mDEBUG [0m]: arrangeMonitors: HEADLESS-1 xwayland [1920, 0]
[1;32mDEBUG [0m]: [CXDGOutputProtocol] updating all xdg_output heads
[1;32mDEBUG [0m]: [CXDGOutputProtocol] updating all xdg_output heads
[1;32mDEBUG [0m]: [CXDGOutputProtocol] updating all xdg_output heads
[1;32mDEBUG [0m]: [CWLCompositorResource] New wl_region with id 62 at 55998829de80
[1;32mDEBUG [0m]: [CLinuxDMABUFParamsResource] Creating a dmabuf, with id 82: size [Vector2D: x: 1440, y: 48], fmt AR24, planes 1
[1;32mDEBUG [0m]: [CLinuxDMABUFParamsResource]  | plane 0: mod 72057594037927952 fd 61 stride 5760 offset 0
[1;32mDEBUG [0m]: [CWLCompositorResource] New wl_region with id 98 at 5599884d11c0
[1;32mDEBUG [0m]: [CLinuxDMABUFParamsResource] Creating a dmabuf, with id 47: size [Vector2D: x: 1920, y: 1080], fmt AR24, planes 1
[1;32mDEBUG [0m]: [CLinuxDMABUFParamsResource]  | plane 0: mod 72057594037927952 fd 92 stride 7680 offset 0
[1;32mDEBUG [0m]: Hyprctl: new connection from pid 742
[1;32mDEBUG [0m]: Hyprctl: new connection from pid 743
[1;32mDEBUG [0m]: Hyprctl: dispatcher focusmonitor : HEADLESS-1
[1;32mDEBUG [0m]: [CLinuxDMABUFParamsResource] Creating a dmabuf, with id 88: size [Vector2D: x: 1920, y: 64], fmt AR24, planes 1
[1;32mDEBUG [0m]: [CLinuxDMABUFParamsResource]  | plane 0: mod 72057594037927952 fd 70 stride 7680 offset 0
[1;32mDEBUG [0m]: [CLinuxDMABUFParamsResource] Creating a dmabuf, with id 75: size [Vector2D: x: 1920, y: 1080], fmt AR24, planes 1
[1;32mDEBUG [0m]: [CLinuxDMABUFParamsResource]  | plane 0: mod 72057594037927952 fd 82 stride 7680 offset 0
[1;32mDEBUG [0m]: [CLinuxDMABUFParamsResource] Creating a dmabuf, with id 86: size [Vector2D: x: 1920, y: 64], fmt AR24, planes 1
[1;32mDEBUG [0m]: [CLinuxDMABUFParamsResource]  | plane 0: mod 72057594037927952 fd 69 stride 7680 offset 0
[1;32mDEBUG [0m]: [CWLCompositorResource] New wl_surface with id 97 at 559988844920
[1;32mDEBUG [0m]: CWLSurface 5599880aed50 called init()
[1;32mDEBUG [0m]: LayerSurface 55998826b9f0 (namespace putkin-panel layer 3) created on monitor HEADLESS-1
[1;32mDEBUG [0m]: [CLayerShellProtocol] New wlr_layer_surface 55998826b9f0
[1;32mDEBUG [0m]: [CPrimarySelectionProtocol] CPrimarySelectionProtocol::updateSelection: cannot send selection to a client without a data_device
[1;32mDEBUG [0m]: [CWLCompositorResource] New wl_region with id 40 at 559988247b70
[1;32mDEBUG [0m]: [CLinuxDMABUFParamsResource] Creating a dmabuf, with id 79: size [Vector2D: x: 736, y: 272], fmt AR24, planes 1
[1;32mDEBUG [0m]: [CLinuxDMABUFParamsResource]  | plane 0: mod 72057594037927952 fd 61 stride 2944 offset 0
[1;32mDEBUG [0m]: cursorImage request: shape 1 -> default
[1;32mDEBUG [0m]: XCursor scanning theme default
[1;32mDEBUG [0m]: XCursor parsing index.theme /usr/share/icons/default/index.theme
[1;32mDEBUG [0m]: XCursor theme default inherits Adwaita
[1;32mDEBUG [0m]: XCursor scanning theme Adwaita
[1;32mDEBUG [0m]: XCursor using theme path /usr/share/icons/Adwaita/cursors
[1;32mDEBUG [0m]: XCursor parsing index.theme /usr/share/icons/Adwaita/index.theme
[1;32mDEBUG [0m]: XCursor theme Adwaita inherits AdwaitaLegacy
[1;32mDEBUG [0m]: XCursor theme Adwaita inherits hicolor
[1;32mDEBUG [0m]: XCursor scanning theme Adwaita
[1;32mDEBUG [0m]: XCursor using theme path /usr/share/icons/Adwaita/cursors
[1;32mDEBUG [0m]: XCursor parsing index.theme /usr/share/icons/Adwaita/index.theme
[1;32mDEBUG [0m]: XCursor theme Adwaita inherits AdwaitaLegacy
[1;32mDEBUG [0m]: XCursor theme Adwaita inherits hicolor
[1;32mDEBUG [0m]: XCursor scanning theme AdwaitaLegacy
[1;32mDEBUG [0m]: XCursor parsing index.theme /usr/share/icons/AdwaitaLegacy/index.theme
[1;32mDEBUG [0m]: XCursor theme AdwaitaLegacy inherits hicolor
[1;32mDEBUG [0m]: XCursor scanning theme hicolor
[1;32mDEBUG [0m]: XCursor parsing index.theme /usr/share/icons/hicolor/index.theme
[1;32mDEBUG [0m]: XCursor already has a shape default loaded, skipping
[1;32mDEBUG [0m]: XCursor already has a shape context-menu loaded, skipping
[1;32mDEBUG [0m]: XCursor already has a shape help loaded, skipping
[1;32mDEBUG [0m]: XCursor already has a shape pointer loaded, skipping
[1;32mDEBUG [0m]: XCursor already has a shape progress loaded, skipping
[1;32mDEBUG [0m]: XCursor already has a shape wait loaded, skipping
[1;32mDEBUG [0m]: XCursor failed to find a legacy shape with name plus, skipping
[1;32mDEBUG [0m]: XCursor already has a shape crosshair loaded, skipping
[1;32mDEBUG [0m]: XCursor already has a shape text loaded, skipping
[1;32mDEBUG [0m]: XCursor already has a shape vertical-text loaded, skipping
[1;32mDEBUG [0m]: XCursor failed to find a legacy shape with name dnd-link, skipping
[1;32mDEBUG [0m]: XCursor failed to find a legacy shape with name dnd-copy, skipping
[1;32mDEBUG [0m]: XCursor already has a shape move loaded, skipping
[1;32mDEBUG [0m]: XCursor failed to find a legacy shape with name dnd-none, skipping
[1;32mDEBUG [0m]: XCursor failed to find a legacy shape with name crossed_circle, skipping
[1;32mDEBUG [0m]: XCursor already has a shape grab loaded, skipping
[1;32mDEBUG [0m]: XCursor already has a shape grabbing loaded, skipping
[1;32mDEBUG [0m]: XCursor already has a shape e-resize loaded, skipping
[1;32mDEBUG [0m]: XCursor already has a shape n-resize loaded, skipping
[1;32mDEBUG [0m]: XCursor already has a shape ne-resize loaded, skipping
[1;32mDEBUG [0m]: XCursor already has a shape nw-resize loaded, skipping
[1;32mDEBUG [0m]: XCursor already has a shape s-resize loaded, skipping
[1;32mDEBUG [0m]: XCursor already has a shape se-resize loaded, skipping
[1;32mDEBUG [0m]: XCursor already has a shape sw-resize loaded, skipping
[1;32mDEBUG [0m]: XCursor already has a shape w-resize loaded, skipping
[1;32mDEBUG [0m]: XCursor already has a shape ew-resize loaded, skipping
[1;32mDEBUG [0m]: XCursor already has a shape ns-resize loaded, skipping
[1;32mDEBUG [0m]: XCursor already has a shape nesw-resize loaded, skipping
[1;32mDEBUG [0m]: XCursor already has a shape nwse-resize loaded, skipping
[1;32mDEBUG [0m]: XCursor already has a shape col-resize loaded, skipping
[1;32mDEBUG [0m]: XCursor already has a shape row-resize loaded, skipping
[1;32mDEBUG [0m]: XCursor already has a shape all-scroll loaded, skipping
[1;32mDEBUG [0m]: XCursor already has a shape zoom-in loaded, skipping
[1;32mDEBUG [0m]: XCursor already has a shape zoom-out loaded, skipping
[1;32mDEBUG [0m]: XCursor failed to find a legacy shape with name dnd-copy, skipping
[1;32mDEBUG [0m]: XCursor already has a shape all-resize loaded, skipping
[1;33mWARN [0m]: GSettings default schema source does not exist, can't sync GSettings
[1;33mWARN [0m]: GSettings parameter doesn't exist cursor-theme in org.gnome.desktop.interface
[1;33mWARN [0m]: GSettings default schema source does not exist, can't sync GSettings
[1;33mWARN [0m]: GSettings parameter doesn't exist cursor-size in org.gnome.desktop.interface
[1;32mDEBUG [0m]: LayerSurface 55998826b9f0 mapped
[1;32mDEBUG [0m]: [CLinuxDMABUFParamsResource] Creating a dmabuf, with id 87: size [Vector2D: x: 736, y: 272], fmt AR24, planes 1
[1;32mDEBUG [0m]: [CLinuxDMABUFParamsResource]  | plane 0: mod 72057594037927952 fd 57 stride 2944 offset 0
[1;32mDEBUG [0m]: [CLinuxDMABUFParamsResource] Creating a dmabuf, with id 82: size [Vector2D: x: 736, y: 848], fmt AR24, planes 1
[1;32mDEBUG [0m]: [CLinuxDMABUFParamsResource]  | plane 0: mod 72057594037927952 fd 87 stride 2944 offset 0
[1;32mDEBUG [0m]: [CLinuxDMABUFParamsResource] Creating a dmabuf, with id 62: size [Vector2D: x: 736, y: 848], fmt AR24, planes 1
[1;32mDEBUG [0m]: [CLinuxDMABUFParamsResource]  | plane 0: mod 72057594037927952 fd 75 stride 2944 offset 0
[1;32mDEBUG [0m]: [CWLSeatProtocol] New seat resource bound at 559988239f80
[1;32mDEBUG [0m]: [CVirtualKeyboardProtocol] New VKeyboard at id 5
[1;32mDEBUG [0m]: ApplyConfigToKeyboard for "hl-virtual-keyboard-wtype", hasconfig: 0
[1;32mDEBUG [0m]: Attempting to create a keymap for layout us with variant  (rules: , model: , options: )
[1;32mDEBUG [0m]: Updating keyboard 55998829dee0's translation state from a provided keymap
[1;32mDEBUG [0m]: xkb: LED index 0 (name Num Lock) got index 1
[1;32mDEBUG [0m]: xkb: LED index 1 (name Caps Lock) got index 0
[1;32mDEBUG [0m]: xkb: LED index 2 (name Scroll Lock) got index 2
[1;32mDEBUG [0m]: xkb: Mod index 0 (name Shift) got index 0
[1;32mDEBUG [0m]: xkb: Mod index 1 (name Lock) got index 1
[1;32mDEBUG [0m]: xkb: Mod index 2 (name Control) got index 2
[1;32mDEBUG [0m]: xkb: Mod index 3 (name Mod1) got index 3
[1;32mDEBUG [0m]: xkb: Mod index 4 (name Mod2) got index 4
[1;32mDEBUG [0m]: xkb: Mod index 5 (name Mod3) got index 5
[1;32mDEBUG [0m]: xkb: Mod index 6 (name Mod4) got index 6
[1;32mDEBUG [0m]: xkb: Mod index 7 (name Mod5) got index 7
[1;32mDEBUG [0m]: Updating keymap fd for keyboard hl-virtual-keyboard-wtype
[1;32mDEBUG [0m]: Updated keymap fd to 93, keymap V1 to: 95
[1;32mDEBUG [0m]: Set the keyboard layout to us and variant to  for keyboard "hl-virtual-keyboard-wtype"
[1;32mDEBUG [0m]: New virtual keyboard created at 55998829dee0
[1;32mDEBUG [0m]: Updating keyboard 55998829dee0's translation state from a provided keymap
[1;32mDEBUG [0m]: Updating keymap fd for keyboard hl-virtual-keyboard-wtype
[1;32mDEBUG [0m]: Updated keymap fd to 93, keymap V1 to: 95
[1;32mDEBUG [0m]: Keyboard at 55998829dee0 removed
[1;32mDEBUG [0m]: Destroyed keyboard 55998829dee0
[1;32mDEBUG [0m]: [CWLSeatProtocol] New seat resource bound at 559988239680
[1;32mDEBUG [0m]: [CVirtualKeyboardProtocol] New VKeyboard at id 5
[1;32mDEBUG [0m]: ApplyConfigToKeyboard for "hl-virtual-keyboard-wtype", hasconfig: 0
[1;32mDEBUG [0m]: Attempting to create a keymap for layout us with variant  (rules: , model: , options: )
[1;32mDEBUG [0m]: Updating keyboard 55998829dee0's translation state from a provided keymap
[1;32mDEBUG [0m]: xkb: LED index 0 (name Num Lock) got index 1
[1;32mDEBUG [0m]: xkb: LED index 1 (name Caps Lock) got index 0
[1;32mDEBUG [0m]: xkb: LED index 2 (name Scroll Lock) got index 2
[1;32mDEBUG [0m]: xkb: Mod index 0 (name Shift) got index 0
[1;32mDEBUG [0m]: xkb: Mod index 1 (name Lock) got index 1
[1;32mDEBUG [0m]: xkb: Mod index 2 (name Control) got index 2
[1;32mDEBUG [0m]: xkb: Mod index 3 (name Mod1) got index 3
[1;32mDEBUG [0m]: xkb: Mod index 4 (name Mod2) got index 4
[1;32mDEBUG [0m]: xkb: Mod index 5 (name Mod3) got index 5
[1;32mDEBUG [0m]: xkb: Mod index 6 (name Mod4) got index 6
[1;32mDEBUG [0m]: xkb: Mod index 7 (name Mod5) got index 7
[1;32mDEBUG [0m]: Updating keymap fd for keyboard hl-virtual-keyboard-wtype
[1;32mDEBUG [0m]: Updated keymap fd to 93, keymap V1 to: 95
[1;32mDEBUG [0m]: Set the keyboard layout to us and variant to  for keyboard "hl-virtual-keyboard-wtype"
[1;32mDEBUG [0m]: New virtual keyboard created at 55998829dee0
[1;32mDEBUG [0m]: Updating keyboard 55998829dee0's translation state from a provided keymap
[1;32mDEBUG [0m]: Updating keymap fd for keyboard hl-virtual-keyboard-wtype
[1;32mDEBUG [0m]: Updated keymap fd to 93, keymap V1 to: 95
[1;32mDEBUG [0m]: Keyboard at 55998829dee0 removed
[1;32mDEBUG [0m]: Destroyed keyboard 55998829dee0
[1;32mDEBUG [0m]: [CWLSeatProtocol] New seat resource bound at 559988233640
[1;32mDEBUG [0m]: [CVirtualKeyboardProtocol] New VKeyboard at id 5
[1;32mDEBUG [0m]: ApplyConfigToKeyboard for "hl-virtual-keyboard-wtype", hasconfig: 0
[1;32mDEBUG [0m]: Attempting to create a keymap for layout us with variant  (rules: , model: , options: )
[1;32mDEBUG [0m]: Updating keyboard 55998829dee0's translation state from a provided keymap
[1;32mDEBUG [0m]: xkb: LED index 0 (name Num Lock) got index 1
[1;32mDEBUG [0m]: xkb: LED index 1 (name Caps Lock) got index 0
[1;32mDEBUG [0m]: xkb: LED index 2 (name Scroll Lock) got index 2
[1;32mDEBUG [0m]: xkb: Mod index 0 (name Shift) got index 0
[1;32mDEBUG [0m]: xkb: Mod index 1 (name Lock) got index 1
[1;32mDEBUG [0m]: xkb: Mod index 2 (name Control) got index 2
[1;32mDEBUG [0m]: xkb: Mod index 3 (name Mod1) got index 3
[1;32mDEBUG [0m]: xkb: Mod index 4 (name Mod2) got index 4
[1;32mDEBUG [0m]: xkb: Mod index 5 (name Mod3) got index 5
[1;32mDEBUG [0m]: xkb: Mod index 6 (name Mod4) got index 6
[1;32mDEBUG [0m]: xkb: Mod index 7 (name Mod5) got index 7
[1;32mDEBUG [0m]: Updating keymap fd for keyboard hl-virtual-keyboard-wtype
[1;32mDEBUG [0m]: Updated keymap fd to 93, keymap V1 to: 95
[1;32mDEBUG [0m]: Set the keyboard layout to us and variant to  for keyboard "hl-virtual-keyboard-wtype"
[1;32mDEBUG [0m]: New virtual keyboard created at 55998829dee0
[1;32mDEBUG [0m]: Updating keyboard 55998829dee0's translation state from a provided keymap
[1;32mDEBUG [0m]: Updating keymap fd for keyboard hl-virtual-keyboard-wtype
[1;32mDEBUG [0m]: Updated keymap fd to 93, keymap V1 to: 95
[1;32mDEBUG [0m]: Keyboard at 55998829dee0 removed
[1;32mDEBUG [0m]: Destroyed keyboard 55998829dee0
[1;32mDEBUG [0m]: [CWLSeatProtocol] New seat resource bound at 55998823d330
[1;32mDEBUG [0m]: [CVirtualKeyboardProtocol] New VKeyboard at id 5
[1;32mDEBUG [0m]: ApplyConfigToKeyboard for "hl-virtual-keyboard-wtype", hasconfig: 0
[1;32mDEBUG [0m]: Attempting to create a keymap for layout us with variant  (rules: , model: , options: )
[1;32mDEBUG [0m]: Updating keyboard 55998829dee0's translation state from a provided keymap
[1;32mDEBUG [0m]: xkb: LED index 0 (name Num Lock) got index 1
[1;32mDEBUG [0m]: xkb: LED index 1 (name Caps Lock) got index 0
[1;32mDEBUG [0m]: xkb: LED index 2 (name Scroll Lock) got index 2
[1;32mDEBUG [0m]: xkb: Mod index 0 (name Shift) got index 0
[1;32mDEBUG [0m]: xkb: Mod index 1 (name Lock) got index 1
[1;32mDEBUG [0m]: xkb: Mod index 2 (name Control) got index 2
[1;32mDEBUG [0m]: xkb: Mod index 3 (name Mod1) got index 3
[1;32mDEBUG [0m]: xkb: Mod index 4 (name Mod2) got index 4
[1;32mDEBUG [0m]: xkb: Mod index 5 (name Mod3) got index 5
[1;32mDEBUG [0m]: xkb: Mod index 6 (name Mod4) got index 6
[1;32mDEBUG [0m]: xkb: Mod index 7 (name Mod5) got index 7
[1;32mDEBUG [0m]: Updating keymap fd for keyboard hl-virtual-keyboard-wtype
[1;32mDEBUG [0m]: Updated keymap fd to 93, keymap V1 to: 95
[1;32mDEBUG [0m]: Set the keyboard layout to us and variant to  for keyboard "hl-virtual-keyboard-wtype"
[1;32mDEBUG [0m]: New virtual keyboard created at 55998829dee0
[1;32mDEBUG [0m]: Updating keyboard 55998829dee0's translation state from a provided keymap
[1;32mDEBUG [0m]: Updating keymap fd for keyboard hl-virtual-keyboard-wtype
[1;32mDEBUG [0m]: Updated keymap fd to 93, keymap V1 to: 95
[1;32mDEBUG [0m]: Keyboard at 55998829dee0 removed
[1;32mDEBUG [0m]: Destroyed keyboard 55998829dee0
[1;32mDEBUG [0m]: [CWLSeatProtocol] New seat resource bound at 559988263bc0
[1;32mDEBUG [0m]: [CVirtualKeyboardProtocol] New VKeyboard at id 5
[1;32mDEBUG [0m]: ApplyConfigToKeyboard for "hl-virtual-keyboard-wtype", hasconfig: 0
[1;32mDEBUG [0m]: Attempting to create a keymap for layout us with variant  (rules: , model: , options: )
[1;32mDEBUG [0m]: Updating keyboard 55998829dee0's translation state from a provided keymap
[1;32mDEBUG [0m]: xkb: LED index 0 (name Num Lock) got index 1
[1;32mDEBUG [0m]: xkb: LED index 1 (name Caps Lock) got index 0
[1;32mDEBUG [0m]: xkb: LED index 2 (name Scroll Lock) got index 2
[1;32mDEBUG [0m]: xkb: Mod index 0 (name Shift) got index 0
[1;32mDEBUG [0m]: xkb: Mod index 1 (name Lock) got index 1
[1;32mDEBUG [0m]: xkb: Mod index 2 (name Control) got index 2
[1;32mDEBUG [0m]: xkb: Mod index 3 (name Mod1) got index 3
[1;32mDEBUG [0m]: xkb: Mod index 4 (name Mod2) got index 4
[1;32mDEBUG [0m]: xkb: Mod index 5 (name Mod3) got index 5
[1;32mDEBUG [0m]: xkb: Mod index 6 (name Mod4) got index 6
[1;32mDEBUG [0m]: xkb: Mod index 7 (name Mod5) got index 7
[1;32mDEBUG [0m]: Updating keymap fd for keyboard hl-virtual-keyboard-wtype
[1;32mDEBUG [0m]: Updated keymap fd to 93, keymap V1 to: 95
[1;32mDEBUG [0m]: Set the keyboard layout to us and variant to  for keyboard "hl-virtual-keyboard-wtype"
[1;32mDEBUG [0m]: New virtual keyboard created at 55998829dee0
[1;32mDEBUG [0m]: Updating keyboard 55998829dee0's translation state from a provided keymap
[1;32mDEBUG [0m]: Updating keymap fd for keyboard hl-virtual-keyboard-wtype
[1;32mDEBUG [0m]: Updated keymap fd to 93, keymap V1 to: 95
[1;32mDEBUG [0m]: Keyboard at 55998829dee0 removed
[1;32mDEBUG [0m]: Destroyed keyboard 55998829dee0
[1;32mDEBUG [0m]: [CWLSeatProtocol] New seat resource bound at 5599884d0850
[1;32mDEBUG [0m]: [CVirtualKeyboardProtocol] New VKeyboard at id 5
[1;32mDEBUG [0m]: ApplyConfigToKeyboard for "hl-virtual-keyboard-wtype", hasconfig: 0
[1;32mDEBUG [0m]: Attempting to create a keymap for layout us with variant  (rules: , model: , options: )
[1;32mDEBUG [0m]: Updating keyboard 55998829dee0's translation state from a provided keymap
[1;32mDEBUG [0m]: xkb: LED index 0 (name Num Lock) got index 1
[1;32mDEBUG [0m]: xkb: LED index 1 (name Caps Lock) got index 0
[1;32mDEBUG [0m]: xkb: LED index 2 (name Scroll Lock) got index 2
[1;32mDEBUG [0m]: xkb: Mod index 0 (name Shift) got index 0
[1;32mDEBUG [0m]: xkb: Mod index 1 (name Lock) got index 1
[1;32mDEBUG [0m]: xkb: Mod index 2 (name Control) got index 2
[1;32mDEBUG [0m]: xkb: Mod index 3 (name Mod1) got index 3
[1;32mDEBUG [0m]: xkb: Mod index 4 (name Mod2) got index 4
[1;32mDEBUG [0m]: xkb: Mod index 5 (name Mod3) got index 5
[1;32mDEBUG [0m]: xkb: Mod index 6 (name Mod4) got index 6
[1;32mDEBUG [0m]: xkb: Mod index 7 (name Mod5) got index 7
[1;32mDEBUG [0m]: Updating keymap fd for keyboard hl-virtual-keyboard-wtype
[1;32mDEBUG [0m]: Updated keymap fd to 93, keymap V1 to: 95
[1;32mDEBUG [0m]: Set the keyboard layout to us and variant to  for keyboard "hl-virtual-keyboard-wtype"
[1;32mDEBUG [0m]: New virtual keyboard created at 55998829dee0
[1;32mDEBUG [0m]: Updating keyboard 55998829dee0's translation state from a provided keymap
[1;32mDEBUG [0m]: Updating keymap fd for keyboard hl-virtual-keyboard-wtype
[1;32mDEBUG [0m]: Updated keymap fd to 93, keymap V1 to: 95
[1;32mDEBUG [0m]: Keyboard at 55998829dee0 removed
[1;32mDEBUG [0m]: Destroyed keyboard 55998829dee0
[1;32mDEBUG [0m]: [CWLSeatProtocol] New seat resource bound at 55998723bd50
[1;32mDEBUG [0m]: [CVirtualKeyboardProtocol] New VKeyboard at id 5
[1;32mDEBUG [0m]: ApplyConfigToKeyboard for "hl-virtual-keyboard-wtype", hasconfig: 0
[1;32mDEBUG [0m]: Attempting to create a keymap for layout us with variant  (rules: , model: , options: )
[1;32mDEBUG [0m]: Updating keyboard 55998829dee0's translation state from a provided keymap
[1;32mDEBUG [0m]: xkb: LED index 0 (name Num Lock) got index 1
[1;32mDEBUG [0m]: xkb: LED index 1 (name Caps Lock) got index 0
[1;32mDEBUG [0m]: xkb: LED index 2 (name Scroll Lock) got index 2
[1;32mDEBUG [0m]: xkb: Mod index 0 (name Shift) got index 0
[1;32mDEBUG [0m]: xkb: Mod index 1 (name Lock) got index 1
[1;32mDEBUG [0m]: xkb: Mod index 2 (name Control) got index 2
[1;32mDEBUG [0m]: xkb: Mod index 3 (name Mod1) got index 3
[1;32mDEBUG [0m]: xkb: Mod index 4 (name Mod2) got index 4
[1;32mDEBUG [0m]: xkb: Mod index 5 (name Mod3) got index 5
[1;32mDEBUG [0m]: xkb: Mod index 6 (name Mod4) got index 6
[1;32mDEBUG [0m]: xkb: Mod index 7 (name Mod5) got index 7
[1;32mDEBUG [0m]: Updating keymap fd for keyboard hl-virtual-keyboard-wtype
[1;32mDEBUG [0m]: Updated keymap fd to 93, keymap V1 to: 95
[1;32mDEBUG [0m]: Set the keyboard layout to us and variant to  for keyboard "hl-virtual-keyboard-wtype"
[1;32mDEBUG [0m]: New virtual keyboard created at 55998829dee0
[1;32mDEBUG [0m]: Updating keyboard 55998829dee0's translation state from a provided keymap
[1;32mDEBUG [0m]: Updating keymap fd for keyboard hl-virtual-keyboard-wtype
[1;32mDEBUG [0m]: Updated keymap fd to 93, keymap V1 to: 95
[1;32mDEBUG [0m]: Keyboard at 55998829dee0 removed
[1;32mDEBUG [0m]: Destroyed keyboard 55998829dee0
[1;32mDEBUG [0m]: Hyprctl: new connection from pid 781
[1;32mDEBUG [0m]: Hyprctl: new connection from pid 782
[1;32mDEBUG [0m]: Hyprctl: new connection from pid 783
[1;32mDEBUG [0m]: Hyprctl: new connection from pid 784
[1;32mDEBUG [0m]: Hyprctl: new connection from pid 785
[1;32mDEBUG [0m]: Hyprctl: new connection from pid 786
[1;32mDEBUG [0m]: Hyprctl: new connection from pid 787
[1;32mDEBUG [0m]: Hyprctl: new connection from pid 788
[1;32mDEBUG [0m]: [CScreencopyProtocol] Bound client successfully!
[1;32mDEBUG [0m]: [CXDGOutputProtocol] New xdg_output for HEADLESS-1: client 559988233e90 (not xwayland)
[1;32mDEBUG [0m]: [CXDGOutputProtocol] New xdg_output for WAYLAND-1: client 559988233e90 (not xwayland)
[1;32mDEBUG [0m]: [COutputImageCaptureSourceProtocol] New capture source for monitor: HEADLESS-1
[1;32mDEBUG [0m]: [CImageCopyCaptureProtocol] New image copy capture session for source (monitor): "HEADLESS-1"
[1;32mDEBUG [0m]: Framebuffer "Monitor HEADLESS-1 mirror FB" created, status 36053
[1;32mDEBUG [0m]: Framebuffer "" created, status 36053
[1;32mDEBUG [0m]: [Screenshare] Started screenshare session for (monitor): HEADLESS-1
[1;32mDEBUG [0m]: [Screenshare] Stopped screenshare session for (monitor): HEADLESS-1
[1;32mDEBUG [0m]: [CWLCompositorResource] New wl_region with id 40 at 559987d89090
[1;32mDEBUG [0m]: LayerSurface 55998826b9f0 destroyed
[1;32mDEBUG [0m]: Forcing an unmap of a LS that did a straight destroy!
[1;32mDEBUG [0m]: LayerSurface 55998826b9f0 unmapped
[1;32mDEBUG [0m]: renderer: making a snapshot of layer 559988261840
[1;32mDEBUG [0m]: Framebuffer "layer snapshot" created, status 36053
[1;32mDEBUG [0m]: renderer: cleared a snapshot of layer 559988261840
[1;32mDEBUG [0m]: renderer: rendered a snapshot of layer 559988261840
[1;32mDEBUG [0m]: renderer: made a snapshot of layer 559988261840
[1;32mDEBUG [0m]: CWLSurface 5599880aed50 called destroy()
[1;32mDEBUG [0m]: Cleanup: removed 1 fadeouts
[1;32mDEBUG [0m]: Hyprctl: new connection from pid 796
[1;32mDEBUG [0m]: Hyprctl: keyword monitor : HEADLESS-1,1366x768@60,2000x0,1
[1;32mDEBUG [0m]: ApplyConfigToKeyboard for "wl_keyboard", hasconfig: 0
[1;32mDEBUG [0m]: Not applying config to keyboard, it did not change.
[1;33mWARN [0m]: No rule found for WAYLAND-1, trying to use the first.
[1;32mDEBUG [0m]: Applying monitor rule for HEADLESS-1
[1;32mDEBUG [0mfrom aquamarine ]: GBM: Allocated a new buffer with size [Vector2D: x: 1366, y: 768] and format XR24 with modifier 0x0 : LINEAR
[1;32mDEBUG [0mfrom aquamarine ]: GBM: Allocated a new buffer with size [Vector2D: x: 1366, y: 768] and format XR24 with modifier 0x0 : LINEAR
[1;32mDEBUG [0mfrom aquamarine ]: GBM: Allocated a new buffer with size [Vector2D: x: 1366, y: 768] and format XR24 with modifier 0x0 : LINEAR
[1;32mDEBUG [0mfrom aquamarine ]: Swapchain: Reconfigured a swapchain to [Vector2D: x: 1366, y: 768] XR24 of length 3
[1;32mDEBUG [0m]: Monitor HEADLESS-1: requested 1366x768@60.00Hz, using available mode 1366x768@60.00Hz
[1;32mDEBUG [0m]: output HEADLESS-1 succeeded basic test on format DRM_FORMAT_XRGB8888
[1;32mDEBUG [0m]: Monitor HEADLESS-1 -> destroyed all render data
[1;32mDEBUG [0m]: CMonitor::updateVCGTRamps: skipping, no gamma ramp for output
[1;32mDEBUG [0m]: Monitor HEADLESS-1 data dump: res 1366x768@60.00Hz, scale 1.00, transform 0, pos 2000x0, 10b 0
[1;33mWARN [0m]: FIXME: color management protocol is enabled and outputs changed, check preferred image description changes
[1;32mDEBUG [0m]: arrangeMonitors: 2 to arrange
[1;32mDEBUG [0m]: arrangeMonitors: HEADLESS-1 explicit [2000, 0]
[1;32mDEBUG [0m]: arrangeMonitors: WAYLAND-1 auto [3366, 0]
[1;32mDEBUG [0m]: arrangeMonitors: WAYLAND-1 xwayland [0, 0]
[1;32mDEBUG [0m]: arrangeMonitors: HEADLESS-1 xwayland [1920, 0]
[1;32mDEBUG [0m]: [CXDGOutputProtocol] updating all xdg_output heads
[1;32mDEBUG [0m]: [CXDGOutputProtocol] updating all xdg_output heads
[1;32mDEBUG [0m]: [CXDGOutputProtocol] updating all xdg_output heads
[1;32mDEBUG [0m]: Framebuffer "Monitor HEADLESS-1 blur FB" created, status 36053
[1;32mDEBUG [0m]: Framebuffer "Monitor HEADLESS-1 workbuffer" created, status 36053
[1;32mDEBUG [0m]: [CWLCompositorResource] New wl_region with id 82 at 5599873230e0
[1;32mDEBUG [0m]: [CLinuxDMABUFParamsResource] Creating a dmabuf, with id 97: size [Vector2D: x: 2732, y: 64], fmt AR24, planes 1
[1;32mDEBUG [0m]: [CLinuxDMABUFParamsResource]  | plane 0: mod 72057594037927952 fd 51 stride 11008 offset 0
[1;32mDEBUG [0m]: [CWLCompositorResource] New wl_region with id 62 at 5599872fe1b0
[1;32mDEBUG [0m]: [CLinuxDMABUFParamsResource] Creating a dmabuf, with id 98: size [Vector2D: x: 1920, y: 1080], fmt AR24, planes 1
[1;32mDEBUG [0m]: [CLinuxDMABUFParamsResource]  | plane 0: mod 72057594037927952 fd 52 stride 7680 offset 0
[1;32mDEBUG [0m]: Hyprctl: new connection from pid 797
[1;32mDEBUG [0m]: Hyprctl: new connection from pid 798
[1;32mDEBUG [0m]: Hyprctl: dispatcher focusmonitor : HEADLESS-1
[1;32mDEBUG [0m]: [CLinuxDMABUFParamsResource] Creating a dmabuf, with id 104: size [Vector2D: x: 1366, y: 32], fmt AR24, planes 1
[1;32mDEBUG [0m]: [CLinuxDMABUFParamsResource]  | plane 0: mod 72057594037927952 fd 53 stride 5504 offset 0
[1;32mDEBUG [0m]: [CLinuxDMABUFParamsResource] Creating a dmabuf, with id 88: size [Vector2D: x: 1366, y: 768], fmt AR24, planes 1
[1;32mDEBUG [0m]: [CLinuxDMABUFParamsResource]  | plane 0: mod 72057594037927952 fd 70 stride 5504 offset 0
[1;32mDEBUG [0m]: [CLinuxDMABUFParamsResource] Creating a dmabuf, with id 74: size [Vector2D: x: 1366, y: 32], fmt AR24, planes 1
[1;32mDEBUG [0m]: [CLinuxDMABUFParamsResource]  | plane 0: mod 72057594037927952 fd 54 stride 5504 offset 0
[1;32mDEBUG [0m]: [CWLCompositorResource] New wl_surface with id 79 at 559988260af0
[1;32mDEBUG [0m]: CWLSurface 559988656a70 called init()
[1;32mDEBUG [0m]: LayerSurface 55998826b9f0 (namespace putkin-panel layer 3) created on monitor HEADLESS-1
[1;32mDEBUG [0m]: [CLayerShellProtocol] New wlr_layer_surface 55998826b9f0
[1;32mDEBUG [0m]: [CPrimarySelectionProtocol] CPrimarySelectionProtocol::updateSelection: cannot send selection to a client without a data_device
[1;32mDEBUG [0m]: [CWLCompositorResource] New wl_region with id 86 at 559987313490
[1;32mDEBUG [0m]: [CLinuxDMABUFParamsResource] Creating a dmabuf, with id 105: size [Vector2D: x: 368, y: 136], fmt AR24, planes 1
[1;32mDEBUG [0m]: [CLinuxDMABUFParamsResource]  | plane 0: mod 72057594037927952 fd 51 stride 1536 offset 0
[1;32mDEBUG [0m]: LayerSurface 55998826b9f0 mapped
[1;32mDEBUG [0m]: cursorImage request: shape 1 -> default
[1;32mDEBUG [0m]: XCursor scanning theme default
[1;32mDEBUG [0m]: XCursor parsing index.theme /usr/share/icons/default/index.theme
[1;32mDEBUG [0m]: XCursor theme default inherits Adwaita
[1;32mDEBUG [0m]: XCursor scanning theme Adwaita
[1;32mDEBUG [0m]: XCursor using theme path /usr/share/icons/Adwaita/cursors
[1;32mDEBUG [0m]: XCursor parsing index.theme /usr/share/icons/Adwaita/index.theme
[1;32mDEBUG [0m]: XCursor theme Adwaita inherits AdwaitaLegacy
[1;32mDEBUG [0m]: XCursor theme Adwaita inherits hicolor
[1;32mDEBUG [0m]: XCursor scanning theme Adwaita
[1;32mDEBUG [0m]: XCursor using theme path /usr/share/icons/Adwaita/cursors
[1;32mDEBUG [0m]: XCursor parsing index.theme /usr/share/icons/Adwaita/index.theme
[1;32mDEBUG [0m]: XCursor theme Adwaita inherits AdwaitaLegacy
[1;32mDEBUG [0m]: XCursor theme Adwaita inherits hicolor
[1;32mDEBUG [0m]: XCursor scanning theme AdwaitaLegacy
[1;32mDEBUG [0m]: XCursor parsing index.theme /usr/share/icons/AdwaitaLegacy/index.theme
[1;32mDEBUG [0m]: XCursor theme AdwaitaLegacy inherits hicolor
[1;32mDEBUG [0m]: XCursor scanning theme hicolor
[1;32mDEBUG [0m]: XCursor parsing index.theme /usr/share/icons/hicolor/index.theme
[1;32mDEBUG [0m]: XCursor already has a shape default loaded, skipping
[1;32mDEBUG [0m]: XCursor already has a shape context-menu loaded, skipping
[1;32mDEBUG [0m]: XCursor already has a shape help loaded, skipping
[1;32mDEBUG [0m]: XCursor already has a shape pointer loaded, skipping
[1;32mDEBUG [0m]: XCursor already has a shape progress loaded, skipping
[1;32mDEBUG [0m]: XCursor already has a shape wait loaded, skipping
[1;32mDEBUG [0m]: XCursor failed to find a legacy shape with name plus, skipping
[1;32mDEBUG [0m]: XCursor already has a shape crosshair loaded, skipping
[1;32mDEBUG [0m]: XCursor already has a shape text loaded, skipping
[1;32mDEBUG [0m]: XCursor already has a shape vertical-text loaded, skipping
[1;32mDEBUG [0m]: XCursor failed to find a legacy shape with name dnd-link, skipping
[1;32mDEBUG [0m]: XCursor failed to find a legacy shape with name dnd-copy, skipping
[1;32mDEBUG [0m]: XCursor already has a shape move loaded, skipping
[1;32mDEBUG [0m]: XCursor failed to find a legacy shape with name dnd-none, skipping
[1;32mDEBUG [0m]: XCursor failed to find a legacy shape with name crossed_circle, skipping
[1;32mDEBUG [0m]: XCursor already has a shape grab loaded, skipping
[1;32mDEBUG [0m]: XCursor already has a shape grabbing loaded, skipping
[1;32mDEBUG [0m]: XCursor already has a shape e-resize loaded, skipping
[1;32mDEBUG [0m]: XCursor already has a shape n-resize loaded, skipping
[1;32mDEBUG [0m]: XCursor already has a shape ne-resize loaded, skipping
[1;32mDEBUG [0m]: XCursor already has a shape nw-resize loaded, skipping
[1;32mDEBUG [0m]: XCursor already has a shape s-resize loaded, skipping
[1;32mDEBUG [0m]: XCursor already has a shape se-resize loaded, skipping
[1;32mDEBUG [0m]: XCursor already has a shape sw-resize loaded, skipping
[1;32mDEBUG [0m]: XCursor already has a shape w-resize loaded, skipping
[1;32mDEBUG [0m]: XCursor already has a shape ew-resize loaded, skipping
[1;32mDEBUG [0m]: XCursor already has a shape ns-resize loaded, skipping
[1;32mDEBUG [0m]: XCursor already has a shape nesw-resize loaded, skipping
[1;32mDEBUG [0m]: XCursor already has a shape nwse-resize loaded, skipping
[1;32mDEBUG [0m]: XCursor already has a shape col-resize loaded, skipping
[1;32mDEBUG [0m]: XCursor already has a shape row-resize loaded, skipping
[1;32mDEBUG [0m]: XCursor already has a shape all-scroll loaded, skipping
[1;32mDEBUG [0m]: XCursor already has a shape zoom-in loaded, skipping
[1;32mDEBUG [0m]: XCursor already has a shape zoom-out loaded, skipping
[1;32mDEBUG [0m]: XCursor failed to find a legacy shape with name dnd-copy, skipping
[1;32mDEBUG [0m]: XCursor already has a shape all-resize loaded, skipping
[1;33mWARN [0m]: GSettings default schema source does not exist, can't sync GSettings
[1;33mWARN [0m]: GSettings parameter doesn't exist cursor-theme in org.gnome.desktop.interface
[1;33mWARN [0m]: GSettings default schema source does not exist, can't sync GSettings
[1;33mWARN [0m]: GSettings parameter doesn't exist cursor-size in org.gnome.desktop.interface
[1;32mDEBUG [0m]: cursorImage request: shape 1 -> default
[1;32mDEBUG [0m]: [CLinuxDMABUFParamsResource] Creating a dmabuf, with id 82: size [Vector2D: x: 368, y: 136], fmt AR24, planes 1
[1;32mDEBUG [0m]: [CLinuxDMABUFParamsResource]  | plane 0: mod 72057594037927952 fd 61 stride 1536 offset 0
[1;32mDEBUG [0m]: [CLinuxDMABUFParamsResource] Creating a dmabuf, with id 97: size [Vector2D: x: 368, y: 424], fmt AR24, planes 1
[1;32mDEBUG [0m]: [CLinuxDMABUFParamsResource]  | plane 0: mod 72057594037927952 fd 76 stride 1536 offset 0
[1;32mDEBUG [0m]: [CLinuxDMABUFParamsResource] Creating a dmabuf, with id 86: size [Vector2D: x: 368, y: 424], fmt AR24, planes 1
[1;32mDEBUG [0m]: [CLinuxDMABUFParamsResource]  | plane 0: mod 72057594037927952 fd 57 stride 1536 offset 0
[1;32mDEBUG [0m]: [CWLSeatProtocol] New seat resource bound at 5599884d1060
[1;32mDEBUG [0m]: [CVirtualKeyboardProtocol] New VKeyboard at id 5
[1;32mDEBUG [0m]: ApplyConfigToKeyboard for "hl-virtual-keyboard-wtype", hasconfig: 0
[1;32mDEBUG [0m]: Attempting to create a keymap for layout us with variant  (rules: , model: , options: )
[1;32mDEBUG [0m]: Updating keyboard 55998829dee0's translation state from a provided keymap
[1;32mDEBUG [0m]: xkb: LED index 0 (name Num Lock) got index 1
[1;32mDEBUG [0m]: xkb: LED index 1 (name Caps Lock) got index 0
[1;32mDEBUG [0m]: xkb: LED index 2 (name Scroll Lock) got index 2
[1;32mDEBUG [0m]: xkb: Mod index 0 (name Shift) got index 0
[1;32mDEBUG [0m]: xkb: Mod index 1 (name Lock) got index 1
[1;32mDEBUG [0m]: xkb: Mod index 2 (name Control) got index 2
[1;32mDEBUG [0m]: xkb: Mod index 3 (name Mod1) got index 3
[1;32mDEBUG [0m]: xkb: Mod index 4 (name Mod2) got index 4
[1;32mDEBUG [0m]: xkb: Mod index 5 (name Mod3) got index 5
[1;32mDEBUG [0m]: xkb: Mod index 6 (name Mod4) got index 6
[1;32mDEBUG [0m]: xkb: Mod index 7 (name Mod5) got index 7
[1;32mDEBUG [0m]: Updating keymap fd for keyboard hl-virtual-keyboard-wtype
[1;32mDEBUG [0m]: Updated keymap fd to 93, keymap V1 to: 95
[1;32mDEBUG [0m]: Set the keyboard layout to us and variant to  for keyboard "hl-virtual-keyboard-wtype"
[1;32mDEBUG [0m]: New virtual keyboard created at 55998829dee0
[1;32mDEBUG [0m]: Updating keyboard 55998829dee0's translation state from a provided keymap
[1;32mDEBUG [0m]: Updating keymap fd for keyboard hl-virtual-keyboard-wtype
[1;32mDEBUG [0m]: Updated keymap fd to 93, keymap V1 to: 95
[1;32mDEBUG [0m]: Keyboard at 55998829dee0 removed
[1;32mDEBUG [0m]: Destroyed keyboard 55998829dee0
[1;32mDEBUG [0m]: [CWLSeatProtocol] New seat resource bound at 5599884d1060
[1;32mDEBUG [0m]: [CVirtualKeyboardProtocol] New VKeyboard at id 5
[1;32mDEBUG [0m]: ApplyConfigToKeyboard for "hl-virtual-keyboard-wtype", hasconfig: 0
[1;32mDEBUG [0m]: Attempting to create a keymap for layout us with variant  (rules: , model: , options: )
[1;32mDEBUG [0m]: Updating keyboard 55998829dee0's translation state from a provided keymap
[1;32mDEBUG [0m]: xkb: LED index 0 (name Num Lock) got index 1
[1;32mDEBUG [0m]: xkb: LED index 1 (name Caps Lock) got index 0
[1;32mDEBUG [0m]: xkb: LED index 2 (name Scroll Lock) got index 2
[1;32mDEBUG [0m]: xkb: Mod index 0 (name Shift) got index 0
[1;32mDEBUG [0m]: xkb: Mod index 1 (name Lock) got index 1
[1;32mDEBUG [0m]: xkb: Mod index 2 (name Control) got index 2
[1;32mDEBUG [0m]: xkb: Mod index 3 (name Mod1) got index 3
[1;32mDEBUG [0m]: xkb: Mod index 4 (name Mod2) got index 4
[1;32mDEBUG [0m]: xkb: Mod index 5 (name Mod3) got index 5
[1;32mDEBUG [0m]: xkb: Mod index 6 (name Mod4) got index 6
[1;32mDEBUG [0m]: xkb: Mod index 7 (name Mod5) got index 7
[1;32mDEBUG [0m]: Updating keymap fd for keyboard hl-virtual-keyboard-wtype
[1;32mDEBUG [0m]: Updated keymap fd to 93, keymap V1 to: 95
[1;32mDEBUG [0m]: Set the keyboard layout to us and variant to  for keyboard "hl-virtual-keyboard-wtype"
[1;32mDEBUG [0m]: New virtual keyboard created at 55998829dee0
[1;32mDEBUG [0m]: Updating keyboard 55998829dee0's translation state from a provided keymap
[1;32mDEBUG [0m]: Updating keymap fd for keyboard hl-virtual-keyboard-wtype
[1;32mDEBUG [0m]: Updated keymap fd to 93, keymap V1 to: 95
[1;32mDEBUG [0m]: Keyboard at 55998829dee0 removed
[1;32mDEBUG [0m]: Destroyed keyboard 55998829dee0
[1;32mDEBUG [0m]: [CWLSeatProtocol] New seat resource bound at 5599882440b0
[1;32mDEBUG [0m]: [CVirtualKeyboardProtocol] New VKeyboard at id 5
[1;32mDEBUG [0m]: ApplyConfigToKeyboard for "hl-virtual-keyboard-wtype", hasconfig: 0
[1;32mDEBUG [0m]: Attempting to create a keymap for layout us with variant  (rules: , model: , options: )
[1;32mDEBUG [0m]: Updating keyboard 55998829dee0's translation state from a provided keymap
[1;32mDEBUG [0m]: xkb: LED index 0 (name Num Lock) got index 1
[1;32mDEBUG [0m]: xkb: LED index 1 (name Caps Lock) got index 0
[1;32mDEBUG [0m]: xkb: LED index 2 (name Scroll Lock) got index 2
[1;32mDEBUG [0m]: xkb: Mod index 0 (name Shift) got index 0
[1;32mDEBUG [0m]: xkb: Mod index 1 (name Lock) got index 1
[1;32mDEBUG [0m]: xkb: Mod index 2 (name Control) got index 2
[1;32mDEBUG [0m]: xkb: Mod index 3 (name Mod1) got index 3
[1;32mDEBUG [0m]: xkb: Mod index 4 (name Mod2) got index 4
[1;32mDEBUG [0m]: xkb: Mod index 5 (name Mod3) got index 5
[1;32mDEBUG [0m]: xkb: Mod index 6 (name Mod4) got index 6
[1;32mDEBUG [0m]: xkb: Mod index 7 (name Mod5) got index 7
[1;32mDEBUG [0m]: Updating keymap fd for keyboard hl-virtual-keyboard-wtype
[1;32mDEBUG [0m]: Updated keymap fd to 93, keymap V1 to: 95
[1;32mDEBUG [0m]: Set the keyboard layout to us and variant to  for keyboard "hl-virtual-keyboard-wtype"
[1;32mDEBUG [0m]: New virtual keyboard created at 55998829dee0
[1;32mDEBUG [0m]: Updating keyboard 55998829dee0's translation state from a provided keymap
[1;32mDEBUG [0m]: Updating keymap fd for keyboard hl-virtual-keyboard-wtype
[1;32mDEBUG [0m]: Updated keymap fd to 93, keymap V1 to: 95
[1;32mDEBUG [0m]: Keyboard at 55998829dee0 removed
[1;32mDEBUG [0m]: Destroyed keyboard 55998829dee0
[1;32mDEBUG [0m]: [CWLSeatProtocol] New seat resource bound at 559988415a10
[1;32mDEBUG [0m]: [CVirtualKeyboardProtocol] New VKeyboard at id 5
[1;32mDEBUG [0m]: ApplyConfigToKeyboard for "hl-virtual-keyboard-wtype", hasconfig: 0
[1;32mDEBUG [0m]: Attempting to create a keymap for layout us with variant  (rules: , model: , options: )
[1;32mDEBUG [0m]: Updating keyboard 55998829dee0's translation state from a provided keymap
[1;32mDEBUG [0m]: xkb: LED index 0 (name Num Lock) got index 1
[1;32mDEBUG [0m]: xkb: LED index 1 (name Caps Lock) got index 0
[1;32mDEBUG [0m]: xkb: LED index 2 (name Scroll Lock) got index 2
[1;32mDEBUG [0m]: xkb: Mod index 0 (name Shift) got index 0
[1;32mDEBUG [0m]: xkb: Mod index 1 (name Lock) got index 1
[1;32mDEBUG [0m]: xkb: Mod index 2 (name Control) got index 2
[1;32mDEBUG [0m]: xkb: Mod index 3 (name Mod1) got index 3
[1;32mDEBUG [0m]: xkb: Mod index 4 (name Mod2) got index 4
[1;32mDEBUG [0m]: xkb: Mod index 5 (name Mod3) got index 5
[1;32mDEBUG [0m]: xkb: Mod index 6 (name Mod4) got index 6
[1;32mDEBUG [0m]: xkb: Mod index 7 (name Mod5) got index 7
[1;32mDEBUG [0m]: Updating keymap fd for keyboard hl-virtual-keyboard-wtype
[1;32mDEBUG [0m]: Updated keymap fd to 93, keymap V1 to: 95
[1;32mDEBUG [0m]: Set the keyboard layout to us and variant to  for keyboard "hl-virtual-keyboard-wtype"
[1;32mDEBUG [0m]: New virtual keyboard created at 55998829dee0
[1;32mDEBUG [0m]: Updating keyboard 55998829dee0's translation state from a provided keymap
[1;32mDEBUG [0m]: Updating keymap fd for keyboard hl-virtual-keyboard-wtype
[1;32mDEBUG [0m]: Updated keymap fd to 93, keymap V1 to: 95
[1;32mDEBUG [0m]: Keyboard at 55998829dee0 removed
[1;32mDEBUG [0m]: Destroyed keyboard 55998829dee0
[1;32mDEBUG [0m]: [CWLSeatProtocol] New seat resource bound at 559987328de0
[1;32mDEBUG [0m]: [CVirtualKeyboardProtocol] New VKeyboard at id 5
[1;32mDEBUG [0m]: ApplyConfigToKeyboard for "hl-virtual-keyboard-wtype", hasconfig: 0
[1;32mDEBUG [0m]: Attempting to create a keymap for layout us with variant  (rules: , model: , options: )
[1;32mDEBUG [0m]: Updating keyboard 55998829dee0's translation state from a provided keymap
[1;32mDEBUG [0m]: xkb: LED index 0 (name Num Lock) got index 1
[1;32mDEBUG [0m]: xkb: LED index 1 (name Caps Lock) got index 0
[1;32mDEBUG [0m]: xkb: LED index 2 (name Scroll Lock) got index 2
[1;32mDEBUG [0m]: xkb: Mod index 0 (name Shift) got index 0
[1;32mDEBUG [0m]: xkb: Mod index 1 (name Lock) got index 1
[1;32mDEBUG [0m]: xkb: Mod index 2 (name Control) got index 2
[1;32mDEBUG [0m]: xkb: Mod index 3 (name Mod1) got index 3
[1;32mDEBUG [0m]: xkb: Mod index 4 (name Mod2) got index 4
[1;32mDEBUG [0m]: xkb: Mod index 5 (name Mod3) got index 5
[1;32mDEBUG [0m]: xkb: Mod index 6 (name Mod4) got index 6
[1;32mDEBUG [0m]: xkb: Mod index 7 (name Mod5) got index 7
[1;32mDEBUG [0m]: Updating keymap fd for keyboard hl-virtual-keyboard-wtype
[1;32mDEBUG [0m]: Updated keymap fd to 93, keymap V1 to: 95
[1;32mDEBUG [0m]: Set the keyboard layout to us and variant to  for keyboard "hl-virtual-keyboard-wtype"
[1;32mDEBUG [0m]: New virtual keyboard created at 55998829dee0
[1;32mDEBUG [0m]: Updating keyboard 55998829dee0's translation state from a provided keymap
[1;32mDEBUG [0m]: Updating keymap fd for keyboard hl-virtual-keyboard-wtype
[1;32mDEBUG [0m]: Updated keymap fd to 93, keymap V1 to: 95
[1;32mDEBUG [0m]: Keyboard at 55998829dee0 removed
[1;32mDEBUG [0m]: Destroyed keyboard 55998829dee0
[1;32mDEBUG [0m]: [CWLSeatProtocol] New seat resource bound at 5599886afd50
[1;32mDEBUG [0m]: [CVirtualKeyboardProtocol] New VKeyboard at id 5
[1;32mDEBUG [0m]: ApplyConfigToKeyboard for "hl-virtual-keyboard-wtype", hasconfig: 0
[1;32mDEBUG [0m]: Attempting to create a keymap for layout us with variant  (rules: , model: , options: )
[1;32mDEBUG [0m]: Updating keyboard 55998829dee0's translation state from a provided keymap
[1;32mDEBUG [0m]: xkb: LED index 0 (name Num Lock) got index 1
[1;32mDEBUG [0m]: xkb: LED index 1 (name Caps Lock) got index 0
[1;32mDEBUG [0m]: xkb: LED index 2 (name Scroll Lock) got index 2
[1;32mDEBUG [0m]: xkb: Mod index 0 (name Shift) got index 0
[1;32mDEBUG [0m]: xkb: Mod index 1 (name Lock) got index 1
[1;32mDEBUG [0m]: xkb: Mod index 2 (name Control) got index 2
[1;32mDEBUG [0m]: xkb: Mod index 3 (name Mod1) got index 3
[1;32mDEBUG [0m]: xkb: Mod index 4 (name Mod2) got index 4
[1;32mDEBUG [0m]: xkb: Mod index 5 (name Mod3) got index 5
[1;32mDEBUG [0m]: xkb: Mod index 6 (name Mod4) got index 6
[1;32mDEBUG [0m]: xkb: Mod index 7 (name Mod5) got index 7
[1;32mDEBUG [0m]: Updating keymap fd for keyboard hl-virtual-keyboard-wtype
[1;32mDEBUG [0m]: Updated keymap fd to 93, keymap V1 to: 95
[1;32mDEBUG [0m]: Set the keyboard layout to us and variant to  for keyboard "hl-virtual-keyboard-wtype"
[1;32mDEBUG [0m]: New virtual keyboard created at 55998829dee0
[1;32mDEBUG [0m]: Updating keyboard 55998829dee0's translation state from a provided keymap
[1;32mDEBUG [0m]: Updating keymap fd for keyboard hl-virtual-keyboard-wtype
[1;32mDEBUG [0m]: Updated keymap fd to 93, keymap V1 to: 95
[1;32mDEBUG [0m]: Keyboard at 55998829dee0 removed
[1;32mDEBUG [0m]: Destroyed keyboard 55998829dee0
[1;32mDEBUG [0m]: [CWLSeatProtocol] New seat resource bound at 559988c5e150
[1;32mDEBUG [0m]: [CVirtualKeyboardProtocol] New VKeyboard at id 5
[1;32mDEBUG [0m]: ApplyConfigToKeyboard for "hl-virtual-keyboard-wtype", hasconfig: 0
[1;32mDEBUG [0m]: Attempting to create a keymap for layout us with variant  (rules: , model: , options: )
[1;32mDEBUG [0m]: Updating keyboard 55998829dee0's translation state from a provided keymap
[1;32mDEBUG [0m]: xkb: LED index 0 (name Num Lock) got index 1
[1;32mDEBUG [0m]: xkb: LED index 1 (name Caps Lock) got index 0
[1;32mDEBUG [0m]: xkb: LED index 2 (name Scroll Lock) got index 2
[1;32mDEBUG [0m]: xkb: Mod index 0 (name Shift) got index 0
[1;32mDEBUG [0m]: xkb: Mod index 1 (name Lock) got index 1
[1;32mDEBUG [0m]: xkb: Mod index 2 (name Control) got index 2
[1;32mDEBUG [0m]: xkb: Mod index 3 (name Mod1) got index 3
[1;32mDEBUG [0m]: xkb: Mod index 4 (name Mod2) got index 4
[1;32mDEBUG [0m]: xkb: Mod index 5 (name Mod3) got index 5
[1;32mDEBUG [0m]: xkb: Mod index 6 (name Mod4) got index 6
[1;32mDEBUG [0m]: xkb: Mod index 7 (name Mod5) got index 7
[1;32mDEBUG [0m]: Updating keymap fd for keyboard hl-virtual-keyboard-wtype
[1;32mDEBUG [0m]: Updated keymap fd to 93, keymap V1 to: 95
[1;32mDEBUG [0m]: Set the keyboard layout to us and variant to  for keyboard "hl-virtual-keyboard-wtype"
[1;32mDEBUG [0m]: New virtual keyboard created at 55998829dee0
[1;32mDEBUG [0m]: Updating keyboard 55998829dee0's translation state from a provided keymap
[1;32mDEBUG [0m]: Updating keymap fd for keyboard hl-virtual-keyboard-wtype
[1;32mDEBUG [0m]: Updated keymap fd to 93, keymap V1 to: 95
[1;32mDEBUG [0m]: Keyboard at 55998829dee0 removed
[1;32mDEBUG [0m]: Destroyed keyboard 55998829dee0
[1;32mDEBUG [0m]: Hyprctl: new connection from pid 836
[1;32mDEBUG [0m]: Hyprctl: new connection from pid 837
[1;32mDEBUG [0m]: Hyprctl: new connection from pid 838
[1;32mDEBUG [0m]: Hyprctl: new connection from pid 839
[1;32mDEBUG [0m]: Hyprctl: new connection from pid 840
[1;32mDEBUG [0m]: Hyprctl: new connection from pid 841
[1;32mDEBUG [0m]: Hyprctl: new connection from pid 842
[1;32mDEBUG [0m]: Hyprctl: new connection from pid 843
[1;32mDEBUG [0m]: [CScreencopyProtocol] Bound client successfully!
[1;32mDEBUG [0m]: [CXDGOutputProtocol] New xdg_output for HEADLESS-1: client 559988c08330 (not xwayland)
[1;32mDEBUG [0m]: [CXDGOutputProtocol] New xdg_output for WAYLAND-1: client 559988c08330 (not xwayland)
[1;32mDEBUG [0m]: [COutputImageCaptureSourceProtocol] New capture source for monitor: HEADLESS-1
[1;32mDEBUG [0m]: [CImageCopyCaptureProtocol] New image copy capture session for source (monitor): "HEADLESS-1"
[1;32mDEBUG [0m]: Framebuffer "Monitor HEADLESS-1 mirror FB" created, status 36053
[1;32mDEBUG [0m]: Framebuffer "" created, status 36053
[1;32mDEBUG [0m]: [Screenshare] Started screenshare session for (monitor): HEADLESS-1
[1;32mDEBUG [0m]: [Screenshare] Stopped screenshare session for (monitor): HEADLESS-1
[1;32mDEBUG [0m]: [CWLCompositorResource] New wl_region with id 95 at 55998724ab50
[1;32mDEBUG [0m]: LayerSurface 55998826b9f0 destroyed
[1;32mDEBUG [0m]: Forcing an unmap of a LS that did a straight destroy!
[1;32mDEBUG [0m]: LayerSurface 55998826b9f0 unmapped
[1;32mDEBUG [0m]: renderer: making a snapshot of layer 559988918b90
[1;32mDEBUG [0m]: Framebuffer "layer snapshot" created, status 36053
[1;32mDEBUG [0m]: renderer: cleared a snapshot of layer 559988918b90
[1;32mDEBUG [0m]: renderer: rendered a snapshot of layer 559988918b90
[1;32mDEBUG [0m]: renderer: made a snapshot of layer 559988918b90
[1;32mDEBUG [0m]: CWLSurface 559988656a70 called destroy()
[1;32mDEBUG [0m]: Cleanup: removed 1 fadeouts
[1;32mDEBUG [0m]: Hyprctl: new connection from pid 851
[1;32mDEBUG [0m]: Hyprctl: keyword monitor : HEADLESS-1,1366x768@60,2000x0,1.25
[1;32mDEBUG [0m]: ApplyConfigToKeyboard for "wl_keyboard", hasconfig: 0
[1;32mDEBUG [0m]: Not applying config to keyboard, it did not change.
[1;33mWARN [0m]: No rule found for WAYLAND-1, trying to use the first.
[1;32mDEBUG [0m]: Applying monitor rule for HEADLESS-1
[1;32mDEBUG [0m]: Monitor HEADLESS-1: requested 1366x768@60.00Hz, using available mode 1366x768@60.00Hz
[1;32mDEBUG [0m]: output HEADLESS-1 succeeded basic test on format DRM_FORMAT_XRGB8888
[1;32mDEBUG [0m]: CMonitor::updateVCGTRamps: skipping, no gamma ramp for output
[1;32mDEBUG [0m]: Monitor HEADLESS-1 data dump: res 1366x768@60.00Hz, scale 1.25, transform 0, pos 2000x0, 10b 0
[1;33mWARN [0m]: FIXME: color management protocol is enabled and outputs changed, check preferred image description changes
[1;32mDEBUG [0m]: arrangeMonitors: 2 to arrange
[1;32mDEBUG [0m]: arrangeMonitors: HEADLESS-1 explicit [2000, 0]
[1;32mDEBUG [0m]: arrangeMonitors: WAYLAND-1 auto [3093, 0]
[1;32mDEBUG [0m]: arrangeMonitors: WAYLAND-1 xwayland [0, 0]
[1;32mDEBUG [0m]: arrangeMonitors: HEADLESS-1 xwayland [1920, 0]
[1;32mDEBUG [0m]: [CXDGOutputProtocol] updating all xdg_output heads
[1;32mDEBUG [0m]: [CXDGOutputProtocol] updating all xdg_output heads
[1;32mDEBUG [0m]: [CXDGOutputProtocol] updating all xdg_output heads
[1;32mDEBUG [0m]: [CWLCompositorResource] New wl_region with id 47 at 55998823e790
[1;32mDEBUG [0m]: [CLinuxDMABUFParamsResource] Creating a dmabuf, with id 92: size [Vector2D: x: 1093, y: 32], fmt AR24, planes 1
[1;32mDEBUG [0m]: [CLinuxDMABUFParamsResource]  | plane 0: mod 72057594037927952 fd 51 stride 4480 offset 0
[1;32mDEBUG [0m]: [CWLCompositorResource] New wl_region with id 97 at 559987d85d00
[1;32mDEBUG [0m]: [CLinuxDMABUFParamsResource] Creating a dmabuf, with id 62: size [Vector2D: x: 1366, y: 768], fmt AR24, planes 1
[1;32mDEBUG [0m]: [CLinuxDMABUFParamsResource]  | plane 0: mod 72057594037927952 fd 57 stride 5504 offset 0
[1;32mDEBUG [0m]: Hyprctl: new connection from pid 852
[1;32mDEBUG [0m]: Hyprctl: new connection from pid 853
[1;32mDEBUG [0m]: Hyprctl: dispatcher focusmonitor : HEADLESS-1
[1;32mDEBUG [0m]: [CLinuxDMABUFParamsResource] Creating a dmabuf, with id 86: size [Vector2D: x: 1366, y: 40], fmt AR24, planes 1
[1;32mDEBUG [0m]: [CLinuxDMABUFParamsResource]  | plane 0: mod 72057594037927952 fd 53 stride 5504 offset 0
[1;32mDEBUG [0m]: [CLinuxDMABUFParamsResource] Creating a dmabuf, with id 82: size [Vector2D: x: 1366, y: 768], fmt AR24, planes 1
[1;32mDEBUG [0m]: [CLinuxDMABUFParamsResource]  | plane 0: mod 72057594037927952 fd 70 stride 5504 offset 0
[1;32mDEBUG [0m]: [CLinuxDMABUFParamsResource] Creating a dmabuf, with id 105: size [Vector2D: x: 1366, y: 40], fmt AR24, planes 1
[1;32mDEBUG [0m]: [CLinuxDMABUFParamsResource]  | plane 0: mod 72057594037927952 fd 55 stride 5504 offset 0
[1;32mDEBUG [0m]: [CWLCompositorResource] New wl_surface with id 40 at 5599882839b0
[1;32mDEBUG [0m]: CWLSurface 559988293c80 called init()
[1;32mDEBUG [0m]: LayerSurface 55998826b9f0 (namespace putkin-panel layer 3) created on monitor HEADLESS-1
[1;32mDEBUG [0m]: [CLayerShellProtocol] New wlr_layer_surface 55998826b9f0
[1;32mDEBUG [0m]: [CPrimarySelectionProtocol] CPrimarySelectionProtocol::updateSelection: cannot send selection to a client without a data_device
[1;32mDEBUG [0m]: [CWLCompositorResource] New wl_region with id 74 at 559987d890b0
[1;32mDEBUG [0m]: [CLinuxDMABUFParamsResource] Creating a dmabuf, with id 80: size [Vector2D: x: 460, y: 170], fmt AR24, planes 1
[1;32mDEBUG [0m]: [CLinuxDMABUFParamsResource]  | plane 0: mod 72057594037927952 fd 51 stride 1920 offset 0
[1;32mDEBUG [0m]: LayerSurface 55998826b9f0 mapped
[1;32mDEBUG [0m]: cursorImage request: shape 1 -> default
[1;32mDEBUG [0m]: XCursor scanning theme default
[1;32mDEBUG [0m]: XCursor parsing index.theme /usr/share/icons/default/index.theme
[1;32mDEBUG [0m]: XCursor theme default inherits Adwaita
[1;32mDEBUG [0m]: XCursor scanning theme Adwaita
[1;32mDEBUG [0m]: XCursor using theme path /usr/share/icons/Adwaita/cursors
[1;32mDEBUG [0m]: XCursor parsing index.theme /usr/share/icons/Adwaita/index.theme
[1;32mDEBUG [0m]: XCursor theme Adwaita inherits AdwaitaLegacy
[1;32mDEBUG [0m]: XCursor theme Adwaita inherits hicolor
[1;32mDEBUG [0m]: XCursor scanning theme Adwaita
[1;32mDEBUG [0m]: XCursor using theme path /usr/share/icons/Adwaita/cursors
[1;32mDEBUG [0m]: XCursor parsing index.theme /usr/share/icons/Adwaita/index.theme
[1;32mDEBUG [0m]: XCursor theme Adwaita inherits AdwaitaLegacy
[1;32mDEBUG [0m]: XCursor theme Adwaita inherits hicolor
[1;32mDEBUG [0m]: XCursor scanning theme AdwaitaLegacy
[1;32mDEBUG [0m]: XCursor parsing index.theme /usr/share/icons/AdwaitaLegacy/index.theme
[1;32mDEBUG [0m]: XCursor theme AdwaitaLegacy inherits hicolor
[1;32mDEBUG [0m]: XCursor scanning theme hicolor
[1;32mDEBUG [0m]: XCursor parsing index.theme /usr/share/icons/hicolor/index.theme
[1;32mDEBUG [0m]: XCursor already has a shape default loaded, skipping
[1;32mDEBUG [0m]: XCursor already has a shape context-menu loaded, skipping
[1;32mDEBUG [0m]: XCursor already has a shape help loaded, skipping
[1;32mDEBUG [0m]: XCursor already has a shape pointer loaded, skipping
[1;32mDEBUG [0m]: XCursor already has a shape progress loaded, skipping
[1;32mDEBUG [0m]: XCursor already has a shape wait loaded, skipping
[1;32mDEBUG [0m]: XCursor failed to find a legacy shape with name plus, skipping
[1;32mDEBUG [0m]: XCursor already has a shape crosshair loaded, skipping
[1;32mDEBUG [0m]: XCursor already has a shape text loaded, skipping
[1;32mDEBUG [0m]: XCursor already has a shape vertical-text loaded, skipping
[1;32mDEBUG [0m]: XCursor failed to find a legacy shape with name dnd-link, skipping
[1;32mDEBUG [0m]: XCursor failed to find a legacy shape with name dnd-copy, skipping
[1;32mDEBUG [0m]: XCursor already has a shape move loaded, skipping
[1;32mDEBUG [0m]: XCursor failed to find a legacy shape with name dnd-none, skipping
[1;32mDEBUG [0m]: XCursor failed to find a legacy shape with name crossed_circle, skipping
[1;32mDEBUG [0m]: XCursor already has a shape grab loaded, skipping
[1;32mDEBUG [0m]: XCursor already has a shape grabbing loaded, skipping
[1;32mDEBUG [0m]: XCursor already has a shape e-resize loaded, skipping
[1;32mDEBUG [0m]: XCursor already has a shape n-resize loaded, skipping
[1;32mDEBUG [0m]: XCursor already has a shape ne-resize loaded, skipping
[1;32mDEBUG [0m]: XCursor already has a shape nw-resize loaded, skipping
[1;32mDEBUG [0m]: XCursor already has a shape s-resize loaded, skipping
[1;32mDEBUG [0m]: XCursor already has a shape se-resize loaded, skipping
[1;32mDEBUG [0m]: XCursor already has a shape sw-resize loaded, skipping
[1;32mDEBUG [0m]: XCursor already has a shape w-resize loaded, skipping
[1;32mDEBUG [0m]: XCursor already has a shape ew-resize loaded, skipping
[1;32mDEBUG [0m]: XCursor already has a shape ns-resize loaded, skipping
[1;32mDEBUG [0m]: XCursor already has a shape nesw-resize loaded, skipping
[1;32mDEBUG [0m]: XCursor already has a shape nwse-resize loaded, skipping
[1;32mDEBUG [0m]: XCursor already has a shape col-resize loaded, skipping
[1;32mDEBUG [0m]: XCursor already has a shape row-resize loaded, skipping
[1;32mDEBUG [0m]: XCursor already has a shape all-scroll loaded, skipping
[1;32mDEBUG [0m]: XCursor already has a shape zoom-in loaded, skipping
[1;32mDEBUG [0m]: XCursor already has a shape zoom-out loaded, skipping
[1;32mDEBUG [0m]: XCursor failed to find a legacy shape with name dnd-copy, skipping
[1;32mDEBUG [0m]: XCursor already has a shape all-resize loaded, skipping
[1;33mWARN [0m]: GSettings default schema source does not exist, can't sync GSettings
[1;33mWARN [0m]: GSettings parameter doesn't exist cursor-theme in org.gnome.desktop.interface
[1;33mWARN [0m]: GSettings default schema source does not exist, can't sync GSettings
[1;33mWARN [0m]: GSettings parameter doesn't exist cursor-size in org.gnome.desktop.interface
[1;32mDEBUG [0m]: cursorImage request: shape 1 -> default
[1;32mDEBUG [0m]: [CLinuxDMABUFParamsResource] Creating a dmabuf, with id 47: size [Vector2D: x: 460, y: 170], fmt AR24, planes 1
[1;32mDEBUG [0m]: [CLinuxDMABUFParamsResource]  | plane 0: mod 72057594037927952 fd 54 stride 1920 offset 0
[1;32mDEBUG [0m]: [CLinuxDMABUFParamsResource] Creating a dmabuf, with id 92: size [Vector2D: x: 460, y: 530], fmt AR24, planes 1
[1;32mDEBUG [0m]: [CLinuxDMABUFParamsResource]  | plane 0: mod 72057594037927952 fd 82 stride 1920 offset 0
[1;32mDEBUG [0m]: [CLinuxDMABUFParamsResource] Creating a dmabuf, with id 74: size [Vector2D: x: 460, y: 530], fmt AR24, planes 1
[1;32mDEBUG [0m]: [CLinuxDMABUFParamsResource]  | plane 0: mod 72057594037927952 fd 69 stride 1920 offset 0
[1;32mDEBUG [0m]: [CWLSeatProtocol] New seat resource bound at 559988712b30
[1;32mDEBUG [0m]: [CVirtualKeyboardProtocol] New VKeyboard at id 5
[1;32mDEBUG [0m]: ApplyConfigToKeyboard for "hl-virtual-keyboard-wtype", hasconfig: 0
[1;32mDEBUG [0m]: Attempting to create a keymap for layout us with variant  (rules: , model: , options: )
[1;32mDEBUG [0m]: Updating keyboard 55998829dee0's translation state from a provided keymap
[1;32mDEBUG [0m]: xkb: LED index 0 (name Num Lock) got index 1
[1;32mDEBUG [0m]: xkb: LED index 1 (name Caps Lock) got index 0
[1;32mDEBUG [0m]: xkb: LED index 2 (name Scroll Lock) got index 2
[1;32mDEBUG [0m]: xkb: Mod index 0 (name Shift) got index 0
[1;32mDEBUG [0m]: xkb: Mod index 1 (name Lock) got index 1
[1;32mDEBUG [0m]: xkb: Mod index 2 (name Control) got index 2
[1;32mDEBUG [0m]: xkb: Mod index 3 (name Mod1) got index 3
[1;32mDEBUG [0m]: xkb: Mod index 4 (name Mod2) got index 4
[1;32mDEBUG [0m]: xkb: Mod index 5 (name Mod3) got index 5
[1;32mDEBUG [0m]: xkb: Mod index 6 (name Mod4) got index 6
[1;32mDEBUG [0m]: xkb: Mod index 7 (name Mod5) got index 7
[1;32mDEBUG [0m]: Updating keymap fd for keyboard hl-virtual-keyboard-wtype
[1;32mDEBUG [0m]: Updated keymap fd to 93, keymap V1 to: 95
[1;32mDEBUG [0m]: Set the keyboard layout to us and variant to  for keyboard "hl-virtual-keyboard-wtype"
[1;32mDEBUG [0m]: New virtual keyboard created at 55998829dee0
[1;32mDEBUG [0m]: Updating keyboard 55998829dee0's translation state from a provided keymap
[1;32mDEBUG [0m]: Updating keymap fd for keyboard hl-virtual-keyboard-wtype
[1;32mDEBUG [0m]: Updated keymap fd to 93, keymap V1 to: 95
[1;32mDEBUG [0m]: Keyboard at 55998829dee0 removed
[1;32mDEBUG [0m]: Destroyed keyboard 55998829dee0
[1;32mDEBUG [0m]: [CWLSeatProtocol] New seat resource bound at 559988712b30
[1;32mDEBUG [0m]: [CVirtualKeyboardProtocol] New VKeyboard at id 5
[1;32mDEBUG [0m]: ApplyConfigToKeyboard for "hl-virtual-keyboard-wtype", hasconfig: 0
[1;32mDEBUG [0m]: Attempting to create a keymap for layout us with variant  (rules: , model: , options: )
[1;32mDEBUG [0m]: Updating keyboard 55998829dee0's translation state from a provided keymap
[1;32mDEBUG [0m]: xkb: LED index 0 (name Num Lock) got index 1
[1;32mDEBUG [0m]: xkb: LED index 1 (name Caps Lock) got index 0
[1;32mDEBUG [0m]: xkb: LED index 2 (name Scroll Lock) got index 2
[1;32mDEBUG [0m]: xkb: Mod index 0 (name Shift) got index 0
[1;32mDEBUG [0m]: xkb: Mod index 1 (name Lock) got index 1
[1;32mDEBUG [0m]: xkb: Mod index 2 (name Control) got index 2
[1;32mDEBUG [0m]: xkb: Mod index 3 (name Mod1) got index 3
[1;32mDEBUG [0m]: xkb: Mod index 4 (name Mod2) got index 4
[1;32mDEBUG [0m]: xkb: Mod index 5 (name Mod3) got index 5
[1;32mDEBUG [0m]: xkb: Mod index 6 (name Mod4) got index 6
[1;32mDEBUG [0m]: xkb: Mod index 7 (name Mod5) got index 7
[1;32mDEBUG [0m]: Updating keymap fd for keyboard hl-virtual-keyboard-wtype
[1;32mDEBUG [0m]: Updated keymap fd to 93, keymap V1 to: 95
[1;32mDEBUG [0m]: Set the keyboard layout to us and variant to  for keyboard "hl-virtual-keyboard-wtype"
[1;32mDEBUG [0m]: New virtual keyboard created at 55998829dee0
[1;32mDEBUG [0m]: Updating keyboard 55998829dee0's translation state from a provided keymap
[1;32mDEBUG [0m]: Updating keymap fd for keyboard hl-virtual-keyboard-wtype
[1;32mDEBUG [0m]: Updated keymap fd to 93, keymap V1 to: 95
[1;32mDEBUG [0m]: Keyboard at 55998829dee0 removed
[1;32mDEBUG [0m]: Destroyed keyboard 55998829dee0
[1;32mDEBUG [0m]: [CWLSeatProtocol] New seat resource bound at 55998823d590
[1;32mDEBUG [0m]: [CVirtualKeyboardProtocol] New VKeyboard at id 5
[1;32mDEBUG [0m]: ApplyConfigToKeyboard for "hl-virtual-keyboard-wtype", hasconfig: 0
[1;32mDEBUG [0m]: Attempting to create a keymap for layout us with variant  (rules: , model: , options: )
[1;32mDEBUG [0m]: Updating keyboard 55998829dee0's translation state from a provided keymap
[1;32mDEBUG [0m]: xkb: LED index 0 (name Num Lock) got index 1
[1;32mDEBUG [0m]: xkb: LED index 1 (name Caps Lock) got index 0
[1;32mDEBUG [0m]: xkb: LED index 2 (name Scroll Lock) got index 2
[1;32mDEBUG [0m]: xkb: Mod index 0 (name Shift) got index 0
[1;32mDEBUG [0m]: xkb: Mod index 1 (name Lock) got index 1
[1;32mDEBUG [0m]: xkb: Mod index 2 (name Control) got index 2
[1;32mDEBUG [0m]: xkb: Mod index 3 (name Mod1) got index 3
[1;32mDEBUG [0m]: xkb: Mod index 4 (name Mod2) got index 4
[1;32mDEBUG [0m]: xkb: Mod index 5 (name Mod3) got index 5
[1;32mDEBUG [0m]: xkb: Mod index 6 (name Mod4) got index 6
[1;32mDEBUG [0m]: xkb: Mod index 7 (name Mod5) got index 7
[1;32mDEBUG [0m]: Updating keymap fd for keyboard hl-virtual-keyboard-wtype
[1;32mDEBUG [0m]: Updated keymap fd to 93, keymap V1 to: 95
[1;32mDEBUG [0m]: Set the keyboard layout to us and variant to  for keyboard "hl-virtual-keyboard-wtype"
[1;32mDEBUG [0m]: New virtual keyboard created at 55998829dee0
[1;32mDEBUG [0m]: Updating keyboard 55998829dee0's translation state from a provided keymap
[1;32mDEBUG [0m]: Updating keymap fd for keyboard hl-virtual-keyboard-wtype
[1;32mDEBUG [0m]: Updated keymap fd to 93, keymap V1 to: 95
[1;32mDEBUG [0m]: Keyboard at 55998829dee0 removed
[1;32mDEBUG [0m]: Destroyed keyboard 55998829dee0
[1;32mDEBUG [0m]: [CWLSeatProtocol] New seat resource bound at 559988c5e150
[1;32mDEBUG [0m]: [CVirtualKeyboardProtocol] New VKeyboard at id 5
[1;32mDEBUG [0m]: ApplyConfigToKeyboard for "hl-virtual-keyboard-wtype", hasconfig: 0
[1;32mDEBUG [0m]: Attempting to create a keymap for layout us with variant  (rules: , model: , options: )
[1;32mDEBUG [0m]: Updating keyboard 55998829dee0's translation state from a provided keymap
[1;32mDEBUG [0m]: xkb: LED index 0 (name Num Lock) got index 1
[1;32mDEBUG [0m]: xkb: LED index 1 (name Caps Lock) got index 0
[1;32mDEBUG [0m]: xkb: LED index 2 (name Scroll Lock) got index 2
[1;32mDEBUG [0m]: xkb: Mod index 0 (name Shift) got index 0
[1;32mDEBUG [0m]: xkb: Mod index 1 (name Lock) got index 1
[1;32mDEBUG [0m]: xkb: Mod index 2 (name Control) got index 2
[1;32mDEBUG [0m]: xkb: Mod index 3 (name Mod1) got index 3
[1;32mDEBUG [0m]: xkb: Mod index 4 (name Mod2) got index 4
[1;32mDEBUG [0m]: xkb: Mod index 5 (name Mod3) got index 5
[1;32mDEBUG [0m]: xkb: Mod index 6 (name Mod4) got index 6
[1;32mDEBUG [0m]: xkb: Mod index 7 (name Mod5) got index 7
[1;32mDEBUG [0m]: Updating keymap fd for keyboard hl-virtual-keyboard-wtype
[1;32mDEBUG [0m]: Updated keymap fd to 93, keymap V1 to: 95
[1;32mDEBUG [0m]: Set the keyboard layout to us and variant to  for keyboard "hl-virtual-keyboard-wtype"
[1;32mDEBUG [0m]: New virtual keyboard created at 55998829dee0
[1;32mDEBUG [0m]: Updating keyboard 55998829dee0's translation state from a provided keymap
[1;32mDEBUG [0m]: Updating keymap fd for keyboard hl-virtual-keyboard-wtype
[1;32mDEBUG [0m]: Updated keymap fd to 93, keymap V1 to: 95
[1;32mDEBUG [0m]: Keyboard at 55998829dee0 removed
[1;32mDEBUG [0m]: Destroyed keyboard 55998829dee0
[1;32mDEBUG [0m]: [CWLSeatProtocol] New seat resource bound at 5599882425b0
[1;32mDEBUG [0m]: [CVirtualKeyboardProtocol] New VKeyboard at id 5
[1;32mDEBUG [0m]: ApplyConfigToKeyboard for "hl-virtual-keyboard-wtype", hasconfig: 0
[1;32mDEBUG [0m]: Attempting to create a keymap for layout us with variant  (rules: , model: , options: )
[1;32mDEBUG [0m]: Updating keyboard 55998829dee0's translation state from a provided keymap
[1;32mDEBUG [0m]: xkb: LED index 0 (name Num Lock) got index 1
[1;32mDEBUG [0m]: xkb: LED index 1 (name Caps Lock) got index 0
[1;32mDEBUG [0m]: xkb: LED index 2 (name Scroll Lock) got index 2
[1;32mDEBUG [0m]: xkb: Mod index 0 (name Shift) got index 0
[1;32mDEBUG [0m]: xkb: Mod index 1 (name Lock) got index 1
[1;32mDEBUG [0m]: xkb: Mod index 2 (name Control) got index 2
[1;32mDEBUG [0m]: xkb: Mod index 3 (name Mod1) got index 3
[1;32mDEBUG [0m]: xkb: Mod index 4 (name Mod2) got index 4
[1;32mDEBUG [0m]: xkb: Mod index 5 (name Mod3) got index 5
[1;32mDEBUG [0m]: xkb: Mod index 6 (name Mod4) got index 6
[1;32mDEBUG [0m]: xkb: Mod index 7 (name Mod5) got index 7
[1;32mDEBUG [0m]: Updating keymap fd for keyboard hl-virtual-keyboard-wtype
[1;32mDEBUG [0m]: Updated keymap fd to 93, keymap V1 to: 95
[1;32mDEBUG [0m]: Set the keyboard layout to us and variant to  for keyboard "hl-virtual-keyboard-wtype"
[1;32mDEBUG [0m]: New virtual keyboard created at 55998829dee0
[1;32mDEBUG [0m]: Updating keyboard 55998829dee0's translation state from a provided keymap
[1;32mDEBUG [0m]: Updating keymap fd for keyboard hl-virtual-keyboard-wtype
[1;32mDEBUG [0m]: Updated keymap fd to 93, keymap V1 to: 95
[1;32mDEBUG [0m]: Keyboard at 55998829dee0 removed
[1;32mDEBUG [0m]: Destroyed keyboard 55998829dee0
[1;32mDEBUG [0m]: [CWLSeatProtocol] New seat resource bound at 559988234f70
[1;32mDEBUG [0m]: [CVirtualKeyboardProtocol] New VKeyboard at id 5
[1;32mDEBUG [0m]: ApplyConfigToKeyboard for "hl-virtual-keyboard-wtype", hasconfig: 0
[1;32mDEBUG [0m]: Attempting to create a keymap for layout us with variant  (rules: , model: , options: )
[1;32mDEBUG [0m]: Updating keyboard 55998829dee0's translation state from a provided keymap
[1;32mDEBUG [0m]: xkb: LED index 0 (name Num Lock) got index 1
[1;32mDEBUG [0m]: xkb: LED index 1 (name Caps Lock) got index 0
[1;32mDEBUG [0m]: xkb: LED index 2 (name Scroll Lock) got index 2
[1;32mDEBUG [0m]: xkb: Mod index 0 (name Shift) got index 0
[1;32mDEBUG [0m]: xkb: Mod index 1 (name Lock) got index 1
[1;32mDEBUG [0m]: xkb: Mod index 2 (name Control) got index 2
[1;32mDEBUG [0m]: xkb: Mod index 3 (name Mod1) got index 3
[1;32mDEBUG [0m]: xkb: Mod index 4 (name Mod2) got index 4
[1;32mDEBUG [0m]: xkb: Mod index 5 (name Mod3) got index 5
[1;32mDEBUG [0m]: xkb: Mod index 6 (name Mod4) got index 6
[1;32mDEBUG [0m]: xkb: Mod index 7 (name Mod5) got index 7
[1;32mDEBUG [0m]: Updating keymap fd for keyboard hl-virtual-keyboard-wtype
[1;32mDEBUG [0m]: Updated keymap fd to 93, keymap V1 to: 95
[1;32mDEBUG [0m]: Set the keyboard layout to us and variant to  for keyboard "hl-virtual-keyboard-wtype"
[1;32mDEBUG [0m]: New virtual keyboard created at 55998829dee0
[1;32mDEBUG [0m]: Updating keyboard 55998829dee0's translation state from a provided keymap
[1;32mDEBUG [0m]: Updating keymap fd for keyboard hl-virtual-keyboard-wtype
[1;32mDEBUG [0m]: Updated keymap fd to 93, keymap V1 to: 95
[1;32mDEBUG [0m]: Keyboard at 55998829dee0 removed
[1;32mDEBUG [0m]: Destroyed keyboard 55998829dee0
[1;32mDEBUG [0m]: [CWLSeatProtocol] New seat resource bound at 559988712b30
[1;32mDEBUG [0m]: [CVirtualKeyboardProtocol] New VKeyboard at id 5
[1;32mDEBUG [0m]: ApplyConfigToKeyboard for "hl-virtual-keyboard-wtype", hasconfig: 0
[1;32mDEBUG [0m]: Attempting to create a keymap for layout us with variant  (rules: , model: , options: )
[1;32mDEBUG [0m]: Updating keyboard 55998829dee0's translation state from a provided keymap
[1;32mDEBUG [0m]: xkb: LED index 0 (name Num Lock) got index 1
[1;32mDEBUG [0m]: xkb: LED index 1 (name Caps Lock) got index 0
[1;32mDEBUG [0m]: xkb: LED index 2 (name Scroll Lock) got index 2
[1;32mDEBUG [0m]: xkb: Mod index 0 (name Shift) got index 0
[1;32mDEBUG [0m]: xkb: Mod index 1 (name Lock) got index 1
[1;32mDEBUG [0m]: xkb: Mod index 2 (name Control) got index 2
[1;32mDEBUG [0m]: xkb: Mod index 3 (name Mod1) got index 3
[1;32mDEBUG [0m]: xkb: Mod index 4 (name Mod2) got index 4
[1;32mDEBUG [0m]: xkb: Mod index 5 (name Mod3) got index 5
[1;32mDEBUG [0m]: xkb: Mod index 6 (name Mod4) got index 6
[1;32mDEBUG [0m]: xkb: Mod index 7 (name Mod5) got index 7
[1;32mDEBUG [0m]: Updating keymap fd for keyboard hl-virtual-keyboard-wtype
[1;32mDEBUG [0m]: Updated keymap fd to 93, keymap V1 to: 95
[1;32mDEBUG [0m]: Set the keyboard layout to us and variant to  for keyboard "hl-virtual-keyboard-wtype"
[1;32mDEBUG [0m]: New virtual keyboard created at 55998829dee0
[1;32mDEBUG [0m]: Updating keyboard 55998829dee0's translation state from a provided keymap
[1;32mDEBUG [0m]: Updating keymap fd for keyboard hl-virtual-keyboard-wtype
[1;32mDEBUG [0m]: Updated keymap fd to 93, keymap V1 to: 95
[1;32mDEBUG [0m]: Keyboard at 55998829dee0 removed
[1;32mDEBUG [0m]: Destroyed keyboard 55998829dee0
[1;32mDEBUG [0m]: Hyprctl: new connection from pid 891
[1;32mDEBUG [0m]: Hyprctl: new connection from pid 892
[1;32mDEBUG [0m]: Hyprctl: new connection from pid 893
[1;32mDEBUG [0m]: Hyprctl: new connection from pid 894
[1;32mDEBUG [0m]: Hyprctl: new connection from pid 895
[1;32mDEBUG [0m]: Hyprctl: new connection from pid 896
[1;32mDEBUG [0m]: Hyprctl: new connection from pid 897
[1;32mDEBUG [0m]: Hyprctl: new connection from pid 898
[1;32mDEBUG [0m]: [CScreencopyProtocol] Bound client successfully!
[1;32mDEBUG [0m]: [CXDGOutputProtocol] New xdg_output for HEADLESS-1: client 559988234940 (not xwayland)
[1;32mDEBUG [0m]: [CXDGOutputProtocol] New xdg_output for WAYLAND-1: client 559988234940 (not xwayland)
[1;32mDEBUG [0m]: [COutputImageCaptureSourceProtocol] New capture source for monitor: HEADLESS-1
[1;32mDEBUG [0m]: [CImageCopyCaptureProtocol] New image copy capture session for source (monitor): "HEADLESS-1"
[1;32mDEBUG [0m]: Framebuffer "Monitor HEADLESS-1 mirror FB" created, status 36053
[1;32mDEBUG [0m]: Framebuffer "" created, status 36053
[1;32mDEBUG [0m]: [Screenshare] Started screenshare session for (monitor): HEADLESS-1
[1;32mDEBUG [0m]: [Screenshare] Stopped screenshare session for (monitor): HEADLESS-1
[1;32mDEBUG [0m]: [CWLCompositorResource] New wl_region with id 47 at 559988244af0
[1;32mDEBUG [0m]: LayerSurface 55998826b9f0 destroyed
[1;32mDEBUG [0m]: Forcing an unmap of a LS that did a straight destroy!
[1;32mDEBUG [0m]: LayerSurface 55998826b9f0 unmapped
[1;32mDEBUG [0m]: renderer: making a snapshot of layer 559988261840
[1;32mDEBUG [0m]: Framebuffer "layer snapshot" created, status 36053
[1;32mDEBUG [0m]: renderer: cleared a snapshot of layer 559988261840
[1;32mDEBUG [0m]: renderer: rendered a snapshot of layer 559988261840
[1;32mDEBUG [0m]: renderer: made a snapshot of layer 559988261840
[1;32mDEBUG [0m]: CWLSurface 559988293c80 called destroy()
[1;32mDEBUG [0m]: Cleanup: removed 1 fadeouts
[1;32mDEBUG [0m]: Hyprctl: new connection from pid 906
[1;32mDEBUG [0m]: Hyprctl: keyword monitor : HEADLESS-1,1366x768@60,2000x0,1.5
[1;32mDEBUG [0m]: ApplyConfigToKeyboard for "wl_keyboard", hasconfig: 0
[1;32mDEBUG [0m]: Not applying config to keyboard, it did not change.
[1;33mWARN [0m]: No rule found for WAYLAND-1, trying to use the first.
[1;32mDEBUG [0m]: Applying monitor rule for HEADLESS-1
[1;32mDEBUG [0m]: Monitor HEADLESS-1: requested 1366x768@60.00Hz, using available mode 1366x768@60.00Hz
[1;32mDEBUG [0m]: output HEADLESS-1 succeeded basic test on format DRM_FORMAT_XRGB8888
[1;32mDEBUG [0m]: CMonitor::updateVCGTRamps: skipping, no gamma ramp for output
[1;32mDEBUG [0m]: Monitor HEADLESS-1 data dump: res 1366x768@60.00Hz, scale 1.50, transform 0, pos 2000x0, 10b 0
[1;33mWARN [0m]: FIXME: color management protocol is enabled and outputs changed, check preferred image description changes
[1;32mDEBUG [0m]: arrangeMonitors: 2 to arrange
[1;32mDEBUG [0m]: arrangeMonitors: HEADLESS-1 explicit [2000, 0]
[1;32mDEBUG [0m]: arrangeMonitors: WAYLAND-1 auto [2911, 0]
[1;32mDEBUG [0m]: arrangeMonitors: WAYLAND-1 xwayland [0, 0]
[1;32mDEBUG [0m]: arrangeMonitors: HEADLESS-1 xwayland [1920, 0]
[1;32mDEBUG [0m]: [CXDGOutputProtocol] updating all xdg_output heads
[1;32mDEBUG [0m]: [CXDGOutputProtocol] updating all xdg_output heads
[1;32mDEBUG [0m]: [CXDGOutputProtocol] updating all xdg_output heads
[1;32mDEBUG [0m]: [CWLCompositorResource] New wl_region with id 98 at 55998724b6c0
[1;32mDEBUG [0m]: [CLinuxDMABUFParamsResource] Creating a dmabuf, with id 104: size [Vector2D: x: 1139, y: 40], fmt AR24, planes 1
[1;32mDEBUG [0m]: [CLinuxDMABUFParamsResource]  | plane 0: mod 72057594037927952 fd 51 stride 4608 offset 0
[1;32mDEBUG [0m]: [CWLCompositorResource] New wl_region with id 92 at 559987259ee0
[1;32mDEBUG [0m]: [CLinuxDMABUFParamsResource] Creating a dmabuf, with id 97: size [Vector2D: x: 1366, y: 768], fmt AR24, planes 1
[1;32mDEBUG [0m]: [CLinuxDMABUFParamsResource]  | plane 0: mod 72057594037927952 fd 82 stride 5504 offset 0
[1;32mDEBUG [0m]: Hyprctl: new connection from pid 907
[1;32mDEBUG [0m]: Hyprctl: new connection from pid 908
[1;32mDEBUG [0m]: Hyprctl: dispatcher focusmonitor : HEADLESS-1
[1;32mDEBUG [0m]: [CLinuxDMABUFParamsResource] Creating a dmabuf, with id 86: size [Vector2D: x: 1367, y: 48], fmt AR24, planes 1
[1;32mDEBUG [0m]: [CLinuxDMABUFParamsResource]  | plane 0: mod 72057594037927952 fd 52 stride 5504 offset 0
[1;32mDEBUG [0m]: [CLinuxDMABUFParamsResource] Creating a dmabuf, with id 87: size [Vector2D: x: 1367, y: 768], fmt AR24, planes 1
[1;32mDEBUG [0m]: [CLinuxDMABUFParamsResource]  | plane 0: mod 72057594037927952 fd 76 stride 5504 offset 0
[1;32mDEBUG [0m]: [CLinuxDMABUFParamsResource] Creating a dmabuf, with id 80: size [Vector2D: x: 1367, y: 48], fmt AR24, planes 1
[1;32mDEBUG [0m]: [CLinuxDMABUFParamsResource]  | plane 0: mod 72057594037927952 fd 54 stride 5504 offset 0
[1;32mDEBUG [0m]: [CWLCompositorResource] New wl_surface with id 95 at 5599882839b0
[1;32mDEBUG [0m]: CWLSurface 5599880c8500 called init()
[1;32mDEBUG [0m]: LayerSurface 55998826b9f0 (namespace putkin-panel layer 3) created on monitor HEADLESS-1
[1;32mDEBUG [0m]: [CLayerShellProtocol] New wlr_layer_surface 55998826b9f0
[1;32mDEBUG [0m]: [CPrimarySelectionProtocol] CPrimarySelectionProtocol::updateSelection: cannot send selection to a client without a data_device
[1;32mDEBUG [0m]: [CWLCompositorResource] New wl_region with id 105 at 5599887cdda0
[1;32mDEBUG [0m]: [CLinuxDMABUFParamsResource] Creating a dmabuf, with id 79: size [Vector2D: x: 552, y: 204], fmt AR24, planes 1
[1;32mDEBUG [0m]: [CLinuxDMABUFParamsResource]  | plane 0: mod 72057594037927952 fd 51 stride 2304 offset 0
[1;32mDEBUG [0m]: cursorImage request: shape 1 -> default
[1;32mDEBUG [0m]: XCursor scanning theme default
[1;32mDEBUG [0m]: XCursor parsing index.theme /usr/share/icons/default/index.theme
[1;32mDEBUG [0m]: XCursor theme default inherits Adwaita
[1;32mDEBUG [0m]: XCursor scanning theme Adwaita
[1;32mDEBUG [0m]: XCursor using theme path /usr/share/icons/Adwaita/cursors
[1;32mDEBUG [0m]: XCursor parsing index.theme /usr/share/icons/Adwaita/index.theme
[1;32mDEBUG [0m]: XCursor theme Adwaita inherits AdwaitaLegacy
[1;32mDEBUG [0m]: XCursor theme Adwaita inherits hicolor
[1;32mDEBUG [0m]: XCursor scanning theme Adwaita
[1;32mDEBUG [0m]: XCursor using theme path /usr/share/icons/Adwaita/cursors
[1;32mDEBUG [0m]: XCursor parsing index.theme /usr/share/icons/Adwaita/index.theme
[1;32mDEBUG [0m]: XCursor theme Adwaita inherits AdwaitaLegacy
[1;32mDEBUG [0m]: XCursor theme Adwaita inherits hicolor
[1;32mDEBUG [0m]: XCursor scanning theme AdwaitaLegacy
[1;32mDEBUG [0m]: XCursor parsing index.theme /usr/share/icons/AdwaitaLegacy/index.theme
[1;32mDEBUG [0m]: XCursor theme AdwaitaLegacy inherits hicolor
[1;32mDEBUG [0m]: XCursor scanning theme hicolor
[1;32mDEBUG [0m]: XCursor parsing index.theme /usr/share/icons/hicolor/index.theme
[1;32mDEBUG [0m]: XCursor already has a shape default loaded, skipping
[1;32mDEBUG [0m]: XCursor already has a shape context-menu loaded, skipping
[1;32mDEBUG [0m]: XCursor already has a shape help loaded, skipping
[1;32mDEBUG [0m]: XCursor already has a shape pointer loaded, skipping
[1;32mDEBUG [0m]: XCursor already has a shape progress loaded, skipping
[1;32mDEBUG [0m]: XCursor already has a shape wait loaded, skipping
[1;32mDEBUG [0m]: XCursor failed to find a legacy shape with name plus, skipping
[1;32mDEBUG [0m]: XCursor already has a shape crosshair loaded, skipping
[1;32mDEBUG [0m]: XCursor already has a shape text loaded, skipping
[1;32mDEBUG [0m]: XCursor already has a shape vertical-text loaded, skipping
[1;32mDEBUG [0m]: XCursor failed to find a legacy shape with name dnd-link, skipping
[1;32mDEBUG [0m]: XCursor failed to find a legacy shape with name dnd-copy, skipping
[1;32mDEBUG [0m]: XCursor already has a shape move loaded, skipping
[1;32mDEBUG [0m]: XCursor failed to find a legacy shape with name dnd-none, skipping
[1;32mDEBUG [0m]: XCursor failed to find a legacy shape with name crossed_circle, skipping
[1;32mDEBUG [0m]: XCursor already has a shape grab loaded, skipping
[1;32mDEBUG [0m]: XCursor already has a shape grabbing loaded, skipping
[1;32mDEBUG [0m]: XCursor already has a shape e-resize loaded, skipping
[1;32mDEBUG [0m]: XCursor already has a shape n-resize loaded, skipping
[1;32mDEBUG [0m]: XCursor already has a shape ne-resize loaded, skipping
[1;32mDEBUG [0m]: XCursor already has a shape nw-resize loaded, skipping
[1;32mDEBUG [0m]: XCursor already has a shape s-resize loaded, skipping
[1;32mDEBUG [0m]: XCursor already has a shape se-resize loaded, skipping
[1;32mDEBUG [0m]: XCursor already has a shape sw-resize loaded, skipping
[1;32mDEBUG [0m]: XCursor already has a shape w-resize loaded, skipping
[1;32mDEBUG [0m]: XCursor already has a shape ew-resize loaded, skipping
[1;32mDEBUG [0m]: XCursor already has a shape ns-resize loaded, skipping
[1;32mDEBUG [0m]: XCursor already has a shape nesw-resize loaded, skipping
[1;32mDEBUG [0m]: XCursor already has a shape nwse-resize loaded, skipping
[1;32mDEBUG [0m]: XCursor already has a shape col-resize loaded, skipping
[1;32mDEBUG [0m]: XCursor already has a shape row-resize loaded, skipping
[1;32mDEBUG [0m]: XCursor already has a shape all-scroll loaded, skipping
[1;32mDEBUG [0m]: XCursor already has a shape zoom-in loaded, skipping
[1;32mDEBUG [0m]: XCursor already has a shape zoom-out loaded, skipping
[1;32mDEBUG [0m]: XCursor failed to find a legacy shape with name dnd-copy, skipping
[1;32mDEBUG [0m]: XCursor already has a shape all-resize loaded, skipping
[1;33mWARN [0m]: GSettings default schema source does not exist, can't sync GSettings
[1;33mWARN [0m]: GSettings parameter doesn't exist cursor-theme in org.gnome.desktop.interface
[1;33mWARN [0m]: GSettings default schema source does not exist, can't sync GSettings
[1;33mWARN [0m]: GSettings parameter doesn't exist cursor-size in org.gnome.desktop.interface
[1;32mDEBUG [0m]: LayerSurface 55998826b9f0 mapped
[1;32mDEBUG [0m]: [CLinuxDMABUFParamsResource] Creating a dmabuf, with id 90: size [Vector2D: x: 552, y: 204], fmt AR24, planes 1
[1;32mDEBUG [0m]: [CLinuxDMABUFParamsResource]  | plane 0: mod 72057594037927952 fd 55 stride 2304 offset 0
[1;32mDEBUG [0m]: [CLinuxDMABUFParamsResource] Creating a dmabuf, with id 104: size [Vector2D: x: 552, y: 636], fmt AR24, planes 1
[1;32mDEBUG [0m]: [CLinuxDMABUFParamsResource]  | plane 0: mod 72057594037927952 fd 80 stride 2304 offset 0
[1;32mDEBUG [0m]: [CLinuxDMABUFParamsResource] Creating a dmabuf, with id 98: size [Vector2D: x: 552, y: 636], fmt AR24, planes 1
[1;32mDEBUG [0m]: [CLinuxDMABUFParamsResource]  | plane 0: mod 72057594037927952 fd 56 stride 2304 offset 0
[1;32mDEBUG [0m]: [CWLSeatProtocol] New seat resource bound at 559988237060
[1;32mDEBUG [0m]: [CVirtualKeyboardProtocol] New VKeyboard at id 5
[1;32mDEBUG [0m]: ApplyConfigToKeyboard for "hl-virtual-keyboard-wtype", hasconfig: 0
[1;32mDEBUG [0m]: Attempting to create a keymap for layout us with variant  (rules: , model: , options: )
[1;32mDEBUG [0m]: Updating keyboard 55998829dee0's translation state from a provided keymap
[1;32mDEBUG [0m]: xkb: LED index 0 (name Num Lock) got index 1
[1;32mDEBUG [0m]: xkb: LED index 1 (name Caps Lock) got index 0
[1;32mDEBUG [0m]: xkb: LED index 2 (name Scroll Lock) got index 2
[1;32mDEBUG [0m]: xkb: Mod index 0 (name Shift) got index 0
[1;32mDEBUG [0m]: xkb: Mod index 1 (name Lock) got index 1
[1;32mDEBUG [0m]: xkb: Mod index 2 (name Control) got index 2
[1;32mDEBUG [0m]: xkb: Mod index 3 (name Mod1) got index 3
[1;32mDEBUG [0m]: xkb: Mod index 4 (name Mod2) got index 4
[1;32mDEBUG [0m]: xkb: Mod index 5 (name Mod3) got index 5
[1;32mDEBUG [0m]: xkb: Mod index 6 (name Mod4) got index 6
[1;32mDEBUG [0m]: xkb: Mod index 7 (name Mod5) got index 7
[1;32mDEBUG [0m]: Updating keymap fd for keyboard hl-virtual-keyboard-wtype
[1;32mDEBUG [0m]: Updated keymap fd to 93, keymap V1 to: 95
[1;32mDEBUG [0m]: Set the keyboard layout to us and variant to  for keyboard "hl-virtual-keyboard-wtype"
[1;32mDEBUG [0m]: New virtual keyboard created at 55998829dee0
[1;32mDEBUG [0m]: Updating keyboard 55998829dee0's translation state from a provided keymap
[1;32mDEBUG [0m]: Updating keymap fd for keyboard hl-virtual-keyboard-wtype
[1;32mDEBUG [0m]: Updated keymap fd to 93, keymap V1 to: 95
[1;32mDEBUG [0m]: Keyboard at 55998829dee0 removed
[1;32mDEBUG [0m]: Destroyed keyboard 55998829dee0
[1;32mDEBUG [0m]: [CWLSeatProtocol] New seat resource bound at 559988237060
[1;32mDEBUG [0m]: [CVirtualKeyboardProtocol] New VKeyboard at id 5
[1;32mDEBUG [0m]: ApplyConfigToKeyboard for "hl-virtual-keyboard-wtype", hasconfig: 0
[1;32mDEBUG [0m]: Attempting to create a keymap for layout us with variant  (rules: , model: , options: )
[1;32mDEBUG [0m]: Updating keyboard 55998829dee0's translation state from a provided keymap
[1;32mDEBUG [0m]: xkb: LED index 0 (name Num Lock) got index 1
[1;32mDEBUG [0m]: xkb: LED index 1 (name Caps Lock) got index 0
[1;32mDEBUG [0m]: xkb: LED index 2 (name Scroll Lock) got index 2
[1;32mDEBUG [0m]: xkb: Mod index 0 (name Shift) got index 0
[1;32mDEBUG [0m]: xkb: Mod index 1 (name Lock) got index 1
[1;32mDEBUG [0m]: xkb: Mod index 2 (name Control) got index 2
[1;32mDEBUG [0m]: xkb: Mod index 3 (name Mod1) got index 3
[1;32mDEBUG [0m]: xkb: Mod index 4 (name Mod2) got index 4
[1;32mDEBUG [0m]: xkb: Mod index 5 (name Mod3) got index 5
[1;32mDEBUG [0m]: xkb: Mod index 6 (name Mod4) got index 6
[1;32mDEBUG [0m]: xkb: Mod index 7 (name Mod5) got index 7
[1;32mDEBUG [0m]: Updating keymap fd for keyboard hl-virtual-keyboard-wtype
[1;32mDEBUG [0m]: Updated keymap fd to 93, keymap V1 to: 95
[1;32mDEBUG [0m]: Set the keyboard layout to us and variant to  for keyboard "hl-virtual-keyboard-wtype"
[1;32mDEBUG [0m]: New virtual keyboard created at 55998829dee0
[1;32mDEBUG [0m]: Updating keyboard 55998829dee0's translation state from a provided keymap
[1;32mDEBUG [0m]: Updating keymap fd for keyboard hl-virtual-keyboard-wtype
[1;32mDEBUG [0m]: Updated keymap fd to 93, keymap V1 to: 95
[1;32mDEBUG [0m]: Keyboard at 55998829dee0 removed
[1;32mDEBUG [0m]: Destroyed keyboard 55998829dee0
[1;32mDEBUG [0m]: [CWLSeatProtocol] New seat resource bound at 559988237060
[1;32mDEBUG [0m]: [CVirtualKeyboardProtocol] New VKeyboard at id 5
[1;32mDEBUG [0m]: ApplyConfigToKeyboard for "hl-virtual-keyboard-wtype", hasconfig: 0
[1;32mDEBUG [0m]: Attempting to create a keymap for layout us with variant  (rules: , model: , options: )
[1;32mDEBUG [0m]: Updating keyboard 55998829dee0's translation state from a provided keymap
[1;32mDEBUG [0m]: xkb: LED index 0 (name Num Lock) got index 1
[1;32mDEBUG [0m]: xkb: LED index 1 (name Caps Lock) got index 0
[1;32mDEBUG [0m]: xkb: LED index 2 (name Scroll Lock) got index 2
[1;32mDEBUG [0m]: xkb: Mod index 0 (name Shift) got index 0
[1;32mDEBUG [0m]: xkb: Mod index 1 (name Lock) got index 1
[1;32mDEBUG [0m]: xkb: Mod index 2 (name Control) got index 2
[1;32mDEBUG [0m]: xkb: Mod index 3 (name Mod1) got index 3
[1;32mDEBUG [0m]: xkb: Mod index 4 (name Mod2) got index 4
[1;32mDEBUG [0m]: xkb: Mod index 5 (name Mod3) got index 5
[1;32mDEBUG [0m]: xkb: Mod index 6 (name Mod4) got index 6
[1;32mDEBUG [0m]: xkb: Mod index 7 (name Mod5) got index 7
[1;32mDEBUG [0m]: Updating keymap fd for keyboard hl-virtual-keyboard-wtype
[1;32mDEBUG [0m]: Updated keymap fd to 93, keymap V1 to: 95
[1;32mDEBUG [0m]: Set the keyboard layout to us and variant to  for keyboard "hl-virtual-keyboard-wtype"
[1;32mDEBUG [0m]: New virtual keyboard created at 55998829dee0
[1;32mDEBUG [0m]: Updating keyboard 55998829dee0's translation state from a provided keymap
[1;32mDEBUG [0m]: Updating keymap fd for keyboard hl-virtual-keyboard-wtype
[1;32mDEBUG [0m]: Updated keymap fd to 93, keymap V1 to: 95
[1;32mDEBUG [0m]: Keyboard at 55998829dee0 removed
[1;32mDEBUG [0m]: Destroyed keyboard 55998829dee0
[1;32mDEBUG [0m]: [CWLSeatProtocol] New seat resource bound at 559987f4d010
[1;32mDEBUG [0m]: [CVirtualKeyboardProtocol] New VKeyboard at id 5
[1;32mDEBUG [0m]: ApplyConfigToKeyboard for "hl-virtual-keyboard-wtype", hasconfig: 0
[1;32mDEBUG [0m]: Attempting to create a keymap for layout us with variant  (rules: , model: , options: )
[1;32mDEBUG [0m]: Updating keyboard 55998829dee0's translation state from a provided keymap
[1;32mDEBUG [0m]: xkb: LED index 0 (name Num Lock) got index 1
[1;32mDEBUG [0m]: xkb: LED index 1 (name Caps Lock) got index 0
[1;32mDEBUG [0m]: xkb: LED index 2 (name Scroll Lock) got index 2
[1;32mDEBUG [0m]: xkb: Mod index 0 (name Shift) got index 0
[1;32mDEBUG [0m]: xkb: Mod index 1 (name Lock) got index 1
[1;32mDEBUG [0m]: xkb: Mod index 2 (name Control) got index 2
[1;32mDEBUG [0m]: xkb: Mod index 3 (name Mod1) got index 3
[1;32mDEBUG [0m]: xkb: Mod index 4 (name Mod2) got index 4
[1;32mDEBUG [0m]: xkb: Mod index 5 (name Mod3) got index 5
[1;32mDEBUG [0m]: xkb: Mod index 6 (name Mod4) got index 6
[1;32mDEBUG [0m]: xkb: Mod index 7 (name Mod5) got index 7
[1;32mDEBUG [0m]: Updating keymap fd for keyboard hl-virtual-keyboard-wtype
[1;32mDEBUG [0m]: Updated keymap fd to 93, keymap V1 to: 95
[1;32mDEBUG [0m]: Set the keyboard layout to us and variant to  for keyboard "hl-virtual-keyboard-wtype"
[1;32mDEBUG [0m]: New virtual keyboard created at 55998829dee0
[1;32mDEBUG [0m]: Updating keyboard 55998829dee0's translation state from a provided keymap
[1;32mDEBUG [0m]: Updating keymap fd for keyboard hl-virtual-keyboard-wtype
[1;32mDEBUG [0m]: Updated keymap fd to 93, keymap V1 to: 95
[1;32mDEBUG [0m]: Keyboard at 55998829dee0 removed
[1;32mDEBUG [0m]: Destroyed keyboard 55998829dee0
[1;32mDEBUG [0m]: [CWLSeatProtocol] New seat resource bound at 559988237b80
[1;32mDEBUG [0m]: [CVirtualKeyboardProtocol] New VKeyboard at id 5
[1;32mDEBUG [0m]: ApplyConfigToKeyboard for "hl-virtual-keyboard-wtype", hasconfig: 0
[1;32mDEBUG [0m]: Attempting to create a keymap for layout us with variant  (rules: , model: , options: )
[1;32mDEBUG [0m]: Updating keyboard 55998829dee0's translation state from a provided keymap
[1;32mDEBUG [0m]: xkb: LED index 0 (name Num Lock) got index 1
[1;32mDEBUG [0m]: xkb: LED index 1 (name Caps Lock) got index 0
[1;32mDEBUG [0m]: xkb: LED index 2 (name Scroll Lock) got index 2
[1;32mDEBUG [0m]: xkb: Mod index 0 (name Shift) got index 0
[1;32mDEBUG [0m]: xkb: Mod index 1 (name Lock) got index 1
[1;32mDEBUG [0m]: xkb: Mod index 2 (name Control) got index 2
[1;32mDEBUG [0m]: xkb: Mod index 3 (name Mod1) got index 3
[1;32mDEBUG [0m]: xkb: Mod index 4 (name Mod2) got index 4
[1;32mDEBUG [0m]: xkb: Mod index 5 (name Mod3) got index 5
[1;32mDEBUG [0m]: xkb: Mod index 6 (name Mod4) got index 6
[1;32mDEBUG [0m]: xkb: Mod index 7 (name Mod5) got index 7
[1;32mDEBUG [0m]: Updating keymap fd for keyboard hl-virtual-keyboard-wtype
[1;32mDEBUG [0m]: Updated keymap fd to 93, keymap V1 to: 95
[1;32mDEBUG [0m]: Set the keyboard layout to us and variant to  for keyboard "hl-virtual-keyboard-wtype"
[1;32mDEBUG [0m]: New virtual keyboard created at 55998829dee0
[1;32mDEBUG [0m]: Updating keyboard 55998829dee0's translation state from a provided keymap
[1;32mDEBUG [0m]: Updating keymap fd for keyboard hl-virtual-keyboard-wtype
[1;32mDEBUG [0m]: Updated keymap fd to 93, keymap V1 to: 95
[1;32mDEBUG [0m]: Keyboard at 55998829dee0 removed
[1;32mDEBUG [0m]: Destroyed keyboard 55998829dee0
[1;32mDEBUG [0m]: [CWLSeatProtocol] New seat resource bound at 55998837cbd0
[1;32mDEBUG [0m]: [CVirtualKeyboardProtocol] New VKeyboard at id 5
[1;32mDEBUG [0m]: ApplyConfigToKeyboard for "hl-virtual-keyboard-wtype", hasconfig: 0
[1;32mDEBUG [0m]: Attempting to create a keymap for layout us with variant  (rules: , model: , options: )
[1;32mDEBUG [0m]: Updating keyboard 55998829dee0's translation state from a provided keymap
[1;32mDEBUG [0m]: xkb: LED index 0 (name Num Lock) got index 1
[1;32mDEBUG [0m]: xkb: LED index 1 (name Caps Lock) got index 0
[1;32mDEBUG [0m]: xkb: LED index 2 (name Scroll Lock) got index 2
[1;32mDEBUG [0m]: xkb: Mod index 0 (name Shift) got index 0
[1;32mDEBUG [0m]: xkb: Mod index 1 (name Lock) got index 1
[1;32mDEBUG [0m]: xkb: Mod index 2 (name Control) got index 2
[1;32mDEBUG [0m]: xkb: Mod index 3 (name Mod1) got index 3
[1;32mDEBUG [0m]: xkb: Mod index 4 (name Mod2) got index 4
[1;32mDEBUG [0m]: xkb: Mod index 5 (name Mod3) got index 5
[1;32mDEBUG [0m]: xkb: Mod index 6 (name Mod4) got index 6
[1;32mDEBUG [0m]: xkb: Mod index 7 (name Mod5) got index 7
[1;32mDEBUG [0m]: Updating keymap fd for keyboard hl-virtual-keyboard-wtype
[1;32mDEBUG [0m]: Updated keymap fd to 93, keymap V1 to: 95
[1;32mDEBUG [0m]: Set the keyboard layout to us and variant to  for keyboard "hl-virtual-keyboard-wtype"
[1;32mDEBUG [0m]: New virtual keyboard created at 55998829dee0
[1;32mDEBUG [0m]: Updating keyboard 55998829dee0's translation state from a provided keymap
[1;32mDEBUG [0m]: Updating keymap fd for keyboard hl-virtual-keyboard-wtype
[1;32mDEBUG [0m]: Updated keymap fd to 93, keymap V1 to: 95
[1;32mDEBUG [0m]: Keyboard at 55998829dee0 removed
[1;32mDEBUG [0m]: Destroyed keyboard 55998829dee0
[1;32mDEBUG [0m]: [CWLSeatProtocol] New seat resource bound at 55998823d330
[1;32mDEBUG [0m]: [CVirtualKeyboardProtocol] New VKeyboard at id 5
[1;32mDEBUG [0m]: ApplyConfigToKeyboard for "hl-virtual-keyboard-wtype", hasconfig: 0
[1;32mDEBUG [0m]: Attempting to create a keymap for layout us with variant  (rules: , model: , options: )
[1;32mDEBUG [0m]: Updating keyboard 55998829dee0's translation state from a provided keymap
[1;32mDEBUG [0m]: xkb: LED index 0 (name Num Lock) got index 1
[1;32mDEBUG [0m]: xkb: LED index 1 (name Caps Lock) got index 0
[1;32mDEBUG [0m]: xkb: LED index 2 (name Scroll Lock) got index 2
[1;32mDEBUG [0m]: xkb: Mod index 0 (name Shift) got index 0
[1;32mDEBUG [0m]: xkb: Mod index 1 (name Lock) got index 1
[1;32mDEBUG [0m]: xkb: Mod index 2 (name Control) got index 2
[1;32mDEBUG [0m]: xkb: Mod index 3 (name Mod1) got index 3
[1;32mDEBUG [0m]: xkb: Mod index 4 (name Mod2) got index 4
[1;32mDEBUG [0m]: xkb: Mod index 5 (name Mod3) got index 5
[1;32mDEBUG [0m]: xkb: Mod index 6 (name Mod4) got index 6
[1;32mDEBUG [0m]: xkb: Mod index 7 (name Mod5) got index 7
[1;32mDEBUG [0m]: Updating keymap fd for keyboard hl-virtual-keyboard-wtype
[1;32mDEBUG [0m]: Updated keymap fd to 93, keymap V1 to: 95
[1;32mDEBUG [0m]: Set the keyboard layout to us and variant to  for keyboard "hl-virtual-keyboard-wtype"
[1;32mDEBUG [0m]: New virtual keyboard created at 55998829dee0
[1;32mDEBUG [0m]: Updating keyboard 55998829dee0's translation state from a provided keymap
[1;32mDEBUG [0m]: Updating keymap fd for keyboard hl-virtual-keyboard-wtype
[1;32mDEBUG [0m]: Updated keymap fd to 93, keymap V1 to: 95
[1;32mDEBUG [0m]: Keyboard at 55998829dee0 removed
[1;32mDEBUG [0m]: Destroyed keyboard 55998829dee0
[1;32mDEBUG [0m]: Hyprctl: new connection from pid 946
[1;32mDEBUG [0m]: Hyprctl: new connection from pid 947
[1;32mDEBUG [0m]: Hyprctl: new connection from pid 948
[1;32mDEBUG [0m]: Hyprctl: new connection from pid 949
[1;32mDEBUG [0m]: Hyprctl: new connection from pid 950
[1;32mDEBUG [0m]: Hyprctl: new connection from pid 951
[1;32mDEBUG [0m]: Hyprctl: new connection from pid 952
[1;32mDEBUG [0m]: Hyprctl: new connection from pid 953
[1;32mDEBUG [0m]: [CScreencopyProtocol] Bound client successfully!
[1;32mDEBUG [0m]: [CXDGOutputProtocol] New xdg_output for HEADLESS-1: client 559988743340 (not xwayland)
[1;32mDEBUG [0m]: [CXDGOutputProtocol] New xdg_output for WAYLAND-1: client 559988743340 (not xwayland)
[1;32mDEBUG [0m]: [COutputImageCaptureSourceProtocol] New capture source for monitor: HEADLESS-1
[1;32mDEBUG [0m]: [CImageCopyCaptureProtocol] New image copy capture session for source (monitor): "HEADLESS-1"
[1;32mDEBUG [0m]: Framebuffer "Monitor HEADLESS-1 mirror FB" created, status 36053
[1;32mDEBUG [0m]: Framebuffer "" created, status 36053
[1;32mDEBUG [0m]: [Screenshare] Started screenshare session for (monitor): HEADLESS-1
[1;32mDEBUG [0m]: [Screenshare] Stopped screenshare session for (monitor): HEADLESS-1
[1;32mDEBUG [0m]: [CWLCompositorResource] New wl_region with id 105 at 559987222640
[1;32mDEBUG [0m]: LayerSurface 55998826b9f0 destroyed
[1;32mDEBUG [0m]: Forcing an unmap of a LS that did a straight destroy!
[1;32mDEBUG [0m]: LayerSurface 55998826b9f0 unmapped
[1;32mDEBUG [0m]: renderer: making a snapshot of layer 559988918b90
[1;32mDEBUG [0m]: Framebuffer "layer snapshot" created, status 36053
[1;32mDEBUG [0m]: renderer: cleared a snapshot of layer 559988918b90
[1;32mDEBUG [0m]: renderer: rendered a snapshot of layer 559988918b90
[1;32mDEBUG [0m]: renderer: made a snapshot of layer 559988918b90
[1;32mDEBUG [0m]: CWLSurface 5599880c8500 called destroy()
[1;32mDEBUG [0m]: Cleanup: removed 1 fadeouts
[1;32mDEBUG [0m]: Hyprctl: new connection from pid 961
[1;32mDEBUG [0m]: Hyprctl: keyword monitor : HEADLESS-1,1366x768@60,2000x0,2
[1;32mDEBUG [0m]: ApplyConfigToKeyboard for "wl_keyboard", hasconfig: 0
[1;32mDEBUG [0m]: Not applying config to keyboard, it did not change.
[1;33mWARN [0m]: No rule found for WAYLAND-1, trying to use the first.
[1;32mDEBUG [0m]: Applying monitor rule for HEADLESS-1
[1;32mDEBUG [0m]: Monitor HEADLESS-1: requested 1366x768@60.00Hz, using available mode 1366x768@60.00Hz
[1;32mDEBUG [0m]: output HEADLESS-1 succeeded basic test on format DRM_FORMAT_XRGB8888
[1;32mDEBUG [0m]: CMonitor::updateVCGTRamps: skipping, no gamma ramp for output
[1;32mDEBUG [0m]: Monitor HEADLESS-1 data dump: res 1366x768@60.00Hz, scale 2.00, transform 0, pos 2000x0, 10b 0
[1;33mWARN [0m]: FIXME: color management protocol is enabled and outputs changed, check preferred image description changes
[1;32mDEBUG [0m]: arrangeMonitors: 2 to arrange
[1;32mDEBUG [0m]: arrangeMonitors: HEADLESS-1 explicit [2000, 0]
[1;32mDEBUG [0m]: arrangeMonitors: WAYLAND-1 auto [2683, 0]
[1;32mDEBUG [0m]: arrangeMonitors: WAYLAND-1 xwayland [0, 0]
[1;32mDEBUG [0m]: arrangeMonitors: HEADLESS-1 xwayland [1920, 0]
[1;32mDEBUG [0m]: [CXDGOutputProtocol] updating all xdg_output heads
[1;32mDEBUG [0m]: [CXDGOutputProtocol] updating all xdg_output heads
[1;32mDEBUG [0m]: [CXDGOutputProtocol] updating all xdg_output heads
[1;32mDEBUG [0m]: [CWLCompositorResource] New wl_region with id 74 at 559987d468c0
[1;32mDEBUG [0m]: [CLinuxDMABUFParamsResource] Creating a dmabuf, with id 82: size [Vector2D: x: 1025, y: 48], fmt AR24, planes 1
[1;32mDEBUG [0m]: [CLinuxDMABUFParamsResource]  | plane 0: mod 72057594037927952 fd 51 stride 4224 offset 0
[1;32mDEBUG [0m]: [CWLCompositorResource] New wl_region with id 104 at 559987d468c0
[1;32mDEBUG [0m]: [CLinuxDMABUFParamsResource] Creating a dmabuf, with id 92: size [Vector2D: x: 1367, y: 768], fmt AR24, planes 1
[1;32mDEBUG [0m]: [CLinuxDMABUFParamsResource]  | plane 0: mod 72057594037927952 fd 86 stride 5504 offset 0
[1;32mDEBUG [0m]: Hyprctl: new connection from pid 962
[1;32mDEBUG [0m]: Hyprctl: new connection from pid 963
[1;32mDEBUG [0m]: Hyprctl: dispatcher focusmonitor : HEADLESS-1
[1;32mDEBUG [0m]: [CLinuxDMABUFParamsResource] Creating a dmabuf, with id 98: size [Vector2D: x: 1366, y: 64], fmt AR24, planes 1
[1;32mDEBUG [0m]: [CLinuxDMABUFParamsResource]  | plane 0: mod 72057594037927952 fd 55 stride 5504 offset 0
[1;32mDEBUG [0m]: [CLinuxDMABUFParamsResource] Creating a dmabuf, with id 86: size [Vector2D: x: 1366, y: 768], fmt AR24, planes 1
[1;32mDEBUG [0m]: [CLinuxDMABUFParamsResource]  | plane 0: mod 72057594037927952 fd 56 stride 5504 offset 0
[1;32mDEBUG [0m]: [CLinuxDMABUFParamsResource] Creating a dmabuf, with id 62: size [Vector2D: x: 1366, y: 64], fmt AR24, planes 1
[1;32mDEBUG [0m]: [CLinuxDMABUFParamsResource]  | plane 0: mod 72057594037927952 fd 53 stride 5504 offset 0
[1;32mDEBUG [0m]: [CWLCompositorResource] New wl_surface with id 47 at 5599882839b0
[1;32mDEBUG [0m]: CWLSurface 5599883657b0 called init()
[1;32mDEBUG [0m]: LayerSurface 55998826b9f0 (namespace putkin-panel layer 3) created on monitor HEADLESS-1
[1;32mDEBUG [0m]: [CLayerShellProtocol] New wlr_layer_surface 55998826b9f0
[1;32mDEBUG [0m]: [CPrimarySelectionProtocol] CPrimarySelectionProtocol::updateSelection: cannot send selection to a client without a data_device
[1;32mDEBUG [0m]: [CWLCompositorResource] New wl_region with id 80 at 559987d33340
[1;32mDEBUG [0m]: [CLinuxDMABUFParamsResource] Creating a dmabuf, with id 40: size [Vector2D: x: 736, y: 272], fmt AR24, planes 1
[1;32mDEBUG [0m]: [CLinuxDMABUFParamsResource]  | plane 0: mod 72057594037927952 fd 51 stride 2944 offset 0
[1;32mDEBUG [0m]: cursorImage request: shape 1 -> default
[1;32mDEBUG [0m]: XCursor scanning theme default
[1;32mDEBUG [0m]: XCursor parsing index.theme /usr/share/icons/default/index.theme
[1;32mDEBUG [0m]: XCursor theme default inherits Adwaita
[1;32mDEBUG [0m]: XCursor scanning theme Adwaita
[1;32mDEBUG [0m]: XCursor using theme path /usr/share/icons/Adwaita/cursors
[1;32mDEBUG [0m]: XCursor parsing index.theme /usr/share/icons/Adwaita/index.theme
[1;32mDEBUG [0m]: XCursor theme Adwaita inherits AdwaitaLegacy
[1;32mDEBUG [0m]: XCursor theme Adwaita inherits hicolor
[1;32mDEBUG [0m]: XCursor scanning theme Adwaita
[1;32mDEBUG [0m]: XCursor using theme path /usr/share/icons/Adwaita/cursors
[1;32mDEBUG [0m]: XCursor parsing index.theme /usr/share/icons/Adwaita/index.theme
[1;32mDEBUG [0m]: XCursor theme Adwaita inherits AdwaitaLegacy
[1;32mDEBUG [0m]: XCursor theme Adwaita inherits hicolor
[1;32mDEBUG [0m]: XCursor scanning theme AdwaitaLegacy
[1;32mDEBUG [0m]: XCursor parsing index.theme /usr/share/icons/AdwaitaLegacy/index.theme
[1;32mDEBUG [0m]: XCursor theme AdwaitaLegacy inherits hicolor
[1;32mDEBUG [0m]: XCursor scanning theme hicolor
[1;32mDEBUG [0m]: XCursor parsing index.theme /usr/share/icons/hicolor/index.theme
[1;32mDEBUG [0m]: XCursor already has a shape default loaded, skipping
[1;32mDEBUG [0m]: XCursor already has a shape context-menu loaded, skipping
[1;32mDEBUG [0m]: XCursor already has a shape help loaded, skipping
[1;32mDEBUG [0m]: XCursor already has a shape pointer loaded, skipping
[1;32mDEBUG [0m]: XCursor already has a shape progress loaded, skipping
[1;32mDEBUG [0m]: XCursor already has a shape wait loaded, skipping
[1;32mDEBUG [0m]: XCursor failed to find a legacy shape with name plus, skipping
[1;32mDEBUG [0m]: XCursor already has a shape crosshair loaded, skipping
[1;32mDEBUG [0m]: XCursor already has a shape text loaded, skipping
[1;32mDEBUG [0m]: XCursor already has a shape vertical-text loaded, skipping
[1;32mDEBUG [0m]: XCursor failed to find a legacy shape with name dnd-link, skipping
[1;32mDEBUG [0m]: XCursor failed to find a legacy shape with name dnd-copy, skipping
[1;32mDEBUG [0m]: XCursor already has a shape move loaded, skipping
[1;32mDEBUG [0m]: XCursor failed to find a legacy shape with name dnd-none, skipping
[1;32mDEBUG [0m]: XCursor failed to find a legacy shape with name crossed_circle, skipping
[1;32mDEBUG [0m]: XCursor already has a shape grab loaded, skipping
[1;32mDEBUG [0m]: XCursor already has a shape grabbing loaded, skipping
[1;32mDEBUG [0m]: XCursor already has a shape e-resize loaded, skipping
[1;32mDEBUG [0m]: XCursor already has a shape n-resize loaded, skipping
[1;32mDEBUG [0m]: XCursor already has a shape ne-resize loaded, skipping
[1;32mDEBUG [0m]: XCursor already has a shape nw-resize loaded, skipping
[1;32mDEBUG [0m]: XCursor already has a shape s-resize loaded, skipping
[1;32mDEBUG [0m]: XCursor already has a shape se-resize loaded, skipping
[1;32mDEBUG [0m]: XCursor already has a shape sw-resize loaded, skipping
[1;32mDEBUG [0m]: XCursor already has a shape w-resize loaded, skipping
[1;32mDEBUG [0m]: XCursor already has a shape ew-resize loaded, skipping
[1;32mDEBUG [0m]: XCursor already has a shape ns-resize loaded, skipping
[1;32mDEBUG [0m]: XCursor already has a shape nesw-resize loaded, skipping
[1;32mDEBUG [0m]: XCursor already has a shape nwse-resize loaded, skipping
[1;32mDEBUG [0m]: XCursor already has a shape col-resize loaded, skipping
[1;32mDEBUG [0m]: XCursor already has a shape row-resize loaded, skipping
[1;32mDEBUG [0m]: XCursor already has a shape all-scroll loaded, skipping
[1;32mDEBUG [0m]: XCursor already has a shape zoom-in loaded, skipping
[1;32mDEBUG [0m]: XCursor already has a shape zoom-out loaded, skipping
[1;32mDEBUG [0m]: XCursor failed to find a legacy shape with name dnd-copy, skipping
[1;32mDEBUG [0m]: XCursor already has a shape all-resize loaded, skipping
[1;33mWARN [0m]: GSettings default schema source does not exist, can't sync GSettings
[1;33mWARN [0m]: GSettings parameter doesn't exist cursor-theme in org.gnome.desktop.interface
[1;33mWARN [0m]: GSettings default schema source does not exist, can't sync GSettings
[1;33mWARN [0m]: GSettings parameter doesn't exist cursor-size in org.gnome.desktop.interface
[1;32mDEBUG [0m]: LayerSurface 55998826b9f0 mapped
[1;32mDEBUG [0m]: [CLinuxDMABUFParamsResource] Creating a dmabuf, with id 103: size [Vector2D: x: 736, y: 272], fmt AR24, planes 1
[1;32mDEBUG [0m]: [CLinuxDMABUFParamsResource]  | plane 0: mod 72057594037927952 fd 54 stride 2944 offset 0
[1;32mDEBUG [0m]: [CLinuxDMABUFParamsResource] Creating a dmabuf, with id 82: size [Vector2D: x: 736, y: 752], fmt AR24, planes 1
[1;32mDEBUG [0m]: [CLinuxDMABUFParamsResource]  | plane 0: mod 72057594037927952 fd 74 stride 2944 offset 0
[1;32mDEBUG [0m]: [CLinuxDMABUFParamsResource] Creating a dmabuf, with id 74: size [Vector2D: x: 736, y: 752], fmt AR24, planes 1
[1;32mDEBUG [0m]: [CLinuxDMABUFParamsResource]  | plane 0: mod 72057594037927952 fd 61 stride 2944 offset 0
[1;32mDEBUG [0m]: [CWLSeatProtocol] New seat resource bound at 55998823c850
[1;32mDEBUG [0m]: [CVirtualKeyboardProtocol] New VKeyboard at id 5
[1;32mDEBUG [0m]: ApplyConfigToKeyboard for "hl-virtual-keyboard-wtype", hasconfig: 0
[1;32mDEBUG [0m]: Attempting to create a keymap for layout us with variant  (rules: , model: , options: )
[1;32mDEBUG [0m]: Updating keyboard 55998829dee0's translation state from a provided keymap
[1;32mDEBUG [0m]: xkb: LED index 0 (name Num Lock) got index 1
[1;32mDEBUG [0m]: xkb: LED index 1 (name Caps Lock) got index 0
[1;32mDEBUG [0m]: xkb: LED index 2 (name Scroll Lock) got index 2
[1;32mDEBUG [0m]: xkb: Mod index 0 (name Shift) got index 0
[1;32mDEBUG [0m]: xkb: Mod index 1 (name Lock) got index 1
[1;32mDEBUG [0m]: xkb: Mod index 2 (name Control) got index 2
[1;32mDEBUG [0m]: xkb: Mod index 3 (name Mod1) got index 3
[1;32mDEBUG [0m]: xkb: Mod index 4 (name Mod2) got index 4
[1;32mDEBUG [0m]: xkb: Mod index 5 (name Mod3) got index 5
[1;32mDEBUG [0m]: xkb: Mod index 6 (name Mod4) got index 6
[1;32mDEBUG [0m]: xkb: Mod index 7 (name Mod5) got index 7
[1;32mDEBUG [0m]: Updating keymap fd for keyboard hl-virtual-keyboard-wtype
[1;32mDEBUG [0m]: Updated keymap fd to 93, keymap V1 to: 95
[1;32mDEBUG [0m]: Set the keyboard layout to us and variant to  for keyboard "hl-virtual-keyboard-wtype"
[1;32mDEBUG [0m]: New virtual keyboard created at 55998829dee0
[1;32mDEBUG [0m]: Updating keyboard 55998829dee0's translation state from a provided keymap
[1;32mDEBUG [0m]: Updating keymap fd for keyboard hl-virtual-keyboard-wtype
[1;32mDEBUG [0m]: Updated keymap fd to 93, keymap V1 to: 95
[1;32mDEBUG [0m]: Keyboard at 55998829dee0 removed
[1;32mDEBUG [0m]: Destroyed keyboard 55998829dee0
[1;32mDEBUG [0m]: [CWLSeatProtocol] New seat resource bound at 559988237060
[1;32mDEBUG [0m]: [CVirtualKeyboardProtocol] New VKeyboard at id 5
[1;32mDEBUG [0m]: ApplyConfigToKeyboard for "hl-virtual-keyboard-wtype", hasconfig: 0
[1;32mDEBUG [0m]: Attempting to create a keymap for layout us with variant  (rules: , model: , options: )
[1;32mDEBUG [0m]: Updating keyboard 55998829dee0's translation state from a provided keymap
[1;32mDEBUG [0m]: xkb: LED index 0 (name Num Lock) got index 1
[1;32mDEBUG [0m]: xkb: LED index 1 (name Caps Lock) got index 0
[1;32mDEBUG [0m]: xkb: LED index 2 (name Scroll Lock) got index 2
[1;32mDEBUG [0m]: xkb: Mod index 0 (name Shift) got index 0
[1;32mDEBUG [0m]: xkb: Mod index 1 (name Lock) got index 1
[1;32mDEBUG [0m]: xkb: Mod index 2 (name Control) got index 2
[1;32mDEBUG [0m]: xkb: Mod index 3 (name Mod1) got index 3
[1;32mDEBUG [0m]: xkb: Mod index 4 (name Mod2) got index 4
[1;32mDEBUG [0m]: xkb: Mod index 5 (name Mod3) got index 5
[1;32mDEBUG [0m]: xkb: Mod index 6 (name Mod4) got index 6
[1;32mDEBUG [0m]: xkb: Mod index 7 (name Mod5) got index 7
[1;32mDEBUG [0m]: Updating keymap fd for keyboard hl-virtual-keyboard-wtype
[1;32mDEBUG [0m]: Updated keymap fd to 93, keymap V1 to: 95
[1;32mDEBUG [0m]: Set the keyboard layout to us and variant to  for keyboard "hl-virtual-keyboard-wtype"
[1;32mDEBUG [0m]: New virtual keyboard created at 55998829dee0
[1;32mDEBUG [0m]: Updating keyboard 55998829dee0's translation state from a provided keymap
[1;32mDEBUG [0m]: Updating keymap fd for keyboard hl-virtual-keyboard-wtype
[1;32mDEBUG [0m]: Updated keymap fd to 93, keymap V1 to: 95
[1;32mDEBUG [0m]: Keyboard at 55998829dee0 removed
[1;32mDEBUG [0m]: Destroyed keyboard 55998829dee0
[1;32mDEBUG [0m]: [CWLSeatProtocol] New seat resource bound at 559988365890
[1;32mDEBUG [0m]: [CVirtualKeyboardProtocol] New VKeyboard at id 5
[1;32mDEBUG [0m]: ApplyConfigToKeyboard for "hl-virtual-keyboard-wtype", hasconfig: 0
[1;32mDEBUG [0m]: Attempting to create a keymap for layout us with variant  (rules: , model: , options: )
[1;32mDEBUG [0m]: Updating keyboard 55998829dee0's translation state from a provided keymap
[1;32mDEBUG [0m]: xkb: LED index 0 (name Num Lock) got index 1
[1;32mDEBUG [0m]: xkb: LED index 1 (name Caps Lock) got index 0
[1;32mDEBUG [0m]: xkb: LED index 2 (name Scroll Lock) got index 2
[1;32mDEBUG [0m]: xkb: Mod index 0 (name Shift) got index 0
[1;32mDEBUG [0m]: xkb: Mod index 1 (name Lock) got index 1
[1;32mDEBUG [0m]: xkb: Mod index 2 (name Control) got index 2
[1;32mDEBUG [0m]: xkb: Mod index 3 (name Mod1) got index 3
[1;32mDEBUG [0m]: xkb: Mod index 4 (name Mod2) got index 4
[1;32mDEBUG [0m]: xkb: Mod index 5 (name Mod3) got index 5
[1;32mDEBUG [0m]: xkb: Mod index 6 (name Mod4) got index 6
[1;32mDEBUG [0m]: xkb: Mod index 7 (name Mod5) got index 7
[1;32mDEBUG [0m]: Updating keymap fd for keyboard hl-virtual-keyboard-wtype
[1;32mDEBUG [0m]: Updated keymap fd to 93, keymap V1 to: 95
[1;32mDEBUG [0m]: Set the keyboard layout to us and variant to  for keyboard "hl-virtual-keyboard-wtype"
[1;32mDEBUG [0m]: New virtual keyboard created at 55998829dee0
[1;32mDEBUG [0m]: Updating keyboard 55998829dee0's translation state from a provided keymap
[1;32mDEBUG [0m]: Updating keymap fd for keyboard hl-virtual-keyboard-wtype
[1;32mDEBUG [0m]: Updated keymap fd to 93, keymap V1 to: 95
[1;32mDEBUG [0m]: Keyboard at 55998829dee0 removed
[1;32mDEBUG [0m]: Destroyed keyboard 55998829dee0
[1;32mDEBUG [0m]: [CWLSeatProtocol] New seat resource bound at 559988239680
[1;32mDEBUG [0m]: [CVirtualKeyboardProtocol] New VKeyboard at id 5
[1;32mDEBUG [0m]: ApplyConfigToKeyboard for "hl-virtual-keyboard-wtype", hasconfig: 0
[1;32mDEBUG [0m]: Attempting to create a keymap for layout us with variant  (rules: , model: , options: )
[1;32mDEBUG [0m]: Updating keyboard 55998829dee0's translation state from a provided keymap
[1;32mDEBUG [0m]: xkb: LED index 0 (name Num Lock) got index 1
[1;32mDEBUG [0m]: xkb: LED index 1 (name Caps Lock) got index 0
[1;32mDEBUG [0m]: xkb: LED index 2 (name Scroll Lock) got index 2
[1;32mDEBUG [0m]: xkb: Mod index 0 (name Shift) got index 0
[1;32mDEBUG [0m]: xkb: Mod index 1 (name Lock) got index 1
[1;32mDEBUG [0m]: xkb: Mod index 2 (name Control) got index 2
[1;32mDEBUG [0m]: xkb: Mod index 3 (name Mod1) got index 3
[1;32mDEBUG [0m]: xkb: Mod index 4 (name Mod2) got index 4
[1;32mDEBUG [0m]: xkb: Mod index 5 (name Mod3) got index 5
[1;32mDEBUG [0m]: xkb: Mod index 6 (name Mod4) got index 6
[1;32mDEBUG [0m]: xkb: Mod index 7 (name Mod5) got index 7
[1;32mDEBUG [0m]: Updating keymap fd for keyboard hl-virtual-keyboard-wtype
[1;32mDEBUG [0m]: Updated keymap fd to 93, keymap V1 to: 95
[1;32mDEBUG [0m]: Set the keyboard layout to us and variant to  for keyboard "hl-virtual-keyboard-wtype"
[1;32mDEBUG [0m]: New virtual keyboard created at 55998829dee0
[1;32mDEBUG [0m]: Updating keyboard 55998829dee0's translation state from a provided keymap
[1;32mDEBUG [0m]: Updating keymap fd for keyboard hl-virtual-keyboard-wtype
[1;32mDEBUG [0m]: Updated keymap fd to 93, keymap V1 to: 95
[1;32mDEBUG [0m]: Keyboard at 55998829dee0 removed
[1;32mDEBUG [0m]: Destroyed keyboard 55998829dee0
[1;32mDEBUG [0m]: [CWLSeatProtocol] New seat resource bound at 55998823d590
[1;32mDEBUG [0m]: [CVirtualKeyboardProtocol] New VKeyboard at id 5
[1;32mDEBUG [0m]: ApplyConfigToKeyboard for "hl-virtual-keyboard-wtype", hasconfig: 0
[1;32mDEBUG [0m]: Attempting to create a keymap for layout us with variant  (rules: , model: , options: )
[1;32mDEBUG [0m]: Updating keyboard 55998829dee0's translation state from a provided keymap
[1;32mDEBUG [0m]: xkb: LED index 0 (name Num Lock) got index 1
[1;32mDEBUG [0m]: xkb: LED index 1 (name Caps Lock) got index 0
[1;32mDEBUG [0m]: xkb: LED index 2 (name Scroll Lock) got index 2
[1;32mDEBUG [0m]: xkb: Mod index 0 (name Shift) got index 0
[1;32mDEBUG [0m]: xkb: Mod index 1 (name Lock) got index 1
[1;32mDEBUG [0m]: xkb: Mod index 2 (name Control) got index 2
[1;32mDEBUG [0m]: xkb: Mod index 3 (name Mod1) got index 3
[1;32mDEBUG [0m]: xkb: Mod index 4 (name Mod2) got index 4
[1;32mDEBUG [0m]: xkb: Mod index 5 (name Mod3) got index 5
[1;32mDEBUG [0m]: xkb: Mod index 6 (name Mod4) got index 6
[1;32mDEBUG [0m]: xkb: Mod index 7 (name Mod5) got index 7
[1;32mDEBUG [0m]: Updating keymap fd for keyboard hl-virtual-keyboard-wtype
[1;32mDEBUG [0m]: Updated keymap fd to 93, keymap V1 to: 95
[1;32mDEBUG [0m]: Set the keyboard layout to us and variant to  for keyboard "hl-virtual-keyboard-wtype"
[1;32mDEBUG [0m]: New virtual keyboard created at 55998829dee0
[1;32mDEBUG [0m]: Updating keyboard 55998829dee0's translation state from a provided keymap
[1;32mDEBUG [0m]: Updating keymap fd for keyboard hl-virtual-keyboard-wtype
[1;32mDEBUG [0m]: Updated keymap fd to 93, keymap V1 to: 95
[1;32mDEBUG [0m]: Keyboard at 55998829dee0 removed
[1;32mDEBUG [0m]: Destroyed keyboard 55998829dee0
[1;32mDEBUG [0m]: [CWLSeatProtocol] New seat resource bound at 559988728770
[1;32mDEBUG [0m]: [CVirtualKeyboardProtocol] New VKeyboard at id 5
[1;32mDEBUG [0m]: ApplyConfigToKeyboard for "hl-virtual-keyboard-wtype", hasconfig: 0
[1;32mDEBUG [0m]: Attempting to create a keymap for layout us with variant  (rules: , model: , options: )
[1;32mDEBUG [0m]: Updating keyboard 55998829dee0's translation state from a provided keymap
[1;32mDEBUG [0m]: xkb: LED index 0 (name Num Lock) got index 1
[1;32mDEBUG [0m]: xkb: LED index 1 (name Caps Lock) got index 0
[1;32mDEBUG [0m]: xkb: LED index 2 (name Scroll Lock) got index 2
[1;32mDEBUG [0m]: xkb: Mod index 0 (name Shift) got index 0
[1;32mDEBUG [0m]: xkb: Mod index 1 (name Lock) got index 1
[1;32mDEBUG [0m]: xkb: Mod index 2 (name Control) got index 2
[1;32mDEBUG [0m]: xkb: Mod index 3 (name Mod1) got index 3
[1;32mDEBUG [0m]: xkb: Mod index 4 (name Mod2) got index 4
[1;32mDEBUG [0m]: xkb: Mod index 5 (name Mod3) got index 5
[1;32mDEBUG [0m]: xkb: Mod index 6 (name Mod4) got index 6
[1;32mDEBUG [0m]: xkb: Mod index 7 (name Mod5) got index 7
[1;32mDEBUG [0m]: Updating keymap fd for keyboard hl-virtual-keyboard-wtype
[1;32mDEBUG [0m]: Updated keymap fd to 93, keymap V1 to: 95
[1;32mDEBUG [0m]: Set the keyboard layout to us and variant to  for keyboard "hl-virtual-keyboard-wtype"
[1;32mDEBUG [0m]: New virtual keyboard created at 55998829dee0
[1;32mDEBUG [0m]: Updating keyboard 55998829dee0's translation state from a provided keymap
[1;32mDEBUG [0m]: Updating keymap fd for keyboard hl-virtual-keyboard-wtype
[1;32mDEBUG [0m]: Updated keymap fd to 93, keymap V1 to: 95
[1;32mDEBUG [0m]: Keyboard at 55998829dee0 removed
[1;32mDEBUG [0m]: Destroyed keyboard 55998829dee0
[1;32mDEBUG [0m]: [CWLSeatProtocol] New seat resource bound at 559988237a60
[1;32mDEBUG [0m]: [CVirtualKeyboardProtocol] New VKeyboard at id 5
[1;32mDEBUG [0m]: ApplyConfigToKeyboard for "hl-virtual-keyboard-wtype", hasconfig: 0
[1;32mDEBUG [0m]: Attempting to create a keymap for layout us with variant  (rules: , model: , options: )
[1;32mDEBUG [0m]: Updating keyboard 55998829dee0's translation state from a provided keymap
[1;32mDEBUG [0m]: xkb: LED index 0 (name Num Lock) got index 1
[1;32mDEBUG [0m]: xkb: LED index 1 (name Caps Lock) got index 0
[1;32mDEBUG [0m]: xkb: LED index 2 (name Scroll Lock) got index 2
[1;32mDEBUG [0m]: xkb: Mod index 0 (name Shift) got index 0
[1;32mDEBUG [0m]: xkb: Mod index 1 (name Lock) got index 1
[1;32mDEBUG [0m]: xkb: Mod index 2 (name Control) got index 2
[1;32mDEBUG [0m]: xkb: Mod index 3 (name Mod1) got index 3
[1;32mDEBUG [0m]: xkb: Mod index 4 (name Mod2) got index 4
[1;32mDEBUG [0m]: xkb: Mod index 5 (name Mod3) got index 5
[1;32mDEBUG [0m]: xkb: Mod index 6 (name Mod4) got index 6
[1;32mDEBUG [0m]: xkb: Mod index 7 (name Mod5) got index 7
[1;32mDEBUG [0m]: Updating keymap fd for keyboard hl-virtual-keyboard-wtype
[1;32mDEBUG [0m]: Updated keymap fd to 93, keymap V1 to: 95
[1;32mDEBUG [0m]: Set the keyboard layout to us and variant to  for keyboard "hl-virtual-keyboard-wtype"
[1;32mDEBUG [0m]: New virtual keyboard created at 55998829dee0
[1;32mDEBUG [0m]: Updating keyboard 55998829dee0's translation state from a provided keymap
[1;32mDEBUG [0m]: Updating keymap fd for keyboard hl-virtual-keyboard-wtype
[1;32mDEBUG [0m]: Updated keymap fd to 93, keymap V1 to: 95
[1;32mDEBUG [0m]: Keyboard at 55998829dee0 removed
[1;32mDEBUG [0m]: Destroyed keyboard 55998829dee0
[1;32mDEBUG [0m]: Hyprctl: new connection from pid 1001
[1;32mDEBUG [0m]: Hyprctl: new connection from pid 1002
[1;32mDEBUG [0m]: Hyprctl: new connection from pid 1003
[1;32mDEBUG [0m]: Hyprctl: new connection from pid 1004
[1;32mDEBUG [0m]: Hyprctl: new connection from pid 1005
[1;32mDEBUG [0m]: Hyprctl: new connection from pid 1006
[1;32mDEBUG [0m]: Hyprctl: new connection from pid 1007
[1;32mDEBUG [0m]: Hyprctl: new connection from pid 1008
[1;32mDEBUG [0m]: [CScreencopyProtocol] Bound client successfully!
[1;32mDEBUG [0m]: [CXDGOutputProtocol] New xdg_output for HEADLESS-1: client 559988240d70 (not xwayland)
[1;32mDEBUG [0m]: [CXDGOutputProtocol] New xdg_output for WAYLAND-1: client 559988240d70 (not xwayland)
[1;32mDEBUG [0m]: [COutputImageCaptureSourceProtocol] New capture source for monitor: HEADLESS-1
[1;32mDEBUG [0m]: [CImageCopyCaptureProtocol] New image copy capture session for source (monitor): "HEADLESS-1"
[1;32mDEBUG [0m]: Framebuffer "Monitor HEADLESS-1 mirror FB" created, status 36053
[1;32mDEBUG [0m]: Framebuffer "" created, status 36053
[1;32mDEBUG [0m]: [Screenshare] Started screenshare session for (monitor): HEADLESS-1
[1;32mDEBUG [0m]: [Screenshare] Stopped screenshare session for (monitor): HEADLESS-1
[1;32mDEBUG [0m]: [CWLCompositorResource] New wl_region with id 80 at 559988316970
[1;32mDEBUG [0m]: LayerSurface 55998826b9f0 destroyed
[1;32mDEBUG [0m]: Forcing an unmap of a LS that did a straight destroy!
[1;32mDEBUG [0m]: LayerSurface 55998826b9f0 unmapped
[1;32mDEBUG [0m]: renderer: making a snapshot of layer 55998723bc60
[1;32mDEBUG [0m]: Framebuffer "layer snapshot" created, status 36053
[1;32mDEBUG [0m]: renderer: cleared a snapshot of layer 55998723bc60
[1;32mDEBUG [0m]: renderer: rendered a snapshot of layer 55998723bc60
[1;32mDEBUG [0m]: renderer: made a snapshot of layer 55998723bc60
[1;32mDEBUG [0m]: CWLSurface 5599883657b0 called destroy()
[1;32mDEBUG [0m]: Cleanup: removed 1 fadeouts
[1;32mDEBUG [0m]: Hyprctl: new connection from pid 1016
[1;32mDEBUG [0m]: Hyprctl: keyword debug:disable_scale_checks : false
[1;32mDEBUG [0m]: Hyprctl: new connection from pid 1017
[1;32mDEBUG [0m]: Hyprctl: keyword monitor : HEADLESS-1,1920x1080@60,2000x0,1
[1;32mDEBUG [0m]: ApplyConfigToKeyboard for "wl_keyboard", hasconfig: 0
[1;32mDEBUG [0m]: Not applying config to keyboard, it did not change.
[1;33mWARN [0m]: No rule found for WAYLAND-1, trying to use the first.
[1;32mDEBUG [0m]: Applying monitor rule for HEADLESS-1
[1;32mDEBUG [0mfrom aquamarine ]: GBM: Allocated a new buffer with size [Vector2D: x: 1920, y: 1080] and format XR24 with modifier 0x0 : LINEAR
[1;32mDEBUG [0mfrom aquamarine ]: GBM: Allocated a new buffer with size [Vector2D: x: 1920, y: 1080] and format XR24 with modifier 0x0 : LINEAR
[1;32mDEBUG [0mfrom aquamarine ]: GBM: Allocated a new buffer with size [Vector2D: x: 1920, y: 1080] and format XR24 with modifier 0x0 : LINEAR
[1;32mDEBUG [0mfrom aquamarine ]: Swapchain: Reconfigured a swapchain to [Vector2D: x: 1920, y: 1080] XR24 of length 3
[1;32mDEBUG [0m]: Monitor HEADLESS-1: requested 1920x1080@60.00Hz, using preferred mode 1920x1080@60.00Hz
[1;32mDEBUG [0m]: output HEADLESS-1 succeeded basic test on format DRM_FORMAT_XRGB8888
[1;32mDEBUG [0m]: Monitor HEADLESS-1 -> destroyed all render data
[1;32mDEBUG [0m]: CMonitor::updateVCGTRamps: skipping, no gamma ramp for output
[1;32mDEBUG [0m]: Monitor HEADLESS-1 data dump: res 1920x1080@60.00Hz, scale 1.00, transform 0, pos 2000x0, 10b 0
[1;33mWARN [0m]: FIXME: color management protocol is enabled and outputs changed, check preferred image description changes
[1;32mDEBUG [0m]: arrangeMonitors: 2 to arrange
[1;32mDEBUG [0m]: arrangeMonitors: HEADLESS-1 explicit [2000, 0]
[1;32mDEBUG [0m]: arrangeMonitors: WAYLAND-1 auto [3920, 0]
[1;32mDEBUG [0m]: arrangeMonitors: WAYLAND-1 xwayland [0, 0]
[1;32mDEBUG [0m]: arrangeMonitors: HEADLESS-1 xwayland [1920, 0]
[1;32mDEBUG [0m]: [CXDGOutputProtocol] updating all xdg_output heads
[1;32mDEBUG [0m]: [CXDGOutputProtocol] updating all xdg_output heads
[1;32mDEBUG [0m]: [CXDGOutputProtocol] updating all xdg_output heads
[1;32mDEBUG [0m]: Framebuffer "Monitor HEADLESS-1 blur FB" created, status 36053
[1;32mDEBUG [0m]: Framebuffer "Monitor HEADLESS-1 workbuffer" created, status 36053
[1;32mDEBUG [0m]: [CWLCompositorResource] New wl_region with id 97 at 5599888eb650
[1;32mDEBUG [0m]: [CLinuxDMABUFParamsResource] Creating a dmabuf, with id 79: size [Vector2D: x: 3840, y: 64], fmt AR24, planes 1
[1;32mDEBUG [0m]: [CLinuxDMABUFParamsResource]  | plane 0: mod 72057594037927952 fd 51 stride 15360 offset 0
[1;32mDEBUG [0m]: [CWLCompositorResource] New wl_region with id 82 at 559987289ae0
[1;32mDEBUG [0m]: [CLinuxDMABUFParamsResource] Creating a dmabuf, with id 104: size [Vector2D: x: 1366, y: 768], fmt AR24, planes 1
[1;32mDEBUG [0m]: [CLinuxDMABUFParamsResource]  | plane 0: mod 72057594037927952 fd 84 stride 5504 offset 0
[1;32mDEBUG [0m]: Hyprctl: new connection from pid 1018
[1;32mDEBUG [0m]: Hyprctl: new connection from pid 1019
[1;32mDEBUG [0m]: New aquamarine output with name HEADLESS-2
[1;32mDEBUG [0m]: [CMonitorStateTracker] New monitor: HEADLESS-2
[1;33mWARN [0m]: No rule found for HEADLESS-2, trying to use the first.
[1;32mDEBUG [0m]: Applying monitor rule for HEADLESS-2
[1;32mDEBUG [0mfrom aquamarine ]: GBM: Allocated a new buffer with size [Vector2D: x: 1920, y: 1080] and format XR24 with modifier 0x0 : LINEAR
[1;32mDEBUG [0mfrom aquamarine ]: GBM: Allocated a new buffer with size [Vector2D: x: 1920, y: 1080] and format XR24 with modifier 0x0 : LINEAR
[1;32mDEBUG [0mfrom aquamarine ]: GBM: Allocated a new buffer with size [Vector2D: x: 1920, y: 1080] and format XR24 with modifier 0x0 : LINEAR
[1;32mDEBUG [0mfrom aquamarine ]: Swapchain: Reconfigured a swapchain to [Vector2D: x: 1920, y: 1080] XR24 of length 3
[1;32mDEBUG [0m]: CMonitorState::ensureBufferPresent: no buffer or mismatched format, attaching one from the swapchain for modeset being possible
[1;32mDEBUG [0m]: Monitor HEADLESS-2: requested 1920x1080@60.00Hz, using preferred mode 1920x1080@60.00Hz
[1;32mDEBUG [0m]: output HEADLESS-2 succeeded basic test on format DRM_FORMAT_XRGB8888
[1;32mDEBUG [0m]: Monitor HEADLESS-2 -> destroyed all render data
[1;32mDEBUG [0m]: CMonitor::updateVCGTRamps: skipping, no gamma ramp for output
[1;32mDEBUG [0m]: Monitor HEADLESS-2 data dump: res 1920x1080@60.00Hz, scale 1.00, transform 0, pos -1x-1, 10b 0
[1;32mDEBUG [0m]: Added new monitor with name HEADLESS-2 at [-1, -1] with size [1920, 1080], pointer 559988905c70
[1;32mDEBUG [0m]: New monitor: WORKSPACEID 2, exists: 0
[1;32mDEBUG [0m]: checking if we have seen this monitor before: HEADLESS-2
[1;32mDEBUG [0m]: Monitor HEADLESS-2 was not on any workspace
[1;32mDEBUG [0m]: [IWaylandProtocol] Registered global [WLOutput (HEADLESS-2)]
[1;32mDEBUG [0m]: arrangeMonitors: 3 to arrange
[1;32mDEBUG [0m]: arrangeMonitors: HEADLESS-1 explicit [2000, 0]
[1;32mDEBUG [0m]: arrangeMonitors: WAYLAND-1 auto [3920, 0]
[1;32mDEBUG [0m]: arrangeMonitors: HEADLESS-2 auto [5840, 0]
[1;32mDEBUG [0m]: arrangeMonitors: WAYLAND-1 xwayland [0, 0]
[1;32mDEBUG [0m]: arrangeMonitors: HEADLESS-1 xwayland [1920, 0]
[1;32mDEBUG [0m]: arrangeMonitors: HEADLESS-2 xwayland [3840, 0]
[1;32mDEBUG [0m]: [CXDGOutputProtocol] updating all xdg_output heads
[1;32mDEBUG [0m]: [CXDGOutputProtocol] updating all xdg_output heads
[1;33mWARN [0m]: No rule found for WAYLAND-1, trying to use the first.
[1;33mWARN [0m]: No rule found for HEADLESS-2, trying to use the first.
[1;32mDEBUG [0m]: Framebuffer "Monitor HEADLESS-2 blur FB" created, status 36053
[1;32mDEBUG [0m]: Framebuffer "Monitor HEADLESS-2 workbuffer" created, status 36053
[1;33mWARN [0m]: FIXME: color management protocol is enabled and outputs changed, check preferred image description changes
[1;32mDEBUG [0m]: [CXDGOutputProtocol] New xdg_output for HEADLESS-2: client 559987251ce0 (not xwayland)
[1;32mDEBUG [0m]: [CLinuxDMABUFParamsResource] Creating a dmabuf, with id 40: size [Vector2D: x: 1920, y: 32], fmt AR24, planes 1
[1;32mDEBUG [0m]: [CLinuxDMABUFParamsResource]  | plane 0: mod 72057594037927952 fd 54 stride 7680 offset 0
[1;32mDEBUG [0m]: [CLinuxDMABUFParamsResource] Creating a dmabuf, with id 103: size [Vector2D: x: 1920, y: 1080], fmt AR24, planes 1
[1;32mDEBUG [0m]: [CLinuxDMABUFParamsResource]  | plane 0: mod 72057594037927952 fd 56 stride 7680 offset 0
[1;32mDEBUG [0m]: [CXDGOutputProtocol] New xdg_output for HEADLESS-2: client 5599880eeac0 (not xwayland)
[1;32mDEBUG [0m]: Hyprctl: new connection from pid 34
[1;32mDEBUG [0m]: Hyprctl: new connection from pid 34
[1;32mDEBUG [0m]: Hyprctl: new connection from pid 1020
[1;32mDEBUG [0m]: Hyprctl: new connection from pid 1021
[1;32mDEBUG [0m]: Hyprctl: keyword monitor : HEADLESS-2,1920x1080@60,4000x0,1.5
[1;32mDEBUG [0m]: ApplyConfigToKeyboard for "wl_keyboard", hasconfig: 0
[1;32mDEBUG [0m]: Not applying config to keyboard, it did not change.
[1;32mDEBUG [0m]: [CWLCompositorResource] New wl_surface with id 98 at 5599889b9c50
[1;32mDEBUG [0m]: [CWLCompositorResource] New wl_surface with id 105 at 5599889b9c50
[1;32mDEBUG [0m]: CWLSurface 55998825f730 called init()
[1;32mDEBUG [0m]: LayerSurface 55998826b9f0 (namespace putkin-bar layer 2) created on monitor HEADLESS-2
[1;32mDEBUG [0m]: [CLayerShellProtocol] New wlr_layer_surface 55998826b9f0
[1;32mDEBUG [0m]: [CWLCompositorResource] New wl_surface with id 95 at 559988294d70
[1;32mDEBUG [0m]: [CWLCompositorResource] New wl_surface with id 106 at 559988294d70
[1;32mDEBUG [0m]: CWLSurface 559988593230 called init()
[1;32mDEBUG [0m]: LayerSurface 55998826b1b0 (namespace putkin-wallpaper layer 0) created on monitor HEADLESS-2
[1;32mDEBUG [0m]: [CLayerShellProtocol] New wlr_layer_surface 55998826b1b0
[1;33mWARN [0m]: No rule found for WAYLAND-1, trying to use the first.
[1;32mDEBUG [0m]: Applying monitor rule for HEADLESS-2
[1;32mDEBUG [0m]: Monitor HEADLESS-2: requested 1920x1080@60.00Hz, using preferred mode 1920x1080@60.00Hz
[1;32mDEBUG [0m]: output HEADLESS-2 succeeded basic test on format DRM_FORMAT_XRGB8888
[1;32mDEBUG [0m]: CMonitor::updateVCGTRamps: skipping, no gamma ramp for output
[1;32mDEBUG [0m]: Monitor HEADLESS-2 data dump: res 1920x1080@60.00Hz, scale 1.50, transform 0, pos 5840x0, 10b 0
[1;33mWARN [0m]: FIXME: color management protocol is enabled and outputs changed, check preferred image description changes
[1;32mDEBUG [0m]: arrangeMonitors: 3 to arrange
[1;32mDEBUG [0m]: arrangeMonitors: HEADLESS-1 explicit [2000, 0]
[1;32mDEBUG [0m]: arrangeMonitors: HEADLESS-2 explicit [4000, 0]
[1;32mDEBUG [0m]: arrangeMonitors: WAYLAND-1 auto [5280, 0]
[1;32mDEBUG [0m]: arrangeMonitors: WAYLAND-1 xwayland [0, 0]
[1;32mDEBUG [0m]: arrangeMonitors: HEADLESS-1 xwayland [1920, 0]
[1;32mDEBUG [0m]: arrangeMonitors: HEADLESS-2 xwayland [3840, 0]
[1;32mDEBUG [0m]: [CXDGOutputProtocol] updating all xdg_output heads
[1;32mDEBUG [0m]: [CXDGOutputProtocol] updating all xdg_output heads
[1;32mDEBUG [0m]: [CXDGOutputProtocol] updating all xdg_output heads
[1;32mDEBUG [0m]: [CWLCompositorResource] New wl_region with id 107 at 559987d33b20
[1;32mDEBUG [0m]: [CLinuxDMABUFParamsResource] Creating a dmabuf, with id 98: size [Vector2D: x: 1920, y: 32], fmt AR24, planes 1
[1;32mDEBUG [0m]: [CLinuxDMABUFParamsResource]  | plane 0: mod 72057594037927952 fd 52 stride 7680 offset 0
[1;32mDEBUG [0m]: LayerSurface 55998826b9f0 mapped
[1;32mDEBUG [0m]: [CWLCompositorResource] New wl_region with id 113 at 5599889bad00
[1;32mDEBUG [0m]: [CWLCompositorResource] New wl_region with id 74 at 55998823f200
[1;32mDEBUG [0m]: [CLinuxDMABUFParamsResource] Creating a dmabuf, with id 114: size [Vector2D: x: 1920, y: 1080], fmt AR24, planes 1
[1;32mDEBUG [0m]: [CLinuxDMABUFParamsResource]  | plane 0: mod 72057594037927952 fd 75 stride 7680 offset 0
[1;32mDEBUG [0m]: LayerSurface 55998826b1b0 mapped
[1;32mDEBUG [0m]: [CLinuxDMABUFParamsResource] Creating a dmabuf, with id 74: size [Vector2D: x: 1920, y: 32], fmt AR24, planes 1
[1;32mDEBUG [0m]: [CLinuxDMABUFParamsResource]  | plane 0: mod 72057594037927952 fd 94 stride 7680 offset 0
[1;32mDEBUG [0m]: [CLinuxDMABUFParamsResource] Creating a dmabuf, with id 117: size [Vector2D: x: 2880, y: 1620], fmt AR24, planes 1
[1;32mDEBUG [0m]: [CLinuxDMABUFParamsResource]  | plane 0: mod 72057594037927952 fd 98 stride 11520 offset 0
[1;32mDEBUG [0m]: [CLinuxDMABUFParamsResource] Creating a dmabuf, with id 107: size [Vector2D: x: 2880, y: 48], fmt AR24, planes 1
[1;32mDEBUG [0m]: [CLinuxDMABUFParamsResource]  | plane 0: mod 72057594037927952 fd 95 stride 11520 offset 0
[1;32mDEBUG [0m]: [CWLCompositorResource] New wl_region with id 119 at 5599888eb920
[1;32mDEBUG [0m]: [CLinuxDMABUFParamsResource] Creating a dmabuf, with id 119: size [Vector2D: x: 1920, y: 48], fmt AR24, planes 1
[1;32mDEBUG [0m]: [CLinuxDMABUFParamsResource]  | plane 0: mod 72057594037927952 fd 76 stride 7680 offset 0
[1;32mDEBUG [0m]: [CWLCompositorResource] New wl_region with id 74 at 559987d33b20
[1;32mDEBUG [0m]: [CLinuxDMABUFParamsResource] Creating a dmabuf, with id 118: size [Vector2D: x: 1920, y: 1080], fmt AR24, planes 1
[1;32mDEBUG [0m]: [CLinuxDMABUFParamsResource]  | plane 0: mod 72057594037927952 fd 75 stride 7680 offset 0
[1;32mDEBUG [0m]: [CLinuxDMABUFParamsResource] Creating a dmabuf, with id 107: size [Vector2D: x: 1920, y: 48], fmt AR24, planes 1
[1;32mDEBUG [0m]: [CLinuxDMABUFParamsResource]  | plane 0: mod 72057594037927952 fd 52 stride 7680 offset 0
[1;32mDEBUG [0m]: [CLinuxDMABUFParamsResource] Creating a dmabuf, with id 74: size [Vector2D: x: 1920, y: 1080], fmt AR24, planes 1
[1;32mDEBUG [0m]: [CLinuxDMABUFParamsResource]  | plane 0: mod 72057594037927952 fd 96 stride 7680 offset 0
[1;32mDEBUG [0m]: Hyprctl: new connection from pid 1032
[1;32mDEBUG [0m]: Hyprctl: dispatcher focusmonitor : HEADLESS-2
[1;32mDEBUG [0m]: [CWLCompositorResource] New wl_surface with id 113 at 559988917230
[1;32mDEBUG [0m]: CWLSurface 559987300310 called init()
[1;32mDEBUG [0m]: LayerSurface 5599882613b0 (namespace putkin-panel layer 3) created on monitor HEADLESS-2
[1;32mDEBUG [0m]: [CLayerShellProtocol] New wlr_layer_surface 5599882613b0
[1;32mDEBUG [0m]: [CPrimarySelectionProtocol] CPrimarySelectionProtocol::updateSelection: cannot send selection to a client without a data_device
[1;32mDEBUG [0m]: [CWLCompositorResource] New wl_region with id 121 at 559987d46680
[1;32mDEBUG [0m]: [CLinuxDMABUFParamsResource] Creating a dmabuf, with id 124: size [Vector2D: x: 552, y: 204], fmt AR24, planes 1
[1;32mDEBUG [0m]: [CLinuxDMABUFParamsResource]  | plane 0: mod 72057594037927952 fd 57 stride 2304 offset 0
[1;32mDEBUG [0m]: cursorImage request: shape 1 -> default
[1;32mDEBUG [0m]: XCursor scanning theme default
[1;32mDEBUG [0m]: XCursor parsing index.theme /usr/share/icons/default/index.theme
[1;32mDEBUG [0m]: XCursor theme default inherits Adwaita
[1;32mDEBUG [0m]: XCursor scanning theme Adwaita
[1;32mDEBUG [0m]: XCursor using theme path /usr/share/icons/Adwaita/cursors
[1;32mDEBUG [0m]: XCursor parsing index.theme /usr/share/icons/Adwaita/index.theme
[1;32mDEBUG [0m]: XCursor theme Adwaita inherits AdwaitaLegacy
[1;32mDEBUG [0m]: XCursor theme Adwaita inherits hicolor
[1;32mDEBUG [0m]: XCursor scanning theme Adwaita
[1;32mDEBUG [0m]: XCursor using theme path /usr/share/icons/Adwaita/cursors
[1;32mDEBUG [0m]: XCursor parsing index.theme /usr/share/icons/Adwaita/index.theme
[1;32mDEBUG [0m]: XCursor theme Adwaita inherits AdwaitaLegacy
[1;32mDEBUG [0m]: XCursor theme Adwaita inherits hicolor
[1;32mDEBUG [0m]: XCursor scanning theme AdwaitaLegacy
[1;32mDEBUG [0m]: XCursor parsing index.theme /usr/share/icons/AdwaitaLegacy/index.theme
[1;32mDEBUG [0m]: XCursor theme AdwaitaLegacy inherits hicolor
[1;32mDEBUG [0m]: XCursor scanning theme hicolor
[1;32mDEBUG [0m]: XCursor parsing index.theme /usr/share/icons/hicolor/index.theme
[1;32mDEBUG [0m]: XCursor already has a shape default loaded, skipping
[1;32mDEBUG [0m]: XCursor already has a shape context-menu loaded, skipping
[1;32mDEBUG [0m]: XCursor already has a shape help loaded, skipping
[1;32mDEBUG [0m]: XCursor already has a shape pointer loaded, skipping
[1;32mDEBUG [0m]: XCursor already has a shape progress loaded, skipping
[1;32mDEBUG [0m]: XCursor already has a shape wait loaded, skipping
[1;32mDEBUG [0m]: XCursor failed to find a legacy shape with name plus, skipping
[1;32mDEBUG [0m]: XCursor already has a shape crosshair loaded, skipping
[1;32mDEBUG [0m]: XCursor already has a shape text loaded, skipping
[1;32mDEBUG [0m]: XCursor already has a shape vertical-text loaded, skipping
[1;32mDEBUG [0m]: XCursor failed to find a legacy shape with name dnd-link, skipping
[1;32mDEBUG [0m]: XCursor failed to find a legacy shape with name dnd-copy, skipping
[1;32mDEBUG [0m]: XCursor already has a shape move loaded, skipping
[1;32mDEBUG [0m]: XCursor failed to find a legacy shape with name dnd-none, skipping
[1;32mDEBUG [0m]: XCursor failed to find a legacy shape with name crossed_circle, skipping
[1;32mDEBUG [0m]: XCursor already has a shape grab loaded, skipping
[1;32mDEBUG [0m]: XCursor already has a shape grabbing loaded, skipping
[1;32mDEBUG [0m]: XCursor already has a shape e-resize loaded, skipping
[1;32mDEBUG [0m]: XCursor already has a shape n-resize loaded, skipping
[1;32mDEBUG [0m]: XCursor already has a shape ne-resize loaded, skipping
[1;32mDEBUG [0m]: XCursor already has a shape nw-resize loaded, skipping
[1;32mDEBUG [0m]: XCursor already has a shape s-resize loaded, skipping
[1;32mDEBUG [0m]: XCursor already has a shape se-resize loaded, skipping
[1;32mDEBUG [0m]: XCursor already has a shape sw-resize loaded, skipping
[1;32mDEBUG [0m]: XCursor already has a shape w-resize loaded, skipping
[1;32mDEBUG [0m]: XCursor already has a shape ew-resize loaded, skipping
[1;32mDEBUG [0m]: XCursor already has a shape ns-resize loaded, skipping
[1;32mDEBUG [0m]: XCursor already has a shape nesw-resize loaded, skipping
[1;32mDEBUG [0m]: XCursor already has a shape nwse-resize loaded, skipping
[1;32mDEBUG [0m]: XCursor already has a shape col-resize loaded, skipping
[1;32mDEBUG [0m]: XCursor already has a shape row-resize loaded, skipping
[1;32mDEBUG [0m]: XCursor already has a shape all-scroll loaded, skipping
[1;32mDEBUG [0m]: XCursor already has a shape zoom-in loaded, skipping
[1;32mDEBUG [0m]: XCursor already has a shape zoom-out loaded, skipping
[1;32mDEBUG [0m]: XCursor failed to find a legacy shape with name dnd-copy, skipping
[1;32mDEBUG [0m]: XCursor already has a shape all-resize loaded, skipping
[1;33mWARN [0m]: GSettings default schema source does not exist, can't sync GSettings
[1;33mWARN [0m]: GSettings parameter doesn't exist cursor-theme in org.gnome.desktop.interface
[1;33mWARN [0m]: GSettings default schema source does not exist, can't sync GSettings
[1;33mWARN [0m]: GSettings parameter doesn't exist cursor-size in org.gnome.desktop.interface
[1;32mDEBUG [0m]: LayerSurface 5599882613b0 mapped
[1;32mDEBUG [0m]: Hyprctl: new connection from pid 1043
[1;32mDEBUG [0m]: [CLinuxDMABUFParamsResource] Creating a dmabuf, with id 122: size [Vector2D: x: 552, y: 204], fmt AR24, planes 1
[1;32mDEBUG [0m]: [CLinuxDMABUFParamsResource]  | plane 0: mod 72057594037927952 fd 95 stride 2304 offset 0
[1;32mDEBUG [0m]: Hyprctl: new connection from pid 1044
[1;32mDEBUG [0m]: Hyprctl: new connection from pid 1045
[1;32mDEBUG [0m]: [CLinuxDMABUFParamsResource] Creating a dmabuf, with id 126: size [Vector2D: x: 552, y: 636], fmt AR24, planes 1
[1;32mDEBUG [0m]: [CLinuxDMABUFParamsResource]  | plane 0: mod 72057594037927952 fd 103 stride 2304 offset 0
[1;32mDEBUG [0m]: Hyprctl: new connection from pid 1046
[1;32mDEBUG [0m]: Hyprctl: new connection from pid 1047
[1;32mDEBUG [0m]: [CLinuxDMABUFParamsResource] Creating a dmabuf, with id 123: size [Vector2D: x: 552, y: 636], fmt AR24, planes 1
[1;32mDEBUG [0m]: [CLinuxDMABUFParamsResource]  | plane 0: mod 72057594037927952 fd 82 stride 2304 offset 0
[1;32mDEBUG [0m]: Hyprctl: new connection from pid 1048
[1;32mDEBUG [0m]: Hyprctl: new connection from pid 1049
[1;32mDEBUG [0m]: Hyprctl: new connection from pid 1050
[1;32mDEBUG [0m]: Hyprctl: new connection from pid 1051
[1;32mDEBUG [0m]: Hyprctl: new connection from pid 1052
[1;32mDEBUG [0m]: [CScreencopyProtocol] Bound client successfully!
[1;32mDEBUG [0m]: [CXDGOutputProtocol] New xdg_output for HEADLESS-2: client 5599880dbd60 (not xwayland)
[1;32mDEBUG [0m]: [CXDGOutputProtocol] New xdg_output for HEADLESS-1: client 5599880dbd60 (not xwayland)
[1;32mDEBUG [0m]: [CXDGOutputProtocol] New xdg_output for WAYLAND-1: client 5599880dbd60 (not xwayland)
[1;32mDEBUG [0m]: [COutputImageCaptureSourceProtocol] New capture source for monitor: HEADLESS-1
[1;32mDEBUG [0m]: [CImageCopyCaptureProtocol] New image copy capture session for source (monitor): "HEADLESS-1"
[1;32mDEBUG [0m]: Framebuffer "Monitor HEADLESS-1 mirror FB" created, status 36053
[1;32mDEBUG [0m]: Framebuffer "" created, status 36053
[1;32mDEBUG [0m]: [Screenshare] Started screenshare session for (monitor): HEADLESS-1
[1;32mDEBUG [0m]: [Screenshare] Stopped screenshare session for (monitor): HEADLESS-1
[1;32mDEBUG [0m]: Hyprctl: new connection from pid 1054
[1;32mDEBUG [0m]: Hyprctl: new connection from pid 1055
[1;32mDEBUG [0m]: [CScreencopyProtocol] Bound client successfully!
[1;32mDEBUG [0m]: [CXDGOutputProtocol] New xdg_output for HEADLESS-2: client 5599880dbd60 (not xwayland)
[1;32mDEBUG [0m]: [CXDGOutputProtocol] New xdg_output for HEADLESS-1: client 5599880dbd60 (not xwayland)
[1;32mDEBUG [0m]: [CXDGOutputProtocol] New xdg_output for WAYLAND-1: client 5599880dbd60 (not xwayland)
[1;32mDEBUG [0m]: [COutputImageCaptureSourceProtocol] New capture source for monitor: HEADLESS-2
[1;32mDEBUG [0m]: [CImageCopyCaptureProtocol] New image copy capture session for source (monitor): "HEADLESS-2"
[1;32mDEBUG [0m]: Framebuffer "Monitor HEADLESS-2 mirror FB" created, status 36053
[1;32mDEBUG [0m]: Framebuffer "" created, status 36053
[1;32mDEBUG [0m]: [Screenshare] Started screenshare session for (monitor): HEADLESS-2
[1;32mDEBUG [0m]: [Screenshare] Stopped screenshare session for (monitor): HEADLESS-2
[1;32mDEBUG [0m]: [CWLCompositorResource] New wl_region with id 122 at 559988348280
[1;32mDEBUG [0m]: LayerSurface 5599882613b0 destroyed
[1;32mDEBUG [0m]: Forcing an unmap of a LS that did a straight destroy!
[1;32mDEBUG [0m]: LayerSurface 5599882613b0 unmapped
[1;32mDEBUG [0m]: renderer: making a snapshot of layer 5599885493c0
[1;32mDEBUG [0m]: Framebuffer "layer snapshot" created, status 36053
[1;32mDEBUG [0m]: renderer: cleared a snapshot of layer 5599885493c0
[1;32mDEBUG [0m]: renderer: rendered a snapshot of layer 5599885493c0
[1;32mDEBUG [0m]: renderer: made a snapshot of layer 5599885493c0
[1;32mDEBUG [0m]: CWLSurface 559987300310 called destroy()
[1;32mDEBUG [0m]: Cleanup: removed 1 fadeouts
[1;32mDEBUG [0m]: [CWLCompositorResource] New wl_surface with id 115 at 559988917230
[1;32mDEBUG [0m]: [CWLCompositorResource] New wl_surface with id 123 at 559988917230
[1;32mDEBUG [0m]: CWLSurface 559987300310 called init()
[1;32mDEBUG [0m]: LayerSurface 5599882613b0 (namespace putkin-osd layer 3) created on monitor HEADLESS-2
[1;32mDEBUG [0m]: [CLayerShellProtocol] New wlr_layer_surface 5599882613b0
[1;32mDEBUG [0m]: [CWLCompositorResource] New wl_region with id 115 at 559987d87260
[1;32mDEBUG [0m]: [CLinuxDMABUFParamsResource] Creating a dmabuf, with id 122: size [Vector2D: x: 480, y: 114], fmt AR24, planes 1
[1;32mDEBUG [0m]: [CLinuxDMABUFParamsResource]  | plane 0: mod 72057594037927952 fd 57 stride 1920 offset 0
[1;32mDEBUG [0m]: LayerSurface 5599882613b0 mapped
[1;32mDEBUG [0m]: [CLinuxDMABUFParamsResource] Creating a dmabuf, with id 120: size [Vector2D: x: 480, y: 114], fmt AR24, planes 1
[1;32mDEBUG [0m]: [CLinuxDMABUFParamsResource]  | plane 0: mod 72057594037927952 fd 82 stride 1920 offset 0
[1;32mDEBUG [0m]: [CLinuxDMABUFParamsResource] Creating a dmabuf, with id 121: size [Vector2D: x: 480, y: 114], fmt AR24, planes 1
[1;32mDEBUG [0m]: [CLinuxDMABUFParamsResource]  | plane 0: mod 72057594037927952 fd 103 stride 1920 offset 0
[1;32mDEBUG [0m]: Hyprctl: new connection from pid 1071
[1;32mDEBUG [0m]: Hyprctl: new connection from pid 1072
[1;32mDEBUG [0m]: [CScreencopyProtocol] Bound client successfully!
[1;32mDEBUG [0m]: [CXDGOutputProtocol] New xdg_output for HEADLESS-2: client 5599880dbd60 (not xwayland)
[1;32mDEBUG [0m]: [CXDGOutputProtocol] New xdg_output for HEADLESS-1: client 5599880dbd60 (not xwayland)
[1;32mDEBUG [0m]: [CXDGOutputProtocol] New xdg_output for WAYLAND-1: client 5599880dbd60 (not xwayland)
[1;32mDEBUG [0m]: [COutputImageCaptureSourceProtocol] New capture source for monitor: HEADLESS-2
[1;32mDEBUG [0m]: [CImageCopyCaptureProtocol] New image copy capture session for source (monitor): "HEADLESS-2"
[1;32mDEBUG [0m]: Framebuffer "Monitor HEADLESS-2 mirror FB" created, status 36053
[1;32mDEBUG [0m]: Framebuffer "" created, status 36053
[1;32mDEBUG [0m]: [Screenshare] Started screenshare session for (monitor): HEADLESS-2
[1;32mDEBUG [0m]: [Screenshare] Stopped screenshare session for (monitor): HEADLESS-2
[1;32mDEBUG [0m]: [CWLCompositorResource] New wl_surface with id 127 at 559988844920
[1;32mDEBUG [0m]: CWLSurface 5599881b57b0 called init()
[1;32mDEBUG [0m]: LayerSurface 559988741650 (namespace putkin-panel layer 3) created on monitor HEADLESS-2
[1;32mDEBUG [0m]: [CLayerShellProtocol] New wlr_layer_surface 559988741650
[1;32mDEBUG [0m]: [CPrimarySelectionProtocol] CPrimarySelectionProtocol::updateSelection: cannot send selection to a client without a data_device
[1;32mDEBUG [0m]: [CWLCompositorResource] New wl_region with id 124 at 559988253870
[1;32mDEBUG [0m]: [CLinuxDMABUFParamsResource] Creating a dmabuf, with id 134: size [Vector2D: x: 552, y: 204], fmt AR24, planes 1
[1;32mDEBUG [0m]: [CLinuxDMABUFParamsResource]  | plane 0: mod 72057594037927952 fd 95 stride 2304 offset 0
[1;32mDEBUG [0m]: cursorImage request: shape 1 -> default
[1;32mDEBUG [0m]: LayerSurface 559988741650 mapped
[1;32mDEBUG [0m]: [CLinuxDMABUFParamsResource] Creating a dmabuf, with id 136: size [Vector2D: x: 552, y: 636], fmt AR24, planes 1
[1;32mDEBUG [0m]: [CLinuxDMABUFParamsResource]  | plane 0: mod 72057594037927952 fd 104 stride 2304 offset 0
[1;32mDEBUG [0m]: LayerSurface 5599882613b0 destroyed
[1;32mDEBUG [0m]: Forcing an unmap of a LS that did a straight destroy!
[1;32mDEBUG [0m]: LayerSurface 5599882613b0 unmapped
[1;32mDEBUG [0m]: renderer: making a snapshot of layer 5599882b5f90
[1;32mDEBUG [0m]: Framebuffer "layer snapshot" created, status 36053
[1;32mDEBUG [0m]: renderer: cleared a snapshot of layer 5599882b5f90
[1;32mDEBUG [0m]: renderer: rendered a snapshot of layer 5599882b5f90
[1;32mDEBUG [0m]: renderer: made a snapshot of layer 5599882b5f90
[1;32mDEBUG [0m]: CWLSurface 559987300310 called destroy()
[1;32mDEBUG [0m]: Cleanup: removed 1 fadeouts
[1;32mDEBUG [0m]: [CLinuxDMABUFParamsResource] Creating a dmabuf, with id 123: size [Vector2D: x: 552, y: 636], fmt AR24, planes 1
[1;32mDEBUG [0m]: [CLinuxDMABUFParamsResource]  | plane 0: mod 72057594037927952 fd 82 stride 2304 offset 0
[1;32mDEBUG [0m]: [CWLSeatProtocol] New seat resource bound at 559988906bd0
[1;32mDEBUG [0m]: [CVirtualKeyboardProtocol] New VKeyboard at id 5
[1;32mDEBUG [0m]: ApplyConfigToKeyboard for "hl-virtual-keyboard-wtype", hasconfig: 0
[1;32mDEBUG [0m]: Attempting to create a keymap for layout us with variant  (rules: , model: , options: )
[1;32mDEBUG [0m]: Updating keyboard 55998829dee0's translation state from a provided keymap
[1;32mDEBUG [0m]: xkb: LED index 0 (name Num Lock) got index 1
[1;32mDEBUG [0m]: xkb: LED index 1 (name Caps Lock) got index 0
[1;32mDEBUG [0m]: xkb: LED index 2 (name Scroll Lock) got index 2
[1;32mDEBUG [0m]: xkb: Mod index 0 (name Shift) got index 0
[1;32mDEBUG [0m]: xkb: Mod index 1 (name Lock) got index 1
[1;32mDEBUG [0m]: xkb: Mod index 2 (name Control) got index 2
[1;32mDEBUG [0m]: xkb: Mod index 3 (name Mod1) got index 3
[1;32mDEBUG [0m]: xkb: Mod index 4 (name Mod2) got index 4
[1;32mDEBUG [0m]: xkb: Mod index 5 (name Mod3) got index 5
[1;32mDEBUG [0m]: xkb: Mod index 6 (name Mod4) got index 6
[1;32mDEBUG [0m]: xkb: Mod index 7 (name Mod5) got index 7
[1;32mDEBUG [0m]: Updating keymap fd for keyboard hl-virtual-keyboard-wtype
[1;32mDEBUG [0m]: Updated keymap fd to 107, keymap V1 to: 110
[1;32mDEBUG [0m]: Set the keyboard layout to us and variant to  for keyboard "hl-virtual-keyboard-wtype"
[1;32mDEBUG [0m]: New virtual keyboard created at 55998829dee0
[1;32mDEBUG [0m]: Updating keyboard 55998829dee0's translation state from a provided keymap
[1;32mDEBUG [0m]: Updating keymap fd for keyboard hl-virtual-keyboard-wtype
[1;32mDEBUG [0m]: Updated keymap fd to 107, keymap V1 to: 110
[1;32mDEBUG [0m]: Keyboard at 55998829dee0 removed
[1;32mDEBUG [0m]: Destroyed keyboard 55998829dee0
[1;32mDEBUG [0m]: [CWLSeatProtocol] New seat resource bound at 55998829cdf0
[1;32mDEBUG [0m]: [CVirtualKeyboardProtocol] New VKeyboard at id 5
[1;32mDEBUG [0m]: ApplyConfigToKeyboard for "hl-virtual-keyboard-wtype", hasconfig: 0
[1;32mDEBUG [0m]: Attempting to create a keymap for layout us with variant  (rules: , model: , options: )
[1;32mDEBUG [0m]: Updating keyboard 55998829dee0's translation state from a provided keymap
[1;32mDEBUG [0m]: xkb: LED index 0 (name Num Lock) got index 1
[1;32mDEBUG [0m]: xkb: LED index 1 (name Caps Lock) got index 0
[1;32mDEBUG [0m]: xkb: LED index 2 (name Scroll Lock) got index 2
[1;32mDEBUG [0m]: xkb: Mod index 0 (name Shift) got index 0
[1;32mDEBUG [0m]: xkb: Mod index 1 (name Lock) got index 1
[1;32mDEBUG [0m]: xkb: Mod index 2 (name Control) got index 2
[1;32mDEBUG [0m]: xkb: Mod index 3 (name Mod1) got index 3
[1;32mDEBUG [0m]: xkb: Mod index 4 (name Mod2) got index 4
[1;32mDEBUG [0m]: xkb: Mod index 5 (name Mod3) got index 5
[1;32mDEBUG [0m]: xkb: Mod index 6 (name Mod4) got index 6
[1;32mDEBUG [0m]: xkb: Mod index 7 (name Mod5) got index 7
[1;32mDEBUG [0m]: Updating keymap fd for keyboard hl-virtual-keyboard-wtype
[1;32mDEBUG [0m]: Updated keymap fd to 107, keymap V1 to: 110
[1;32mDEBUG [0m]: Set the keyboard layout to us and variant to  for keyboard "hl-virtual-keyboard-wtype"
[1;32mDEBUG [0m]: New virtual keyboard created at 55998829dee0
[1;32mDEBUG [0m]: Updating keyboard 55998829dee0's translation state from a provided keymap
[1;32mDEBUG [0m]: Updating keymap fd for keyboard hl-virtual-keyboard-wtype
[1;32mDEBUG [0m]: Updated keymap fd to 107, keymap V1 to: 110
[1;32mDEBUG [0m]: Keyboard at 55998829dee0 removed
[1;32mDEBUG [0m]: Destroyed keyboard 55998829dee0
[1;32mDEBUG [0m]: [CWLSeatProtocol] New seat resource bound at 5599882399e0
[1;32mDEBUG [0m]: [CVirtualKeyboardProtocol] New VKeyboard at id 5
[1;32mDEBUG [0m]: ApplyConfigToKeyboard for "hl-virtual-keyboard-wtype", hasconfig: 0
[1;32mDEBUG [0m]: Attempting to create a keymap for layout us with variant  (rules: , model: , options: )
[1;32mDEBUG [0m]: Updating keyboard 55998829dee0's translation state from a provided keymap
[1;32mDEBUG [0m]: xkb: LED index 0 (name Num Lock) got index 1
[1;32mDEBUG [0m]: xkb: LED index 1 (name Caps Lock) got index 0
[1;32mDEBUG [0m]: xkb: LED index 2 (name Scroll Lock) got index 2
[1;32mDEBUG [0m]: xkb: Mod index 0 (name Shift) got index 0
[1;32mDEBUG [0m]: xkb: Mod index 1 (name Lock) got index 1
[1;32mDEBUG [0m]: xkb: Mod index 2 (name Control) got index 2
[1;32mDEBUG [0m]: xkb: Mod index 3 (name Mod1) got index 3
[1;32mDEBUG [0m]: xkb: Mod index 4 (name Mod2) got index 4
[1;32mDEBUG [0m]: xkb: Mod index 5 (name Mod3) got index 5
[1;32mDEBUG [0m]: xkb: Mod index 6 (name Mod4) got index 6
[1;32mDEBUG [0m]: xkb: Mod index 7 (name Mod5) got index 7
[1;32mDEBUG [0m]: Updating keymap fd for keyboard hl-virtual-keyboard-wtype
[1;32mDEBUG [0m]: Updated keymap fd to 107, keymap V1 to: 110
[1;32mDEBUG [0m]: Set the keyboard layout to us and variant to  for keyboard "hl-virtual-keyboard-wtype"
[1;32mDEBUG [0m]: New virtual keyboard created at 55998829dee0
[1;32mDEBUG [0m]: Updating keyboard 55998829dee0's translation state from a provided keymap
[1;32mDEBUG [0m]: Updating keymap fd for keyboard hl-virtual-keyboard-wtype
[1;32mDEBUG [0m]: Updated keymap fd to 107, keymap V1 to: 110
[1;32mDEBUG [0m]: [CWLCompositorResource] New wl_region with id 125 at 55998886c630
[1;32mDEBUG [0m]: [CLinuxDMABUFParamsResource] Creating a dmabuf, with id 116: size [Vector2D: x: 552, y: 1014], fmt AR24, planes 1
[1;32mDEBUG [0m]: [CLinuxDMABUFParamsResource]  | plane 0: mod 72057594037927952 fd 82 stride 2304 offset 0
[1;32mDEBUG [0m]: [CLinuxDMABUFParamsResource] Creating a dmabuf, with id 120: size [Vector2D: x: 552, y: 1014], fmt AR24, planes 1
[1;32mDEBUG [0m]: [CLinuxDMABUFParamsResource]  | plane 0: mod 72057594037927952 fd 95 stride 2304 offset 0
[1;32mDEBUG [0m]: Keyboard at 55998829dee0 removed
[1;32mDEBUG [0m]: Destroyed keyboard 55998829dee0
[1;32mDEBUG [0m]: Hyprctl: new connection from pid 1097
[1;32mDEBUG [0m]: Destroy called for monitor HEADLESS-2
[1;32mDEBUG [0m]: onDisconnect called for HEADLESS-2
[1;32mDEBUG [0m]: Monitor HEADLESS-2 -> destroyed all render data
[1;32mDEBUG [0m]: Disconnecting Monitor HEADLESS-2 was on workspace 2
[1;32mDEBUG [0m]: Removed monitor HEADLESS-2!
[1;32mDEBUG [0mfrom aquamarine ]: GBM: Allocated a new buffer with size [Vector2D: x: 48, y: 48] and format AR24 with modifier 0x100000000000010 : 4_TILED_LNL_CCS
[1;32mDEBUG [0mfrom aquamarine ]: GBM: Allocated a new buffer with size [Vector2D: x: 48, y: 48] and format AR24 with modifier 0x100000000000010 : 4_TILED_LNL_CCS
[1;32mDEBUG [0mfrom aquamarine ]: Swapchain: Reconfigured a swapchain to [Vector2D: x: 48, y: 48] AR24 of length 2
[1;31mERR [0m]: getConvertedColor: failed to get image description
[1;32mDEBUG [0m]: moveWorkspaceToMonitor: Moving 2 to monitor 0
[1;32mDEBUG [0m]: moveWorkspaceToMonitor: Plugging gap with new 4
[1;32mDEBUG [0m]: moveWorkspaceToMonitor: Plugging gap with existing 4
[1;32mDEBUG [0m]: Destroying workspace ID 4
[1;32mDEBUG [0m]: Destroying workspace ID 2
[1;32mDEBUG [0m]: Monitor HEADLESS-2 -> destroyed all render data
[1;31mERR [0m]: getConvertedColor: failed to get image description
[1;32mDEBUG [0m]: arrangeMonitors: 2 to arrange
[1;32mDEBUG [0m]: arrangeMonitors: HEADLESS-1 explicit [2000, 0]
[1;32mDEBUG [0m]: arrangeMonitors: WAYLAND-1 auto [3920, 0]
[1;32mDEBUG [0m]: arrangeMonitors: WAYLAND-1 xwayland [0, 0]
[1;32mDEBUG [0m]: arrangeMonitors: HEADLESS-1 xwayland [1920, 0]
[1;32mDEBUG [0m]: [CXDGOutputProtocol] updating all xdg_output heads
[1;31mERR [0m]: getConvertedColor: failed to get image description
[1;32mDEBUG [0m]: [CXDGOutputProtocol] updating all xdg_output heads
[1;32mDEBUG [0m]: Hyprctl: new connection from pid 34
[1;32mDEBUG [0m]: Hyprctl: new connection from pid 34
[1;32mDEBUG [0m]: LayerSurface 55998826b1b0 destroyed
[1;33mWARN [0m]: Layersurface destroyed on an invalid monitor (removed?)
[1;32mDEBUG [0m]: Forcing an unmap of a LS that did a straight destroy!
[1;32mDEBUG [0m]: LayerSurface 55998826b1b0 unmapped
[1;33mWARN [0m]: Layersurface unmapping on invalid monitor (removed?) ignoring.
[1;32mDEBUG [0m]: CWLSurface 559988593230 called destroy()
[1;32mDEBUG [0m]: LayerSurface 55998826b9f0 destroyed
[1;33mWARN [0m]: Layersurface destroyed on an invalid monitor (removed?)
[1;32mDEBUG [0m]: Forcing an unmap of a LS that did a straight destroy!
[1;32mDEBUG [0m]: LayerSurface 55998826b9f0 unmapped
[1;33mWARN [0m]: Layersurface unmapping on invalid monitor (removed?) ignoring.
[1;32mDEBUG [0m]: CWLSurface 55998825f730 called destroy()
[1;32mDEBUG [0m]: XCursor scanning theme default
[1;32mDEBUG [0m]: XCursor parsing index.theme /usr/share/icons/default/index.theme
[1;32mDEBUG [0m]: XCursor theme default inherits Adwaita
[1;32mDEBUG [0m]: XCursor scanning theme Adwaita
[1;32mDEBUG [0m]: XCursor using theme path /usr/share/icons/Adwaita/cursors
[1;32mDEBUG [0m]: XCursor parsing index.theme /usr/share/icons/Adwaita/index.theme
[1;32mDEBUG [0m]: XCursor theme Adwaita inherits AdwaitaLegacy
[1;32mDEBUG [0m]: XCursor theme Adwaita inherits hicolor
[1;32mDEBUG [0m]: XCursor scanning theme Adwaita
[1;32mDEBUG [0m]: XCursor using theme path /usr/share/icons/Adwaita/cursors
[1;32mDEBUG [0m]: XCursor parsing index.theme /usr/share/icons/Adwaita/index.theme
[1;32mDEBUG [0m]: XCursor theme Adwaita inherits AdwaitaLegacy
[1;32mDEBUG [0m]: XCursor theme Adwaita inherits hicolor
[1;32mDEBUG [0m]: XCursor scanning theme AdwaitaLegacy
[1;32mDEBUG [0m]: XCursor parsing index.theme /usr/share/icons/AdwaitaLegacy/index.theme
[1;32mDEBUG [0m]: XCursor theme AdwaitaLegacy inherits hicolor
[1;32mDEBUG [0m]: XCursor scanning theme hicolor
[1;32mDEBUG [0m]: XCursor parsing index.theme /usr/share/icons/hicolor/index.theme
[1;32mDEBUG [0m]: XCursor already has a shape default loaded, skipping
[1;32mDEBUG [0m]: XCursor already has a shape context-menu loaded, skipping
[1;32mDEBUG [0m]: XCursor already has a shape help loaded, skipping
[1;32mDEBUG [0m]: XCursor already has a shape pointer loaded, skipping
[1;32mDEBUG [0m]: XCursor already has a shape progress loaded, skipping
[1;32mDEBUG [0m]: XCursor already has a shape wait loaded, skipping
[1;32mDEBUG [0m]: XCursor failed to find a legacy shape with name plus, skipping
[1;32mDEBUG [0m]: XCursor already has a shape crosshair loaded, skipping
[1;32mDEBUG [0m]: XCursor already has a shape text loaded, skipping
[1;32mDEBUG [0m]: XCursor already has a shape vertical-text loaded, skipping
[1;32mDEBUG [0m]: XCursor failed to find a legacy shape with name dnd-link, skipping
[1;32mDEBUG [0m]: XCursor failed to find a legacy shape with name dnd-copy, skipping
[1;32mDEBUG [0m]: XCursor already has a shape move loaded, skipping
[1;32mDEBUG [0m]: XCursor failed to find a legacy shape with name dnd-none, skipping
[1;32mDEBUG [0m]: XCursor failed to find a legacy shape with name crossed_circle, skipping
[1;32mDEBUG [0m]: XCursor already has a shape grab loaded, skipping
[1;32mDEBUG [0m]: XCursor already has a shape grabbing loaded, skipping
[1;32mDEBUG [0m]: XCursor already has a shape e-resize loaded, skipping
[1;32mDEBUG [0m]: XCursor already has a shape n-resize loaded, skipping
[1;32mDEBUG [0m]: XCursor already has a shape ne-resize loaded, skipping
[1;32mDEBUG [0m]: XCursor already has a shape nw-resize loaded, skipping
[1;32mDEBUG [0m]: XCursor already has a shape s-resize loaded, skipping
[1;32mDEBUG [0m]: XCursor already has a shape se-resize loaded, skipping
[1;32mDEBUG [0m]: XCursor already has a shape sw-resize loaded, skipping
[1;32mDEBUG [0m]: XCursor already has a shape w-resize loaded, skipping
[1;32mDEBUG [0m]: XCursor already has a shape ew-resize loaded, skipping
[1;32mDEBUG [0m]: XCursor already has a shape ns-resize loaded, skipping
[1;32mDEBUG [0m]: XCursor already has a shape nesw-resize loaded, skipping
[1;32mDEBUG [0m]: XCursor already has a shape nwse-resize loaded, skipping
[1;32mDEBUG [0m]: XCursor already has a shape col-resize loaded, skipping
[1;32mDEBUG [0m]: XCursor already has a shape row-resize loaded, skipping
[1;32mDEBUG [0m]: XCursor already has a shape all-scroll loaded, skipping
[1;32mDEBUG [0m]: XCursor already has a shape zoom-in loaded, skipping
[1;32mDEBUG [0m]: XCursor already has a shape zoom-out loaded, skipping
[1;32mDEBUG [0m]: XCursor failed to find a legacy shape with name dnd-copy, skipping
[1;32mDEBUG [0m]: XCursor already has a shape all-resize loaded, skipping
[1;33mWARN [0m]: GSettings default schema source does not exist, can't sync GSettings
[1;33mWARN [0m]: GSettings parameter doesn't exist cursor-theme in org.gnome.desktop.interface
[1;33mWARN [0m]: GSettings default schema source does not exist, can't sync GSettings
[1;33mWARN [0m]: GSettings parameter doesn't exist cursor-size in org.gnome.desktop.interface
[1;32mDEBUG [0mfrom aquamarine ]: GBM: Allocated a new buffer with size [Vector2D: x: 24, y: 24] and format AR24 with modifier 0x100000000000010 : 4_TILED_LNL_CCS
[1;32mDEBUG [0mfrom aquamarine ]: GBM: Allocated a new buffer with size [Vector2D: x: 24, y: 24] and format AR24 with modifier 0x100000000000010 : 4_TILED_LNL_CCS
[1;32mDEBUG [0mfrom aquamarine ]: Swapchain: Reconfigured a swapchain to [Vector2D: x: 24, y: 24] AR24 of length 2
[1;31mERR [0m]: getConvertedColor: failed to get image description
[1;32mDEBUG [0m]: LayerSurface 559988741650 destroyed
[1;33mWARN [0m]: Layersurface destroyed on an invalid monitor (removed?)
[1;32mDEBUG [0m]: Forcing an unmap of a LS that did a straight destroy!
[1;32mDEBUG [0m]: LayerSurface 559988741650 unmapped
[1;33mWARN [0m]: Layersurface unmapping on invalid monitor (removed?) ignoring.
[1;32mDEBUG [0m]: CWLSurface 5599881b57b0 called destroy()
[1;32mDEBUG [0m]: Hyprctl: new connection from pid 1102
[1;32mDEBUG [0m]: Hyprctl: new connection from pid 1103
[1;32mDEBUG [0m]: New aquamarine output with name HEADLESS-3
[1;32mDEBUG [0m]: [CMonitorStateTracker] New monitor: HEADLESS-3
[1;33mWARN [0m]: No rule found for HEADLESS-3, trying to use the first.
[1;32mDEBUG [0m]: Applying monitor rule for HEADLESS-3
[1;32mDEBUG [0mfrom aquamarine ]: GBM: Allocated a new buffer with size [Vector2D: x: 1920, y: 1080] and format XR24 with modifier 0x0 : LINEAR
[1;32mDEBUG [0mfrom aquamarine ]: GBM: Allocated a new buffer with size [Vector2D: x: 1920, y: 1080] and format XR24 with modifier 0x0 : LINEAR
[1;32mDEBUG [0mfrom aquamarine ]: GBM: Allocated a new buffer with size [Vector2D: x: 1920, y: 1080] and format XR24 with modifier 0x0 : LINEAR
[1;32mDEBUG [0mfrom aquamarine ]: Swapchain: Reconfigured a swapchain to [Vector2D: x: 1920, y: 1080] XR24 of length 3
[1;32mDEBUG [0m]: CMonitorState::ensureBufferPresent: no buffer or mismatched format, attaching one from the swapchain for modeset being possible
[1;32mDEBUG [0m]: Monitor HEADLESS-3: requested 1920x1080@60.00Hz, using preferred mode 1920x1080@60.00Hz
[1;32mDEBUG [0m]: output HEADLESS-3 succeeded basic test on format DRM_FORMAT_XRGB8888
[1;32mDEBUG [0m]: Monitor HEADLESS-3 -> destroyed all render data
[1;32mDEBUG [0m]: CMonitor::updateVCGTRamps: skipping, no gamma ramp for output
[1;32mDEBUG [0m]: Monitor HEADLESS-3 data dump: res 1920x1080@60.00Hz, scale 1.00, transform 0, pos -1x-1, 10b 0
[1;32mDEBUG [0m]: Added new monitor with name HEADLESS-3 at [-1, -1] with size [1920, 1080], pointer 559988905c70
[1;32mDEBUG [0m]: New monitor: WORKSPACEID 2, exists: 0
[1;32mDEBUG [0m]: checking if we have seen this monitor before: HEADLESS-3
[1;32mDEBUG [0m]: Monitor HEADLESS-3 was not on any workspace
[1;31mERR [0m]: getConvertedColor: failed to get image description
[1;32mDEBUG [0m]: [IWaylandProtocol] Registered global [WLOutput (HEADLESS-3)]
[1;32mDEBUG [0m]: arrangeMonitors: 3 to arrange
[1;32mDEBUG [0m]: arrangeMonitors: HEADLESS-1 explicit [2000, 0]
[1;32mDEBUG [0m]: arrangeMonitors: WAYLAND-1 auto [3920, 0]
[1;32mDEBUG [0m]: arrangeMonitors: HEADLESS-3 auto [5840, 0]
[1;32mDEBUG [0m]: arrangeMonitors: WAYLAND-1 xwayland [0, 0]
[1;32mDEBUG [0m]: arrangeMonitors: HEADLESS-1 xwayland [1920, 0]
[1;32mDEBUG [0m]: arrangeMonitors: HEADLESS-3 xwayland [3840, 0]
[1;32mDEBUG [0m]: [CXDGOutputProtocol] updating all xdg_output heads
[1;31mERR [0m]: getConvertedColor: failed to get image description
[1;32mDEBUG [0m]: [CXDGOutputProtocol] updating all xdg_output heads
[1;33mWARN [0m]: No rule found for WAYLAND-1, trying to use the first.
[1;33mWARN [0m]: No rule found for HEADLESS-3, trying to use the first.
[1;32mDEBUG [0m]: Framebuffer "Monitor HEADLESS-3 blur FB" created, status 36053
[1;32mDEBUG [0m]: Framebuffer "Monitor HEADLESS-3 workbuffer" created, status 36053
[1;33mWARN [0m]: FIXME: color management protocol is enabled and outputs changed, check preferred image description changes
[1;32mDEBUG [0m]: Hyprctl: new connection from pid 34
[1;32mDEBUG [0m]: Hyprctl: new connection from pid 34
[1;32mDEBUG [0m]: [CXDGOutputProtocol] New xdg_output for HEADLESS-3: client 559987251ce0 (not xwayland)
[1;32mDEBUG [0m]: [CXDGOutputProtocol] New xdg_output for HEADLESS-3: client 5599880eeac0 (not xwayland)
[1;32mDEBUG [0m]: Hyprctl: new connection from pid 1104
[1;32mDEBUG [0m]: Hyprctl: new connection from pid 1105
[1;32mDEBUG [0m]: Hyprctl: keyword monitor : HEADLESS-3,1920x1080@60,4000x0,1.5
[1;32mDEBUG [0m]: ApplyConfigToKeyboard for "wl_keyboard", hasconfig: 0
[1;32mDEBUG [0m]: Not applying config to keyboard, it did not change.
[1;33mWARN [0m]: No rule found for WAYLAND-1, trying to use the first.
[1;32mDEBUG [0m]: Applying monitor rule for HEADLESS-3
[1;32mDEBUG [0m]: Monitor HEADLESS-3: requested 1920x1080@60.00Hz, using preferred mode 1920x1080@60.00Hz
[1;32mDEBUG [0m]: output HEADLESS-3 succeeded basic test on format DRM_FORMAT_XRGB8888
[1;32mDEBUG [0m]: CMonitor::updateVCGTRamps: skipping, no gamma ramp for output
[1;32mDEBUG [0m]: Monitor HEADLESS-3 data dump: res 1920x1080@60.00Hz, scale 1.50, transform 0, pos 5840x0, 10b 0
[1;33mWARN [0m]: FIXME: color management protocol is enabled and outputs changed, check preferred image description changes
[1;32mDEBUG [0m]: arrangeMonitors: 3 to arrange
[1;32mDEBUG [0m]: arrangeMonitors: HEADLESS-1 explicit [2000, 0]
[1;32mDEBUG [0m]: arrangeMonitors: HEADLESS-3 explicit [4000, 0]
[1;32mDEBUG [0m]: arrangeMonitors: WAYLAND-1 auto [5280, 0]
[1;32mDEBUG [0m]: arrangeMonitors: WAYLAND-1 xwayland [0, 0]
[1;32mDEBUG [0m]: arrangeMonitors: HEADLESS-1 xwayland [1920, 0]
[1;32mDEBUG [0m]: arrangeMonitors: HEADLESS-3 xwayland [3840, 0]
[1;32mDEBUG [0m]: [CXDGOutputProtocol] updating all xdg_output heads
[1;31mERR [0m]: getConvertedColor: failed to get image description
[1;32mDEBUG [0m]: [CXDGOutputProtocol] updating all xdg_output heads
[1;31mERR [0m]: getConvertedColor: failed to get image description
[1;32mDEBUG [0m]: [CXDGOutputProtocol] updating all xdg_output heads
[1;31mERR [0m]: getConvertedColor: failed to get image description
[1;32mDEBUG [0m]: [CWLCompositorResource] New wl_surface with id 92 at 559988294d70
[1;32mDEBUG [0m]: [CWLCompositorResource] New wl_surface with id 137 at 559988294d70
[1;32mDEBUG [0m]: CWLSurface 559988593230 called init()
[1;32mDEBUG [0m]: LayerSurface 559988741650 (namespace putkin-bar layer 2) created on monitor HEADLESS-3
[1;32mDEBUG [0m]: [CLayerShellProtocol] New wlr_layer_surface 559988741650
[1;32mDEBUG [0m]: [CWLCompositorResource] New wl_surface with id 129 at 559988917230
[1;32mDEBUG [0m]: [CWLCompositorResource] New wl_surface with id 130 at 559988917230
[1;32mDEBUG [0m]: CWLSurface 559987289310 called init()
[1;32mDEBUG [0m]: LayerSurface 55998826b9f0 (namespace putkin-wallpaper layer 0) created on monitor HEADLESS-3
[1;32mDEBUG [0m]: [CLayerShellProtocol] New wlr_layer_surface 55998826b9f0
[1;32mDEBUG [0m]: [CWLCompositorResource] New wl_region with id 95 at 559988251b50
[1;32mDEBUG [0m]: [CLinuxDMABUFParamsResource] Creating a dmabuf, with id 120: size [Vector2D: x: 1920, y: 48], fmt AR24, planes 1
[1;32mDEBUG [0m]: [CLinuxDMABUFParamsResource]  | plane 0: mod 72057594037927952 fd 48 stride 7680 offset 0
[1;32mDEBUG [0m]: LayerSurface 559988741650 mapped
[1;32mDEBUG [0m]: [CWLCompositorResource] New wl_region with id 119 at 559988251b50
[1;32mDEBUG [0m]: [CWLCompositorResource] New wl_region with id 107 at 55998732efc0
[1;32mDEBUG [0m]: [CLinuxDMABUFParamsResource] Creating a dmabuf, with id 97: size [Vector2D: x: 1920, y: 1080], fmt AR24, planes 1
[1;32mDEBUG [0m]: [CLinuxDMABUFParamsResource]  | plane 0: mod 72057594037927952 fd 57 stride 7680 offset 0
[1;32mDEBUG [0m]: LayerSurface 55998826b9f0 mapped
[1;32mDEBUG [0m]: [CLinuxDMABUFParamsResource] Creating a dmabuf, with id 107: size [Vector2D: x: 1920, y: 48], fmt AR24, planes 1
[1;32mDEBUG [0m]: [CLinuxDMABUFParamsResource]  | plane 0: mod 72057594037927952 fd 95 stride 7680 offset 0
[1;32mDEBUG [0m]: [CLinuxDMABUFParamsResource] Creating a dmabuf, with id 112: size [Vector2D: x: 1920, y: 1080], fmt AR24, planes 1
[1;32mDEBUG [0m]: [CLinuxDMABUFParamsResource]  | plane 0: mod 72057594037927952 fd 98 stride 7680 offset 0
[1;32mDEBUG [0m]: Hyprctl: new connection from pid 1116
[1;32mDEBUG [0m]: Hyprctl: dispatcher focusmonitor : HEADLESS-3
[1;32mDEBUG [0m]: [CLinuxDMABUFParamsResource] Creating a dmabuf, with id 110: size [Vector2D: x: 1920, y: 48], fmt AR24, planes 1
[1;32mDEBUG [0m]: [CLinuxDMABUFParamsResource]  | plane 0: mod 72057594037927952 fd 94 stride 7680 offset 0
[1;32mDEBUG [0m]: [CWLCompositorResource] New wl_surface with id 106 at 55998875e3c0
[1;32mDEBUG [0m]: [CWLCompositorResource] New wl_surface with id 74 at 55998875e3c0
[1;32mDEBUG [0m]: CWLSurface 559987365e90 called init()
[1;32mDEBUG [0m]: LayerSurface 55998826b1b0 (namespace putkin-panel layer 3) created on monitor HEADLESS-3
[1;32mDEBUG [0m]: [CLayerShellProtocol] New wlr_layer_surface 55998826b1b0
[1;32mDEBUG [0m]: [CPrimarySelectionProtocol] CPrimarySelectionProtocol::updateSelection: cannot send selection to a client without a data_device
[1;32mDEBUG [0m]: [CWLCompositorResource] New wl_region with id 120 at 5599872e6740
[1;32mDEBUG [0m]: [CLinuxDMABUFParamsResource] Creating a dmabuf, with id 121: size [Vector2D: x: 552, y: 669], fmt AR24, planes 1
[1;32mDEBUG [0m]: [CLinuxDMABUFParamsResource]  | plane 0: mod 72057594037927952 fd 75 stride 2304 offset 0
[1;32mDEBUG [0m]: cursorImage request: shape 1 -> default
[1;32mDEBUG [0m]: XCursor scanning theme default
[1;32mDEBUG [0m]: XCursor parsing index.theme /usr/share/icons/default/index.theme
[1;32mDEBUG [0m]: XCursor theme default inherits Adwaita
[1;32mDEBUG [0m]: XCursor scanning theme Adwaita
[1;32mDEBUG [0m]: XCursor using theme path /usr/share/icons/Adwaita/cursors
[1;32mDEBUG [0m]: XCursor parsing index.theme /usr/share/icons/Adwaita/index.theme
[1;32mDEBUG [0m]: XCursor theme Adwaita inherits AdwaitaLegacy
[1;32mDEBUG [0m]: XCursor theme Adwaita inherits hicolor
[1;32mDEBUG [0m]: XCursor scanning theme Adwaita
[1;32mDEBUG [0m]: XCursor using theme path /usr/share/icons/Adwaita/cursors
[1;32mDEBUG [0m]: XCursor parsing index.theme /usr/share/icons/Adwaita/index.theme
[1;32mDEBUG [0m]: XCursor theme Adwaita inherits AdwaitaLegacy
[1;32mDEBUG [0m]: XCursor theme Adwaita inherits hicolor
[1;32mDEBUG [0m]: XCursor scanning theme AdwaitaLegacy
[1;32mDEBUG [0m]: XCursor parsing index.theme /usr/share/icons/AdwaitaLegacy/index.theme
[1;32mDEBUG [0m]: XCursor theme AdwaitaLegacy inherits hicolor
[1;32mDEBUG [0m]: XCursor scanning theme hicolor
[1;32mDEBUG [0m]: XCursor parsing index.theme /usr/share/icons/hicolor/index.theme
[1;32mDEBUG [0m]: XCursor already has a shape default loaded, skipping
[1;32mDEBUG [0m]: XCursor already has a shape context-menu loaded, skipping
[1;32mDEBUG [0m]: XCursor already has a shape help loaded, skipping
[1;32mDEBUG [0m]: XCursor already has a shape pointer loaded, skipping
[1;32mDEBUG [0m]: XCursor already has a shape progress loaded, skipping
[1;32mDEBUG [0m]: XCursor already has a shape wait loaded, skipping
[1;32mDEBUG [0m]: XCursor failed to find a legacy shape with name plus, skipping
[1;32mDEBUG [0m]: XCursor already has a shape crosshair loaded, skipping
[1;32mDEBUG [0m]: XCursor already has a shape text loaded, skipping
[1;32mDEBUG [0m]: XCursor already has a shape vertical-text loaded, skipping
[1;32mDEBUG [0m]: XCursor failed to find a legacy shape with name dnd-link, skipping
[1;32mDEBUG [0m]: XCursor failed to find a legacy shape with name dnd-copy, skipping
[1;32mDEBUG [0m]: XCursor already has a shape move loaded, skipping
[1;32mDEBUG [0m]: XCursor failed to find a legacy shape with name dnd-none, skipping
[1;32mDEBUG [0m]: XCursor failed to find a legacy shape with name crossed_circle, skipping
[1;32mDEBUG [0m]: XCursor already has a shape grab loaded, skipping
[1;32mDEBUG [0m]: XCursor already has a shape grabbing loaded, skipping
[1;32mDEBUG [0m]: XCursor already has a shape e-resize loaded, skipping
[1;32mDEBUG [0m]: XCursor already has a shape n-resize loaded, skipping
[1;32mDEBUG [0m]: XCursor already has a shape ne-resize loaded, skipping
[1;32mDEBUG [0m]: XCursor already has a shape nw-resize loaded, skipping
[1;32mDEBUG [0m]: XCursor already has a shape s-resize loaded, skipping
[1;32mDEBUG [0m]: XCursor already has a shape se-resize loaded, skipping
[1;32mDEBUG [0m]: XCursor already has a shape sw-resize loaded, skipping
[1;32mDEBUG [0m]: XCursor already has a shape w-resize loaded, skipping
[1;32mDEBUG [0m]: XCursor already has a shape ew-resize loaded, skipping
[1;32mDEBUG [0m]: XCursor already has a shape ns-resize loaded, skipping
[1;32mDEBUG [0m]: XCursor already has a shape nesw-resize loaded, skipping
[1;32mDEBUG [0m]: XCursor already has a shape nwse-resize loaded, skipping
[1;32mDEBUG [0m]: XCursor already has a shape col-resize loaded, skipping
[1;32mDEBUG [0m]: XCursor already has a shape row-resize loaded, skipping
[1;32mDEBUG [0m]: XCursor already has a shape all-scroll loaded, skipping
[1;32mDEBUG [0m]: XCursor already has a shape zoom-in loaded, skipping
[1;32mDEBUG [0m]: XCursor already has a shape zoom-out loaded, skipping
[1;32mDEBUG [0m]: XCursor failed to find a legacy shape with name dnd-copy, skipping
[1;32mDEBUG [0m]: XCursor already has a shape all-resize loaded, skipping
[1;33mWARN [0m]: GSettings default schema source does not exist, can't sync GSettings
[1;33mWARN [0m]: GSettings parameter doesn't exist cursor-theme in org.gnome.desktop.interface
[1;33mWARN [0m]: GSettings default schema source does not exist, can't sync GSettings
[1;33mWARN [0m]: GSettings parameter doesn't exist cursor-size in org.gnome.desktop.interface
[1;32mDEBUG [0m]: LayerSurface 55998826b1b0 mapped
[1;32mDEBUG [0m]: [CLinuxDMABUFParamsResource] Creating a dmabuf, with id 135: size [Vector2D: x: 552, y: 933], fmt AR24, planes 1
[1;32mDEBUG [0m]: [CLinuxDMABUFParamsResource]  | plane 0: mod 72057594037927952 fd 97 stride 2304 offset 0
[1;32mDEBUG [0m]: [CLinuxDMABUFParamsResource] Creating a dmabuf, with id 106: size [Vector2D: x: 552, y: 933], fmt AR24, planes 1
[1;32mDEBUG [0m]: [CLinuxDMABUFParamsResource]  | plane 0: mod 72057594037927952 fd 103 stride 2304 offset 0
[1;32mDEBUG [0m]: [CLinuxDMABUFParamsResource] Creating a dmabuf, with id 115: size [Vector2D: x: 1920, y: 32], fmt AR24, planes 1
[1;32mDEBUG [0m]: [CLinuxDMABUFParamsResource]  | plane 0: mod 72057594037927952 fd 101 stride 7680 offset 0
[1;32mDEBUG [0m]: Hyprctl: new connection from pid 1131
[1;32mDEBUG [0m]: Destroy called for monitor HEADLESS-3
[1;32mDEBUG [0m]: onDisconnect called for HEADLESS-3
[1;32mDEBUG [0m]: Monitor HEADLESS-3 -> destroyed all render data
[1;32mDEBUG [0m]: Disconnecting Monitor HEADLESS-3 was on workspace 2
[1;32mDEBUG [0m]: Removed monitor HEADLESS-3!
[1;32mDEBUG [0mfrom aquamarine ]: GBM: Allocated a new buffer with size [Vector2D: x: 48, y: 48] and format AR24 with modifier 0x100000000000010 : 4_TILED_LNL_CCS
[1;32mDEBUG [0mfrom aquamarine ]: GBM: Allocated a new buffer with size [Vector2D: x: 48, y: 48] and format AR24 with modifier 0x100000000000010 : 4_TILED_LNL_CCS
[1;32mDEBUG [0mfrom aquamarine ]: Swapchain: Reconfigured a swapchain to [Vector2D: x: 48, y: 48] AR24 of length 2
[1;31mERR [0m]: getConvertedColor: failed to get image description
[1;32mDEBUG [0m]: moveWorkspaceToMonitor: Moving 2 to monitor 0
[1;32mDEBUG [0m]: moveWorkspaceToMonitor: Plugging gap with new 4
[1;32mDEBUG [0m]: moveWorkspaceToMonitor: Plugging gap with existing 4
[1;32mDEBUG [0m]: Destroying workspace ID 4
[1;32mDEBUG [0m]: Destroying workspace ID 2
[1;32mDEBUG [0m]: Monitor HEADLESS-3 -> destroyed all render data
[1;31mERR [0m]: getConvertedColor: failed to get image description
[1;32mDEBUG [0m]: arrangeMonitors: 2 to arrange
[1;32mDEBUG [0m]: arrangeMonitors: HEADLESS-1 explicit [2000, 0]
[1;32mDEBUG [0m]: arrangeMonitors: WAYLAND-1 auto [3920, 0]
[1;32mDEBUG [0m]: arrangeMonitors: WAYLAND-1 xwayland [0, 0]
[1;32mDEBUG [0m]: arrangeMonitors: HEADLESS-1 xwayland [1920, 0]
[1;32mDEBUG [0m]: [CXDGOutputProtocol] updating all xdg_output heads
[1;31mERR [0m]: getConvertedColor: failed to get image description
[1;32mDEBUG [0m]: [CXDGOutputProtocol] updating all xdg_output heads
[1;32mDEBUG [0m]: Hyprctl: new connection from pid 34
[1;32mDEBUG [0m]: Hyprctl: new connection from pid 34
[1;32mDEBUG [0m]: LayerSurface 55998826b9f0 destroyed
[1;33mWARN [0m]: Layersurface destroyed on an invalid monitor (removed?)
[1;32mDEBUG [0m]: Forcing an unmap of a LS that did a straight destroy!
[1;32mDEBUG [0m]: LayerSurface 55998826b9f0 unmapped
[1;33mWARN [0m]: Layersurface unmapping on invalid monitor (removed?) ignoring.
[1;32mDEBUG [0m]: CWLSurface 559987289310 called destroy()
[1;32mDEBUG [0m]: LayerSurface 559988741650 destroyed
[1;33mWARN [0m]: Layersurface destroyed on an invalid monitor (removed?)
[1;32mDEBUG [0m]: Forcing an unmap of a LS that did a straight destroy!
[1;32mDEBUG [0m]: LayerSurface 559988741650 unmapped
[1;33mWARN [0m]: Layersurface unmapping on invalid monitor (removed?) ignoring.
[1;32mDEBUG [0m]: CWLSurface 559988593230 called destroy()
[1;32mDEBUG [0m]: XCursor scanning theme default
[1;32mDEBUG [0m]: XCursor parsing index.theme /usr/share/icons/default/index.theme
[1;32mDEBUG [0m]: XCursor theme default inherits Adwaita
[1;32mDEBUG [0m]: XCursor scanning theme Adwaita
[1;32mDEBUG [0m]: XCursor using theme path /usr/share/icons/Adwaita/cursors
[1;32mDEBUG [0m]: XCursor parsing index.theme /usr/share/icons/Adwaita/index.theme
[1;32mDEBUG [0m]: XCursor theme Adwaita inherits AdwaitaLegacy
[1;32mDEBUG [0m]: XCursor theme Adwaita inherits hicolor
[1;32mDEBUG [0m]: XCursor scanning theme Adwaita
[1;32mDEBUG [0m]: XCursor using theme path /usr/share/icons/Adwaita/cursors
[1;32mDEBUG [0m]: XCursor parsing index.theme /usr/share/icons/Adwaita/index.theme
[1;32mDEBUG [0m]: XCursor theme Adwaita inherits AdwaitaLegacy
[1;32mDEBUG [0m]: XCursor theme Adwaita inherits hicolor
[1;32mDEBUG [0m]: XCursor scanning theme AdwaitaLegacy
[1;32mDEBUG [0m]: XCursor parsing index.theme /usr/share/icons/AdwaitaLegacy/index.theme
[1;32mDEBUG [0m]: XCursor theme AdwaitaLegacy inherits hicolor
[1;32mDEBUG [0m]: XCursor scanning theme hicolor
[1;32mDEBUG [0m]: XCursor parsing index.theme /usr/share/icons/hicolor/index.theme
[1;32mDEBUG [0m]: XCursor already has a shape default loaded, skipping
[1;32mDEBUG [0m]: XCursor already has a shape context-menu loaded, skipping
[1;32mDEBUG [0m]: XCursor already has a shape help loaded, skipping
[1;32mDEBUG [0m]: XCursor already has a shape pointer loaded, skipping
[1;32mDEBUG [0m]: XCursor already has a shape progress loaded, skipping
[1;32mDEBUG [0m]: XCursor already has a shape wait loaded, skipping
[1;32mDEBUG [0m]: XCursor failed to find a legacy shape with name plus, skipping
[1;32mDEBUG [0m]: XCursor already has a shape crosshair loaded, skipping
[1;32mDEBUG [0m]: XCursor already has a shape text loaded, skipping
[1;32mDEBUG [0m]: XCursor already has a shape vertical-text loaded, skipping
[1;32mDEBUG [0m]: XCursor failed to find a legacy shape with name dnd-link, skipping
[1;32mDEBUG [0m]: XCursor failed to find a legacy shape with name dnd-copy, skipping
[1;32mDEBUG [0m]: XCursor already has a shape move loaded, skipping
[1;32mDEBUG [0m]: XCursor failed to find a legacy shape with name dnd-none, skipping
[1;32mDEBUG [0m]: XCursor failed to find a legacy shape with name crossed_circle, skipping
[1;32mDEBUG [0m]: XCursor already has a shape grab loaded, skipping
[1;32mDEBUG [0m]: XCursor already has a shape grabbing loaded, skipping
[1;32mDEBUG [0m]: XCursor already has a shape e-resize loaded, skipping
[1;32mDEBUG [0m]: XCursor already has a shape n-resize loaded, skipping
[1;32mDEBUG [0m]: XCursor already has a shape ne-resize loaded, skipping
[1;32mDEBUG [0m]: XCursor already has a shape nw-resize loaded, skipping
[1;32mDEBUG [0m]: XCursor already has a shape s-resize loaded, skipping
[1;32mDEBUG [0m]: XCursor already has a shape se-resize loaded, skipping
[1;32mDEBUG [0m]: XCursor already has a shape sw-resize loaded, skipping
[1;32mDEBUG [0m]: XCursor already has a shape w-resize loaded, skipping
[1;32mDEBUG [0m]: XCursor already has a shape ew-resize loaded, skipping
[1;32mDEBUG [0m]: XCursor already has a shape ns-resize loaded, skipping
[1;32mDEBUG [0m]: XCursor already has a shape nesw-resize loaded, skipping
[1;32mDEBUG [0m]: XCursor already has a shape nwse-resize loaded, skipping
[1;32mDEBUG [0m]: XCursor already has a shape col-resize loaded, skipping
[1;32mDEBUG [0m]: XCursor already has a shape row-resize loaded, skipping
[1;32mDEBUG [0m]: XCursor already has a shape all-scroll loaded, skipping
[1;32mDEBUG [0m]: XCursor already has a shape zoom-in loaded, skipping
[1;32mDEBUG [0m]: XCursor already has a shape zoom-out loaded, skipping
[1;32mDEBUG [0m]: XCursor failed to find a legacy shape with name dnd-copy, skipping
[1;32mDEBUG [0m]: XCursor already has a shape all-resize loaded, skipping
[1;33mWARN [0m]: GSettings default schema source does not exist, can't sync GSettings
[1;33mWARN [0m]: GSettings parameter doesn't exist cursor-theme in org.gnome.desktop.interface
[1;33mWARN [0m]: GSettings default schema source does not exist, can't sync GSettings
[1;33mWARN [0m]: GSettings parameter doesn't exist cursor-size in org.gnome.desktop.interface
[1;32mDEBUG [0mfrom aquamarine ]: GBM: Allocated a new buffer with size [Vector2D: x: 24, y: 24] and format AR24 with modifier 0x100000000000010 : 4_TILED_LNL_CCS
[1;32mDEBUG [0mfrom aquamarine ]: GBM: Allocated a new buffer with size [Vector2D: x: 24, y: 24] and format AR24 with modifier 0x100000000000010 : 4_TILED_LNL_CCS
[1;32mDEBUG [0mfrom aquamarine ]: Swapchain: Reconfigured a swapchain to [Vector2D: x: 24, y: 24] AR24 of length 2
[1;31mERR [0m]: getConvertedColor: failed to get image description
[1;32mDEBUG [0m]: LayerSurface 55998826b1b0 destroyed
[1;33mWARN [0m]: Layersurface destroyed on an invalid monitor (removed?)
[1;32mDEBUG [0m]: Forcing an unmap of a LS that did a straight destroy!
[1;32mDEBUG [0m]: LayerSurface 55998826b1b0 unmapped
[1;33mWARN [0m]: Layersurface unmapping on invalid monitor (removed?) ignoring.
[1;32mDEBUG [0m]: CWLSurface 559987365e90 called destroy()
[1;32mDEBUG [0m]: Hyprctl: new connection from pid 1138
[1;32mDEBUG [0m]: Hyprctl: new connection from pid 1139
[1;32mDEBUG [0m]: New aquamarine output with name HEADLESS-4
[1;32mDEBUG [0m]: [CMonitorStateTracker] New monitor: HEADLESS-4
[1;33mWARN [0m]: No rule found for HEADLESS-4, trying to use the first.
[1;32mDEBUG [0m]: Applying monitor rule for HEADLESS-4
[1;32mDEBUG [0mfrom aquamarine ]: GBM: Allocated a new buffer with size [Vector2D: x: 1920, y: 1080] and format XR24 with modifier 0x0 : LINEAR
[1;32mDEBUG [0mfrom aquamarine ]: GBM: Allocated a new buffer with size [Vector2D: x: 1920, y: 1080] and format XR24 with modifier 0x0 : LINEAR
[1;32mDEBUG [0mfrom aquamarine ]: GBM: Allocated a new buffer with size [Vector2D: x: 1920, y: 1080] and format XR24 with modifier 0x0 : LINEAR
[1;32mDEBUG [0mfrom aquamarine ]: Swapchain: Reconfigured a swapchain to [Vector2D: x: 1920, y: 1080] XR24 of length 3
[1;32mDEBUG [0m]: CMonitorState::ensureBufferPresent: no buffer or mismatched format, attaching one from the swapchain for modeset being possible
[1;32mDEBUG [0m]: Monitor HEADLESS-4: requested 1920x1080@60.00Hz, using preferred mode 1920x1080@60.00Hz
[1;32mDEBUG [0m]: output HEADLESS-4 succeeded basic test on format DRM_FORMAT_XRGB8888
[1;32mDEBUG [0m]: Monitor HEADLESS-4 -> destroyed all render data
[1;32mDEBUG [0m]: CMonitor::updateVCGTRamps: skipping, no gamma ramp for output
[1;32mDEBUG [0m]: Monitor HEADLESS-4 data dump: res 1920x1080@60.00Hz, scale 1.00, transform 0, pos -1x-1, 10b 0
[1;32mDEBUG [0m]: Added new monitor with name HEADLESS-4 at [-1, -1] with size [1920, 1080], pointer 559988905c70
[1;32mDEBUG [0m]: New monitor: WORKSPACEID 2, exists: 0
[1;32mDEBUG [0m]: checking if we have seen this monitor before: HEADLESS-4
[1;32mDEBUG [0m]: Monitor HEADLESS-4 was not on any workspace
[1;31mERR [0m]: getConvertedColor: failed to get image description
[1;32mDEBUG [0m]: [IWaylandProtocol] Registered global [WLOutput (HEADLESS-4)]
[1;32mDEBUG [0m]: arrangeMonitors: 3 to arrange
[1;32mDEBUG [0m]: arrangeMonitors: HEADLESS-1 explicit [2000, 0]
[1;32mDEBUG [0m]: arrangeMonitors: WAYLAND-1 auto [3920, 0]
[1;32mDEBUG [0m]: arrangeMonitors: HEADLESS-4 auto [5840, 0]
[1;32mDEBUG [0m]: arrangeMonitors: WAYLAND-1 xwayland [0, 0]
[1;32mDEBUG [0m]: arrangeMonitors: HEADLESS-1 xwayland [1920, 0]
[1;32mDEBUG [0m]: arrangeMonitors: HEADLESS-4 xwayland [3840, 0]
[1;32mDEBUG [0m]: [CXDGOutputProtocol] updating all xdg_output heads
[1;31mERR [0m]: getConvertedColor: failed to get image description
[1;32mDEBUG [0m]: [CXDGOutputProtocol] updating all xdg_output heads
[1;33mWARN [0m]: No rule found for WAYLAND-1, trying to use the first.
[1;33mWARN [0m]: No rule found for HEADLESS-4, trying to use the first.
[1;32mDEBUG [0m]: Framebuffer "Monitor HEADLESS-4 blur FB" created, status 36053
[1;32mDEBUG [0m]: Framebuffer "Monitor HEADLESS-4 workbuffer" created, status 36053
[1;33mWARN [0m]: FIXME: color management protocol is enabled and outputs changed, check preferred image description changes
[1;32mDEBUG [0m]: Hyprctl: new connection from pid 34
[1;32mDEBUG [0m]: Hyprctl: new connection from pid 34
[1;32mDEBUG [0m]: [CXDGOutputProtocol] New xdg_output for HEADLESS-4: client 559987251ce0 (not xwayland)
[1;32mDEBUG [0m]: [CXDGOutputProtocol] New xdg_output for HEADLESS-4: client 5599880eeac0 (not xwayland)
[1;32mDEBUG [0m]: Hyprctl: new connection from pid 1140
[1;32mDEBUG [0m]: [CWLCompositorResource] New wl_surface with id 79 at 55998875e3c0
[1;32mDEBUG [0m]: [CWLCompositorResource] New wl_surface with id 84 at 55998875e3c0
[1;32mDEBUG [0m]: CWLSurface 55998825f730 called init()
[1;32mDEBUG [0m]: LayerSurface 55998826b1b0 (namespace putkin-bar layer 2) created on monitor HEADLESS-4
[1;32mDEBUG [0m]: [CLayerShellProtocol] New wlr_layer_surface 55998826b1b0
[1;32mDEBUG [0m]: [CWLCompositorResource] New wl_surface with id 135 at 559988294d70
[1;32mDEBUG [0m]: [CWLCompositorResource] New wl_surface with id 136 at 559988294d70
[1;32mDEBUG [0m]: CWLSurface 559988239bf0 called init()
[1;32mDEBUG [0m]: LayerSurface 559988741650 (namespace putkin-wallpaper layer 0) created on monitor HEADLESS-4
[1;32mDEBUG [0m]: [CLayerShellProtocol] New wlr_layer_surface 559988741650
[1;32mDEBUG [0m]: Hyprctl: new connection from pid 1141
[1;32mDEBUG [0m]: Hyprctl: keyword monitor : HEADLESS-4,1920x1080@60,4000x0,1.5
[1;32mDEBUG [0m]: ApplyConfigToKeyboard for "wl_keyboard", hasconfig: 0
[1;32mDEBUG [0m]: Not applying config to keyboard, it did not change.
[1;33mWARN [0m]: No rule found for WAYLAND-1, trying to use the first.
[1;32mDEBUG [0m]: Applying monitor rule for HEADLESS-4
[1;32mDEBUG [0m]: Monitor HEADLESS-4: requested 1920x1080@60.00Hz, using preferred mode 1920x1080@60.00Hz
[1;32mDEBUG [0m]: output HEADLESS-4 succeeded basic test on format DRM_FORMAT_XRGB8888
[1;32mDEBUG [0m]: CMonitor::updateVCGTRamps: skipping, no gamma ramp for output
[1;32mDEBUG [0m]: Monitor HEADLESS-4 data dump: res 1920x1080@60.00Hz, scale 1.50, transform 0, pos 5840x0, 10b 0
[1;33mWARN [0m]: FIXME: color management protocol is enabled and outputs changed, check preferred image description changes
[1;32mDEBUG [0m]: arrangeMonitors: 3 to arrange
[1;32mDEBUG [0m]: arrangeMonitors: HEADLESS-1 explicit [2000, 0]
[1;32mDEBUG [0m]: arrangeMonitors: HEADLESS-4 explicit [4000, 0]
[1;32mDEBUG [0m]: arrangeMonitors: WAYLAND-1 auto [5280, 0]
[1;32mDEBUG [0m]: arrangeMonitors: WAYLAND-1 xwayland [0, 0]
[1;32mDEBUG [0m]: arrangeMonitors: HEADLESS-1 xwayland [1920, 0]
[1;32mDEBUG [0m]: arrangeMonitors: HEADLESS-4 xwayland [3840, 0]
[1;32mDEBUG [0m]: [CXDGOutputProtocol] updating all xdg_output heads
[1;31mERR [0m]: getConvertedColor: failed to get image description
[1;32mDEBUG [0m]: [CXDGOutputProtocol] updating all xdg_output heads
[1;31mERR [0m]: getConvertedColor: failed to get image description
[1;32mDEBUG [0m]: [CXDGOutputProtocol] updating all xdg_output heads
[1;31mERR [0m]: getConvertedColor: failed to get image description
[1;32mDEBUG [0m]: [CWLCompositorResource] New wl_region with id 125 at 5599889dd6c0
[1;32mDEBUG [0m]: [CLinuxDMABUFParamsResource] Creating a dmabuf, with id 128: size [Vector2D: x: 1920, y: 32], fmt AR24, planes 1
[1;32mDEBUG [0m]: [CLinuxDMABUFParamsResource]  | plane 0: mod 72057594037927952 fd 49 stride 7680 offset 0
[1;32mDEBUG [0m]: [CWLCompositorResource] New wl_region with id 110 at 55998846f6b0
[1;32mDEBUG [0m]: LayerSurface 55998826b1b0 mapped
[1;32mDEBUG [0m]: [CWLCompositorResource] New wl_region with id 135 at 55998846f6b0
[1;32mDEBUG [0m]: [CLinuxDMABUFParamsResource] Creating a dmabuf, with id 107: size [Vector2D: x: 1920, y: 1080], fmt AR24, planes 1
[1;32mDEBUG [0m]: [CLinuxDMABUFParamsResource]  | plane 0: mod 72057594037927952 fd 76 stride 7680 offset 0
[1;32mDEBUG [0m]: LayerSurface 559988741650 mapped
[1;32mDEBUG [0m]: [CLinuxDMABUFParamsResource] Creating a dmabuf, with id 135: size [Vector2D: x: 1920, y: 32], fmt AR24, planes 1
[1;32mDEBUG [0m]: [CLinuxDMABUFParamsResource]  | plane 0: mod 72057594037927952 fd 93 stride 7680 offset 0
[1;32mDEBUG [0m]: [CLinuxDMABUFParamsResource] Creating a dmabuf, with id 130: size [Vector2D: x: 2880, y: 1620], fmt AR24, planes 1
[1;32mDEBUG [0m]: [CLinuxDMABUFParamsResource]  | plane 0: mod 72057594037927952 fd 90 stride 11520 offset 0
[1;32mDEBUG [0m]: [CLinuxDMABUFParamsResource] Creating a dmabuf, with id 125: size [Vector2D: x: 2880, y: 48], fmt AR24, planes 1
[1;32mDEBUG [0m]: [CLinuxDMABUFParamsResource]  | plane 0: mod 72057594037927952 fd 95 stride 11520 offset 0
[1;32mDEBUG [0m]: [CWLCompositorResource] New wl_region with id 97 at 5599880eab90
[1;32mDEBUG [0m]: [CLinuxDMABUFParamsResource] Creating a dmabuf, with id 116: size [Vector2D: x: 1920, y: 48], fmt AR24, planes 1
[1;32mDEBUG [0m]: [CLinuxDMABUFParamsResource]  | plane 0: mod 72057594037927952 fd 91 stride 7680 offset 0
[1;32mDEBUG [0m]: [CWLCompositorResource] New wl_region with id 128 at 55998878a820
[1;32mDEBUG [0m]: [CLinuxDMABUFParamsResource] Creating a dmabuf, with id 112: size [Vector2D: x: 1920, y: 1080], fmt AR24, planes 1
[1;32mDEBUG [0m]: [CLinuxDMABUFParamsResource]  | plane 0: mod 72057594037927952 fd 98 stride 7680 offset 0
[1;32mDEBUG [0m]: [CLinuxDMABUFParamsResource] Creating a dmabuf, with id 125: size [Vector2D: x: 1920, y: 48], fmt AR24, planes 1
[1;32mDEBUG [0m]: [CLinuxDMABUFParamsResource]  | plane 0: mod 72057594037927952 fd 49 stride 7680 offset 0
[1;32mDEBUG [0m]: [CLinuxDMABUFParamsResource] Creating a dmabuf, with id 110: size [Vector2D: x: 1920, y: 1080], fmt AR24, planes 1
[1;32mDEBUG [0m]: [CLinuxDMABUFParamsResource]  | plane 0: mod 72057594037927952 fd 100 stride 7680 offset 0
[1;32mDEBUG [0m]: Hyprctl: new connection from pid 1152
[1;32mDEBUG [0m]: Hyprctl: dispatcher focusmonitor : HEADLESS-4
[1;32mDEBUG [0m]: [CWLCompositorResource] New wl_surface with id 62 at 559988659320
[1;32mDEBUG [0m]: CWLSurface 559988239d10 called init()
[1;32mDEBUG [0m]: LayerSurface 55998826b9f0 (namespace putkin-panel layer 3) created on monitor HEADLESS-4
[1;32mDEBUG [0m]: [CLayerShellProtocol] New wlr_layer_surface 55998826b9f0
[1;32mDEBUG [0m]: [CPrimarySelectionProtocol] CPrimarySelectionProtocol::updateSelection: cannot send selection to a client without a data_device
[1;32mDEBUG [0m]: [CWLCompositorResource] New wl_region with id 128 at 55998823fe10
[1;32mDEBUG [0m]: [CLinuxDMABUFParamsResource] Creating a dmabuf, with id 117: size [Vector2D: x: 552, y: 195], fmt AR24, planes 1
[1;32mDEBUG [0m]: [CLinuxDMABUFParamsResource]  | plane 0: mod 72057594037927952 fd 89 stride 2304 offset 0
[1;32mDEBUG [0m]: cursorImage request: shape 1 -> default
[1;32mDEBUG [0m]: XCursor scanning theme default
[1;32mDEBUG [0m]: XCursor parsing index.theme /usr/share/icons/default/index.theme
[1;32mDEBUG [0m]: XCursor theme default inherits Adwaita
[1;32mDEBUG [0m]: XCursor scanning theme Adwaita
[1;32mDEBUG [0m]: XCursor using theme path /usr/share/icons/Adwaita/cursors
[1;32mDEBUG [0m]: XCursor parsing index.theme /usr/share/icons/Adwaita/index.theme
[1;32mDEBUG [0m]: XCursor theme Adwaita inherits AdwaitaLegacy
[1;32mDEBUG [0m]: XCursor theme Adwaita inherits hicolor
[1;32mDEBUG [0m]: XCursor scanning theme Adwaita
[1;32mDEBUG [0m]: XCursor using theme path /usr/share/icons/Adwaita/cursors
[1;32mDEBUG [0m]: XCursor parsing index.theme /usr/share/icons/Adwaita/index.theme
[1;32mDEBUG [0m]: XCursor theme Adwaita inherits AdwaitaLegacy
[1;32mDEBUG [0m]: XCursor theme Adwaita inherits hicolor
[1;32mDEBUG [0m]: XCursor scanning theme AdwaitaLegacy
[1;32mDEBUG [0m]: XCursor parsing index.theme /usr/share/icons/AdwaitaLegacy/index.theme
[1;32mDEBUG [0m]: XCursor theme AdwaitaLegacy inherits hicolor
[1;32mDEBUG [0m]: XCursor scanning theme hicolor
[1;32mDEBUG [0m]: XCursor parsing index.theme /usr/share/icons/hicolor/index.theme
[1;32mDEBUG [0m]: XCursor already has a shape default loaded, skipping
[1;32mDEBUG [0m]: XCursor already has a shape context-menu loaded, skipping
[1;32mDEBUG [0m]: XCursor already has a shape help loaded, skipping
[1;32mDEBUG [0m]: XCursor already has a shape pointer loaded, skipping
[1;32mDEBUG [0m]: XCursor already has a shape progress loaded, skipping
[1;32mDEBUG [0m]: XCursor already has a shape wait loaded, skipping
[1;32mDEBUG [0m]: XCursor failed to find a legacy shape with name plus, skipping
[1;32mDEBUG [0m]: XCursor already has a shape crosshair loaded, skipping
[1;32mDEBUG [0m]: XCursor already has a shape text loaded, skipping
[1;32mDEBUG [0m]: XCursor already has a shape vertical-text loaded, skipping
[1;32mDEBUG [0m]: XCursor failed to find a legacy shape with name dnd-link, skipping
[1;32mDEBUG [0m]: XCursor failed to find a legacy shape with name dnd-copy, skipping
[1;32mDEBUG [0m]: XCursor already has a shape move loaded, skipping
[1;32mDEBUG [0m]: XCursor failed to find a legacy shape with name dnd-none, skipping
[1;32mDEBUG [0m]: XCursor failed to find a legacy shape with name crossed_circle, skipping
[1;32mDEBUG [0m]: XCursor already has a shape grab loaded, skipping
[1;32mDEBUG [0m]: XCursor already has a shape grabbing loaded, skipping
[1;32mDEBUG [0m]: XCursor already has a shape e-resize loaded, skipping
[1;32mDEBUG [0m]: XCursor already has a shape n-resize loaded, skipping
[1;32mDEBUG [0m]: XCursor already has a shape ne-resize loaded, skipping
[1;32mDEBUG [0m]: XCursor already has a shape nw-resize loaded, skipping
[1;32mDEBUG [0m]: XCursor already has a shape s-resize loaded, skipping
[1;32mDEBUG [0m]: XCursor already has a shape se-resize loaded, skipping
[1;32mDEBUG [0m]: XCursor already has a shape sw-resize loaded, skipping
[1;32mDEBUG [0m]: XCursor already has a shape w-resize loaded, skipping
[1;32mDEBUG [0m]: XCursor already has a shape ew-resize loaded, skipping
[1;32mDEBUG [0m]: XCursor already has a shape ns-resize loaded, skipping
[1;32mDEBUG [0m]: XCursor already has a shape nesw-resize loaded, skipping
[1;32mDEBUG [0m]: XCursor already has a shape nwse-resize loaded, skipping
[1;32mDEBUG [0m]: XCursor already has a shape col-resize loaded, skipping
[1;32mDEBUG [0m]: XCursor already has a shape row-resize loaded, skipping
[1;32mDEBUG [0m]: XCursor already has a shape all-scroll loaded, skipping
[1;32mDEBUG [0m]: XCursor already has a shape zoom-in loaded, skipping
[1;32mDEBUG [0m]: XCursor already has a shape zoom-out loaded, skipping
[1;32mDEBUG [0m]: XCursor failed to find a legacy shape with name dnd-copy, skipping
[1;32mDEBUG [0m]: XCursor already has a shape all-resize loaded, skipping
[1;33mWARN [0m]: GSettings default schema source does not exist, can't sync GSettings
[1;33mWARN [0m]: GSettings parameter doesn't exist cursor-theme in org.gnome.desktop.interface
[1;33mWARN [0m]: GSettings default schema source does not exist, can't sync GSettings
[1;33mWARN [0m]: GSettings parameter doesn't exist cursor-size in org.gnome.desktop.interface
[1;32mDEBUG [0m]: LayerSurface 55998826b9f0 mapped
[1;32mDEBUG [0m]: [CLinuxDMABUFParamsResource] Creating a dmabuf, with id 134: size [Vector2D: x: 552, y: 195], fmt AR24, planes 1
[1;32mDEBUG [0m]: [CLinuxDMABUFParamsResource]  | plane 0: mod 72057594037927952 fd 93 stride 2304 offset 0
[1;32mDEBUG [0m]: [CLinuxDMABUFParamsResource] Creating a dmabuf, with id 124: size [Vector2D: x: 552, y: 1068], fmt AR24, planes 1
[1;32mDEBUG [0m]: [CLinuxDMABUFParamsResource]  | plane 0: mod 72057594037927952 fd 103 stride 2304 offset 0
[1;32mDEBUG [0m]: [CLinuxDMABUFParamsResource] Creating a dmabuf, with id 139: size [Vector2D: x: 552, y: 1068], fmt AR24, planes 1
[1;32mDEBUG [0m]: [CLinuxDMABUFParamsResource]  | plane 0: mod 72057594037927952 fd 93 stride 2304 offset 0
[1;32mDEBUG [0m]: [CWLSeatProtocol] New seat resource bound at 559988728090
[1;32mDEBUG [0m]: [CVirtualKeyboardProtocol] New VKeyboard at id 5
[1;32mDEBUG [0m]: ApplyConfigToKeyboard for "hl-virtual-keyboard-wtype", hasconfig: 0
[1;32mDEBUG [0m]: Attempting to create a keymap for layout us with variant  (rules: , model: , options: )
[1;32mDEBUG [0m]: Updating keyboard 55998829dee0's translation state from a provided keymap
[1;32mDEBUG [0m]: xkb: LED index 0 (name Num Lock) got index 1
[1;32mDEBUG [0m]: xkb: LED index 1 (name Caps Lock) got index 0
[1;32mDEBUG [0m]: xkb: LED index 2 (name Scroll Lock) got index 2
[1;32mDEBUG [0m]: xkb: Mod index 0 (name Shift) got index 0
[1;32mDEBUG [0m]: xkb: Mod index 1 (name Lock) got index 1
[1;32mDEBUG [0m]: xkb: Mod index 2 (name Control) got index 2
[1;32mDEBUG [0m]: xkb: Mod index 3 (name Mod1) got index 3
[1;32mDEBUG [0m]: xkb: Mod index 4 (name Mod2) got index 4
[1;32mDEBUG [0m]: xkb: Mod index 5 (name Mod3) got index 5
[1;32mDEBUG [0m]: xkb: Mod index 6 (name Mod4) got index 6
[1;32mDEBUG [0m]: xkb: Mod index 7 (name Mod5) got index 7
[1;32mDEBUG [0m]: Updating keymap fd for keyboard hl-virtual-keyboard-wtype
[1;32mDEBUG [0m]: Updated keymap fd to 109, keymap V1 to: 111
[1;32mDEBUG [0m]: Set the keyboard layout to us and variant to  for keyboard "hl-virtual-keyboard-wtype"
[1;32mDEBUG [0m]: New virtual keyboard created at 55998829dee0
[1;32mDEBUG [0m]: Updating keyboard 55998829dee0's translation state from a provided keymap
[1;32mDEBUG [0m]: Updating keymap fd for keyboard hl-virtual-keyboard-wtype
[1;32mDEBUG [0m]: Updated keymap fd to 109, keymap V1 to: 111
[1;32mDEBUG [0m]: [CWLCompositorResource] New wl_region with id 133 at 55998894df90
[1;32mDEBUG [0m]: Keyboard at 55998829dee0 removed
[1;32mDEBUG [0m]: Destroyed keyboard 55998829dee0
[1;32mDEBUG [0m]: [CLinuxDMABUFParamsResource] Creating a dmabuf, with id 128: size [Vector2D: x: 552, y: 465], fmt AR24, planes 1
[1;32mDEBUG [0m]: [CLinuxDMABUFParamsResource]  | plane 0: mod 72057594037927952 fd 93 stride 2304 offset 0
[1;32mDEBUG [0m]: [CWLSeatProtocol] New seat resource bound at 559988bf3df0
[1;32mDEBUG [0m]: [CVirtualKeyboardProtocol] New VKeyboard at id 5
[1;32mDEBUG [0m]: ApplyConfigToKeyboard for "hl-virtual-keyboard-wtype", hasconfig: 0
[1;32mDEBUG [0m]: Attempting to create a keymap for layout us with variant  (rules: , model: , options: )
[1;32mDEBUG [0m]: Updating keyboard 55998829dee0's translation state from a provided keymap
[1;32mDEBUG [0m]: xkb: LED index 0 (name Num Lock) got index 1
[1;32mDEBUG [0m]: xkb: LED index 1 (name Caps Lock) got index 0
[1;32mDEBUG [0m]: xkb: LED index 2 (name Scroll Lock) got index 2
[1;32mDEBUG [0m]: xkb: Mod index 0 (name Shift) got index 0
[1;32mDEBUG [0m]: xkb: Mod index 1 (name Lock) got index 1
[1;32mDEBUG [0m]: xkb: Mod index 2 (name Control) got index 2
[1;32mDEBUG [0m]: xkb: Mod index 3 (name Mod1) got index 3
[1;32mDEBUG [0m]: xkb: Mod index 4 (name Mod2) got index 4
[1;32mDEBUG [0m]: xkb: Mod index 5 (name Mod3) got index 5
[1;32mDEBUG [0m]: xkb: Mod index 6 (name Mod4) got index 6
[1;32mDEBUG [0m]: xkb: Mod index 7 (name Mod5) got index 7
[1;32mDEBUG [0m]: Updating keymap fd for keyboard hl-virtual-keyboard-wtype
[1;32mDEBUG [0m]: Updated keymap fd to 108, keymap V1 to: 110
[1;32mDEBUG [0m]: Set the keyboard layout to us and variant to  for keyboard "hl-virtual-keyboard-wtype"
[1;32mDEBUG [0m]: New virtual keyboard created at 55998829dee0
[1;32mDEBUG [0m]: Updating keyboard 55998829dee0's translation state from a provided keymap
[1;32mDEBUG [0m]: Updating keymap fd for keyboard hl-virtual-keyboard-wtype
[1;32mDEBUG [0m]: Updated keymap fd to 108, keymap V1 to: 110
[1;32mDEBUG [0m]: [CLinuxDMABUFParamsResource] Creating a dmabuf, with id 139: size [Vector2D: x: 552, y: 465], fmt AR24, planes 1
[1;32mDEBUG [0m]: [CLinuxDMABUFParamsResource]  | plane 0: mod 72057594037927952 fd 106 stride 2304 offset 0
[1;32mDEBUG [0m]: Keyboard at 55998829dee0 removed
[1;32mDEBUG [0m]: Destroyed keyboard 55998829dee0
[1;32mDEBUG [0m]: [CWLSeatProtocol] New seat resource bound at 5599889dd580
[1;32mDEBUG [0m]: [CVirtualKeyboardProtocol] New VKeyboard at id 5
[1;32mDEBUG [0m]: ApplyConfigToKeyboard for "hl-virtual-keyboard-wtype", hasconfig: 0
[1;32mDEBUG [0m]: Attempting to create a keymap for layout us with variant  (rules: , model: , options: )
[1;32mDEBUG [0m]: Updating keyboard 55998829dee0's translation state from a provided keymap
[1;32mDEBUG [0m]: xkb: LED index 0 (name Num Lock) got index 1
[1;32mDEBUG [0m]: xkb: LED index 1 (name Caps Lock) got index 0
[1;32mDEBUG [0m]: xkb: LED index 2 (name Scroll Lock) got index 2
[1;32mDEBUG [0m]: xkb: Mod index 0 (name Shift) got index 0
[1;32mDEBUG [0m]: xkb: Mod index 1 (name Lock) got index 1
[1;32mDEBUG [0m]: xkb: Mod index 2 (name Control) got index 2
[1;32mDEBUG [0m]: xkb: Mod index 3 (name Mod1) got index 3
[1;32mDEBUG [0m]: xkb: Mod index 4 (name Mod2) got index 4
[1;32mDEBUG [0m]: xkb: Mod index 5 (name Mod3) got index 5
[1;32mDEBUG [0m]: xkb: Mod index 6 (name Mod4) got index 6
[1;32mDEBUG [0m]: xkb: Mod index 7 (name Mod5) got index 7
[1;32mDEBUG [0m]: Updating keymap fd for keyboard hl-virtual-keyboard-wtype
[1;32mDEBUG [0m]: Updated keymap fd to 108, keymap V1 to: 110
[1;32mDEBUG [0m]: Set the keyboard layout to us and variant to  for keyboard "hl-virtual-keyboard-wtype"
[1;32mDEBUG [0m]: New virtual keyboard created at 55998829dee0
[1;32mDEBUG [0m]: Updating keyboard 55998829dee0's translation state from a provided keymap
[1;32mDEBUG [0m]: Updating keymap fd for keyboard hl-virtual-keyboard-wtype
[1;32mDEBUG [0m]: Updated keymap fd to 108, keymap V1 to: 110
[1;32mDEBUG [0m]: [CWLCompositorResource] New wl_region with id 134 at 55998893b1f0
[1;32mDEBUG [0m]: [CWLCompositorResource] New wl_region with id 133 at 55998893b1f0
[1;32mDEBUG [0m]: [CLinuxDMABUFParamsResource] Creating a dmabuf, with id 133: size [Vector2D: x: 552, y: 267], fmt AR24, planes 1
[1;32mDEBUG [0m]: [CLinuxDMABUFParamsResource]  | plane 0: mod 72057594037927952 fd 95 stride 2304 offset 0
[1;32mDEBUG [0m]: Keyboard at 55998829dee0 removed
[1;32mDEBUG [0m]: Destroyed keyboard 55998829dee0
[1;32mDEBUG [0m]: Hyprctl: new connection from pid 1174
[1;32mDEBUG [0m]: Destroy called for monitor HEADLESS-4
[1;32mDEBUG [0m]: onDisconnect called for HEADLESS-4
[1;32mDEBUG [0m]: Monitor HEADLESS-4 -> destroyed all render data
[1;32mDEBUG [0m]: Disconnecting Monitor HEADLESS-4 was on workspace 2
[1;32mDEBUG [0m]: Removed monitor HEADLESS-4!
[1;32mDEBUG [0mfrom aquamarine ]: GBM: Allocated a new buffer with size [Vector2D: x: 48, y: 48] and format AR24 with modifier 0x100000000000010 : 4_TILED_LNL_CCS
[1;32mDEBUG [0mfrom aquamarine ]: GBM: Allocated a new buffer with size [Vector2D: x: 48, y: 48] and format AR24 with modifier 0x100000000000010 : 4_TILED_LNL_CCS
[1;32mDEBUG [0mfrom aquamarine ]: Swapchain: Reconfigured a swapchain to [Vector2D: x: 48, y: 48] AR24 of length 2
[1;31mERR [0m]: getConvertedColor: failed to get image description
[1;32mDEBUG [0m]: moveWorkspaceToMonitor: Moving 2 to monitor 0
[1;32mDEBUG [0m]: moveWorkspaceToMonitor: Plugging gap with new 4
[1;32mDEBUG [0m]: moveWorkspaceToMonitor: Plugging gap with existing 4
[1;32mDEBUG [0m]: Destroying workspace ID 4
[1;32mDEBUG [0m]: Destroying workspace ID 2
[1;32mDEBUG [0m]: Monitor HEADLESS-4 -> destroyed all render data
[1;31mERR [0m]: getConvertedColor: failed to get image description
[1;32mDEBUG [0m]: arrangeMonitors: 2 to arrange
[1;32mDEBUG [0m]: arrangeMonitors: HEADLESS-1 explicit [2000, 0]
[1;32mDEBUG [0m]: arrangeMonitors: WAYLAND-1 auto [3920, 0]
[1;32mDEBUG [0m]: arrangeMonitors: WAYLAND-1 xwayland [0, 0]
[1;32mDEBUG [0m]: arrangeMonitors: HEADLESS-1 xwayland [1920, 0]
[1;32mDEBUG [0m]: [CXDGOutputProtocol] updating all xdg_output heads
[1;31mERR [0m]: getConvertedColor: failed to get image description
[1;32mDEBUG [0m]: [CXDGOutputProtocol] updating all xdg_output heads
[1;32mDEBUG [0m]: Hyprctl: new connection from pid 34
[1;32mDEBUG [0m]: LayerSurface 559988741650 destroyed
[1;33mWARN [0m]: Layersurface destroyed on an invalid monitor (removed?)
[1;32mDEBUG [0m]: Forcing an unmap of a LS that did a straight destroy!
[1;32mDEBUG [0m]: LayerSurface 559988741650 unmapped
[1;33mWARN [0m]: Layersurface unmapping on invalid monitor (removed?) ignoring.
[1;32mDEBUG [0m]: CWLSurface 559988239bf0 called destroy()
[1;32mDEBUG [0m]: LayerSurface 55998826b1b0 destroyed
[1;33mWARN [0m]: Layersurface destroyed on an invalid monitor (removed?)
[1;32mDEBUG [0m]: Forcing an unmap of a LS that did a straight destroy!
[1;32mDEBUG [0m]: LayerSurface 55998826b1b0 unmapped
[1;33mWARN [0m]: Layersurface unmapping on invalid monitor (removed?) ignoring.
[1;32mDEBUG [0m]: CWLSurface 55998825f730 called destroy()
[1;32mDEBUG [0m]: XCursor scanning theme default
[1;32mDEBUG [0m]: XCursor parsing index.theme /usr/share/icons/default/index.theme
[1;32mDEBUG [0m]: XCursor theme default inherits Adwaita
[1;32mDEBUG [0m]: XCursor scanning theme Adwaita
[1;32mDEBUG [0m]: XCursor using theme path /usr/share/icons/Adwaita/cursors
[1;32mDEBUG [0m]: XCursor parsing index.theme /usr/share/icons/Adwaita/index.theme
[1;32mDEBUG [0m]: XCursor theme Adwaita inherits AdwaitaLegacy
[1;32mDEBUG [0m]: XCursor theme Adwaita inherits hicolor
[1;32mDEBUG [0m]: XCursor scanning theme Adwaita
[1;32mDEBUG [0m]: XCursor using theme path /usr/share/icons/Adwaita/cursors
[1;32mDEBUG [0m]: XCursor parsing index.theme /usr/share/icons/Adwaita/index.theme
[1;32mDEBUG [0m]: XCursor theme Adwaita inherits AdwaitaLegacy
[1;32mDEBUG [0m]: XCursor theme Adwaita inherits hicolor
[1;32mDEBUG [0m]: XCursor scanning theme AdwaitaLegacy
[1;32mDEBUG [0m]: XCursor parsing index.theme /usr/share/icons/AdwaitaLegacy/index.theme
[1;32mDEBUG [0m]: XCursor theme AdwaitaLegacy inherits hicolor
[1;32mDEBUG [0m]: XCursor scanning theme hicolor
[1;32mDEBUG [0m]: XCursor parsing index.theme /usr/share/icons/hicolor/index.theme
[1;32mDEBUG [0m]: XCursor already has a shape default loaded, skipping
[1;32mDEBUG [0m]: XCursor already has a shape context-menu loaded, skipping
[1;32mDEBUG [0m]: XCursor already has a shape help loaded, skipping
[1;32mDEBUG [0m]: XCursor already has a shape pointer loaded, skipping
[1;32mDEBUG [0m]: XCursor already has a shape progress loaded, skipping
[1;32mDEBUG [0m]: XCursor already has a shape wait loaded, skipping
[1;32mDEBUG [0m]: XCursor failed to find a legacy shape with name plus, skipping
[1;32mDEBUG [0m]: XCursor already has a shape crosshair loaded, skipping
[1;32mDEBUG [0m]: XCursor already has a shape text loaded, skipping
[1;32mDEBUG [0m]: XCursor already has a shape vertical-text loaded, skipping
[1;32mDEBUG [0m]: XCursor failed to find a legacy shape with name dnd-link, skipping
[1;32mDEBUG [0m]: XCursor failed to find a legacy shape with name dnd-copy, skipping
[1;32mDEBUG [0m]: XCursor already has a shape move loaded, skipping
[1;32mDEBUG [0m]: XCursor failed to find a legacy shape with name dnd-none, skipping
[1;32mDEBUG [0m]: XCursor failed to find a legacy shape with name crossed_circle, skipping
[1;32mDEBUG [0m]: XCursor already has a shape grab loaded, skipping
[1;32mDEBUG [0m]: XCursor already has a shape grabbing loaded, skipping
[1;32mDEBUG [0m]: XCursor already has a shape e-resize loaded, skipping
[1;32mDEBUG [0m]: XCursor already has a shape n-resize loaded, skipping
[1;32mDEBUG [0m]: XCursor already has a shape ne-resize loaded, skipping
[1;32mDEBUG [0m]: XCursor already has a shape nw-resize loaded, skipping
[1;32mDEBUG [0m]: XCursor already has a shape s-resize loaded, skipping
[1;32mDEBUG [0m]: XCursor already has a shape se-resize loaded, skipping
[1;32mDEBUG [0m]: XCursor already has a shape sw-resize loaded, skipping
[1;32mDEBUG [0m]: XCursor already has a shape w-resize loaded, skipping
[1;32mDEBUG [0m]: XCursor already has a shape ew-resize loaded, skipping
[1;32mDEBUG [0m]: XCursor already has a shape ns-resize loaded, skipping
[1;32mDEBUG [0m]: XCursor already has a shape nesw-resize loaded, skipping
[1;32mDEBUG [0m]: XCursor already has a shape nwse-resize loaded, skipping
[1;32mDEBUG [0m]: XCursor already has a shape col-resize loaded, skipping
[1;32mDEBUG [0m]: XCursor already has a shape row-resize loaded, skipping
[1;32mDEBUG [0m]: XCursor already has a shape all-scroll loaded, skipping
[1;32mDEBUG [0m]: XCursor already has a shape zoom-in loaded, skipping
[1;32mDEBUG [0m]: XCursor already has a shape zoom-out loaded, skipping
[1;32mDEBUG [0m]: XCursor failed to find a legacy shape with name dnd-copy, skipping
[1;32mDEBUG [0m]: XCursor already has a shape all-resize loaded, skipping
[1;33mWARN [0m]: GSettings default schema source does not exist, can't sync GSettings
[1;33mWARN [0m]: GSettings parameter doesn't exist cursor-theme in org.gnome.desktop.interface
[1;33mWARN [0m]: GSettings default schema source does not exist, can't sync GSettings
[1;33mWARN [0m]: GSettings parameter doesn't exist cursor-size in org.gnome.desktop.interface
[1;32mDEBUG [0mfrom aquamarine ]: GBM: Allocated a new buffer with size [Vector2D: x: 24, y: 24] and format AR24 with modifier 0x100000000000010 : 4_TILED_LNL_CCS
[1;32mDEBUG [0mfrom aquamarine ]: GBM: Allocated a new buffer with size [Vector2D: x: 24, y: 24] and format AR24 with modifier 0x100000000000010 : 4_TILED_LNL_CCS
[1;32mDEBUG [0mfrom aquamarine ]: Swapchain: Reconfigured a swapchain to [Vector2D: x: 24, y: 24] AR24 of length 2
[1;31mERR [0m]: getConvertedColor: failed to get image description
[1;32mDEBUG [0m]: LayerSurface 55998826b9f0 destroyed
[1;33mWARN [0m]: Layersurface destroyed on an invalid monitor (removed?)
[1;32mDEBUG [0m]: Forcing an unmap of a LS that did a straight destroy!
[1;32mDEBUG [0m]: LayerSurface 55998826b9f0 unmapped
[1;33mWARN [0m]: Layersurface unmapping on invalid monitor (removed?) ignoring.
[1;32mDEBUG [0m]: CWLSurface 559988239d10 called destroy()
[1;32mDEBUG [0m]: Hyprctl: new connection from pid 34
[1;32mDEBUG [0m]: Hyprctl: new connection from pid 1181
[1;32mDEBUG [0m]: Hyprctl: new connection from pid 1182
[1;32mDEBUG [0m]: New aquamarine output with name HEADLESS-5
[1;32mDEBUG [0m]: [CMonitorStateTracker] New monitor: HEADLESS-5
[1;33mWARN [0m]: No rule found for HEADLESS-5, trying to use the first.
[1;32mDEBUG [0m]: Applying monitor rule for HEADLESS-5
[1;32mDEBUG [0mfrom aquamarine ]: GBM: Allocated a new buffer with size [Vector2D: x: 1920, y: 1080] and format XR24 with modifier 0x0 : LINEAR
[1;32mDEBUG [0mfrom aquamarine ]: GBM: Allocated a new buffer with size [Vector2D: x: 1920, y: 1080] and format XR24 with modifier 0x0 : LINEAR
[1;32mDEBUG [0mfrom aquamarine ]: GBM: Allocated a new buffer with size [Vector2D: x: 1920, y: 1080] and format XR24 with modifier 0x0 : LINEAR
[1;32mDEBUG [0mfrom aquamarine ]: Swapchain: Reconfigured a swapchain to [Vector2D: x: 1920, y: 1080] XR24 of length 3
[1;32mDEBUG [0m]: CMonitorState::ensureBufferPresent: no buffer or mismatched format, attaching one from the swapchain for modeset being possible
[1;32mDEBUG [0m]: Monitor HEADLESS-5: requested 1920x1080@60.00Hz, using preferred mode 1920x1080@60.00Hz
[1;32mDEBUG [0m]: output HEADLESS-5 succeeded basic test on format DRM_FORMAT_XRGB8888
[1;32mDEBUG [0m]: Monitor HEADLESS-5 -> destroyed all render data
[1;32mDEBUG [0m]: CMonitor::updateVCGTRamps: skipping, no gamma ramp for output
[1;32mDEBUG [0m]: Monitor HEADLESS-5 data dump: res 1920x1080@60.00Hz, scale 1.00, transform 0, pos -1x-1, 10b 0
[1;32mDEBUG [0m]: Added new monitor with name HEADLESS-5 at [-1, -1] with size [1920, 1080], pointer 559988905c70
[1;32mDEBUG [0m]: New monitor: WORKSPACEID 2, exists: 0
[1;32mDEBUG [0m]: checking if we have seen this monitor before: HEADLESS-5
[1;32mDEBUG [0m]: Monitor HEADLESS-5 was not on any workspace
[1;31mERR [0m]: getConvertedColor: failed to get image description
[1;32mDEBUG [0m]: [IWaylandProtocol] Registered global [WLOutput (HEADLESS-5)]
[1;32mDEBUG [0m]: arrangeMonitors: 3 to arrange
[1;32mDEBUG [0m]: arrangeMonitors: HEADLESS-1 explicit [2000, 0]
[1;32mDEBUG [0m]: arrangeMonitors: WAYLAND-1 auto [3920, 0]
[1;32mDEBUG [0m]: arrangeMonitors: HEADLESS-5 auto [5840, 0]
[1;32mDEBUG [0m]: arrangeMonitors: WAYLAND-1 xwayland [0, 0]
[1;32mDEBUG [0m]: arrangeMonitors: HEADLESS-1 xwayland [1920, 0]
[1;32mDEBUG [0m]: arrangeMonitors: HEADLESS-5 xwayland [3840, 0]
[1;32mDEBUG [0m]: [CXDGOutputProtocol] updating all xdg_output heads
[1;31mERR [0m]: getConvertedColor: failed to get image description
[1;32mDEBUG [0m]: [CXDGOutputProtocol] updating all xdg_output heads
[1;33mWARN [0m]: No rule found for WAYLAND-1, trying to use the first.
[1;33mWARN [0m]: No rule found for HEADLESS-5, trying to use the first.
[1;32mDEBUG [0m]: Framebuffer "Monitor HEADLESS-5 blur FB" created, status 36053
[1;32mDEBUG [0m]: Framebuffer "Monitor HEADLESS-5 workbuffer" created, status 36053
[1;33mWARN [0m]: FIXME: color management protocol is enabled and outputs changed, check preferred image description changes
[1;32mDEBUG [0m]: Hyprctl: new connection from pid 34
[1;32mDEBUG [0m]: Hyprctl: new connection from pid 34
[1;32mDEBUG [0m]: [CXDGOutputProtocol] New xdg_output for HEADLESS-5: client 5599880eeac0 (not xwayland)
[1;32mDEBUG [0m]: [CXDGOutputProtocol] New xdg_output for HEADLESS-5: client 559987251ce0 (not xwayland)
[1;32mDEBUG [0m]: Hyprctl: new connection from pid 1183
[1;32mDEBUG [0m]: Hyprctl: new connection from pid 1184
[1;32mDEBUG [0m]: Hyprctl: keyword monitor : HEADLESS-5,1920x1080@60,4000x0,1.5
[1;32mDEBUG [0m]: ApplyConfigToKeyboard for "wl_keyboard", hasconfig: 0
[1;32mDEBUG [0m]: Not applying config to keyboard, it did not change.
[1;33mWARN [0m]: No rule found for WAYLAND-1, trying to use the first.
[1;32mDEBUG [0m]: Applying monitor rule for HEADLESS-5
[1;32mDEBUG [0m]: Monitor HEADLESS-5: requested 1920x1080@60.00Hz, using preferred mode 1920x1080@60.00Hz
[1;32mDEBUG [0m]: output HEADLESS-5 succeeded basic test on format DRM_FORMAT_XRGB8888
[1;32mDEBUG [0m]: CMonitor::updateVCGTRamps: skipping, no gamma ramp for output
[1;32mDEBUG [0m]: Monitor HEADLESS-5 data dump: res 1920x1080@60.00Hz, scale 1.50, transform 0, pos 5840x0, 10b 0
[1;33mWARN [0m]: FIXME: color management protocol is enabled and outputs changed, check preferred image description changes
[1;32mDEBUG [0m]: arrangeMonitors: 3 to arrange
[1;32mDEBUG [0m]: arrangeMonitors: HEADLESS-1 explicit [2000, 0]
[1;32mDEBUG [0m]: arrangeMonitors: HEADLESS-5 explicit [4000, 0]
[1;32mDEBUG [0m]: arrangeMonitors: WAYLAND-1 auto [5280, 0]
[1;32mDEBUG [0m]: arrangeMonitors: WAYLAND-1 xwayland [0, 0]
[1;32mDEBUG [0m]: arrangeMonitors: HEADLESS-1 xwayland [1920, 0]
[1;32mDEBUG [0m]: arrangeMonitors: HEADLESS-5 xwayland [3840, 0]
[1;32mDEBUG [0m]: [CXDGOutputProtocol] updating all xdg_output heads
[1;31mERR [0m]: getConvertedColor: failed to get image description
[1;32mDEBUG [0m]: [CXDGOutputProtocol] updating all xdg_output heads
[1;31mERR [0m]: getConvertedColor: failed to get image description
[1;32mDEBUG [0m]: [CXDGOutputProtocol] updating all xdg_output heads
[1;31mERR [0m]: getConvertedColor: failed to get image description
[1;32mDEBUG [0m]: [CWLCompositorResource] New wl_surface with id 105 at 55998875e3c0
[1;32mDEBUG [0m]: [CWLCompositorResource] New wl_surface with id 128 at 55998875e3c0
[1;32mDEBUG [0m]: CWLSurface 5599882399e0 called init()
[1;32mDEBUG [0m]: LayerSurface 55998826b9f0 (namespace putkin-bar layer 2) created on monitor HEADLESS-5
[1;32mDEBUG [0m]: [CLayerShellProtocol] New wlr_layer_surface 55998826b9f0
[1;32mDEBUG [0m]: [CWLCompositorResource] New wl_surface with id 74 at 5599882b5680
[1;32mDEBUG [0m]: [CWLCompositorResource] New wl_surface with id 125 at 5599882b5680
[1;32mDEBUG [0m]: CWLSurface 5599887cc200 called init()
[1;32mDEBUG [0m]: LayerSurface 55998826b1b0 (namespace putkin-wallpaper layer 0) created on monitor HEADLESS-5
[1;32mDEBUG [0m]: [CLayerShellProtocol] New wlr_layer_surface 55998826b1b0
[1;32mDEBUG [0m]: [CWLCompositorResource] New wl_region with id 138 at 5599888bd200
[1;32mDEBUG [0m]: [CLinuxDMABUFParamsResource] Creating a dmabuf, with id 129: size [Vector2D: x: 1920, y: 48], fmt AR24, planes 1
[1;32mDEBUG [0m]: [CLinuxDMABUFParamsResource]  | plane 0: mod 72057594037927952 fd 48 stride 7680 offset 0
[1;32mDEBUG [0m]: LayerSurface 55998826b9f0 mapped
[1;32mDEBUG [0m]: [CWLCompositorResource] New wl_region with id 136 at 559988245560
[1;32mDEBUG [0m]: [CWLCompositorResource] New wl_region with id 74 at 559988253f80
[1;32mDEBUG [0m]: [CLinuxDMABUFParamsResource] Creating a dmabuf, with id 79: size [Vector2D: x: 1920, y: 1080], fmt AR24, planes 1
[1;32mDEBUG [0m]: [CLinuxDMABUFParamsResource]  | plane 0: mod 72057594037927952 fd 89 stride 7680 offset 0
[1;32mDEBUG [0m]: LayerSurface 55998826b1b0 mapped
[1;32mDEBUG [0m]: [CLinuxDMABUFParamsResource] Creating a dmabuf, with id 74: size [Vector2D: x: 1920, y: 48], fmt AR24, planes 1
[1;32mDEBUG [0m]: [CLinuxDMABUFParamsResource]  | plane 0: mod 72057594037927952 fd 91 stride 7680 offset 0
[1;32mDEBUG [0m]: [CLinuxDMABUFParamsResource] Creating a dmabuf, with id 123: size [Vector2D: x: 1920, y: 1080], fmt AR24, planes 1
[1;32mDEBUG [0m]: [CLinuxDMABUFParamsResource]  | plane 0: mod 72057594037927952 fd 96 stride 7680 offset 0
[1;32mDEBUG [0m]: Hyprctl: new connection from pid 1195
[1;32mDEBUG [0m]: Hyprctl: dispatcher focusmonitor : HEADLESS-5
[1;32mDEBUG [0m]: [CWLCompositorResource] New wl_surface with id 136 at 55998890bb10
[1;32mDEBUG [0m]: [CWLCompositorResource] New wl_surface with id 124 at 55998890bb10
[1;32mDEBUG [0m]: CWLSurface 559987d0f480 called init()
[1;32mDEBUG [0m]: LayerSurface 559988741650 (namespace putkin-panel layer 3) created on monitor HEADLESS-5
[1;32mDEBUG [0m]: [CLayerShellProtocol] New wlr_layer_surface 559988741650
[1;32mDEBUG [0m]: [CPrimarySelectionProtocol] CPrimarySelectionProtocol::updateSelection: cannot send selection to a client without a data_device
[1;32mDEBUG [0m]: [CWLCompositorResource] New wl_region with id 138 at 55998823a850
[1;32mDEBUG [0m]: [CLinuxDMABUFParamsResource] Creating a dmabuf, with id 143: size [Vector2D: x: 1230, y: 608], fmt AR24, planes 1
[1;32mDEBUG [0m]: [CLinuxDMABUFParamsResource]  | plane 0: mod 72057594037927952 fd 89 stride 4992 offset 0
[1;32mDEBUG [0m]: LayerSurface 559988741650 mapped
[1;32mDEBUG [0m]: cursorImage request: shape 1 -> default
[1;32mDEBUG [0m]: XCursor scanning theme default
[1;32mDEBUG [0m]: XCursor parsing index.theme /usr/share/icons/default/index.theme
[1;32mDEBUG [0m]: XCursor theme default inherits Adwaita
[1;32mDEBUG [0m]: XCursor scanning theme Adwaita
[1;32mDEBUG [0m]: XCursor using theme path /usr/share/icons/Adwaita/cursors
[1;32mDEBUG [0m]: XCursor parsing index.theme /usr/share/icons/Adwaita/index.theme
[1;32mDEBUG [0m]: XCursor theme Adwaita inherits AdwaitaLegacy
[1;32mDEBUG [0m]: XCursor theme Adwaita inherits hicolor
[1;32mDEBUG [0m]: XCursor scanning theme Adwaita
[1;32mDEBUG [0m]: XCursor using theme path /usr/share/icons/Adwaita/cursors
[1;32mDEBUG [0m]: XCursor parsing index.theme /usr/share/icons/Adwaita/index.theme
[1;32mDEBUG [0m]: XCursor theme Adwaita inherits AdwaitaLegacy
[1;32mDEBUG [0m]: XCursor theme Adwaita inherits hicolor
[1;32mDEBUG [0m]: XCursor scanning theme AdwaitaLegacy
[1;32mDEBUG [0m]: XCursor parsing index.theme /usr/share/icons/AdwaitaLegacy/index.theme
[1;32mDEBUG [0m]: XCursor theme AdwaitaLegacy inherits hicolor
[1;32mDEBUG [0m]: XCursor scanning theme hicolor
[1;32mDEBUG [0m]: XCursor parsing index.theme /usr/share/icons/hicolor/index.theme
[1;32mDEBUG [0m]: XCursor already has a shape default loaded, skipping
[1;32mDEBUG [0m]: XCursor already has a shape context-menu loaded, skipping
[1;32mDEBUG [0m]: XCursor already has a shape help loaded, skipping
[1;32mDEBUG [0m]: XCursor already has a shape pointer loaded, skipping
[1;32mDEBUG [0m]: XCursor already has a shape progress loaded, skipping
[1;32mDEBUG [0m]: XCursor already has a shape wait loaded, skipping
[1;32mDEBUG [0m]: XCursor failed to find a legacy shape with name plus, skipping
[1;32mDEBUG [0m]: XCursor already has a shape crosshair loaded, skipping
[1;32mDEBUG [0m]: XCursor already has a shape text loaded, skipping
[1;32mDEBUG [0m]: XCursor already has a shape vertical-text loaded, skipping
[1;32mDEBUG [0m]: XCursor failed to find a legacy shape with name dnd-link, skipping
[1;32mDEBUG [0m]: XCursor failed to find a legacy shape with name dnd-copy, skipping
[1;32mDEBUG [0m]: XCursor already has a shape move loaded, skipping
[1;32mDEBUG [0m]: XCursor failed to find a legacy shape with name dnd-none, skipping
[1;32mDEBUG [0m]: XCursor failed to find a legacy shape with name crossed_circle, skipping
[1;32mDEBUG [0m]: XCursor already has a shape grab loaded, skipping
[1;32mDEBUG [0m]: XCursor already has a shape grabbing loaded, skipping
[1;32mDEBUG [0m]: XCursor already has a shape e-resize loaded, skipping
[1;32mDEBUG [0m]: XCursor already has a shape n-resize loaded, skipping
[1;32mDEBUG [0m]: XCursor already has a shape ne-resize loaded, skipping
[1;32mDEBUG [0m]: XCursor already has a shape nw-resize loaded, skipping
[1;32mDEBUG [0m]: XCursor already has a shape s-resize loaded, skipping
[1;32mDEBUG [0m]: XCursor already has a shape se-resize loaded, skipping
[1;32mDEBUG [0m]: XCursor already has a shape sw-resize loaded, skipping
[1;32mDEBUG [0m]: XCursor already has a shape w-resize loaded, skipping
[1;32mDEBUG [0m]: XCursor already has a shape ew-resize loaded, skipping
[1;32mDEBUG [0m]: XCursor already has a shape ns-resize loaded, skipping
[1;32mDEBUG [0m]: XCursor already has a shape nesw-resize loaded, skipping
[1;32mDEBUG [0m]: XCursor already has a shape nwse-resize loaded, skipping
[1;32mDEBUG [0m]: XCursor already has a shape col-resize loaded, skipping
[1;32mDEBUG [0m]: XCursor already has a shape row-resize loaded, skipping
[1;32mDEBUG [0m]: XCursor already has a shape all-scroll loaded, skipping
[1;32mDEBUG [0m]: XCursor already has a shape zoom-in loaded, skipping
[1;32mDEBUG [0m]: XCursor already has a shape zoom-out loaded, skipping
[1;32mDEBUG [0m]: XCursor failed to find a legacy shape with name dnd-copy, skipping
[1;32mDEBUG [0m]: XCursor already has a shape all-resize loaded, skipping
[1;33mWARN [0m]: GSettings default schema source does not exist, can't sync GSettings
[1;33mWARN [0m]: GSettings parameter doesn't exist cursor-theme in org.gnome.desktop.interface
[1;33mWARN [0m]: GSettings default schema source does not exist, can't sync GSettings
[1;33mWARN [0m]: GSettings parameter doesn't exist cursor-size in org.gnome.desktop.interface
[1;32mDEBUG [0m]: [CLinuxDMABUFParamsResource] Creating a dmabuf, with id 136: size [Vector2D: x: 1230, y: 608], fmt AR24, planes 1
[1;32mDEBUG [0m]: [CLinuxDMABUFParamsResource]  | plane 0: mod 72057594037927952 fd 99 stride 4992 offset 0
[1;32mDEBUG [0m]: [CLinuxDMABUFParamsResource] Creating a dmabuf, with id 79: size [Vector2D: x: 1230, y: 671], fmt AR24, planes 1
[1;32mDEBUG [0m]: [CLinuxDMABUFParamsResource]  | plane 0: mod 72057594037927952 fd 90 stride 4992 offset 0
[1;32mDEBUG [0m]: [CLinuxDMABUFParamsResource] Creating a dmabuf, with id 138: size [Vector2D: x: 1230, y: 671], fmt AR24, planes 1
[1;32mDEBUG [0m]: [CLinuxDMABUFParamsResource]  | plane 0: mod 72057594037927952 fd 94 stride 4992 offset 0
[1;32mDEBUG [0m]: [CWLSeatProtocol] New seat resource bound at 559988243060
[1;32mDEBUG [0m]: [CVirtualKeyboardProtocol] New VKeyboard at id 5
[1;32mDEBUG [0m]: ApplyConfigToKeyboard for "hl-virtual-keyboard-wtype", hasconfig: 0
[1;32mDEBUG [0m]: Attempting to create a keymap for layout us with variant  (rules: , model: , options: )
[1;32mDEBUG [0m]: Updating keyboard 55998829dee0's translation state from a provided keymap
[1;32mDEBUG [0m]: xkb: LED index 0 (name Num Lock) got index 1
[1;32mDEBUG [0m]: xkb: LED index 1 (name Caps Lock) got index 0
[1;32mDEBUG [0m]: xkb: LED index 2 (name Scroll Lock) got index 2
[1;32mDEBUG [0m]: xkb: Mod index 0 (name Shift) got index 0
[1;32mDEBUG [0m]: xkb: Mod index 1 (name Lock) got index 1
[1;32mDEBUG [0m]: xkb: Mod index 2 (name Control) got index 2
[1;32mDEBUG [0m]: xkb: Mod index 3 (name Mod1) got index 3
[1;32mDEBUG [0m]: xkb: Mod index 4 (name Mod2) got index 4
[1;32mDEBUG [0m]: xkb: Mod index 5 (name Mod3) got index 5
[1;32mDEBUG [0m]: xkb: Mod index 6 (name Mod4) got index 6
[1;32mDEBUG [0m]: xkb: Mod index 7 (name Mod5) got index 7
[1;32mDEBUG [0m]: Updating keymap fd for keyboard hl-virtual-keyboard-wtype
[1;32mDEBUG [0m]: Updated keymap fd to 106, keymap V1 to: 108
[1;32mDEBUG [0m]: Set the keyboard layout to us and variant to  for keyboard "hl-virtual-keyboard-wtype"
[1;32mDEBUG [0m]: New virtual keyboard created at 55998829dee0
[1;32mDEBUG [0m]: Updating keyboard 55998829dee0's translation state from a provided keymap
[1;32mDEBUG [0m]: Updating keymap fd for keyboard hl-virtual-keyboard-wtype
[1;32mDEBUG [0m]: Updated keymap fd to 106, keymap V1 to: 108
[1;32mDEBUG [0m]: [CWLCompositorResource] New wl_region with id 143 at 559988261120
[1;32mDEBUG [0m]: Keyboard at 55998829dee0 removed
[1;32mDEBUG [0m]: Destroyed keyboard 55998829dee0
[1;32mDEBUG [0m]: [CLinuxDMABUFParamsResource] Creating a dmabuf, with id 146: size [Vector2D: x: 1230, y: 680], fmt AR24, planes 1
[1;32mDEBUG [0m]: [CLinuxDMABUFParamsResource]  | plane 0: mod 72057594037927952 fd 89 stride 4992 offset 0
[1;32mDEBUG [0m]: Hyprctl: new connection from pid 1211
[1;32mDEBUG [0m]: Destroy called for monitor HEADLESS-5
[1;32mDEBUG [0m]: onDisconnect called for HEADLESS-5
[1;32mDEBUG [0m]: Monitor HEADLESS-5 -> destroyed all render data
[1;32mDEBUG [0m]: Disconnecting Monitor HEADLESS-5 was on workspace 2
[1;32mDEBUG [0m]: Removed monitor HEADLESS-5!
[1;32mDEBUG [0mfrom aquamarine ]: GBM: Allocated a new buffer with size [Vector2D: x: 48, y: 48] and format AR24 with modifier 0x100000000000010 : 4_TILED_LNL_CCS
[1;32mDEBUG [0mfrom aquamarine ]: GBM: Allocated a new buffer with size [Vector2D: x: 48, y: 48] and format AR24 with modifier 0x100000000000010 : 4_TILED_LNL_CCS
[1;32mDEBUG [0mfrom aquamarine ]: Swapchain: Reconfigured a swapchain to [Vector2D: x: 48, y: 48] AR24 of length 2
[1;31mERR [0m]: getConvertedColor: failed to get image description
[1;32mDEBUG [0m]: moveWorkspaceToMonitor: Moving 2 to monitor 0
[1;32mDEBUG [0m]: moveWorkspaceToMonitor: Plugging gap with new 4
[1;32mDEBUG [0m]: moveWorkspaceToMonitor: Plugging gap with existing 4
[1;32mDEBUG [0m]: Destroying workspace ID 4
[1;32mDEBUG [0m]: Destroying workspace ID 2
[1;32mDEBUG [0m]: Monitor HEADLESS-5 -> destroyed all render data
[1;31mERR [0m]: getConvertedColor: failed to get image description
[1;32mDEBUG [0m]: arrangeMonitors: 2 to arrange
[1;32mDEBUG [0m]: arrangeMonitors: HEADLESS-1 explicit [2000, 0]
[1;32mDEBUG [0m]: arrangeMonitors: WAYLAND-1 auto [3920, 0]
[1;32mDEBUG [0m]: arrangeMonitors: WAYLAND-1 xwayland [0, 0]
[1;32mDEBUG [0m]: arrangeMonitors: HEADLESS-1 xwayland [1920, 0]
[1;32mDEBUG [0m]: [CXDGOutputProtocol] updating all xdg_output heads
[1;31mERR [0m]: getConvertedColor: failed to get image description
[1;32mDEBUG [0m]: [CXDGOutputProtocol] updating all xdg_output heads
[1;32mDEBUG [0m]: Hyprctl: new connection from pid 34
[1;32mDEBUG [0m]: Hyprctl: new connection from pid 34
[1;32mDEBUG [0m]: LayerSurface 55998826b1b0 destroyed
[1;33mWARN [0m]: Layersurface destroyed on an invalid monitor (removed?)
[1;32mDEBUG [0m]: Forcing an unmap of a LS that did a straight destroy!
[1;32mDEBUG [0m]: LayerSurface 55998826b1b0 unmapped
[1;33mWARN [0m]: Layersurface unmapping on invalid monitor (removed?) ignoring.
[1;32mDEBUG [0m]: CWLSurface 5599887cc200 called destroy()
[1;32mDEBUG [0m]: LayerSurface 55998826b9f0 destroyed
[1;33mWARN [0m]: Layersurface destroyed on an invalid monitor (removed?)
[1;32mDEBUG [0m]: Forcing an unmap of a LS that did a straight destroy!
[1;32mDEBUG [0m]: LayerSurface 55998826b9f0 unmapped
[1;33mWARN [0m]: Layersurface unmapping on invalid monitor (removed?) ignoring.
[1;32mDEBUG [0m]: CWLSurface 5599882399e0 called destroy()
[1;32mDEBUG [0m]: XCursor scanning theme default
[1;32mDEBUG [0m]: XCursor parsing index.theme /usr/share/icons/default/index.theme
[1;32mDEBUG [0m]: XCursor theme default inherits Adwaita
[1;32mDEBUG [0m]: XCursor scanning theme Adwaita
[1;32mDEBUG [0m]: XCursor using theme path /usr/share/icons/Adwaita/cursors
[1;32mDEBUG [0m]: XCursor parsing index.theme /usr/share/icons/Adwaita/index.theme
[1;32mDEBUG [0m]: XCursor theme Adwaita inherits AdwaitaLegacy
[1;32mDEBUG [0m]: XCursor theme Adwaita inherits hicolor
[1;32mDEBUG [0m]: XCursor scanning theme Adwaita
[1;32mDEBUG [0m]: XCursor using theme path /usr/share/icons/Adwaita/cursors
[1;32mDEBUG [0m]: XCursor parsing index.theme /usr/share/icons/Adwaita/index.theme
[1;32mDEBUG [0m]: XCursor theme Adwaita inherits AdwaitaLegacy
[1;32mDEBUG [0m]: XCursor theme Adwaita inherits hicolor
[1;32mDEBUG [0m]: XCursor scanning theme AdwaitaLegacy
[1;32mDEBUG [0m]: XCursor parsing index.theme /usr/share/icons/AdwaitaLegacy/index.theme
[1;32mDEBUG [0m]: XCursor theme AdwaitaLegacy inherits hicolor
[1;32mDEBUG [0m]: XCursor scanning theme hicolor
[1;32mDEBUG [0m]: XCursor parsing index.theme /usr/share/icons/hicolor/index.theme
[1;32mDEBUG [0m]: XCursor already has a shape default loaded, skipping
[1;32mDEBUG [0m]: XCursor already has a shape context-menu loaded, skipping
[1;32mDEBUG [0m]: XCursor already has a shape help loaded, skipping
[1;32mDEBUG [0m]: XCursor already has a shape pointer loaded, skipping
[1;32mDEBUG [0m]: XCursor already has a shape progress loaded, skipping
[1;32mDEBUG [0m]: XCursor already has a shape wait loaded, skipping
[1;32mDEBUG [0m]: XCursor failed to find a legacy shape with name plus, skipping
[1;32mDEBUG [0m]: XCursor already has a shape crosshair loaded, skipping
[1;32mDEBUG [0m]: XCursor already has a shape text loaded, skipping
[1;32mDEBUG [0m]: XCursor already has a shape vertical-text loaded, skipping
[1;32mDEBUG [0m]: XCursor failed to find a legacy shape with name dnd-link, skipping
[1;32mDEBUG [0m]: XCursor failed to find a legacy shape with name dnd-copy, skipping
[1;32mDEBUG [0m]: XCursor already has a shape move loaded, skipping
[1;32mDEBUG [0m]: XCursor failed to find a legacy shape with name dnd-none, skipping
[1;32mDEBUG [0m]: XCursor failed to find a legacy shape with name crossed_circle, skipping
[1;32mDEBUG [0m]: XCursor already has a shape grab loaded, skipping
[1;32mDEBUG [0m]: XCursor already has a shape grabbing loaded, skipping
[1;32mDEBUG [0m]: XCursor already has a shape e-resize loaded, skipping
[1;32mDEBUG [0m]: XCursor already has a shape n-resize loaded, skipping
[1;32mDEBUG [0m]: XCursor already has a shape ne-resize loaded, skipping
[1;32mDEBUG [0m]: XCursor already has a shape nw-resize loaded, skipping
[1;32mDEBUG [0m]: XCursor already has a shape s-resize loaded, skipping
[1;32mDEBUG [0m]: XCursor already has a shape se-resize loaded, skipping
[1;32mDEBUG [0m]: XCursor already has a shape sw-resize loaded, skipping
[1;32mDEBUG [0m]: XCursor already has a shape w-resize loaded, skipping
[1;32mDEBUG [0m]: XCursor already has a shape ew-resize loaded, skipping
[1;32mDEBUG [0m]: XCursor already has a shape ns-resize loaded, skipping
[1;32mDEBUG [0m]: XCursor already has a shape nesw-resize loaded, skipping
[1;32mDEBUG [0m]: XCursor already has a shape nwse-resize loaded, skipping
[1;32mDEBUG [0m]: XCursor already has a shape col-resize loaded, skipping
[1;32mDEBUG [0m]: XCursor already has a shape row-resize loaded, skipping
[1;32mDEBUG [0m]: XCursor already has a shape all-scroll loaded, skipping
[1;32mDEBUG [0m]: XCursor already has a shape zoom-in loaded, skipping
[1;32mDEBUG [0m]: XCursor already has a shape zoom-out loaded, skipping
[1;32mDEBUG [0m]: XCursor failed to find a legacy shape with name dnd-copy, skipping
[1;32mDEBUG [0m]: XCursor already has a shape all-resize loaded, skipping
[1;33mWARN [0m]: GSettings default schema source does not exist, can't sync GSettings
[1;33mWARN [0m]: GSettings parameter doesn't exist cursor-theme in org.gnome.desktop.interface
[1;33mWARN [0m]: GSettings default schema source does not exist, can't sync GSettings
[1;33mWARN [0m]: GSettings parameter doesn't exist cursor-size in org.gnome.desktop.interface
[1;32mDEBUG [0mfrom aquamarine ]: GBM: Allocated a new buffer with size [Vector2D: x: 24, y: 24] and format AR24 with modifier 0x100000000000010 : 4_TILED_LNL_CCS
[1;32mDEBUG [0mfrom aquamarine ]: GBM: Allocated a new buffer with size [Vector2D: x: 24, y: 24] and format AR24 with modifier 0x100000000000010 : 4_TILED_LNL_CCS
[1;32mDEBUG [0mfrom aquamarine ]: Swapchain: Reconfigured a swapchain to [Vector2D: x: 24, y: 24] AR24 of length 2
[1;31mERR [0m]: getConvertedColor: failed to get image description
[1;32mDEBUG [0m]: LayerSurface 559988741650 destroyed
[1;33mWARN [0m]: Layersurface destroyed on an invalid monitor (removed?)
[1;32mDEBUG [0m]: Forcing an unmap of a LS that did a straight destroy!
[1;32mDEBUG [0m]: LayerSurface 559988741650 unmapped
[1;33mWARN [0m]: Layersurface unmapping on invalid monitor (removed?) ignoring.
[1;32mDEBUG [0m]: CWLSurface 559987d0f480 called destroy()
[1;32mDEBUG [0m]: Hyprctl: new connection from pid 1218
[1;32mDEBUG [0m]: Hyprctl: new connection from pid 1219
[1;32mDEBUG [0m]: New aquamarine output with name HEADLESS-6
[1;32mDEBUG [0m]: [CMonitorStateTracker] New monitor: HEADLESS-6
[1;33mWARN [0m]: No rule found for HEADLESS-6, trying to use the first.
[1;32mDEBUG [0m]: Applying monitor rule for HEADLESS-6
[1;32mDEBUG [0mfrom aquamarine ]: GBM: Allocated a new buffer with size [Vector2D: x: 1920, y: 1080] and format XR24 with modifier 0x0 : LINEAR
[1;32mDEBUG [0mfrom aquamarine ]: GBM: Allocated a new buffer with size [Vector2D: x: 1920, y: 1080] and format XR24 with modifier 0x0 : LINEAR
[1;32mDEBUG [0mfrom aquamarine ]: GBM: Allocated a new buffer with size [Vector2D: x: 1920, y: 1080] and format XR24 with modifier 0x0 : LINEAR
[1;32mDEBUG [0mfrom aquamarine ]: Swapchain: Reconfigured a swapchain to [Vector2D: x: 1920, y: 1080] XR24 of length 3
[1;32mDEBUG [0m]: CMonitorState::ensureBufferPresent: no buffer or mismatched format, attaching one from the swapchain for modeset being possible
[1;32mDEBUG [0m]: Monitor HEADLESS-6: requested 1920x1080@60.00Hz, using preferred mode 1920x1080@60.00Hz
[1;32mDEBUG [0m]: output HEADLESS-6 succeeded basic test on format DRM_FORMAT_XRGB8888
[1;32mDEBUG [0m]: Monitor HEADLESS-6 -> destroyed all render data
[1;32mDEBUG [0m]: CMonitor::updateVCGTRamps: skipping, no gamma ramp for output
[1;32mDEBUG [0m]: Monitor HEADLESS-6 data dump: res 1920x1080@60.00Hz, scale 1.00, transform 0, pos -1x-1, 10b 0
[1;32mDEBUG [0m]: Added new monitor with name HEADLESS-6 at [-1, -1] with size [1920, 1080], pointer 559988905c70
[1;32mDEBUG [0m]: New monitor: WORKSPACEID 2, exists: 0
[1;32mDEBUG [0m]: checking if we have seen this monitor before: HEADLESS-6
[1;32mDEBUG [0m]: Monitor HEADLESS-6 was not on any workspace
[1;31mERR [0m]: getConvertedColor: failed to get image description
[1;32mDEBUG [0m]: [IWaylandProtocol] Registered global [WLOutput (HEADLESS-6)]
[1;32mDEBUG [0m]: arrangeMonitors: 3 to arrange
[1;32mDEBUG [0m]: arrangeMonitors: HEADLESS-1 explicit [2000, 0]
[1;32mDEBUG [0m]: arrangeMonitors: WAYLAND-1 auto [3920, 0]
[1;32mDEBUG [0m]: arrangeMonitors: HEADLESS-6 auto [5840, 0]
[1;32mDEBUG [0m]: arrangeMonitors: WAYLAND-1 xwayland [0, 0]
[1;32mDEBUG [0m]: arrangeMonitors: HEADLESS-1 xwayland [1920, 0]
[1;32mDEBUG [0m]: arrangeMonitors: HEADLESS-6 xwayland [3840, 0]
[1;32mDEBUG [0m]: [CXDGOutputProtocol] updating all xdg_output heads
[1;31mERR [0m]: getConvertedColor: failed to get image description
[1;32mDEBUG [0m]: [CXDGOutputProtocol] updating all xdg_output heads
[1;33mWARN [0m]: No rule found for WAYLAND-1, trying to use the first.
[1;33mWARN [0m]: No rule found for HEADLESS-6, trying to use the first.
[1;32mDEBUG [0m]: Framebuffer "Monitor HEADLESS-6 blur FB" created, status 36053
[1;32mDEBUG [0m]: Framebuffer "Monitor HEADLESS-6 workbuffer" created, status 36053
[1;33mWARN [0m]: FIXME: color management protocol is enabled and outputs changed, check preferred image description changes
[1;32mDEBUG [0m]: Hyprctl: new connection from pid 34
[1;32mDEBUG [0m]: Hyprctl: new connection from pid 34
[1;32mDEBUG [0m]: [CXDGOutputProtocol] New xdg_output for HEADLESS-6: client 559987251ce0 (not xwayland)
[1;32mDEBUG [0m]: [CXDGOutputProtocol] New xdg_output for HEADLESS-6: client 5599880eeac0 (not xwayland)
[1;32mDEBUG [0m]: Hyprctl: new connection from pid 1220
[1;32mDEBUG [0m]: Hyprctl: new connection from pid 1221
[1;32mDEBUG [0m]: Hyprctl: keyword monitor : HEADLESS-6,1920x1080@60,4000x0,1.5
[1;32mDEBUG [0m]: ApplyConfigToKeyboard for "wl_keyboard", hasconfig: 0
[1;32mDEBUG [0m]: Not applying config to keyboard, it did not change.
[1;32mDEBUG [0m]: [CWLCompositorResource] New wl_surface with id 140 at 559988917230
[1;32mDEBUG [0m]: [CWLCompositorResource] New wl_surface with id 124 at 559988917230
[1;32mDEBUG [0m]: CWLSurface 559987f57700 called init()
[1;32mDEBUG [0m]: LayerSurface 559988741650 (namespace putkin-bar layer 2) created on monitor HEADLESS-6
[1;32mDEBUG [0m]: [CLayerShellProtocol] New wlr_layer_surface 559988741650
[1;32mDEBUG [0m]: [CWLCompositorResource] New wl_surface with id 142 at 55998890bb10
[1;32mDEBUG [0m]: [CWLCompositorResource] New wl_surface with id 134 at 55998890bb10
[1;32mDEBUG [0m]: CWLSurface 559988248ac0 called init()
[1;32mDEBUG [0m]: LayerSurface 55998826b9f0 (namespace putkin-wallpaper layer 0) created on monitor HEADLESS-6
[1;32mDEBUG [0m]: [CLayerShellProtocol] New wlr_layer_surface 55998826b9f0
[1;33mWARN [0m]: No rule found for WAYLAND-1, trying to use the first.
[1;32mDEBUG [0m]: Applying monitor rule for HEADLESS-6
[1;32mDEBUG [0m]: Monitor HEADLESS-6: requested 1920x1080@60.00Hz, using preferred mode 1920x1080@60.00Hz
[1;32mDEBUG [0m]: output HEADLESS-6 succeeded basic test on format DRM_FORMAT_XRGB8888
[1;32mDEBUG [0m]: CMonitor::updateVCGTRamps: skipping, no gamma ramp for output
[1;32mDEBUG [0m]: Monitor HEADLESS-6 data dump: res 1920x1080@60.00Hz, scale 1.50, transform 0, pos 5840x0, 10b 0
[1;33mWARN [0m]: FIXME: color management protocol is enabled and outputs changed, check preferred image description changes
[1;32mDEBUG [0m]: arrangeMonitors: 3 to arrange
[1;32mDEBUG [0m]: arrangeMonitors: HEADLESS-1 explicit [2000, 0]
[1;32mDEBUG [0m]: arrangeMonitors: HEADLESS-6 explicit [4000, 0]
[1;32mDEBUG [0m]: arrangeMonitors: WAYLAND-1 auto [5280, 0]
[1;32mDEBUG [0m]: arrangeMonitors: WAYLAND-1 xwayland [0, 0]
[1;32mDEBUG [0m]: arrangeMonitors: HEADLESS-1 xwayland [1920, 0]
[1;32mDEBUG [0m]: arrangeMonitors: HEADLESS-6 xwayland [3840, 0]
[1;32mDEBUG [0m]: [CXDGOutputProtocol] updating all xdg_output heads
[1;31mERR [0m]: getConvertedColor: failed to get image description
[1;32mDEBUG [0m]: [CXDGOutputProtocol] updating all xdg_output heads
[1;31mERR [0m]: getConvertedColor: failed to get image description
[1;32mDEBUG [0m]: [CXDGOutputProtocol] updating all xdg_output heads
[1;31mERR [0m]: getConvertedColor: failed to get image description
[1;32mDEBUG [0m]: [CWLCompositorResource] New wl_region with id 128 at 559987314570
[1;32mDEBUG [0m]: [CLinuxDMABUFParamsResource] Creating a dmabuf, with id 139: size [Vector2D: x: 1920, y: 32], fmt AR24, planes 1
[1;32mDEBUG [0m]: [CLinuxDMABUFParamsResource]  | plane 0: mod 72057594037927952 fd 49 stride 7680 offset 0
[1;32mDEBUG [0m]: [CWLCompositorResource] New wl_region with id 95 at 559988674d20
[1;32mDEBUG [0m]: LayerSurface 559988741650 mapped
[1;32mDEBUG [0m]: [CWLCompositorResource] New wl_region with id 142 at 559987314570
[1;32mDEBUG [0m]: [CLinuxDMABUFParamsResource] Creating a dmabuf, with id 125: size [Vector2D: x: 1920, y: 1080], fmt AR24, planes 1
[1;32mDEBUG [0m]: [CLinuxDMABUFParamsResource]  | plane 0: mod 72057594037927952 fd 50 stride 7680 offset 0
[1;32mDEBUG [0m]: LayerSurface 55998826b9f0 mapped
[1;32mDEBUG [0m]: [CLinuxDMABUFParamsResource] Creating a dmabuf, with id 142: size [Vector2D: x: 1920, y: 32], fmt AR24, planes 1
[1;32mDEBUG [0m]: [CLinuxDMABUFParamsResource]  | plane 0: mod 72057594037927952 fd 94 stride 7680 offset 0
[1;32mDEBUG [0m]: [CLinuxDMABUFParamsResource] Creating a dmabuf, with id 137: size [Vector2D: x: 2880, y: 1620], fmt AR24, planes 1
[1;32mDEBUG [0m]: [CLinuxDMABUFParamsResource]  | plane 0: mod 72057594037927952 fd 91 stride 11520 offset 0
[1;32mDEBUG [0m]: [CLinuxDMABUFParamsResource] Creating a dmabuf, with id 128: size [Vector2D: x: 2880, y: 48], fmt AR24, planes 1
[1;32mDEBUG [0m]: [CLinuxDMABUFParamsResource]  | plane 0: mod 72057594037927952 fd 93 stride 11520 offset 0
[1;32mDEBUG [0m]: [CWLCompositorResource] New wl_region with id 79 at 559987314570
[1;32mDEBUG [0m]: [CLinuxDMABUFParamsResource] Creating a dmabuf, with id 105: size [Vector2D: x: 1920, y: 48], fmt AR24, planes 1
[1;32mDEBUG [0m]: [CLinuxDMABUFParamsResource]  | plane 0: mod 72057594037927952 fd 57 stride 7680 offset 0
[1;32mDEBUG [0m]: [CWLCompositorResource] New wl_region with id 142 at 5599887f8870
[1;32mDEBUG [0m]: [CLinuxDMABUFParamsResource] Creating a dmabuf, with id 139: size [Vector2D: x: 1920, y: 1080], fmt AR24, planes 1
[1;32mDEBUG [0m]: [CLinuxDMABUFParamsResource]  | plane 0: mod 72057594037927952 fd 50 stride 7680 offset 0
[1;32mDEBUG [0m]: [CLinuxDMABUFParamsResource] Creating a dmabuf, with id 79: size [Vector2D: x: 1920, y: 48], fmt AR24, planes 1
[1;32mDEBUG [0m]: [CLinuxDMABUFParamsResource]  | plane 0: mod 72057594037927952 fd 93 stride 7680 offset 0
[1;32mDEBUG [0m]: Hyprctl: new connection from pid 1232
[1;32mDEBUG [0m]: Hyprctl: dispatcher focusmonitor : HEADLESS-6
[1;32mDEBUG [0m]: Hyprctl: new connection from pid 1235
[1;32mDEBUG [0m]: Hyprctl: dispatcher focusmonitor : HEADLESS-1
[1;32mDEBUG [0m]: [CWLCompositorResource] New wl_surface with id 118 at 5599883f1a60
[1;32mDEBUG [0m]: CWLSurface 55998825f730 called init()
[1;32mDEBUG [0m]: LayerSurface 55998826b1b0 (namespace putkin-panel layer 3) created on monitor HEADLESS-1
[1;32mDEBUG [0m]: [CLayerShellProtocol] New wlr_layer_surface 55998826b1b0
[1;32mDEBUG [0m]: [CPrimarySelectionProtocol] CPrimarySelectionProtocol::updateSelection: cannot send selection to a client without a data_device
[1;32mDEBUG [0m]: [CWLCompositorResource] New wl_region with id 145 at 5599882526c0
[1;32mDEBUG [0m]: [CLinuxDMABUFParamsResource] Creating a dmabuf, with id 149: size [Vector2D: x: 368, y: 136], fmt AR24, planes 1
[1;32mDEBUG [0m]: [CLinuxDMABUFParamsResource]  | plane 0: mod 72057594037927952 fd 49 stride 1536 offset 0
[1;32mDEBUG [0m]: LayerSurface 55998826b1b0 mapped
[1;32mDEBUG [0m]: cursorImage request: shape 1 -> default
[1;32mDEBUG [0m]: XCursor scanning theme default
[1;32mDEBUG [0m]: XCursor parsing index.theme /usr/share/icons/default/index.theme
[1;32mDEBUG [0m]: XCursor theme default inherits Adwaita
[1;32mDEBUG [0m]: XCursor scanning theme Adwaita
[1;32mDEBUG [0m]: XCursor using theme path /usr/share/icons/Adwaita/cursors
[1;32mDEBUG [0m]: XCursor parsing index.theme /usr/share/icons/Adwaita/index.theme
[1;32mDEBUG [0m]: XCursor theme Adwaita inherits AdwaitaLegacy
[1;32mDEBUG [0m]: XCursor theme Adwaita inherits hicolor
[1;32mDEBUG [0m]: XCursor scanning theme Adwaita
[1;32mDEBUG [0m]: XCursor using theme path /usr/share/icons/Adwaita/cursors
[1;32mDEBUG [0m]: XCursor parsing index.theme /usr/share/icons/Adwaita/index.theme
[1;32mDEBUG [0m]: XCursor theme Adwaita inherits AdwaitaLegacy
[1;32mDEBUG [0m]: XCursor theme Adwaita inherits hicolor
[1;32mDEBUG [0m]: XCursor scanning theme AdwaitaLegacy
[1;32mDEBUG [0m]: XCursor parsing index.theme /usr/share/icons/AdwaitaLegacy/index.theme
[1;32mDEBUG [0m]: XCursor theme AdwaitaLegacy inherits hicolor
[1;32mDEBUG [0m]: XCursor scanning theme hicolor
[1;32mDEBUG [0m]: XCursor parsing index.theme /usr/share/icons/hicolor/index.theme
[1;32mDEBUG [0m]: XCursor already has a shape default loaded, skipping
[1;32mDEBUG [0m]: XCursor already has a shape context-menu loaded, skipping
[1;32mDEBUG [0m]: XCursor already has a shape help loaded, skipping
[1;32mDEBUG [0m]: XCursor already has a shape pointer loaded, skipping
[1;32mDEBUG [0m]: XCursor already has a shape progress loaded, skipping
[1;32mDEBUG [0m]: XCursor already has a shape wait loaded, skipping
[1;32mDEBUG [0m]: XCursor failed to find a legacy shape with name plus, skipping
[1;32mDEBUG [0m]: XCursor already has a shape crosshair loaded, skipping
[1;32mDEBUG [0m]: XCursor already has a shape text loaded, skipping
[1;32mDEBUG [0m]: XCursor already has a shape vertical-text loaded, skipping
[1;32mDEBUG [0m]: XCursor failed to find a legacy shape with name dnd-link, skipping
[1;32mDEBUG [0m]: XCursor failed to find a legacy shape with name dnd-copy, skipping
[1;32mDEBUG [0m]: XCursor already has a shape move loaded, skipping
[1;32mDEBUG [0m]: XCursor failed to find a legacy shape with name dnd-none, skipping
[1;32mDEBUG [0m]: XCursor failed to find a legacy shape with name crossed_circle, skipping
[1;32mDEBUG [0m]: XCursor already has a shape grab loaded, skipping
[1;32mDEBUG [0m]: XCursor already has a shape grabbing loaded, skipping
[1;32mDEBUG [0m]: XCursor already has a shape e-resize loaded, skipping
[1;32mDEBUG [0m]: XCursor already has a shape n-resize loaded, skipping
[1;32mDEBUG [0m]: XCursor already has a shape ne-resize loaded, skipping
[1;32mDEBUG [0m]: XCursor already has a shape nw-resize loaded, skipping
[1;32mDEBUG [0m]: XCursor already has a shape s-resize loaded, skipping
[1;32mDEBUG [0m]: XCursor already has a shape se-resize loaded, skipping
[1;32mDEBUG [0m]: XCursor already has a shape sw-resize loaded, skipping
[1;32mDEBUG [0m]: XCursor already has a shape w-resize loaded, skipping
[1;32mDEBUG [0m]: XCursor already has a shape ew-resize loaded, skipping
[1;32mDEBUG [0m]: XCursor already has a shape ns-resize loaded, skipping
[1;32mDEBUG [0m]: XCursor already has a shape nesw-resize loaded, skipping
[1;32mDEBUG [0m]: XCursor already has a shape nwse-resize loaded, skipping
[1;32mDEBUG [0m]: XCursor already has a shape col-resize loaded, skipping
[1;32mDEBUG [0m]: XCursor already has a shape row-resize loaded, skipping
[1;32mDEBUG [0m]: XCursor already has a shape all-scroll loaded, skipping
[1;32mDEBUG [0m]: XCursor already has a shape zoom-in loaded, skipping
[1;32mDEBUG [0m]: XCursor already has a shape zoom-out loaded, skipping
[1;32mDEBUG [0m]: XCursor failed to find a legacy shape with name dnd-copy, skipping
[1;32mDEBUG [0m]: XCursor already has a shape all-resize loaded, skipping
[1;33mWARN [0m]: GSettings default schema source does not exist, can't sync GSettings
[1;33mWARN [0m]: GSettings parameter doesn't exist cursor-theme in org.gnome.desktop.interface
[1;33mWARN [0m]: GSettings default schema source does not exist, can't sync GSettings
[1;33mWARN [0m]: GSettings parameter doesn't exist cursor-size in org.gnome.desktop.interface
[1;32mDEBUG [0m]: cursorImage request: shape 1 -> default
[1;32mDEBUG [0m]: [CLinuxDMABUFParamsResource] Creating a dmabuf, with id 148: size [Vector2D: x: 368, y: 136], fmt AR24, planes 1
[1;32mDEBUG [0m]: [CLinuxDMABUFParamsResource]  | plane 0: mod 72057594037927952 fd 97 stride 1536 offset 0
[1;32mDEBUG [0m]: [CLinuxDMABUFParamsResource] Creating a dmabuf, with id 147: size [Vector2D: x: 368, y: 424], fmt AR24, planes 1
[1;32mDEBUG [0m]: [CLinuxDMABUFParamsResource]  | plane 0: mod 72057594037927952 fd 103 stride 1536 offset 0
[1;32mDEBUG [0m]: [CLinuxDMABUFParamsResource] Creating a dmabuf, with id 145: size [Vector2D: x: 368, y: 424], fmt AR24, planes 1
[1;32mDEBUG [0m]: [CLinuxDMABUFParamsResource]  | plane 0: mod 72057594037927952 fd 89 stride 1536 offset 0
[1;32mDEBUG [0m]: [CWLSeatProtocol] New seat resource bound at 559988242400
[1;32mDEBUG [0m]: [CVirtualKeyboardProtocol] New VKeyboard at id 5
[1;32mDEBUG [0m]: ApplyConfigToKeyboard for "hl-virtual-keyboard-wtype", hasconfig: 0
[1;32mDEBUG [0m]: Attempting to create a keymap for layout us with variant  (rules: , model: , options: )
[1;32mDEBUG [0m]: Updating keyboard 55998829dee0's translation state from a provided keymap
[1;32mDEBUG [0m]: xkb: LED index 0 (name Num Lock) got index 1
[1;32mDEBUG [0m]: xkb: LED index 1 (name Caps Lock) got index 0
[1;32mDEBUG [0m]: xkb: LED index 2 (name Scroll Lock) got index 2
[1;32mDEBUG [0m]: xkb: Mod index 0 (name Shift) got index 0
[1;32mDEBUG [0m]: xkb: Mod index 1 (name Lock) got index 1
[1;32mDEBUG [0m]: xkb: Mod index 2 (name Control) got index 2
[1;32mDEBUG [0m]: xkb: Mod index 3 (name Mod1) got index 3
[1;32mDEBUG [0m]: xkb: Mod index 4 (name Mod2) got index 4
[1;32mDEBUG [0m]: xkb: Mod index 5 (name Mod3) got index 5
[1;32mDEBUG [0m]: xkb: Mod index 6 (name Mod4) got index 6
[1;32mDEBUG [0m]: xkb: Mod index 7 (name Mod5) got index 7
[1;32mDEBUG [0m]: Updating keymap fd for keyboard hl-virtual-keyboard-wtype
[1;32mDEBUG [0m]: Updated keymap fd to 108, keymap V1 to: 110
[1;32mDEBUG [0m]: Set the keyboard layout to us and variant to  for keyboard "hl-virtual-keyboard-wtype"
[1;32mDEBUG [0m]: New virtual keyboard created at 55998829dee0
[1;32mDEBUG [0m]: Updating keyboard 55998829dee0's translation state from a provided keymap
[1;32mDEBUG [0m]: Updating keymap fd for keyboard hl-virtual-keyboard-wtype
[1;32mDEBUG [0m]: Updated keymap fd to 108, keymap V1 to: 110
[1;32mDEBUG [0m]: Keyboard at 55998829dee0 removed
[1;32mDEBUG [0m]: Destroyed keyboard 55998829dee0
[1;32mDEBUG [0m]: [CWLSeatProtocol] New seat resource bound at 55998857c0b0
[1;32mDEBUG [0m]: [CVirtualKeyboardProtocol] New VKeyboard at id 5
[1;32mDEBUG [0m]: ApplyConfigToKeyboard for "hl-virtual-keyboard-wtype", hasconfig: 0
[1;32mDEBUG [0m]: Attempting to create a keymap for layout us with variant  (rules: , model: , options: )
[1;32mDEBUG [0m]: Updating keyboard 55998829dee0's translation state from a provided keymap
[1;32mDEBUG [0m]: xkb: LED index 0 (name Num Lock) got index 1
[1;32mDEBUG [0m]: xkb: LED index 1 (name Caps Lock) got index 0
[1;32mDEBUG [0m]: xkb: LED index 2 (name Scroll Lock) got index 2
[1;32mDEBUG [0m]: xkb: Mod index 0 (name Shift) got index 0
[1;32mDEBUG [0m]: xkb: Mod index 1 (name Lock) got index 1
[1;32mDEBUG [0m]: xkb: Mod index 2 (name Control) got index 2
[1;32mDEBUG [0m]: xkb: Mod index 3 (name Mod1) got index 3
[1;32mDEBUG [0m]: xkb: Mod index 4 (name Mod2) got index 4
[1;32mDEBUG [0m]: xkb: Mod index 5 (name Mod3) got index 5
[1;32mDEBUG [0m]: xkb: Mod index 6 (name Mod4) got index 6
[1;32mDEBUG [0m]: xkb: Mod index 7 (name Mod5) got index 7
[1;32mDEBUG [0m]: Updating keymap fd for keyboard hl-virtual-keyboard-wtype
[1;32mDEBUG [0m]: Updated keymap fd to 108, keymap V1 to: 110
[1;32mDEBUG [0m]: Set the keyboard layout to us and variant to  for keyboard "hl-virtual-keyboard-wtype"
[1;32mDEBUG [0m]: New virtual keyboard created at 55998829dee0
[1;32mDEBUG [0m]: Updating keyboard 55998829dee0's translation state from a provided keymap
[1;32mDEBUG [0m]: Updating keymap fd for keyboard hl-virtual-keyboard-wtype
[1;32mDEBUG [0m]: Updated keymap fd to 108, keymap V1 to: 110
[1;32mDEBUG [0m]: Keyboard at 55998829dee0 removed
[1;32mDEBUG [0m]: Destroyed keyboard 55998829dee0
[1;32mDEBUG [0m]: [CWLSeatProtocol] New seat resource bound at 559987d82260
[1;32mDEBUG [0m]: [CVirtualKeyboardProtocol] New VKeyboard at id 5
[1;32mDEBUG [0m]: ApplyConfigToKeyboard for "hl-virtual-keyboard-wtype", hasconfig: 0
[1;32mDEBUG [0m]: Attempting to create a keymap for layout us with variant  (rules: , model: , options: )
[1;32mDEBUG [0m]: Updating keyboard 55998829dee0's translation state from a provided keymap
[1;32mDEBUG [0m]: xkb: LED index 0 (name Num Lock) got index 1
[1;32mDEBUG [0m]: xkb: LED index 1 (name Caps Lock) got index 0
[1;32mDEBUG [0m]: xkb: LED index 2 (name Scroll Lock) got index 2
[1;32mDEBUG [0m]: xkb: Mod index 0 (name Shift) got index 0
[1;32mDEBUG [0m]: xkb: Mod index 1 (name Lock) got index 1
[1;32mDEBUG [0m]: xkb: Mod index 2 (name Control) got index 2
[1;32mDEBUG [0m]: xkb: Mod index 3 (name Mod1) got index 3
[1;32mDEBUG [0m]: xkb: Mod index 4 (name Mod2) got index 4
[1;32mDEBUG [0m]: xkb: Mod index 5 (name Mod3) got index 5
[1;32mDEBUG [0m]: xkb: Mod index 6 (name Mod4) got index 6
[1;32mDEBUG [0m]: xkb: Mod index 7 (name Mod5) got index 7
[1;32mDEBUG [0m]: Updating keymap fd for keyboard hl-virtual-keyboard-wtype
[1;32mDEBUG [0m]: Updated keymap fd to 108, keymap V1 to: 110
[1;32mDEBUG [0m]: Set the keyboard layout to us and variant to  for keyboard "hl-virtual-keyboard-wtype"
[1;32mDEBUG [0m]: New virtual keyboard created at 55998829dee0
[1;32mDEBUG [0m]: Updating keyboard 55998829dee0's translation state from a provided keymap
[1;32mDEBUG [0m]: Updating keymap fd for keyboard hl-virtual-keyboard-wtype
[1;32mDEBUG [0m]: Updated keymap fd to 108, keymap V1 to: 110
[1;32mDEBUG [0m]: [CWLCompositorResource] New wl_region with id 149 at 559988242f00
[1;32mDEBUG [0m]: [CLinuxDMABUFParamsResource] Creating a dmabuf, with id 151: size [Vector2D: x: 368, y: 676], fmt AR24, planes 1
[1;32mDEBUG [0m]: [CLinuxDMABUFParamsResource]  | plane 0: mod 72057594037927952 fd 103 stride 1536 offset 0
[1;32mDEBUG [0m]: [CLinuxDMABUFParamsResource] Creating a dmabuf, with id 150: size [Vector2D: x: 368, y: 676], fmt AR24, planes 1
[1;32mDEBUG [0m]: [CLinuxDMABUFParamsResource]  | plane 0: mod 72057594037927952 fd 49 stride 1536 offset 0
[1;32mDEBUG [0m]: Keyboard at 55998829dee0 removed
[1;32mDEBUG [0m]: Destroyed keyboard 55998829dee0
[1;32mDEBUG [0m]: [CWLCompositorResource] New wl_region with id 147 at 55998724b810
[1;32mDEBUG [0m]: [CLinuxDMABUFParamsResource] Creating a dmabuf, with id 147: size [Vector2D: x: 368, y: 622], fmt AR24, planes 1
[1;32mDEBUG [0m]: [CLinuxDMABUFParamsResource]  | plane 0: mod 72057594037927952 fd 49 stride 1536 offset 0
[1;32mDEBUG [0m]: [CLinuxDMABUFParamsResource] Creating a dmabuf, with id 149: size [Vector2D: x: 368, y: 622], fmt AR24, planes 1
[1;32mDEBUG [0m]: [CLinuxDMABUFParamsResource]  | plane 0: mod 72057594037927952 fd 89 stride 1536 offset 0
[1;32mDEBUG [0m]: [CWLCompositorResource] New wl_region with id 151 at 559988570750
[1;32mDEBUG [0m]: [CLinuxDMABUFParamsResource] Creating a dmabuf, with id 95: size [Vector2D: x: 1140, y: 627], fmt AR24, planes 1
[1;32mDEBUG [0m]: [CLinuxDMABUFParamsResource]  | plane 0: mod 72057594037927952 fd 89 stride 4608 offset 0
[1;32mDEBUG [0m]: [CWLCompositorResource] New wl_region with id 145 at 559987d47080
[1;32mDEBUG [0m]: [CLinuxDMABUFParamsResource] Creating a dmabuf, with id 151: size [Vector2D: x: 1140, y: 627], fmt AR24, planes 1
[1;32mDEBUG [0m]: [CLinuxDMABUFParamsResource]  | plane 0: mod 72057594037927952 fd 98 stride 4608 offset 0
[1;32mDEBUG [0m]: [CLinuxDMABUFParamsResource] Creating a dmabuf, with id 150: size [Vector2D: x: 368, y: 1072], fmt AR24, planes 1
[1;32mDEBUG [0m]: [CLinuxDMABUFParamsResource]  | plane 0: mod 72057594037927952 fd 97 stride 1536 offset 0
[1;32mDEBUG [0m]: [CWLCompositorResource] New wl_region with id 154 at 559988906c20
[1;32mDEBUG [0m]: [CLinuxDMABUFParamsResource] Creating a dmabuf, with id 149: size [Vector2D: x: 368, y: 1072], fmt AR24, planes 1
[1;32mDEBUG [0m]: [CLinuxDMABUFParamsResource]  | plane 0: mod 72057594037927952 fd 103 stride 1536 offset 0
[1;32mDEBUG [0m]: LayerSurface 55998826b1b0 destroyed
[1;32mDEBUG [0m]: Forcing an unmap of a LS that did a straight destroy!
[1;32mDEBUG [0m]: LayerSurface 55998826b1b0 unmapped
[1;32mDEBUG [0m]: renderer: making a snapshot of layer 559988839ba0
[1;32mDEBUG [0m]: Framebuffer "layer snapshot" created, status 36053
[1;32mDEBUG [0m]: renderer: cleared a snapshot of layer 559988839ba0
[1;32mDEBUG [0m]: renderer: rendered a snapshot of layer 559988839ba0
[1;32mDEBUG [0m]: renderer: made a snapshot of layer 559988839ba0
[1;32mDEBUG [0m]: CWLSurface 55998825f730 called destroy()
[1;32mDEBUG [0m]: Cleanup: removed 1 fadeouts
[1;32mDEBUG [0m]: [CWLCompositorResource] New wl_surface with id 148 at 559988655700
[1;32mDEBUG [0m]: CWLSurface 559987d0f480 called init()
[1;32mDEBUG [0m]: LayerSurface 55998826b1b0 (namespace putkin-panel layer 3) created on monitor HEADLESS-1
[1;32mDEBUG [0m]: [CLayerShellProtocol] New wlr_layer_surface 55998826b1b0
[1;32mDEBUG [0m]: [CPrimarySelectionProtocol] CPrimarySelectionProtocol::updateSelection: cannot send selection to a client without a data_device
[1;32mDEBUG [0m]: [CWLCompositorResource] New wl_region with id 136 at 559987d899e0
[1;32mDEBUG [0m]: [CLinuxDMABUFParamsResource] Creating a dmabuf, with id 147: size [Vector2D: x: 368, y: 136], fmt AR24, planes 1
[1;32mDEBUG [0m]: [CLinuxDMABUFParamsResource]  | plane 0: mod 72057594037927952 fd 49 stride 1536 offset 0
[1;32mDEBUG [0m]: LayerSurface 55998826b1b0 mapped
[1;32mDEBUG [0m]: cursorImage request: shape 1 -> default
[1;32mDEBUG [0m]: [CLinuxDMABUFParamsResource] Creating a dmabuf, with id 95: size [Vector2D: x: 368, y: 136], fmt AR24, planes 1
[1;32mDEBUG [0m]: [CLinuxDMABUFParamsResource]  | plane 0: mod 72057594037927952 fd 97 stride 1536 offset 0
[1;32mDEBUG [0m]: [CLinuxDMABUFParamsResource] Creating a dmabuf, with id 142: size [Vector2D: x: 368, y: 424], fmt AR24, planes 1
[1;32mDEBUG [0m]: [CLinuxDMABUFParamsResource]  | plane 0: mod 72057594037927952 fd 49 stride 1536 offset 0
[1;32mDEBUG [0m]: [CLinuxDMABUFParamsResource] Creating a dmabuf, with id 136: size [Vector2D: x: 368, y: 424], fmt AR24, planes 1
[1;32mDEBUG [0m]: [CLinuxDMABUFParamsResource]  | plane 0: mod 72057594037927952 fd 89 stride 1536 offset 0
[1;32mDEBUG [0m]: [CWLSeatProtocol] New seat resource bound at 559988a16cb0
[1;32mDEBUG [0m]: [CVirtualKeyboardProtocol] New VKeyboard at id 5
[1;32mDEBUG [0m]: ApplyConfigToKeyboard for "hl-virtual-keyboard-wtype", hasconfig: 0
[1;32mDEBUG [0m]: Attempting to create a keymap for layout us with variant  (rules: , model: , options: )
[1;32mDEBUG [0m]: Updating keyboard 55998829dee0's translation state from a provided keymap
[1;32mDEBUG [0m]: xkb: LED index 0 (name Num Lock) got index 1
[1;32mDEBUG [0m]: xkb: LED index 1 (name Caps Lock) got index 0
[1;32mDEBUG [0m]: xkb: LED index 2 (name Scroll Lock) got index 2
[1;32mDEBUG [0m]: xkb: Mod index 0 (name Shift) got index 0
[1;32mDEBUG [0m]: xkb: Mod index 1 (name Lock) got index 1
[1;32mDEBUG [0m]: xkb: Mod index 2 (name Control) got index 2
[1;32mDEBUG [0m]: xkb: Mod index 3 (name Mod1) got index 3
[1;32mDEBUG [0m]: xkb: Mod index 4 (name Mod2) got index 4
[1;32mDEBUG [0m]: xkb: Mod index 5 (name Mod3) got index 5
[1;32mDEBUG [0m]: xkb: Mod index 6 (name Mod4) got index 6
[1;32mDEBUG [0m]: xkb: Mod index 7 (name Mod5) got index 7
[1;32mDEBUG [0m]: Updating keymap fd for keyboard hl-virtual-keyboard-wtype
[1;32mDEBUG [0m]: Updated keymap fd to 108, keymap V1 to: 110
[1;32mDEBUG [0m]: Set the keyboard layout to us and variant to  for keyboard "hl-virtual-keyboard-wtype"
[1;32mDEBUG [0m]: New virtual keyboard created at 55998829dee0
[1;32mDEBUG [0m]: Updating keyboard 55998829dee0's translation state from a provided keymap
[1;32mDEBUG [0m]: Updating keymap fd for keyboard hl-virtual-keyboard-wtype
[1;32mDEBUG [0m]: Updated keymap fd to 108, keymap V1 to: 110
[1;32mDEBUG [0m]: Keyboard at 55998829dee0 removed
[1;32mDEBUG [0m]: Destroyed keyboard 55998829dee0
[1;32mDEBUG [0m]: [CWLSeatProtocol] New seat resource bound at 55998724ff70
[1;32mDEBUG [0m]: [CVirtualKeyboardProtocol] New VKeyboard at id 5
[1;32mDEBUG [0m]: ApplyConfigToKeyboard for "hl-virtual-keyboard-wtype", hasconfig: 0
[1;32mDEBUG [0m]: Attempting to create a keymap for layout us with variant  (rules: , model: , options: )
[1;32mDEBUG [0m]: Updating keyboard 55998829dee0's translation state from a provided keymap
[1;32mDEBUG [0m]: xkb: LED index 0 (name Num Lock) got index 1
[1;32mDEBUG [0m]: xkb: LED index 1 (name Caps Lock) got index 0
[1;32mDEBUG [0m]: xkb: LED index 2 (name Scroll Lock) got index 2
[1;32mDEBUG [0m]: xkb: Mod index 0 (name Shift) got index 0
[1;32mDEBUG [0m]: xkb: Mod index 1 (name Lock) got index 1
[1;32mDEBUG [0m]: xkb: Mod index 2 (name Control) got index 2
[1;32mDEBUG [0m]: xkb: Mod index 3 (name Mod1) got index 3
[1;32mDEBUG [0m]: xkb: Mod index 4 (name Mod2) got index 4
[1;32mDEBUG [0m]: xkb: Mod index 5 (name Mod3) got index 5
[1;32mDEBUG [0m]: xkb: Mod index 6 (name Mod4) got index 6
[1;32mDEBUG [0m]: xkb: Mod index 7 (name Mod5) got index 7
[1;32mDEBUG [0m]: Updating keymap fd for keyboard hl-virtual-keyboard-wtype
[1;32mDEBUG [0m]: Updated keymap fd to 108, keymap V1 to: 110
[1;32mDEBUG [0m]: Set the keyboard layout to us and variant to  for keyboard "hl-virtual-keyboard-wtype"
[1;32mDEBUG [0m]: New virtual keyboard created at 55998829dee0
[1;32mDEBUG [0m]: Updating keyboard 55998829dee0's translation state from a provided keymap
[1;32mDEBUG [0m]: Updating keymap fd for keyboard hl-virtual-keyboard-wtype
[1;32mDEBUG [0m]: Updated keymap fd to 108, keymap V1 to: 110
[1;32mDEBUG [0m]: Keyboard at 55998829dee0 removed
[1;32mDEBUG [0m]: Destroyed keyboard 55998829dee0
[1;32mDEBUG [0m]: [CWLSeatProtocol] New seat resource bound at 55998824ff10
[1;32mDEBUG [0m]: [CVirtualKeyboardProtocol] New VKeyboard at id 5
[1;32mDEBUG [0m]: ApplyConfigToKeyboard for "hl-virtual-keyboard-wtype", hasconfig: 0
[1;32mDEBUG [0m]: Attempting to create a keymap for layout us with variant  (rules: , model: , options: )
[1;32mDEBUG [0m]: Updating keyboard 55998829dee0's translation state from a provided keymap
[1;32mDEBUG [0m]: xkb: LED index 0 (name Num Lock) got index 1
[1;32mDEBUG [0m]: xkb: LED index 1 (name Caps Lock) got index 0
[1;32mDEBUG [0m]: xkb: LED index 2 (name Scroll Lock) got index 2
[1;32mDEBUG [0m]: xkb: Mod index 0 (name Shift) got index 0
[1;32mDEBUG [0m]: xkb: Mod index 1 (name Lock) got index 1
[1;32mDEBUG [0m]: xkb: Mod index 2 (name Control) got index 2
[1;32mDEBUG [0m]: xkb: Mod index 3 (name Mod1) got index 3
[1;32mDEBUG [0m]: xkb: Mod index 4 (name Mod2) got index 4
[1;32mDEBUG [0m]: xkb: Mod index 5 (name Mod3) got index 5
[1;32mDEBUG [0m]: xkb: Mod index 6 (name Mod4) got index 6
[1;32mDEBUG [0m]: xkb: Mod index 7 (name Mod5) got index 7
[1;32mDEBUG [0m]: Updating keymap fd for keyboard hl-virtual-keyboard-wtype
[1;32mDEBUG [0m]: Updated keymap fd to 108, keymap V1 to: 110
[1;32mDEBUG [0m]: Set the keyboard layout to us and variant to  for keyboard "hl-virtual-keyboard-wtype"
[1;32mDEBUG [0m]: New virtual keyboard created at 55998829dee0
[1;32mDEBUG [0m]: Updating keyboard 55998829dee0's translation state from a provided keymap
[1;32mDEBUG [0m]: Updating keymap fd for keyboard hl-virtual-keyboard-wtype
[1;32mDEBUG [0m]: Updated keymap fd to 108, keymap V1 to: 110
[1;32mDEBUG [0m]: [CWLCompositorResource] New wl_region with id 147 at 5599888e9ba0
[1;32mDEBUG [0m]: [CLinuxDMABUFParamsResource] Creating a dmabuf, with id 154: size [Vector2D: x: 368, y: 676], fmt AR24, planes 1
[1;32mDEBUG [0m]: [CLinuxDMABUFParamsResource]  | plane 0: mod 72057594037927952 fd 49 stride 1536 offset 0
[1;32mDEBUG [0m]: [CLinuxDMABUFParamsResource] Creating a dmabuf, with id 151: size [Vector2D: x: 368, y: 676], fmt AR24, planes 1
[1;32mDEBUG [0m]: [CLinuxDMABUFParamsResource]  | plane 0: mod 72057594037927952 fd 100 stride 1536 offset 0
[1;32mDEBUG [0m]: Keyboard at 55998829dee0 removed
[1;32mDEBUG [0m]: Destroyed keyboard 55998829dee0
[1;32mDEBUG [0m]: [CWLCompositorResource] New wl_region with id 142 at 55998826b980
[1;32mDEBUG [0m]: [CLinuxDMABUFParamsResource] Creating a dmabuf, with id 142: size [Vector2D: x: 368, y: 622], fmt AR24, planes 1
[1;32mDEBUG [0m]: [CLinuxDMABUFParamsResource]  | plane 0: mod 72057594037927952 fd 97 stride 1536 offset 0
[1;32mDEBUG [0m]: [CLinuxDMABUFParamsResource] Creating a dmabuf, with id 147: size [Vector2D: x: 368, y: 622], fmt AR24, planes 1
[1;32mDEBUG [0m]: [CLinuxDMABUFParamsResource]  | plane 0: mod 72057594037927952 fd 89 stride 1536 offset 0
[1;32mDEBUG [0m]: [CWLCompositorResource] New wl_region with id 155 at 559988906c20
[1;32mDEBUG [0m]: [CLinuxDMABUFParamsResource] Creating a dmabuf, with id 153: size [Vector2D: x: 1140, y: 627], fmt AR24, planes 1
[1;32mDEBUG [0m]: [CLinuxDMABUFParamsResource]  | plane 0: mod 72057594037927952 fd 89 stride 4608 offset 0
[1;32mDEBUG [0m]: [CWLCompositorResource] New wl_region with id 147 at 559988470050
[1;32mDEBUG [0m]: [CLinuxDMABUFParamsResource] Creating a dmabuf, with id 151: size [Vector2D: x: 1140, y: 627], fmt AR24, planes 1
[1;32mDEBUG [0m]: [CLinuxDMABUFParamsResource]  | plane 0: mod 72057594037927952 fd 49 stride 4608 offset 0
[1;32mDEBUG [0m]: [CLinuxDMABUFParamsResource] Creating a dmabuf, with id 155: size [Vector2D: x: 368, y: 1072], fmt AR24, planes 1
[1;32mDEBUG [0m]: [CLinuxDMABUFParamsResource]  | plane 0: mod 72057594037927952 fd 100 stride 1536 offset 0
[1;32mDEBUG [0m]: [CWLCompositorResource] New wl_region with id 145 at 5599889baa90
[1;32mDEBUG [0m]: [CLinuxDMABUFParamsResource] Creating a dmabuf, with id 136: size [Vector2D: x: 368, y: 1072], fmt AR24, planes 1
[1;32mDEBUG [0m]: [CLinuxDMABUFParamsResource]  | plane 0: mod 72057594037927952 fd 98 stride 1536 offset 0
[1;32mDEBUG [0m]: LayerSurface 55998826b1b0 destroyed
[1;32mDEBUG [0m]: Forcing an unmap of a LS that did a straight destroy!
[1;32mDEBUG [0m]: LayerSurface 55998826b1b0 unmapped
[1;32mDEBUG [0m]: renderer: making a snapshot of layer 559988415620
[1;32mDEBUG [0m]: Framebuffer "layer snapshot" created, status 36053
[1;32mDEBUG [0m]: renderer: cleared a snapshot of layer 559988415620
[1;32mDEBUG [0m]: renderer: rendered a snapshot of layer 559988415620
[1;32mDEBUG [0m]: renderer: made a snapshot of layer 559988415620
[1;32mDEBUG [0m]: CWLSurface 559987d0f480 called destroy()
[1;32mDEBUG [0m]: Cleanup: removed 1 fadeouts
[1;32mDEBUG [0m]: [CWLCompositorResource] New wl_surface with id 95 at 5599888394a0
[1;32mDEBUG [0m]: CWLSurface 559988283530 called init()
[1;32mDEBUG [0m]: LayerSurface 55998826b1b0 (namespace putkin-panel layer 3) created on monitor HEADLESS-1
[1;32mDEBUG [0m]: [CLayerShellProtocol] New wlr_layer_surface 55998826b1b0
[1;32mDEBUG [0m]: [CPrimarySelectionProtocol] CPrimarySelectionProtocol::updateSelection: cannot send selection to a client without a data_device
[1;32mDEBUG [0m]: [CWLCompositorResource] New wl_region with id 149 at 5599883f2620
[1;32mDEBUG [0m]: [CLinuxDMABUFParamsResource] Creating a dmabuf, with id 142: size [Vector2D: x: 368, y: 136], fmt AR24, planes 1
[1;32mDEBUG [0m]: [CLinuxDMABUFParamsResource]  | plane 0: mod 72057594037927952 fd 49 stride 1536 offset 0
[1;32mDEBUG [0m]: LayerSurface 55998826b1b0 mapped
[1;32mDEBUG [0m]: cursorImage request: shape 1 -> default
[1;32mDEBUG [0m]: [CLinuxDMABUFParamsResource] Creating a dmabuf, with id 153: size [Vector2D: x: 368, y: 136], fmt AR24, planes 1
[1;32mDEBUG [0m]: [CLinuxDMABUFParamsResource]  | plane 0: mod 72057594037927952 fd 89 stride 1536 offset 0
[1;32mDEBUG [0m]: [CLinuxDMABUFParamsResource] Creating a dmabuf, with id 150: size [Vector2D: x: 368, y: 424], fmt AR24, planes 1
[1;32mDEBUG [0m]: [CLinuxDMABUFParamsResource]  | plane 0: mod 72057594037927952 fd 100 stride 1536 offset 0
[1;32mDEBUG [0m]: [CLinuxDMABUFParamsResource] Creating a dmabuf, with id 149: size [Vector2D: x: 368, y: 424], fmt AR24, planes 1
[1;32mDEBUG [0m]: [CLinuxDMABUFParamsResource]  | plane 0: mod 72057594037927952 fd 97 stride 1536 offset 0
[1;32mDEBUG [0m]: [CWLSeatProtocol] New seat resource bound at 559988260740
[1;32mDEBUG [0m]: [CVirtualKeyboardProtocol] New VKeyboard at id 5
[1;32mDEBUG [0m]: ApplyConfigToKeyboard for "hl-virtual-keyboard-wtype", hasconfig: 0
[1;32mDEBUG [0m]: Attempting to create a keymap for layout us with variant  (rules: , model: , options: )
[1;32mDEBUG [0m]: Updating keyboard 55998829dee0's translation state from a provided keymap
[1;32mDEBUG [0m]: xkb: LED index 0 (name Num Lock) got index 1
[1;32mDEBUG [0m]: xkb: LED index 1 (name Caps Lock) got index 0
[1;32mDEBUG [0m]: xkb: LED index 2 (name Scroll Lock) got index 2
[1;32mDEBUG [0m]: xkb: Mod index 0 (name Shift) got index 0
[1;32mDEBUG [0m]: xkb: Mod index 1 (name Lock) got index 1
[1;32mDEBUG [0m]: xkb: Mod index 2 (name Control) got index 2
[1;32mDEBUG [0m]: xkb: Mod index 3 (name Mod1) got index 3
[1;32mDEBUG [0m]: xkb: Mod index 4 (name Mod2) got index 4
[1;32mDEBUG [0m]: xkb: Mod index 5 (name Mod3) got index 5
[1;32mDEBUG [0m]: xkb: Mod index 6 (name Mod4) got index 6
[1;32mDEBUG [0m]: xkb: Mod index 7 (name Mod5) got index 7
[1;32mDEBUG [0m]: Updating keymap fd for keyboard hl-virtual-keyboard-wtype
[1;32mDEBUG [0m]: Updated keymap fd to 108, keymap V1 to: 110
[1;32mDEBUG [0m]: Set the keyboard layout to us and variant to  for keyboard "hl-virtual-keyboard-wtype"
[1;32mDEBUG [0m]: New virtual keyboard created at 55998829dee0
[1;32mDEBUG [0m]: Updating keyboard 55998829dee0's translation state from a provided keymap
[1;32mDEBUG [0m]: Updating keymap fd for keyboard hl-virtual-keyboard-wtype
[1;32mDEBUG [0m]: Updated keymap fd to 108, keymap V1 to: 110
[1;32mDEBUG [0m]: Keyboard at 55998829dee0 removed
[1;32mDEBUG [0m]: Destroyed keyboard 55998829dee0
[1;32mDEBUG [0m]: [CWLSeatProtocol] New seat resource bound at 55998821ae60
[1;32mDEBUG [0m]: [CVirtualKeyboardProtocol] New VKeyboard at id 5
[1;32mDEBUG [0m]: ApplyConfigToKeyboard for "hl-virtual-keyboard-wtype", hasconfig: 0
[1;32mDEBUG [0m]: Attempting to create a keymap for layout us with variant  (rules: , model: , options: )
[1;32mDEBUG [0m]: Updating keyboard 55998829dee0's translation state from a provided keymap
[1;32mDEBUG [0m]: xkb: LED index 0 (name Num Lock) got index 1
[1;32mDEBUG [0m]: xkb: LED index 1 (name Caps Lock) got index 0
[1;32mDEBUG [0m]: xkb: LED index 2 (name Scroll Lock) got index 2
[1;32mDEBUG [0m]: xkb: Mod index 0 (name Shift) got index 0
[1;32mDEBUG [0m]: xkb: Mod index 1 (name Lock) got index 1
[1;32mDEBUG [0m]: xkb: Mod index 2 (name Control) got index 2
[1;32mDEBUG [0m]: xkb: Mod index 3 (name Mod1) got index 3
[1;32mDEBUG [0m]: xkb: Mod index 4 (name Mod2) got index 4
[1;32mDEBUG [0m]: xkb: Mod index 5 (name Mod3) got index 5
[1;32mDEBUG [0m]: xkb: Mod index 6 (name Mod4) got index 6
[1;32mDEBUG [0m]: xkb: Mod index 7 (name Mod5) got index 7
[1;32mDEBUG [0m]: Updating keymap fd for keyboard hl-virtual-keyboard-wtype
[1;32mDEBUG [0m]: Updated keymap fd to 108, keymap V1 to: 110
[1;32mDEBUG [0m]: Set the keyboard layout to us and variant to  for keyboard "hl-virtual-keyboard-wtype"
[1;32mDEBUG [0m]: New virtual keyboard created at 55998829dee0
[1;32mDEBUG [0m]: Updating keyboard 55998829dee0's translation state from a provided keymap
[1;32mDEBUG [0m]: Updating keymap fd for keyboard hl-virtual-keyboard-wtype
[1;32mDEBUG [0m]: Updated keymap fd to 108, keymap V1 to: 110
[1;32mDEBUG [0m]: Keyboard at 55998829dee0 removed
[1;32mDEBUG [0m]: Destroyed keyboard 55998829dee0
[1;32mDEBUG [0m]: [CWLSeatProtocol] New seat resource bound at 5599872179a0
[1;32mDEBUG [0m]: [CVirtualKeyboardProtocol] New VKeyboard at id 5
[1;32mDEBUG [0m]: ApplyConfigToKeyboard for "hl-virtual-keyboard-wtype", hasconfig: 0
[1;32mDEBUG [0m]: Attempting to create a keymap for layout us with variant  (rules: , model: , options: )
[1;32mDEBUG [0m]: Updating keyboard 55998829dee0's translation state from a provided keymap
[1;32mDEBUG [0m]: xkb: LED index 0 (name Num Lock) got index 1
[1;32mDEBUG [0m]: xkb: LED index 1 (name Caps Lock) got index 0
[1;32mDEBUG [0m]: xkb: LED index 2 (name Scroll Lock) got index 2
[1;32mDEBUG [0m]: xkb: Mod index 0 (name Shift) got index 0
[1;32mDEBUG [0m]: xkb: Mod index 1 (name Lock) got index 1
[1;32mDEBUG [0m]: xkb: Mod index 2 (name Control) got index 2
[1;32mDEBUG [0m]: xkb: Mod index 3 (name Mod1) got index 3
[1;32mDEBUG [0m]: xkb: Mod index 4 (name Mod2) got index 4
[1;32mDEBUG [0m]: xkb: Mod index 5 (name Mod3) got index 5
[1;32mDEBUG [0m]: xkb: Mod index 6 (name Mod4) got index 6
[1;32mDEBUG [0m]: xkb: Mod index 7 (name Mod5) got index 7
[1;32mDEBUG [0m]: Updating keymap fd for keyboard hl-virtual-keyboard-wtype
[1;32mDEBUG [0m]: Updated keymap fd to 108, keymap V1 to: 110
[1;32mDEBUG [0m]: Set the keyboard layout to us and variant to  for keyboard "hl-virtual-keyboard-wtype"
[1;32mDEBUG [0m]: New virtual keyboard created at 55998829dee0
[1;32mDEBUG [0m]: Updating keyboard 55998829dee0's translation state from a provided keymap
[1;32mDEBUG [0m]: Updating keymap fd for keyboard hl-virtual-keyboard-wtype
[1;32mDEBUG [0m]: Updated keymap fd to 108, keymap V1 to: 110
[1;32mDEBUG [0m]: [CWLCompositorResource] New wl_region with id 151 at 5599887cb240
[1;32mDEBUG [0m]: [CLinuxDMABUFParamsResource] Creating a dmabuf, with id 147: size [Vector2D: x: 368, y: 676], fmt AR24, planes 1
[1;32mDEBUG [0m]: [CLinuxDMABUFParamsResource]  | plane 0: mod 72057594037927952 fd 97 stride 1536 offset 0
[1;32mDEBUG [0m]: [CLinuxDMABUFParamsResource] Creating a dmabuf, with id 142: size [Vector2D: x: 368, y: 676], fmt AR24, planes 1
[1;32mDEBUG [0m]: [CLinuxDMABUFParamsResource]  | plane 0: mod 72057594037927952 fd 89 stride 1536 offset 0
[1;32mDEBUG [0m]: Keyboard at 55998829dee0 removed
[1;32mDEBUG [0m]: Destroyed keyboard 55998829dee0
[1;32mDEBUG [0m]: [CWLCompositorResource] New wl_region with id 149 at 559988415480
[1;32mDEBUG [0m]: [CLinuxDMABUFParamsResource] Creating a dmabuf, with id 151: size [Vector2D: x: 368, y: 622], fmt AR24, planes 1
[1;32mDEBUG [0m]: [CLinuxDMABUFParamsResource]  | plane 0: mod 72057594037927952 fd 49 stride 1536 offset 0
[1;32mDEBUG [0m]: [CLinuxDMABUFParamsResource] Creating a dmabuf, with id 153: size [Vector2D: x: 368, y: 622], fmt AR24, planes 1
[1;32mDEBUG [0m]: [CLinuxDMABUFParamsResource]  | plane 0: mod 72057594037927952 fd 100 stride 1536 offset 0
[1;32mDEBUG [0m]: [CWLCompositorResource] New wl_region with id 149 at 5599888bd160
[1;32mDEBUG [0m]: [CLinuxDMABUFParamsResource] Creating a dmabuf, with id 145: size [Vector2D: x: 1140, y: 627], fmt AR24, planes 1
[1;32mDEBUG [0m]: [CLinuxDMABUFParamsResource]  | plane 0: mod 72057594037927952 fd 98 stride 4608 offset 0
[1;32mDEBUG [0m]: [CWLCompositorResource] New wl_region with id 153 at 559988916ea0
[1;32mDEBUG [0m]: [CLinuxDMABUFParamsResource] Creating a dmabuf, with id 150: size [Vector2D: x: 1140, y: 627], fmt AR24, planes 1
[1;32mDEBUG [0m]: [CLinuxDMABUFParamsResource]  | plane 0: mod 72057594037927952 fd 97 stride 4608 offset 0
[1;32mDEBUG [0m]: [CLinuxDMABUFParamsResource] Creating a dmabuf, with id 147: size [Vector2D: x: 368, y: 1072], fmt AR24, planes 1
[1;32mDEBUG [0m]: [CLinuxDMABUFParamsResource]  | plane 0: mod 72057594037927952 fd 89 stride 1536 offset 0
[1;32mDEBUG [0m]: [CWLCompositorResource] New wl_region with id 156 at 5599887f80d0
[1;32mDEBUG [0m]: [CLinuxDMABUFParamsResource] Creating a dmabuf, with id 149: size [Vector2D: x: 368, y: 1072], fmt AR24, planes 1
[1;32mDEBUG [0m]: [CLinuxDMABUFParamsResource]  | plane 0: mod 72057594037927952 fd 100 stride 1536 offset 0
[1;32mDEBUG [0m]: LayerSurface 55998826b1b0 destroyed
[1;32mDEBUG [0m]: Forcing an unmap of a LS that did a straight destroy!
[1;32mDEBUG [0m]: LayerSurface 55998826b1b0 unmapped
[1;32mDEBUG [0m]: renderer: making a snapshot of layer 559988839ba0
[1;32mDEBUG [0m]: Framebuffer "layer snapshot" created, status 36053
[1;32mDEBUG [0m]: renderer: cleared a snapshot of layer 559988839ba0
[1;32mDEBUG [0m]: renderer: rendered a snapshot of layer 559988839ba0
[1;32mDEBUG [0m]: renderer: made a snapshot of layer 559988839ba0
[1;32mDEBUG [0m]: CWLSurface 559988283530 called destroy()
[1;32mDEBUG [0m]: Cleanup: removed 1 fadeouts
[1;32mDEBUG [0m]: [CWLCompositorResource] New wl_surface with id 142 at 5599888394a0
[1;32mDEBUG [0m]: CWLSurface 5599881b57b0 called init()
[1;32mDEBUG [0m]: LayerSurface 55998826b1b0 (namespace putkin-panel layer 3) created on monitor HEADLESS-1
[1;32mDEBUG [0m]: [CLayerShellProtocol] New wlr_layer_surface 55998826b1b0
[1;32mDEBUG [0m]: [CPrimarySelectionProtocol] CPrimarySelectionProtocol::updateSelection: cannot send selection to a client without a data_device
[1;32mDEBUG [0m]: [CWLCompositorResource] New wl_region with id 136 at 559988262500
[1;32mDEBUG [0m]: [CLinuxDMABUFParamsResource] Creating a dmabuf, with id 151: size [Vector2D: x: 368, y: 136], fmt AR24, planes 1
[1;32mDEBUG [0m]: [CLinuxDMABUFParamsResource]  | plane 0: mod 72057594037927952 fd 49 stride 1536 offset 0
[1;32mDEBUG [0m]: LayerSurface 55998826b1b0 mapped
[1;32mDEBUG [0m]: cursorImage request: shape 1 -> default
[1;32mDEBUG [0m]: [CLinuxDMABUFParamsResource] Creating a dmabuf, with id 145: size [Vector2D: x: 368, y: 136], fmt AR24, planes 1
[1;32mDEBUG [0m]: [CLinuxDMABUFParamsResource]  | plane 0: mod 72057594037927952 fd 97 stride 1536 offset 0
[1;32mDEBUG [0m]: [CLinuxDMABUFParamsResource] Creating a dmabuf, with id 155: size [Vector2D: x: 368, y: 424], fmt AR24, planes 1
[1;32mDEBUG [0m]: [CLinuxDMABUFParamsResource]  | plane 0: mod 72057594037927952 fd 103 stride 1536 offset 0
[1;32mDEBUG [0m]: [CLinuxDMABUFParamsResource] Creating a dmabuf, with id 136: size [Vector2D: x: 368, y: 424], fmt AR24, planes 1
[1;32mDEBUG [0m]: [CLinuxDMABUFParamsResource]  | plane 0: mod 72057594037927952 fd 89 stride 1536 offset 0
[1;32mDEBUG [0m]: [CWLSeatProtocol] New seat resource bound at 559988250030
[1;32mDEBUG [0m]: [CVirtualKeyboardProtocol] New VKeyboard at id 5
[1;32mDEBUG [0m]: ApplyConfigToKeyboard for "hl-virtual-keyboard-wtype", hasconfig: 0
[1;32mDEBUG [0m]: Attempting to create a keymap for layout us with variant  (rules: , model: , options: )
[1;32mDEBUG [0m]: Updating keyboard 55998829dee0's translation state from a provided keymap
[1;32mDEBUG [0m]: xkb: LED index 0 (name Num Lock) got index 1
[1;32mDEBUG [0m]: xkb: LED index 1 (name Caps Lock) got index 0
[1;32mDEBUG [0m]: xkb: LED index 2 (name Scroll Lock) got index 2
[1;32mDEBUG [0m]: xkb: Mod index 0 (name Shift) got index 0
[1;32mDEBUG [0m]: xkb: Mod index 1 (name Lock) got index 1
[1;32mDEBUG [0m]: xkb: Mod index 2 (name Control) got index 2
[1;32mDEBUG [0m]: xkb: Mod index 3 (name Mod1) got index 3
[1;32mDEBUG [0m]: xkb: Mod index 4 (name Mod2) got index 4
[1;32mDEBUG [0m]: xkb: Mod index 5 (name Mod3) got index 5
[1;32mDEBUG [0m]: xkb: Mod index 6 (name Mod4) got index 6
[1;32mDEBUG [0m]: xkb: Mod index 7 (name Mod5) got index 7
[1;32mDEBUG [0m]: Updating keymap fd for keyboard hl-virtual-keyboard-wtype
[1;32mDEBUG [0m]: Updated keymap fd to 108, keymap V1 to: 110
[1;32mDEBUG [0m]: Set the keyboard layout to us and variant to  for keyboard "hl-virtual-keyboard-wtype"
[1;32mDEBUG [0m]: New virtual keyboard created at 55998829dee0
[1;32mDEBUG [0m]: Updating keyboard 55998829dee0's translation state from a provided keymap
[1;32mDEBUG [0m]: Updating keymap fd for keyboard hl-virtual-keyboard-wtype
[1;32mDEBUG [0m]: Updated keymap fd to 108, keymap V1 to: 110
[1;32mDEBUG [0m]: Keyboard at 55998829dee0 removed
[1;32mDEBUG [0m]: Destroyed keyboard 55998829dee0
[1;32mDEBUG [0m]: [CWLSeatProtocol] New seat resource bound at 5599889dd730
[1;32mDEBUG [0m]: [CVirtualKeyboardProtocol] New VKeyboard at id 5
[1;32mDEBUG [0m]: ApplyConfigToKeyboard for "hl-virtual-keyboard-wtype", hasconfig: 0
[1;32mDEBUG [0m]: Attempting to create a keymap for layout us with variant  (rules: , model: , options: )
[1;32mDEBUG [0m]: Updating keyboard 55998829dee0's translation state from a provided keymap
[1;32mDEBUG [0m]: xkb: LED index 0 (name Num Lock) got index 1
[1;32mDEBUG [0m]: xkb: LED index 1 (name Caps Lock) got index 0
[1;32mDEBUG [0m]: xkb: LED index 2 (name Scroll Lock) got index 2
[1;32mDEBUG [0m]: xkb: Mod index 0 (name Shift) got index 0
[1;32mDEBUG [0m]: xkb: Mod index 1 (name Lock) got index 1
[1;32mDEBUG [0m]: xkb: Mod index 2 (name Control) got index 2
[1;32mDEBUG [0m]: xkb: Mod index 3 (name Mod1) got index 3
[1;32mDEBUG [0m]: xkb: Mod index 4 (name Mod2) got index 4
[1;32mDEBUG [0m]: xkb: Mod index 5 (name Mod3) got index 5
[1;32mDEBUG [0m]: xkb: Mod index 6 (name Mod4) got index 6
[1;32mDEBUG [0m]: xkb: Mod index 7 (name Mod5) got index 7
[1;32mDEBUG [0m]: Updating keymap fd for keyboard hl-virtual-keyboard-wtype
[1;32mDEBUG [0m]: Updated keymap fd to 108, keymap V1 to: 110
[1;32mDEBUG [0m]: Set the keyboard layout to us and variant to  for keyboard "hl-virtual-keyboard-wtype"
[1;32mDEBUG [0m]: New virtual keyboard created at 55998829dee0
[1;32mDEBUG [0m]: Updating keyboard 55998829dee0's translation state from a provided keymap
[1;32mDEBUG [0m]: Updating keymap fd for keyboard hl-virtual-keyboard-wtype
[1;32mDEBUG [0m]: Updated keymap fd to 108, keymap V1 to: 110
[1;32mDEBUG [0m]: Keyboard at 55998829dee0 removed
[1;32mDEBUG [0m]: Destroyed keyboard 55998829dee0
[1;32mDEBUG [0m]: [CWLSeatProtocol] New seat resource bound at 55998724ff70
[1;32mDEBUG [0m]: [CVirtualKeyboardProtocol] New VKeyboard at id 5
[1;32mDEBUG [0m]: ApplyConfigToKeyboard for "hl-virtual-keyboard-wtype", hasconfig: 0
[1;32mDEBUG [0m]: Attempting to create a keymap for layout us with variant  (rules: , model: , options: )
[1;32mDEBUG [0m]: Updating keyboard 55998829dee0's translation state from a provided keymap
[1;32mDEBUG [0m]: xkb: LED index 0 (name Num Lock) got index 1
[1;32mDEBUG [0m]: xkb: LED index 1 (name Caps Lock) got index 0
[1;32mDEBUG [0m]: xkb: LED index 2 (name Scroll Lock) got index 2
[1;32mDEBUG [0m]: xkb: Mod index 0 (name Shift) got index 0
[1;32mDEBUG [0m]: xkb: Mod index 1 (name Lock) got index 1
[1;32mDEBUG [0m]: xkb: Mod index 2 (name Control) got index 2
[1;32mDEBUG [0m]: xkb: Mod index 3 (name Mod1) got index 3
[1;32mDEBUG [0m]: xkb: Mod index 4 (name Mod2) got index 4
[1;32mDEBUG [0m]: xkb: Mod index 5 (name Mod3) got index 5
[1;32mDEBUG [0m]: xkb: Mod index 6 (name Mod4) got index 6
[1;32mDEBUG [0m]: xkb: Mod index 7 (name Mod5) got index 7
[1;32mDEBUG [0m]: Updating keymap fd for keyboard hl-virtual-keyboard-wtype
[1;32mDEBUG [0m]: Updated keymap fd to 108, keymap V1 to: 110
[1;32mDEBUG [0m]: Set the keyboard layout to us and variant to  for keyboard "hl-virtual-keyboard-wtype"
[1;32mDEBUG [0m]: New virtual keyboard created at 55998829dee0
[1;32mDEBUG [0m]: Updating keyboard 55998829dee0's translation state from a provided keymap
[1;32mDEBUG [0m]: Updating keymap fd for keyboard hl-virtual-keyboard-wtype
[1;32mDEBUG [0m]: Updated keymap fd to 108, keymap V1 to: 110
[1;32mDEBUG [0m]: [CWLCompositorResource] New wl_region with id 150 at 559988295bb0
[1;32mDEBUG [0m]: [CLinuxDMABUFParamsResource] Creating a dmabuf, with id 156: size [Vector2D: x: 368, y: 676], fmt AR24, planes 1
[1;32mDEBUG [0m]: [CLinuxDMABUFParamsResource]  | plane 0: mod 72057594037927952 fd 89 stride 1536 offset 0
[1;32mDEBUG [0m]: [CLinuxDMABUFParamsResource] Creating a dmabuf, with id 151: size [Vector2D: x: 368, y: 676], fmt AR24, planes 1
[1;32mDEBUG [0m]: [CLinuxDMABUFParamsResource]  | plane 0: mod 72057594037927952 fd 97 stride 1536 offset 0
[1;32mDEBUG [0m]: Keyboard at 55998829dee0 removed
[1;32mDEBUG [0m]: Destroyed keyboard 55998829dee0
[1;32mDEBUG [0m]: [CWLCompositorResource] New wl_region with id 136 at 559988251f10
[1;32mDEBUG [0m]: [CLinuxDMABUFParamsResource] Creating a dmabuf, with id 136: size [Vector2D: x: 368, y: 622], fmt AR24, planes 1
[1;32mDEBUG [0m]: [CLinuxDMABUFParamsResource]  | plane 0: mod 72057594037927952 fd 49 stride 1536 offset 0
[1;32mDEBUG [0m]: [CLinuxDMABUFParamsResource] Creating a dmabuf, with id 150: size [Vector2D: x: 368, y: 622], fmt AR24, planes 1
[1;32mDEBUG [0m]: [CLinuxDMABUFParamsResource]  | plane 0: mod 72057594037927952 fd 98 stride 1536 offset 0
[1;32mDEBUG [0m]: [CWLCompositorResource] New wl_region with id 157 at 5599889183e0
[1;32mDEBUG [0m]: [CLinuxDMABUFParamsResource] Creating a dmabuf, with id 154: size [Vector2D: x: 1140, y: 627], fmt AR24, planes 1
[1;32mDEBUG [0m]: [CLinuxDMABUFParamsResource]  | plane 0: mod 72057594037927952 fd 98 stride 4608 offset 0
[1;32mDEBUG [0m]: [CWLCompositorResource] New wl_region with id 145 at 559987215050
[1;32mDEBUG [0m]: [CLinuxDMABUFParamsResource] Creating a dmabuf, with id 156: size [Vector2D: x: 1140, y: 627], fmt AR24, planes 1
[1;32mDEBUG [0m]: [CLinuxDMABUFParamsResource]  | plane 0: mod 72057594037927952 fd 89 stride 4608 offset 0
[1;32mDEBUG [0m]: [CLinuxDMABUFParamsResource] Creating a dmabuf, with id 155: size [Vector2D: x: 368, y: 1072], fmt AR24, planes 1
[1;32mDEBUG [0m]: [CLinuxDMABUFParamsResource]  | plane 0: mod 72057594037927952 fd 97 stride 1536 offset 0
[1;32mDEBUG [0m]: [CWLCompositorResource] New wl_region with id 154 at 559988264e70
[1;32mDEBUG [0m]: [CLinuxDMABUFParamsResource] Creating a dmabuf, with id 150: size [Vector2D: x: 368, y: 1072], fmt AR24, planes 1
[1;32mDEBUG [0m]: [CLinuxDMABUFParamsResource]  | plane 0: mod 72057594037927952 fd 99 stride 1536 offset 0
[1;32mDEBUG [0m]: LayerSurface 55998826b1b0 destroyed
[1;32mDEBUG [0m]: Forcing an unmap of a LS that did a straight destroy!
[1;32mDEBUG [0m]: LayerSurface 55998826b1b0 unmapped
[1;32mDEBUG [0m]: renderer: making a snapshot of layer 559988415620
[1;32mDEBUG [0m]: Framebuffer "layer snapshot" created, status 36053
[1;32mDEBUG [0m]: renderer: cleared a snapshot of layer 559988415620
[1;32mDEBUG [0m]: renderer: rendered a snapshot of layer 559988415620
[1;32mDEBUG [0m]: renderer: made a snapshot of layer 559988415620
[1;32mDEBUG [0m]: CWLSurface 5599881b57b0 called destroy()
[1;32mDEBUG [0m]: Cleanup: removed 1 fadeouts
[1;32mDEBUG [0m]: [CWLCompositorResource] New wl_surface with id 151 at 5599872168d0
[1;32mDEBUG [0m]: CWLSurface 559987d0f480 called init()
[1;32mDEBUG [0m]: LayerSurface 55998826b1b0 (namespace putkin-panel layer 3) created on monitor HEADLESS-1
[1;32mDEBUG [0m]: [CLayerShellProtocol] New wlr_layer_surface 55998826b1b0
[1;32mDEBUG [0m]: [CPrimarySelectionProtocol] CPrimarySelectionProtocol::updateSelection: cannot send selection to a client without a data_device
[1;32mDEBUG [0m]: [CWLCompositorResource] New wl_region with id 149 at 55998732c150
[1;32mDEBUG [0m]: [CLinuxDMABUFParamsResource] Creating a dmabuf, with id 157: size [Vector2D: x: 368, y: 136], fmt AR24, planes 1
[1;32mDEBUG [0m]: [CLinuxDMABUFParamsResource]  | plane 0: mod 72057594037927952 fd 49 stride 1536 offset 0
[1;32mDEBUG [0m]: cursorImage request: shape 1 -> default
[1;32mDEBUG [0m]: LayerSurface 55998826b1b0 mapped
[1;32mDEBUG [0m]: [CLinuxDMABUFParamsResource] Creating a dmabuf, with id 154: size [Vector2D: x: 368, y: 136], fmt AR24, planes 1
[1;32mDEBUG [0m]: [CLinuxDMABUFParamsResource]  | plane 0: mod 72057594037927952 fd 89 stride 1536 offset 0
[1;32mDEBUG [0m]: [CLinuxDMABUFParamsResource] Creating a dmabuf, with id 147: size [Vector2D: x: 368, y: 424], fmt AR24, planes 1
[1;32mDEBUG [0m]: [CLinuxDMABUFParamsResource]  | plane 0: mod 72057594037927952 fd 99 stride 1536 offset 0
[1;32mDEBUG [0m]: [CLinuxDMABUFParamsResource] Creating a dmabuf, with id 136: size [Vector2D: x: 368, y: 424], fmt AR24, planes 1
[1;32mDEBUG [0m]: [CLinuxDMABUFParamsResource]  | plane 0: mod 72057594037927952 fd 97 stride 1536 offset 0
[1;32mDEBUG [0m]: [CWLSeatProtocol] New seat resource bound at 559988250390
[1;32mDEBUG [0m]: [CVirtualKeyboardProtocol] New VKeyboard at id 5
[1;32mDEBUG [0m]: ApplyConfigToKeyboard for "hl-virtual-keyboard-wtype", hasconfig: 0
[1;32mDEBUG [0m]: Attempting to create a keymap for layout us with variant  (rules: , model: , options: )
[1;32mDEBUG [0m]: Updating keyboard 55998829dee0's translation state from a provided keymap
[1;32mDEBUG [0m]: xkb: LED index 0 (name Num Lock) got index 1
[1;32mDEBUG [0m]: xkb: LED index 1 (name Caps Lock) got index 0
[1;32mDEBUG [0m]: xkb: LED index 2 (name Scroll Lock) got index 2
[1;32mDEBUG [0m]: xkb: Mod index 0 (name Shift) got index 0
[1;32mDEBUG [0m]: xkb: Mod index 1 (name Lock) got index 1
[1;32mDEBUG [0m]: xkb: Mod index 2 (name Control) got index 2
[1;32mDEBUG [0m]: xkb: Mod index 3 (name Mod1) got index 3
[1;32mDEBUG [0m]: xkb: Mod index 4 (name Mod2) got index 4
[1;32mDEBUG [0m]: xkb: Mod index 5 (name Mod3) got index 5
[1;32mDEBUG [0m]: xkb: Mod index 6 (name Mod4) got index 6
[1;32mDEBUG [0m]: xkb: Mod index 7 (name Mod5) got index 7
[1;32mDEBUG [0m]: Updating keymap fd for keyboard hl-virtual-keyboard-wtype
[1;32mDEBUG [0m]: Updated keymap fd to 108, keymap V1 to: 110
[1;32mDEBUG [0m]: Set the keyboard layout to us and variant to  for keyboard "hl-virtual-keyboard-wtype"
[1;32mDEBUG [0m]: New virtual keyboard created at 55998829dee0
[1;32mDEBUG [0m]: Updating keyboard 55998829dee0's translation state from a provided keymap
[1;32mDEBUG [0m]: Updating keymap fd for keyboard hl-virtual-keyboard-wtype
[1;32mDEBUG [0m]: Updated keymap fd to 108, keymap V1 to: 110
[1;32mDEBUG [0m]: Keyboard at 55998829dee0 removed
[1;32mDEBUG [0m]: Destroyed keyboard 55998829dee0
[1;32mDEBUG [0m]: [CWLSeatProtocol] New seat resource bound at 55998865a7d0
[1;32mDEBUG [0m]: [CVirtualKeyboardProtocol] New VKeyboard at id 5
[1;32mDEBUG [0m]: ApplyConfigToKeyboard for "hl-virtual-keyboard-wtype", hasconfig: 0
[1;32mDEBUG [0m]: Attempting to create a keymap for layout us with variant  (rules: , model: , options: )
[1;32mDEBUG [0m]: Updating keyboard 55998829dee0's translation state from a provided keymap
[1;32mDEBUG [0m]: xkb: LED index 0 (name Num Lock) got index 1
[1;32mDEBUG [0m]: xkb: LED index 1 (name Caps Lock) got index 0
[1;32mDEBUG [0m]: xkb: LED index 2 (name Scroll Lock) got index 2
[1;32mDEBUG [0m]: xkb: Mod index 0 (name Shift) got index 0
[1;32mDEBUG [0m]: xkb: Mod index 1 (name Lock) got index 1
[1;32mDEBUG [0m]: xkb: Mod index 2 (name Control) got index 2
[1;32mDEBUG [0m]: xkb: Mod index 3 (name Mod1) got index 3
[1;32mDEBUG [0m]: xkb: Mod index 4 (name Mod2) got index 4
[1;32mDEBUG [0m]: xkb: Mod index 5 (name Mod3) got index 5
[1;32mDEBUG [0m]: xkb: Mod index 6 (name Mod4) got index 6
[1;32mDEBUG [0m]: xkb: Mod index 7 (name Mod5) got index 7
[1;32mDEBUG [0m]: Updating keymap fd for keyboard hl-virtual-keyboard-wtype
[1;32mDEBUG [0m]: Updated keymap fd to 108, keymap V1 to: 110
[1;32mDEBUG [0m]: Set the keyboard layout to us and variant to  for keyboard "hl-virtual-keyboard-wtype"
[1;32mDEBUG [0m]: New virtual keyboard created at 55998829dee0
[1;32mDEBUG [0m]: Updating keyboard 55998829dee0's translation state from a provided keymap
[1;32mDEBUG [0m]: Updating keymap fd for keyboard hl-virtual-keyboard-wtype
[1;32mDEBUG [0m]: Updated keymap fd to 108, keymap V1 to: 110
[1;32mDEBUG [0m]: Keyboard at 55998829dee0 removed
[1;32mDEBUG [0m]: Destroyed keyboard 55998829dee0
[1;32mDEBUG [0m]: [CWLSeatProtocol] New seat resource bound at 559988349d20
[1;32mDEBUG [0m]: [CVirtualKeyboardProtocol] New VKeyboard at id 5
[1;32mDEBUG [0m]: ApplyConfigToKeyboard for "hl-virtual-keyboard-wtype", hasconfig: 0
[1;32mDEBUG [0m]: Attempting to create a keymap for layout us with variant  (rules: , model: , options: )
[1;32mDEBUG [0m]: Updating keyboard 55998829dee0's translation state from a provided keymap
[1;32mDEBUG [0m]: xkb: LED index 0 (name Num Lock) got index 1
[1;32mDEBUG [0m]: xkb: LED index 1 (name Caps Lock) got index 0
[1;32mDEBUG [0m]: xkb: LED index 2 (name Scroll Lock) got index 2
[1;32mDEBUG [0m]: xkb: Mod index 0 (name Shift) got index 0
[1;32mDEBUG [0m]: xkb: Mod index 1 (name Lock) got index 1
[1;32mDEBUG [0m]: xkb: Mod index 2 (name Control) got index 2
[1;32mDEBUG [0m]: xkb: Mod index 3 (name Mod1) got index 3
[1;32mDEBUG [0m]: xkb: Mod index 4 (name Mod2) got index 4
[1;32mDEBUG [0m]: xkb: Mod index 5 (name Mod3) got index 5
[1;32mDEBUG [0m]: xkb: Mod index 6 (name Mod4) got index 6
[1;32mDEBUG [0m]: xkb: Mod index 7 (name Mod5) got index 7
[1;32mDEBUG [0m]: Updating keymap fd for keyboard hl-virtual-keyboard-wtype
[1;32mDEBUG [0m]: Updated keymap fd to 108, keymap V1 to: 110
[1;32mDEBUG [0m]: Set the keyboard layout to us and variant to  for keyboard "hl-virtual-keyboard-wtype"
[1;32mDEBUG [0m]: New virtual keyboard created at 55998829dee0
[1;32mDEBUG [0m]: Updating keyboard 55998829dee0's translation state from a provided keymap
[1;32mDEBUG [0m]: Updating keymap fd for keyboard hl-virtual-keyboard-wtype
[1;32mDEBUG [0m]: Updated keymap fd to 108, keymap V1 to: 110
[1;32mDEBUG [0m]: [CWLCompositorResource] New wl_region with id 156 at 559988414980
[1;32mDEBUG [0m]: [CLinuxDMABUFParamsResource] Creating a dmabuf, with id 156: size [Vector2D: x: 368, y: 676], fmt AR24, planes 1
[1;32mDEBUG [0m]: [CLinuxDMABUFParamsResource]  | plane 0: mod 72057594037927952 fd 97 stride 1536 offset 0
[1;32mDEBUG [0m]: [CLinuxDMABUFParamsResource] Creating a dmabuf, with id 153: size [Vector2D: x: 368, y: 676], fmt AR24, planes 1
[1;32mDEBUG [0m]: [CLinuxDMABUFParamsResource]  | plane 0: mod 72057594037927952 fd 89 stride 1536 offset 0
[1;32mDEBUG [0m]: Keyboard at 55998829dee0 removed
[1;32mDEBUG [0m]: Destroyed keyboard 55998829dee0
[1;32mDEBUG [0m]: [CWLCompositorResource] New wl_region with id 157 at 5599888b0bd0
[1;32mDEBUG [0m]: [CLinuxDMABUFParamsResource] Creating a dmabuf, with id 157: size [Vector2D: x: 368, y: 622], fmt AR24, planes 1
[1;32mDEBUG [0m]: [CLinuxDMABUFParamsResource]  | plane 0: mod 72057594037927952 fd 49 stride 1536 offset 0
[1;32mDEBUG [0m]: [CLinuxDMABUFParamsResource] Creating a dmabuf, with id 154: size [Vector2D: x: 368, y: 622], fmt AR24, planes 1
[1;32mDEBUG [0m]: [CLinuxDMABUFParamsResource]  | plane 0: mod 72057594037927952 fd 98 stride 1536 offset 0
[1;32mDEBUG [0m]: [CWLCompositorResource] New wl_region with id 152 at 559988240b40
[1;32mDEBUG [0m]: [CLinuxDMABUFParamsResource] Creating a dmabuf, with id 158: size [Vector2D: x: 1140, y: 627], fmt AR24, planes 1
[1;32mDEBUG [0m]: [CLinuxDMABUFParamsResource]  | plane 0: mod 72057594037927952 fd 98 stride 4608 offset 0
[1;32mDEBUG [0m]: [CWLCompositorResource] New wl_region with id 154 at 559988240b40
[1;32mDEBUG [0m]: [CLinuxDMABUFParamsResource] Creating a dmabuf, with id 147: size [Vector2D: x: 1140, y: 627], fmt AR24, planes 1
[1;32mDEBUG [0m]: [CLinuxDMABUFParamsResource]  | plane 0: mod 72057594037927952 fd 97 stride 4608 offset 0
[1;32mDEBUG [0m]: [CLinuxDMABUFParamsResource] Creating a dmabuf, with id 145: size [Vector2D: x: 368, y: 1072], fmt AR24, planes 1
[1;32mDEBUG [0m]: [CLinuxDMABUFParamsResource]  | plane 0: mod 72057594037927952 fd 89 stride 1536 offset 0
[1;32mDEBUG [0m]: [CWLCompositorResource] New wl_region with id 153 at 5599887433f0
[1;32mDEBUG [0m]: [CLinuxDMABUFParamsResource] Creating a dmabuf, with id 152: size [Vector2D: x: 368, y: 1072], fmt AR24, planes 1
[1;32mDEBUG [0m]: [CLinuxDMABUFParamsResource]  | plane 0: mod 72057594037927952 fd 99 stride 1536 offset 0
[1;32mDEBUG [0m]: LayerSurface 55998826b1b0 destroyed
[1;32mDEBUG [0m]: Forcing an unmap of a LS that did a straight destroy!
[1;32mDEBUG [0m]: LayerSurface 55998826b1b0 unmapped
[1;32mDEBUG [0m]: renderer: making a snapshot of layer 559988839ba0
[1;32mDEBUG [0m]: Framebuffer "layer snapshot" created, status 36053
[1;32mDEBUG [0m]: renderer: cleared a snapshot of layer 559988839ba0
[1;32mDEBUG [0m]: renderer: rendered a snapshot of layer 559988839ba0
[1;32mDEBUG [0m]: renderer: made a snapshot of layer 559988839ba0
[1;32mDEBUG [0m]: CWLSurface 559987d0f480 called destroy()
[1;32mDEBUG [0m]: Cleanup: removed 1 fadeouts
[1;32mDEBUG [0m]: [CWLCompositorResource] New wl_surface with id 136 at 559987216870
[1;32mDEBUG [0m]: CWLSurface 559988283530 called init()
[1;32mDEBUG [0m]: LayerSurface 55998826b1b0 (namespace putkin-panel layer 3) created on monitor HEADLESS-1
[1;32mDEBUG [0m]: [CLayerShellProtocol] New wlr_layer_surface 55998826b1b0
[1;32mDEBUG [0m]: [CPrimarySelectionProtocol] CPrimarySelectionProtocol::updateSelection: cannot send selection to a client without a data_device
[1;32mDEBUG [0m]: [CWLCompositorResource] New wl_region with id 150 at 55998827c340
[1;32mDEBUG [0m]: [CLinuxDMABUFParamsResource] Creating a dmabuf, with id 157: size [Vector2D: x: 368, y: 136], fmt AR24, planes 1
[1;32mDEBUG [0m]: [CLinuxDMABUFParamsResource]  | plane 0: mod 72057594037927952 fd 49 stride 1536 offset 0
[1;32mDEBUG [0m]: cursorImage request: shape 1 -> default
[1;32mDEBUG [0m]: LayerSurface 55998826b1b0 mapped
[1;32mDEBUG [0m]: [CLinuxDMABUFParamsResource] Creating a dmabuf, with id 155: size [Vector2D: x: 368, y: 136], fmt AR24, planes 1
[1;32mDEBUG [0m]: [CLinuxDMABUFParamsResource]  | plane 0: mod 72057594037927952 fd 98 stride 1536 offset 0
[1;32mDEBUG [0m]: [CLinuxDMABUFParamsResource] Creating a dmabuf, with id 153: size [Vector2D: x: 368, y: 424], fmt AR24, planes 1
[1;32mDEBUG [0m]: [CLinuxDMABUFParamsResource]  | plane 0: mod 72057594037927952 fd 97 stride 1536 offset 0
[1;32mDEBUG [0m]: [CLinuxDMABUFParamsResource] Creating a dmabuf, with id 158: size [Vector2D: x: 368, y: 424], fmt AR24, planes 1
[1;32mDEBUG [0m]: [CLinuxDMABUFParamsResource]  | plane 0: mod 72057594037927952 fd 89 stride 1536 offset 0
[1;32mDEBUG [0m]: [CWLSeatProtocol] New seat resource bound at 5599883f2d70
[1;32mDEBUG [0m]: [CVirtualKeyboardProtocol] New VKeyboard at id 5
[1;32mDEBUG [0m]: ApplyConfigToKeyboard for "hl-virtual-keyboard-wtype", hasconfig: 0
[1;32mDEBUG [0m]: Attempting to create a keymap for layout us with variant  (rules: , model: , options: )
[1;32mDEBUG [0m]: Updating keyboard 55998829dee0's translation state from a provided keymap
[1;32mDEBUG [0m]: xkb: LED index 0 (name Num Lock) got index 1
[1;32mDEBUG [0m]: xkb: LED index 1 (name Caps Lock) got index 0
[1;32mDEBUG [0m]: xkb: LED index 2 (name Scroll Lock) got index 2
[1;32mDEBUG [0m]: xkb: Mod index 0 (name Shift) got index 0
[1;32mDEBUG [0m]: xkb: Mod index 1 (name Lock) got index 1
[1;32mDEBUG [0m]: xkb: Mod index 2 (name Control) got index 2
[1;32mDEBUG [0m]: xkb: Mod index 3 (name Mod1) got index 3
[1;32mDEBUG [0m]: xkb: Mod index 4 (name Mod2) got index 4
[1;32mDEBUG [0m]: xkb: Mod index 5 (name Mod3) got index 5
[1;32mDEBUG [0m]: xkb: Mod index 6 (name Mod4) got index 6
[1;32mDEBUG [0m]: xkb: Mod index 7 (name Mod5) got index 7
[1;32mDEBUG [0m]: Updating keymap fd for keyboard hl-virtual-keyboard-wtype
[1;32mDEBUG [0m]: Updated keymap fd to 108, keymap V1 to: 110
[1;32mDEBUG [0m]: Set the keyboard layout to us and variant to  for keyboard "hl-virtual-keyboard-wtype"
[1;32mDEBUG [0m]: New virtual keyboard created at 55998829dee0
[1;32mDEBUG [0m]: Updating keyboard 55998829dee0's translation state from a provided keymap
[1;32mDEBUG [0m]: Updating keymap fd for keyboard hl-virtual-keyboard-wtype
[1;32mDEBUG [0m]: Updated keymap fd to 108, keymap V1 to: 110
[1;32mDEBUG [0m]: Keyboard at 55998829dee0 removed
[1;32mDEBUG [0m]: Destroyed keyboard 55998829dee0
[1;32mDEBUG [0m]: [CWLSeatProtocol] New seat resource bound at 5599882649e0
[1;32mDEBUG [0m]: [CVirtualKeyboardProtocol] New VKeyboard at id 5
[1;32mDEBUG [0m]: ApplyConfigToKeyboard for "hl-virtual-keyboard-wtype", hasconfig: 0
[1;32mDEBUG [0m]: Attempting to create a keymap for layout us with variant  (rules: , model: , options: )
[1;32mDEBUG [0m]: Updating keyboard 55998829dee0's translation state from a provided keymap
[1;32mDEBUG [0m]: xkb: LED index 0 (name Num Lock) got index 1
[1;32mDEBUG [0m]: xkb: LED index 1 (name Caps Lock) got index 0
[1;32mDEBUG [0m]: xkb: LED index 2 (name Scroll Lock) got index 2
[1;32mDEBUG [0m]: xkb: Mod index 0 (name Shift) got index 0
[1;32mDEBUG [0m]: xkb: Mod index 1 (name Lock) got index 1
[1;32mDEBUG [0m]: xkb: Mod index 2 (name Control) got index 2
[1;32mDEBUG [0m]: xkb: Mod index 3 (name Mod1) got index 3
[1;32mDEBUG [0m]: xkb: Mod index 4 (name Mod2) got index 4
[1;32mDEBUG [0m]: xkb: Mod index 5 (name Mod3) got index 5
[1;32mDEBUG [0m]: xkb: Mod index 6 (name Mod4) got index 6
[1;32mDEBUG [0m]: xkb: Mod index 7 (name Mod5) got index 7
[1;32mDEBUG [0m]: Updating keymap fd for keyboard hl-virtual-keyboard-wtype
[1;32mDEBUG [0m]: Updated keymap fd to 108, keymap V1 to: 110
[1;32mDEBUG [0m]: Set the keyboard layout to us and variant to  for keyboard "hl-virtual-keyboard-wtype"
[1;32mDEBUG [0m]: New virtual keyboard created at 55998829dee0
[1;32mDEBUG [0m]: Updating keyboard 55998829dee0's translation state from a provided keymap
[1;32mDEBUG [0m]: Updating keymap fd for keyboard hl-virtual-keyboard-wtype
[1;32mDEBUG [0m]: Updated keymap fd to 108, keymap V1 to: 110
[1;32mDEBUG [0m]: Keyboard at 55998829dee0 removed
[1;32mDEBUG [0m]: Destroyed keyboard 55998829dee0
[1;32mDEBUG [0m]: [CWLSeatProtocol] New seat resource bound at 559988a404c0
[1;32mDEBUG [0m]: [CVirtualKeyboardProtocol] New VKeyboard at id 5
[1;32mDEBUG [0m]: ApplyConfigToKeyboard for "hl-virtual-keyboard-wtype", hasconfig: 0
[1;32mDEBUG [0m]: Attempting to create a keymap for layout us with variant  (rules: , model: , options: )
[1;32mDEBUG [0m]: Updating keyboard 55998829dee0's translation state from a provided keymap
[1;32mDEBUG [0m]: xkb: LED index 0 (name Num Lock) got index 1
[1;32mDEBUG [0m]: xkb: LED index 1 (name Caps Lock) got index 0
[1;32mDEBUG [0m]: xkb: LED index 2 (name Scroll Lock) got index 2
[1;32mDEBUG [0m]: xkb: Mod index 0 (name Shift) got index 0
[1;32mDEBUG [0m]: xkb: Mod index 1 (name Lock) got index 1
[1;32mDEBUG [0m]: xkb: Mod index 2 (name Control) got index 2
[1;32mDEBUG [0m]: xkb: Mod index 3 (name Mod1) got index 3
[1;32mDEBUG [0m]: xkb: Mod index 4 (name Mod2) got index 4
[1;32mDEBUG [0m]: xkb: Mod index 5 (name Mod3) got index 5
[1;32mDEBUG [0m]: xkb: Mod index 6 (name Mod4) got index 6
[1;32mDEBUG [0m]: xkb: Mod index 7 (name Mod5) got index 7
[1;32mDEBUG [0m]: Updating keymap fd for keyboard hl-virtual-keyboard-wtype
[1;32mDEBUG [0m]: Updated keymap fd to 108, keymap V1 to: 110
[1;32mDEBUG [0m]: Set the keyboard layout to us and variant to  for keyboard "hl-virtual-keyboard-wtype"
[1;32mDEBUG [0m]: New virtual keyboard created at 55998829dee0
[1;32mDEBUG [0m]: Updating keyboard 55998829dee0's translation state from a provided keymap
[1;32mDEBUG [0m]: Updating keymap fd for keyboard hl-virtual-keyboard-wtype
[1;32mDEBUG [0m]: Updated keymap fd to 108, keymap V1 to: 110
[1;32mDEBUG [0m]: [CWLCompositorResource] New wl_region with id 147 at 5599872af250
[1;32mDEBUG [0m]: [CLinuxDMABUFParamsResource] Creating a dmabuf, with id 150: size [Vector2D: x: 368, y: 676], fmt AR24, planes 1
[1;32mDEBUG [0m]: [CLinuxDMABUFParamsResource]  | plane 0: mod 72057594037927952 fd 89 stride 1536 offset 0
[1;32mDEBUG [0m]: [CLinuxDMABUFParamsResource] Creating a dmabuf, with id 157: size [Vector2D: x: 368, y: 676], fmt AR24, planes 1
[1;32mDEBUG [0m]: [CLinuxDMABUFParamsResource]  | plane 0: mod 72057594037927952 fd 98 stride 1536 offset 0
[1;32mDEBUG [0m]: Keyboard at 55998829dee0 removed
[1;32mDEBUG [0m]: Destroyed keyboard 55998829dee0
[1;32mDEBUG [0m]: [CWLCompositorResource] New wl_region with id 158 at 559988224030
[1;32mDEBUG [0m]: [CLinuxDMABUFParamsResource] Creating a dmabuf, with id 158: size [Vector2D: x: 368, y: 622], fmt AR24, planes 1
[1;32mDEBUG [0m]: [CLinuxDMABUFParamsResource]  | plane 0: mod 72057594037927952 fd 49 stride 1536 offset 0
[1;32mDEBUG [0m]: [CLinuxDMABUFParamsResource] Creating a dmabuf, with id 147: size [Vector2D: x: 368, y: 622], fmt AR24, planes 1
[1;32mDEBUG [0m]: [CLinuxDMABUFParamsResource]  | plane 0: mod 72057594037927952 fd 97 stride 1536 offset 0
[1;32mDEBUG [0m]: [CWLCompositorResource] New wl_region with id 159 at 559987f57800
[1;32mDEBUG [0m]: [CLinuxDMABUFParamsResource] Creating a dmabuf, with id 156: size [Vector2D: x: 1140, y: 627], fmt AR24, planes 1
[1;32mDEBUG [0m]: [CLinuxDMABUFParamsResource]  | plane 0: mod 72057594037927952 fd 97 stride 4608 offset 0
[1;32mDEBUG [0m]: [CWLCompositorResource] New wl_region with id 147 at 5599889baa90
[1;32mDEBUG [0m]: [CLinuxDMABUFParamsResource] Creating a dmabuf, with id 154: size [Vector2D: x: 1140, y: 627], fmt AR24, planes 1
[1;32mDEBUG [0m]: [CLinuxDMABUFParamsResource]  | plane 0: mod 72057594037927952 fd 89 stride 4608 offset 0
[1;32mDEBUG [0m]: [CLinuxDMABUFParamsResource] Creating a dmabuf, with id 157: size [Vector2D: x: 368, y: 1072], fmt AR24, planes 1
[1;32mDEBUG [0m]: [CLinuxDMABUFParamsResource]  | plane 0: mod 72057594037927952 fd 97 stride 1536 offset 0
[1;32mDEBUG [0m]: [CWLCompositorResource] New wl_region with id 156 at 559988c34f90
[1;32mDEBUG [0m]: [CLinuxDMABUFParamsResource] Creating a dmabuf, with id 159: size [Vector2D: x: 368, y: 1072], fmt AR24, planes 1
[1;32mDEBUG [0m]: [CLinuxDMABUFParamsResource]  | plane 0: mod 72057594037927952 fd 99 stride 1536 offset 0
[1;32mDEBUG [0m]: LayerSurface 55998826b1b0 destroyed
[1;32mDEBUG [0m]: Forcing an unmap of a LS that did a straight destroy!
[1;32mDEBUG [0m]: LayerSurface 55998826b1b0 unmapped
[1;32mDEBUG [0m]: renderer: making a snapshot of layer 559988415620
[1;32mDEBUG [0m]: Framebuffer "layer snapshot" created, status 36053
[1;32mDEBUG [0m]: renderer: cleared a snapshot of layer 559988415620
[1;32mDEBUG [0m]: renderer: rendered a snapshot of layer 559988415620
[1;32mDEBUG [0m]: renderer: made a snapshot of layer 559988415620
[1;32mDEBUG [0m]: CWLSurface 559988283530 called destroy()
[1;32mDEBUG [0m]: Cleanup: removed 1 fadeouts
[1;32mDEBUG [0m]: [CWLCompositorResource] New wl_surface with id 155 at 559988884850
[1;32mDEBUG [0m]: CWLSurface 5599881b57b0 called init()
[1;32mDEBUG [0m]: LayerSurface 55998826b1b0 (namespace putkin-panel layer 3) created on monitor HEADLESS-1
[1;32mDEBUG [0m]: [CLayerShellProtocol] New wlr_layer_surface 55998826b1b0
[1;32mDEBUG [0m]: [CPrimarySelectionProtocol] CPrimarySelectionProtocol::updateSelection: cannot send selection to a client without a data_device
[1;32mDEBUG [0m]: [CWLCompositorResource] New wl_region with id 152 at 559988a564c0
[1;32mDEBUG [0m]: [CLinuxDMABUFParamsResource] Creating a dmabuf, with id 153: size [Vector2D: x: 368, y: 136], fmt AR24, planes 1
[1;32mDEBUG [0m]: [CLinuxDMABUFParamsResource]  | plane 0: mod 72057594037927952 fd 49 stride 1536 offset 0
[1;32mDEBUG [0m]: cursorImage request: shape 1 -> default
[1;32mDEBUG [0m]: LayerSurface 55998826b1b0 mapped
[1;32mDEBUG [0m]: [CLinuxDMABUFParamsResource] Creating a dmabuf, with id 156: size [Vector2D: x: 368, y: 136], fmt AR24, planes 1
[1;32mDEBUG [0m]: [CLinuxDMABUFParamsResource]  | plane 0: mod 72057594037927952 fd 97 stride 1536 offset 0
[1;32mDEBUG [0m]: [CLinuxDMABUFParamsResource] Creating a dmabuf, with id 145: size [Vector2D: x: 368, y: 424], fmt AR24, planes 1
[1;32mDEBUG [0m]: [CLinuxDMABUFParamsResource]  | plane 0: mod 72057594037927952 fd 100 stride 1536 offset 0
[1;32mDEBUG [0m]: [CLinuxDMABUFParamsResource] Creating a dmabuf, with id 158: size [Vector2D: x: 368, y: 424], fmt AR24, planes 1
[1;32mDEBUG [0m]: [CLinuxDMABUFParamsResource]  | plane 0: mod 72057594037927952 fd 89 stride 1536 offset 0
[1;32mDEBUG [0m]: [CWLSeatProtocol] New seat resource bound at 559988250270
[1;32mDEBUG [0m]: [CVirtualKeyboardProtocol] New VKeyboard at id 5
[1;32mDEBUG [0m]: ApplyConfigToKeyboard for "hl-virtual-keyboard-wtype", hasconfig: 0
[1;32mDEBUG [0m]: Attempting to create a keymap for layout us with variant  (rules: , model: , options: )
[1;32mDEBUG [0m]: Updating keyboard 55998829dee0's translation state from a provided keymap
[1;32mDEBUG [0m]: xkb: LED index 0 (name Num Lock) got index 1
[1;32mDEBUG [0m]: xkb: LED index 1 (name Caps Lock) got index 0
[1;32mDEBUG [0m]: xkb: LED index 2 (name Scroll Lock) got index 2
[1;32mDEBUG [0m]: xkb: Mod index 0 (name Shift) got index 0
[1;32mDEBUG [0m]: xkb: Mod index 1 (name Lock) got index 1
[1;32mDEBUG [0m]: xkb: Mod index 2 (name Control) got index 2
[1;32mDEBUG [0m]: xkb: Mod index 3 (name Mod1) got index 3
[1;32mDEBUG [0m]: xkb: Mod index 4 (name Mod2) got index 4
[1;32mDEBUG [0m]: xkb: Mod index 5 (name Mod3) got index 5
[1;32mDEBUG [0m]: xkb: Mod index 6 (name Mod4) got index 6
[1;32mDEBUG [0m]: xkb: Mod index 7 (name Mod5) got index 7
[1;32mDEBUG [0m]: Updating keymap fd for keyboard hl-virtual-keyboard-wtype
[1;32mDEBUG [0m]: Updated keymap fd to 108, keymap V1 to: 110
[1;32mDEBUG [0m]: Set the keyboard layout to us and variant to  for keyboard "hl-virtual-keyboard-wtype"
[1;32mDEBUG [0m]: New virtual keyboard created at 55998829dee0
[1;32mDEBUG [0m]: Updating keyboard 55998829dee0's translation state from a provided keymap
[1;32mDEBUG [0m]: Updating keymap fd for keyboard hl-virtual-keyboard-wtype
[1;32mDEBUG [0m]: Updated keymap fd to 108, keymap V1 to: 110
[1;32mDEBUG [0m]: Keyboard at 55998829dee0 removed
[1;32mDEBUG [0m]: Destroyed keyboard 55998829dee0
[1;32mDEBUG [0m]: [CWLSeatProtocol] New seat resource bound at 55998846ff70
[1;32mDEBUG [0m]: [CVirtualKeyboardProtocol] New VKeyboard at id 5
[1;32mDEBUG [0m]: ApplyConfigToKeyboard for "hl-virtual-keyboard-wtype", hasconfig: 0
[1;32mDEBUG [0m]: Attempting to create a keymap for layout us with variant  (rules: , model: , options: )
[1;32mDEBUG [0m]: Updating keyboard 55998829dee0's translation state from a provided keymap
[1;32mDEBUG [0m]: xkb: LED index 0 (name Num Lock) got index 1
[1;32mDEBUG [0m]: xkb: LED index 1 (name Caps Lock) got index 0
[1;32mDEBUG [0m]: xkb: LED index 2 (name Scroll Lock) got index 2
[1;32mDEBUG [0m]: xkb: Mod index 0 (name Shift) got index 0
[1;32mDEBUG [0m]: xkb: Mod index 1 (name Lock) got index 1
[1;32mDEBUG [0m]: xkb: Mod index 2 (name Control) got index 2
[1;32mDEBUG [0m]: xkb: Mod index 3 (name Mod1) got index 3
[1;32mDEBUG [0m]: xkb: Mod index 4 (name Mod2) got index 4
[1;32mDEBUG [0m]: xkb: Mod index 5 (name Mod3) got index 5
[1;32mDEBUG [0m]: xkb: Mod index 6 (name Mod4) got index 6
[1;32mDEBUG [0m]: xkb: Mod index 7 (name Mod5) got index 7
[1;32mDEBUG [0m]: Updating keymap fd for keyboard hl-virtual-keyboard-wtype
[1;32mDEBUG [0m]: Updated keymap fd to 108, keymap V1 to: 110
[1;32mDEBUG [0m]: Set the keyboard layout to us and variant to  for keyboard "hl-virtual-keyboard-wtype"
[1;32mDEBUG [0m]: New virtual keyboard created at 55998829dee0
[1;32mDEBUG [0m]: Updating keyboard 55998829dee0's translation state from a provided keymap
[1;32mDEBUG [0m]: Updating keymap fd for keyboard hl-virtual-keyboard-wtype
[1;32mDEBUG [0m]: Updated keymap fd to 108, keymap V1 to: 110
[1;32mDEBUG [0m]: Keyboard at 55998829dee0 removed
[1;32mDEBUG [0m]: Destroyed keyboard 55998829dee0
[1;32mDEBUG [0m]: [CWLSeatProtocol] New seat resource bound at 5599885ebcb0
[1;32mDEBUG [0m]: [CVirtualKeyboardProtocol] New VKeyboard at id 5
[1;32mDEBUG [0m]: ApplyConfigToKeyboard for "hl-virtual-keyboard-wtype", hasconfig: 0
[1;32mDEBUG [0m]: Attempting to create a keymap for layout us with variant  (rules: , model: , options: )
[1;32mDEBUG [0m]: Updating keyboard 55998829dee0's translation state from a provided keymap
[1;32mDEBUG [0m]: xkb: LED index 0 (name Num Lock) got index 1
[1;32mDEBUG [0m]: xkb: LED index 1 (name Caps Lock) got index 0
[1;32mDEBUG [0m]: xkb: LED index 2 (name Scroll Lock) got index 2
[1;32mDEBUG [0m]: xkb: Mod index 0 (name Shift) got index 0
[1;32mDEBUG [0m]: xkb: Mod index 1 (name Lock) got index 1
[1;32mDEBUG [0m]: xkb: Mod index 2 (name Control) got index 2
[1;32mDEBUG [0m]: xkb: Mod index 3 (name Mod1) got index 3
[1;32mDEBUG [0m]: xkb: Mod index 4 (name Mod2) got index 4
[1;32mDEBUG [0m]: xkb: Mod index 5 (name Mod3) got index 5
[1;32mDEBUG [0m]: xkb: Mod index 6 (name Mod4) got index 6
[1;32mDEBUG [0m]: xkb: Mod index 7 (name Mod5) got index 7
[1;32mDEBUG [0m]: Updating keymap fd for keyboard hl-virtual-keyboard-wtype
[1;32mDEBUG [0m]: Updated keymap fd to 108, keymap V1 to: 110
[1;32mDEBUG [0m]: Set the keyboard layout to us and variant to  for keyboard "hl-virtual-keyboard-wtype"
[1;32mDEBUG [0m]: New virtual keyboard created at 55998829dee0
[1;32mDEBUG [0m]: Updating keyboard 55998829dee0's translation state from a provided keymap
[1;32mDEBUG [0m]: Updating keymap fd for keyboard hl-virtual-keyboard-wtype
[1;32mDEBUG [0m]: Updated keymap fd to 108, keymap V1 to: 110
[1;32mDEBUG [0m]: [CWLCompositorResource] New wl_region with id 154 at 559988752b40
[1;32mDEBUG [0m]: [CLinuxDMABUFParamsResource] Creating a dmabuf, with id 154: size [Vector2D: x: 368, y: 676], fmt AR24, planes 1
[1;32mDEBUG [0m]: [CLinuxDMABUFParamsResource]  | plane 0: mod 72057594037927952 fd 89 stride 1536 offset 0
[1;32mDEBUG [0m]: [CLinuxDMABUFParamsResource] Creating a dmabuf, with id 152: size [Vector2D: x: 368, y: 676], fmt AR24, planes 1
[1;32mDEBUG [0m]: [CLinuxDMABUFParamsResource]  | plane 0: mod 72057594037927952 fd 97 stride 1536 offset 0
[1;32mDEBUG [0m]: Keyboard at 55998829dee0 removed
[1;32mDEBUG [0m]: Destroyed keyboard 55998829dee0
[1;32mDEBUG [0m]: [CWLCompositorResource] New wl_region with id 153 at 559988549850
[1;32mDEBUG [0m]: [CLinuxDMABUFParamsResource] Creating a dmabuf, with id 156: size [Vector2D: x: 368, y: 622], fmt AR24, planes 1
[1;32mDEBUG [0m]: [CLinuxDMABUFParamsResource]  | plane 0: mod 72057594037927952 fd 49 stride 1536 offset 0
[1;32mDEBUG [0m]: [CLinuxDMABUFParamsResource] Creating a dmabuf, with id 152: size [Vector2D: x: 368, y: 622], fmt AR24, planes 1
[1;32mDEBUG [0m]: [CLinuxDMABUFParamsResource]  | plane 0: mod 72057594037927952 fd 99 stride 1536 offset 0
[1;32mDEBUG [0m]: [CWLCompositorResource] New wl_region with id 160 at 559987370100
[1;32mDEBUG [0m]: [CLinuxDMABUFParamsResource] Creating a dmabuf, with id 147: size [Vector2D: x: 1140, y: 627], fmt AR24, planes 1
[1;32mDEBUG [0m]: [CLinuxDMABUFParamsResource]  | plane 0: mod 72057594037927952 fd 98 stride 4608 offset 0
[1;32mDEBUG [0m]: [CWLCompositorResource] New wl_region with id 149 at 559988549850
[1;32mDEBUG [0m]: [CLinuxDMABUFParamsResource] Creating a dmabuf, with id 154: size [Vector2D: x: 1140, y: 627], fmt AR24, planes 1
[1;32mDEBUG [0m]: [CLinuxDMABUFParamsResource]  | plane 0: mod 72057594037927952 fd 89 stride 4608 offset 0
[1;32mDEBUG [0m]: [CLinuxDMABUFParamsResource] Creating a dmabuf, with id 160: size [Vector2D: x: 368, y: 1072], fmt AR24, planes 1
[1;32mDEBUG [0m]: [CLinuxDMABUFParamsResource]  | plane 0: mod 72057594037927952 fd 97 stride 1536 offset 0
[1;32mDEBUG [0m]: [CWLCompositorResource] New wl_region with id 145 at 559987370100
[1;32mDEBUG [0m]: [CLinuxDMABUFParamsResource] Creating a dmabuf, with id 152: size [Vector2D: x: 368, y: 1072], fmt AR24, planes 1
[1;32mDEBUG [0m]: [CLinuxDMABUFParamsResource]  | plane 0: mod 72057594037927952 fd 49 stride 1536 offset 0
[1;32mDEBUG [0m]: LayerSurface 55998826b1b0 destroyed
[1;32mDEBUG [0m]: Forcing an unmap of a LS that did a straight destroy!
[1;32mDEBUG [0m]: LayerSurface 55998826b1b0 unmapped
[1;32mDEBUG [0m]: renderer: making a snapshot of layer 559988839ba0
[1;32mDEBUG [0m]: Framebuffer "layer snapshot" created, status 36053
[1;32mDEBUG [0m]: renderer: cleared a snapshot of layer 559988839ba0
[1;32mDEBUG [0m]: renderer: rendered a snapshot of layer 559988839ba0
[1;32mDEBUG [0m]: renderer: made a snapshot of layer 559988839ba0
[1;32mDEBUG [0m]: CWLSurface 5599881b57b0 called destroy()
[1;32mDEBUG [0m]: Cleanup: removed 1 fadeouts
[1;32mDEBUG [0m]: [CWLCompositorResource] New wl_surface with id 158 at 5599885f9da0
[1;32mDEBUG [0m]: CWLSurface 5599882627d0 called init()
[1;32mDEBUG [0m]: LayerSurface 55998826b1b0 (namespace putkin-panel layer 3) created on monitor HEADLESS-1
[1;32mDEBUG [0m]: [CLayerShellProtocol] New wlr_layer_surface 55998826b1b0
[1;32mDEBUG [0m]: [CPrimarySelectionProtocol] CPrimarySelectionProtocol::updateSelection: cannot send selection to a client without a data_device
[1;32mDEBUG [0m]: [CWLCompositorResource] New wl_region with id 159 at 5599885fa420
[1;32mDEBUG [0m]: [CLinuxDMABUFParamsResource] Creating a dmabuf, with id 156: size [Vector2D: x: 368, y: 136], fmt AR24, planes 1
[1;32mDEBUG [0m]: [CLinuxDMABUFParamsResource]  | plane 0: mod 72057594037927952 fd 49 stride 1536 offset 0
[1;32mDEBUG [0m]: LayerSurface 55998826b1b0 mapped
[1;32mDEBUG [0m]: cursorImage request: shape 1 -> default
[1;32mDEBUG [0m]: [CLinuxDMABUFParamsResource] Creating a dmabuf, with id 157: size [Vector2D: x: 368, y: 136], fmt AR24, planes 1
[1;32mDEBUG [0m]: [CLinuxDMABUFParamsResource]  | plane 0: mod 72057594037927952 fd 97 stride 1536 offset 0
[1;32mDEBUG [0m]: [CLinuxDMABUFParamsResource] Creating a dmabuf, with id 145: size [Vector2D: x: 368, y: 424], fmt AR24, planes 1
[1;32mDEBUG [0m]: [CLinuxDMABUFParamsResource]  | plane 0: mod 72057594037927952 fd 99 stride 1536 offset 0
[1;32mDEBUG [0m]: [CLinuxDMABUFParamsResource] Creating a dmabuf, with id 154: size [Vector2D: x: 368, y: 424], fmt AR24, planes 1
[1;32mDEBUG [0m]: [CLinuxDMABUFParamsResource]  | plane 0: mod 72057594037927952 fd 89 stride 1536 offset 0
[1;32mDEBUG [0m]: [CWLSeatProtocol] New seat resource bound at 559987d82260
[1;32mDEBUG [0m]: [CVirtualKeyboardProtocol] New VKeyboard at id 5
[1;32mDEBUG [0m]: ApplyConfigToKeyboard for "hl-virtual-keyboard-wtype", hasconfig: 0
[1;32mDEBUG [0m]: Attempting to create a keymap for layout us with variant  (rules: , model: , options: )
[1;32mDEBUG [0m]: Updating keyboard 55998829dee0's translation state from a provided keymap
[1;32mDEBUG [0m]: xkb: LED index 0 (name Num Lock) got index 1
[1;32mDEBUG [0m]: xkb: LED index 1 (name Caps Lock) got index 0
[1;32mDEBUG [0m]: xkb: LED index 2 (name Scroll Lock) got index 2
[1;32mDEBUG [0m]: xkb: Mod index 0 (name Shift) got index 0
[1;32mDEBUG [0m]: xkb: Mod index 1 (name Lock) got index 1
[1;32mDEBUG [0m]: xkb: Mod index 2 (name Control) got index 2
[1;32mDEBUG [0m]: xkb: Mod index 3 (name Mod1) got index 3
[1;32mDEBUG [0m]: xkb: Mod index 4 (name Mod2) got index 4
[1;32mDEBUG [0m]: xkb: Mod index 5 (name Mod3) got index 5
[1;32mDEBUG [0m]: xkb: Mod index 6 (name Mod4) got index 6
[1;32mDEBUG [0m]: xkb: Mod index 7 (name Mod5) got index 7
[1;32mDEBUG [0m]: Updating keymap fd for keyboard hl-virtual-keyboard-wtype
[1;32mDEBUG [0m]: Updated keymap fd to 108, keymap V1 to: 110
[1;32mDEBUG [0m]: Set the keyboard layout to us and variant to  for keyboard "hl-virtual-keyboard-wtype"
[1;32mDEBUG [0m]: New virtual keyboard created at 55998829dee0
[1;32mDEBUG [0m]: Updating keyboard 55998829dee0's translation state from a provided keymap
[1;32mDEBUG [0m]: Updating keymap fd for keyboard hl-virtual-keyboard-wtype
[1;32mDEBUG [0m]: Updated keymap fd to 108, keymap V1 to: 110
[1;32mDEBUG [0m]: Keyboard at 55998829dee0 removed
[1;32mDEBUG [0m]: Destroyed keyboard 55998829dee0
[1;32mDEBUG [0m]: [CWLSeatProtocol] New seat resource bound at 559987258990
[1;32mDEBUG [0m]: [CVirtualKeyboardProtocol] New VKeyboard at id 5
[1;32mDEBUG [0m]: ApplyConfigToKeyboard for "hl-virtual-keyboard-wtype", hasconfig: 0
[1;32mDEBUG [0m]: Attempting to create a keymap for layout us with variant  (rules: , model: , options: )
[1;32mDEBUG [0m]: Updating keyboard 55998829dee0's translation state from a provided keymap
[1;32mDEBUG [0m]: xkb: LED index 0 (name Num Lock) got index 1
[1;32mDEBUG [0m]: xkb: LED index 1 (name Caps Lock) got index 0
[1;32mDEBUG [0m]: xkb: LED index 2 (name Scroll Lock) got index 2
[1;32mDEBUG [0m]: xkb: Mod index 0 (name Shift) got index 0
[1;32mDEBUG [0m]: xkb: Mod index 1 (name Lock) got index 1
[1;32mDEBUG [0m]: xkb: Mod index 2 (name Control) got index 2
[1;32mDEBUG [0m]: xkb: Mod index 3 (name Mod1) got index 3
[1;32mDEBUG [0m]: xkb: Mod index 4 (name Mod2) got index 4
[1;32mDEBUG [0m]: xkb: Mod index 5 (name Mod3) got index 5
[1;32mDEBUG [0m]: xkb: Mod index 6 (name Mod4) got index 6
[1;32mDEBUG [0m]: xkb: Mod index 7 (name Mod5) got index 7
[1;32mDEBUG [0m]: Updating keymap fd for keyboard hl-virtual-keyboard-wtype
[1;32mDEBUG [0m]: Updated keymap fd to 108, keymap V1 to: 110
[1;32mDEBUG [0m]: Set the keyboard layout to us and variant to  for keyboard "hl-virtual-keyboard-wtype"
[1;32mDEBUG [0m]: New virtual keyboard created at 55998829dee0
[1;32mDEBUG [0m]: Updating keyboard 55998829dee0's translation state from a provided keymap
[1;32mDEBUG [0m]: Updating keymap fd for keyboard hl-virtual-keyboard-wtype
[1;32mDEBUG [0m]: Updated keymap fd to 108, keymap V1 to: 110
[1;32mDEBUG [0m]: Keyboard at 55998829dee0 removed
[1;32mDEBUG [0m]: Destroyed keyboard 55998829dee0
[1;32mDEBUG [0m]: [CWLSeatProtocol] New seat resource bound at 5599889dd730
[1;32mDEBUG [0m]: [CVirtualKeyboardProtocol] New VKeyboard at id 5
[1;32mDEBUG [0m]: ApplyConfigToKeyboard for "hl-virtual-keyboard-wtype", hasconfig: 0
[1;32mDEBUG [0m]: Attempting to create a keymap for layout us with variant  (rules: , model: , options: )
[1;32mDEBUG [0m]: Updating keyboard 55998829dee0's translation state from a provided keymap
[1;32mDEBUG [0m]: xkb: LED index 0 (name Num Lock) got index 1
[1;32mDEBUG [0m]: xkb: LED index 1 (name Caps Lock) got index 0
[1;32mDEBUG [0m]: xkb: LED index 2 (name Scroll Lock) got index 2
[1;32mDEBUG [0m]: xkb: Mod index 0 (name Shift) got index 0
[1;32mDEBUG [0m]: xkb: Mod index 1 (name Lock) got index 1
[1;32mDEBUG [0m]: xkb: Mod index 2 (name Control) got index 2
[1;32mDEBUG [0m]: xkb: Mod index 3 (name Mod1) got index 3
[1;32mDEBUG [0m]: xkb: Mod index 4 (name Mod2) got index 4
[1;32mDEBUG [0m]: xkb: Mod index 5 (name Mod3) got index 5
[1;32mDEBUG [0m]: xkb: Mod index 6 (name Mod4) got index 6
[1;32mDEBUG [0m]: xkb: Mod index 7 (name Mod5) got index 7
[1;32mDEBUG [0m]: Updating keymap fd for keyboard hl-virtual-keyboard-wtype
[1;32mDEBUG [0m]: Updated keymap fd to 108, keymap V1 to: 110
[1;32mDEBUG [0m]: Set the keyboard layout to us and variant to  for keyboard "hl-virtual-keyboard-wtype"
[1;32mDEBUG [0m]: New virtual keyboard created at 55998829dee0
[1;32mDEBUG [0m]: Updating keyboard 55998829dee0's translation state from a provided keymap
[1;32mDEBUG [0m]: Updating keymap fd for keyboard hl-virtual-keyboard-wtype
[1;32mDEBUG [0m]: Updated keymap fd to 108, keymap V1 to: 110
[1;32mDEBUG [0m]: [CWLCompositorResource] New wl_region with id 147 at 559988914c20
[1;32mDEBUG [0m]: [CLinuxDMABUFParamsResource] Creating a dmabuf, with id 159: size [Vector2D: x: 368, y: 676], fmt AR24, planes 1
[1;32mDEBUG [0m]: [CLinuxDMABUFParamsResource]  | plane 0: mod 72057594037927952 fd 89 stride 1536 offset 0
[1;32mDEBUG [0m]: [CLinuxDMABUFParamsResource] Creating a dmabuf, with id 156: size [Vector2D: x: 368, y: 676], fmt AR24, planes 1
[1;32mDEBUG [0m]: [CLinuxDMABUFParamsResource]  | plane 0: mod 72057594037927952 fd 97 stride 1536 offset 0
[1;32mDEBUG [0m]: Keyboard at 55998829dee0 removed
[1;32mDEBUG [0m]: Destroyed keyboard 55998829dee0
[1;32mDEBUG [0m]: [CWLCompositorResource] New wl_region with id 154 at 5599888fc7d0
[1;32mDEBUG [0m]: [CLinuxDMABUFParamsResource] Creating a dmabuf, with id 154: size [Vector2D: x: 368, y: 622], fmt AR24, planes 1
[1;32mDEBUG [0m]: [CLinuxDMABUFParamsResource]  | plane 0: mod 72057594037927952 fd 49 stride 1536 offset 0
[1;32mDEBUG [0m]: [CLinuxDMABUFParamsResource] Creating a dmabuf, with id 147: size [Vector2D: x: 368, y: 622], fmt AR24, planes 1
[1;32mDEBUG [0m]: [CLinuxDMABUFParamsResource]  | plane 0: mod 72057594037927952 fd 99 stride 1536 offset 0
[1;32mDEBUG [0m]: [CWLCompositorResource] New wl_region with id 161 at 5599887784a0
[1;32mDEBUG [0m]: [CLinuxDMABUFParamsResource] Creating a dmabuf, with id 153: size [Vector2D: x: 1140, y: 627], fmt AR24, planes 1
[1;32mDEBUG [0m]: [CLinuxDMABUFParamsResource]  | plane 0: mod 72057594037927952 fd 89 stride 4608 offset 0
[1;32mDEBUG [0m]: [CWLCompositorResource] New wl_region with id 149 at 559987d87700
[1;32mDEBUG [0m]: [CLinuxDMABUFParamsResource] Creating a dmabuf, with id 159: size [Vector2D: x: 1140, y: 627], fmt AR24, planes 1
[1;32mDEBUG [0m]: [CLinuxDMABUFParamsResource]  | plane 0: mod 72057594037927952 fd 98 stride 4608 offset 0
[1;32mDEBUG [0m]: [CLinuxDMABUFParamsResource] Creating a dmabuf, with id 161: size [Vector2D: x: 368, y: 1072], fmt AR24, planes 1
[1;32mDEBUG [0m]: [CLinuxDMABUFParamsResource]  | plane 0: mod 72057594037927952 fd 97 stride 1536 offset 0
[1;32mDEBUG [0m]: [CWLCompositorResource] New wl_region with id 156 at 5599872177b0
[1;32mDEBUG [0m]: [CLinuxDMABUFParamsResource] Creating a dmabuf, with id 147: size [Vector2D: x: 368, y: 1072], fmt AR24, planes 1
[1;32mDEBUG [0m]: [CLinuxDMABUFParamsResource]  | plane 0: mod 72057594037927952 fd 49 stride 1536 offset 0
[1;32mDEBUG [0m]: LayerSurface 55998826b1b0 destroyed
[1;32mDEBUG [0m]: Forcing an unmap of a LS that did a straight destroy!
[1;32mDEBUG [0m]: LayerSurface 55998826b1b0 unmapped
[1;32mDEBUG [0m]: renderer: making a snapshot of layer 559988415620
[1;32mDEBUG [0m]: Framebuffer "layer snapshot" created, status 36053
[1;32mDEBUG [0m]: renderer: cleared a snapshot of layer 559988415620
[1;32mDEBUG [0m]: renderer: rendered a snapshot of layer 559988415620
[1;32mDEBUG [0m]: renderer: made a snapshot of layer 559988415620
[1;32mDEBUG [0m]: CWLSurface 5599882627d0 called destroy()
[1;32mDEBUG [0m]: Cleanup: removed 1 fadeouts
[1;32mDEBUG [0m]: [CWLCompositorResource] New wl_surface with id 150 at 5599886af330
[1;32mDEBUG [0m]: CWLSurface 559988283530 called init()
[1;32mDEBUG [0m]: LayerSurface 55998826b1b0 (namespace putkin-panel layer 3) created on monitor HEADLESS-1
[1;32mDEBUG [0m]: [CLayerShellProtocol] New wlr_layer_surface 55998826b1b0
[1;32mDEBUG [0m]: [CPrimarySelectionProtocol] CPrimarySelectionProtocol::updateSelection: cannot send selection to a client without a data_device
[1;32mDEBUG [0m]: [CWLCompositorResource] New wl_region with id 152 at 55998723bc20
[1;32mDEBUG [0m]: [CLinuxDMABUFParamsResource] Creating a dmabuf, with id 154: size [Vector2D: x: 368, y: 136], fmt AR24, planes 1
[1;32mDEBUG [0m]: [CLinuxDMABUFParamsResource]  | plane 0: mod 72057594037927952 fd 49 stride 1536 offset 0
[1;32mDEBUG [0m]: LayerSurface 55998826b1b0 mapped
[1;32mDEBUG [0m]: cursorImage request: shape 1 -> default
[1;32mDEBUG [0m]: [CLinuxDMABUFParamsResource] Creating a dmabuf, with id 159: size [Vector2D: x: 368, y: 136], fmt AR24, planes 1
[1;32mDEBUG [0m]: [CLinuxDMABUFParamsResource]  | plane 0: mod 72057594037927952 fd 97 stride 1536 offset 0
[1;32mDEBUG [0m]: [CLinuxDMABUFParamsResource] Creating a dmabuf, with id 160: size [Vector2D: x: 368, y: 424], fmt AR24, planes 1
[1;32mDEBUG [0m]: [CLinuxDMABUFParamsResource]  | plane 0: mod 72057594037927952 fd 103 stride 1536 offset 0
[1;32mDEBUG [0m]: [CLinuxDMABUFParamsResource] Creating a dmabuf, with id 152: size [Vector2D: x: 368, y: 424], fmt AR24, planes 1
[1;32mDEBUG [0m]: [CLinuxDMABUFParamsResource]  | plane 0: mod 72057594037927952 fd 89 stride 1536 offset 0
[1;32mDEBUG [0m]: [CWLSeatProtocol] New seat resource bound at 559987230450
[1;32mDEBUG [0m]: [CVirtualKeyboardProtocol] New VKeyboard at id 5
[1;32mDEBUG [0m]: ApplyConfigToKeyboard for "hl-virtual-keyboard-wtype", hasconfig: 0
[1;32mDEBUG [0m]: Attempting to create a keymap for layout us with variant  (rules: , model: , options: )
[1;32mDEBUG [0m]: Updating keyboard 55998829dee0's translation state from a provided keymap
[1;32mDEBUG [0m]: xkb: LED index 0 (name Num Lock) got index 1
[1;32mDEBUG [0m]: xkb: LED index 1 (name Caps Lock) got index 0
[1;32mDEBUG [0m]: xkb: LED index 2 (name Scroll Lock) got index 2
[1;32mDEBUG [0m]: xkb: Mod index 0 (name Shift) got index 0
[1;32mDEBUG [0m]: xkb: Mod index 1 (name Lock) got index 1
[1;32mDEBUG [0m]: xkb: Mod index 2 (name Control) got index 2
[1;32mDEBUG [0m]: xkb: Mod index 3 (name Mod1) got index 3
[1;32mDEBUG [0m]: xkb: Mod index 4 (name Mod2) got index 4
[1;32mDEBUG [0m]: xkb: Mod index 5 (name Mod3) got index 5
[1;32mDEBUG [0m]: xkb: Mod index 6 (name Mod4) got index 6
[1;32mDEBUG [0m]: xkb: Mod index 7 (name Mod5) got index 7
[1;32mDEBUG [0m]: Updating keymap fd for keyboard hl-virtual-keyboard-wtype
[1;32mDEBUG [0m]: Updated keymap fd to 108, keymap V1 to: 110
[1;32mDEBUG [0m]: Set the keyboard layout to us and variant to  for keyboard "hl-virtual-keyboard-wtype"
[1;32mDEBUG [0m]: New virtual keyboard created at 55998829dee0
[1;32mDEBUG [0m]: Updating keyboard 55998829dee0's translation state from a provided keymap
[1;32mDEBUG [0m]: Updating keymap fd for keyboard hl-virtual-keyboard-wtype
[1;32mDEBUG [0m]: Updated keymap fd to 108, keymap V1 to: 110
[1;32mDEBUG [0m]: Keyboard at 55998829dee0 removed
[1;32mDEBUG [0m]: Destroyed keyboard 55998829dee0
[1;32mDEBUG [0m]: [CWLSeatProtocol] New seat resource bound at 5599884d1540
[1;32mDEBUG [0m]: [CVirtualKeyboardProtocol] New VKeyboard at id 5
[1;32mDEBUG [0m]: ApplyConfigToKeyboard for "hl-virtual-keyboard-wtype", hasconfig: 0
[1;32mDEBUG [0m]: Attempting to create a keymap for layout us with variant  (rules: , model: , options: )
[1;32mDEBUG [0m]: Updating keyboard 55998829dee0's translation state from a provided keymap
[1;32mDEBUG [0m]: xkb: LED index 0 (name Num Lock) got index 1
[1;32mDEBUG [0m]: xkb: LED index 1 (name Caps Lock) got index 0
[1;32mDEBUG [0m]: xkb: LED index 2 (name Scroll Lock) got index 2
[1;32mDEBUG [0m]: xkb: Mod index 0 (name Shift) got index 0
[1;32mDEBUG [0m]: xkb: Mod index 1 (name Lock) got index 1
[1;32mDEBUG [0m]: xkb: Mod index 2 (name Control) got index 2
[1;32mDEBUG [0m]: xkb: Mod index 3 (name Mod1) got index 3
[1;32mDEBUG [0m]: xkb: Mod index 4 (name Mod2) got index 4
[1;32mDEBUG [0m]: xkb: Mod index 5 (name Mod3) got index 5
[1;32mDEBUG [0m]: xkb: Mod index 6 (name Mod4) got index 6
[1;32mDEBUG [0m]: xkb: Mod index 7 (name Mod5) got index 7
[1;32mDEBUG [0m]: Updating keymap fd for keyboard hl-virtual-keyboard-wtype
[1;32mDEBUG [0m]: Updated keymap fd to 108, keymap V1 to: 110
[1;32mDEBUG [0m]: Set the keyboard layout to us and variant to  for keyboard "hl-virtual-keyboard-wtype"
[1;32mDEBUG [0m]: New virtual keyboard created at 55998829dee0
[1;32mDEBUG [0m]: Updating keyboard 55998829dee0's translation state from a provided keymap
[1;32mDEBUG [0m]: Updating keymap fd for keyboard hl-virtual-keyboard-wtype
[1;32mDEBUG [0m]: Updated keymap fd to 108, keymap V1 to: 110
[1;32mDEBUG [0m]: Keyboard at 55998829dee0 removed
[1;32mDEBUG [0m]: Destroyed keyboard 55998829dee0
[1;32mDEBUG [0m]: [CWLSeatProtocol] New seat resource bound at 5599872587f0
[1;32mDEBUG [0m]: [CVirtualKeyboardProtocol] New VKeyboard at id 5
[1;32mDEBUG [0m]: ApplyConfigToKeyboard for "hl-virtual-keyboard-wtype", hasconfig: 0
[1;32mDEBUG [0m]: Attempting to create a keymap for layout us with variant  (rules: , model: , options: )
[1;32mDEBUG [0m]: Updating keyboard 55998829dee0's translation state from a provided keymap
[1;32mDEBUG [0m]: xkb: LED index 0 (name Num Lock) got index 1
[1;32mDEBUG [0m]: xkb: LED index 1 (name Caps Lock) got index 0
[1;32mDEBUG [0m]: xkb: LED index 2 (name Scroll Lock) got index 2
[1;32mDEBUG [0m]: xkb: Mod index 0 (name Shift) got index 0
[1;32mDEBUG [0m]: xkb: Mod index 1 (name Lock) got index 1
[1;32mDEBUG [0m]: xkb: Mod index 2 (name Control) got index 2
[1;32mDEBUG [0m]: xkb: Mod index 3 (name Mod1) got index 3
[1;32mDEBUG [0m]: xkb: Mod index 4 (name Mod2) got index 4
[1;32mDEBUG [0m]: xkb: Mod index 5 (name Mod3) got index 5
[1;32mDEBUG [0m]: xkb: Mod index 6 (name Mod4) got index 6
[1;32mDEBUG [0m]: xkb: Mod index 7 (name Mod5) got index 7
[1;32mDEBUG [0m]: Updating keymap fd for keyboard hl-virtual-keyboard-wtype
[1;32mDEBUG [0m]: Updated keymap fd to 108, keymap V1 to: 110
[1;32mDEBUG [0m]: Set the keyboard layout to us and variant to  for keyboard "hl-virtual-keyboard-wtype"
[1;32mDEBUG [0m]: New virtual keyboard created at 55998829dee0
[1;32mDEBUG [0m]: Updating keyboard 55998829dee0's translation state from a provided keymap
[1;32mDEBUG [0m]: Updating keymap fd for keyboard hl-virtual-keyboard-wtype
[1;32mDEBUG [0m]: Updated keymap fd to 108, keymap V1 to: 110
[1;32mDEBUG [0m]: [CWLCompositorResource] New wl_region with id 153 at 5599872aee60
[1;32mDEBUG [0m]: [CLinuxDMABUFParamsResource] Creating a dmabuf, with id 154: size [Vector2D: x: 368, y: 676], fmt AR24, planes 1
[1;32mDEBUG [0m]: [CLinuxDMABUFParamsResource]  | plane 0: mod 72057594037927952 fd 89 stride 1536 offset 0
[1;32mDEBUG [0m]: [CLinuxDMABUFParamsResource] Creating a dmabuf, with id 159: size [Vector2D: x: 368, y: 676], fmt AR24, planes 1
[1;32mDEBUG [0m]: [CLinuxDMABUFParamsResource]  | plane 0: mod 72057594037927952 fd 105 stride 1536 offset 0
[1;32mDEBUG [0m]: Keyboard at 55998829dee0 removed
[1;32mDEBUG [0m]: Destroyed keyboard 55998829dee0
[1;32mDEBUG [0m]: [CWLCompositorResource] New wl_region with id 152 at 5599883f11a0
[1;32mDEBUG [0m]: [CLinuxDMABUFParamsResource] Creating a dmabuf, with id 152: size [Vector2D: x: 368, y: 622], fmt AR24, planes 1
[1;32mDEBUG [0m]: [CLinuxDMABUFParamsResource]  | plane 0: mod 72057594037927952 fd 49 stride 1536 offset 0
[1;32mDEBUG [0m]: [CLinuxDMABUFParamsResource] Creating a dmabuf, with id 153: size [Vector2D: x: 368, y: 622], fmt AR24, planes 1
[1;32mDEBUG [0m]: [CLinuxDMABUFParamsResource]  | plane 0: mod 72057594037927952 fd 98 stride 1536 offset 0
[1;32mDEBUG [0m]: [CWLCompositorResource] New wl_region with id 154 at 559987257e80
[1;32mDEBUG [0m]: [CLinuxDMABUFParamsResource] Creating a dmabuf, with id 149: size [Vector2D: x: 1140, y: 627], fmt AR24, planes 1
[1;32mDEBUG [0m]: [CLinuxDMABUFParamsResource]  | plane 0: mod 72057594037927952 fd 98 stride 4608 offset 0
[1;32mDEBUG [0m]: [CWLCompositorResource] New wl_region with id 154 at 559988a4e430
[1;32mDEBUG [0m]: [CLinuxDMABUFParamsResource] Creating a dmabuf, with id 159: size [Vector2D: x: 1140, y: 627], fmt AR24, planes 1
[1;32mDEBUG [0m]: [CLinuxDMABUFParamsResource]  | plane 0: mod 72057594037927952 fd 89 stride 4608 offset 0
[1;32mDEBUG [0m]: [CLinuxDMABUFParamsResource] Creating a dmabuf, with id 157: size [Vector2D: x: 368, y: 1072], fmt AR24, planes 1
[1;32mDEBUG [0m]: [CLinuxDMABUFParamsResource]  | plane 0: mod 72057594037927952 fd 97 stride 1536 offset 0
[1;32mDEBUG [0m]: [CWLCompositorResource] New wl_region with id 162 at 5599889bac00
[1;32mDEBUG [0m]: [CLinuxDMABUFParamsResource] Creating a dmabuf, with id 153: size [Vector2D: x: 368, y: 1072], fmt AR24, planes 1
[1;32mDEBUG [0m]: [CLinuxDMABUFParamsResource]  | plane 0: mod 72057594037927952 fd 49 stride 1536 offset 0
[1;32mDEBUG [0m]: LayerSurface 55998826b1b0 destroyed
[1;32mDEBUG [0m]: Forcing an unmap of a LS that did a straight destroy!
[1;32mDEBUG [0m]: LayerSurface 55998826b1b0 unmapped
[1;32mDEBUG [0m]: renderer: making a snapshot of layer 559988839ba0
[1;32mDEBUG [0m]: Framebuffer "layer snapshot" created, status 36053
[1;32mDEBUG [0m]: renderer: cleared a snapshot of layer 559988839ba0
[1;32mDEBUG [0m]: renderer: rendered a snapshot of layer 559988839ba0
[1;32mDEBUG [0m]: renderer: made a snapshot of layer 559988839ba0
[1;32mDEBUG [0m]: CWLSurface 559988283530 called destroy()
[1;32mDEBUG [0m]: Cleanup: removed 1 fadeouts
[1;32mDEBUG [0m]: [CWLCompositorResource] New wl_surface with id 156 at 559988538970
[1;32mDEBUG [0m]: CWLSurface 5599881b57b0 called init()
[1;32mDEBUG [0m]: LayerSurface 55998826b1b0 (namespace putkin-panel layer 3) created on monitor HEADLESS-1
[1;32mDEBUG [0m]: [CLayerShellProtocol] New wlr_layer_surface 55998826b1b0
[1;32mDEBUG [0m]: [CPrimarySelectionProtocol] CPrimarySelectionProtocol::updateSelection: cannot send selection to a client without a data_device
[1;32mDEBUG [0m]: [CWLCompositorResource] New wl_region with id 147 at 559987257e80
[1;32mDEBUG [0m]: [CLinuxDMABUFParamsResource] Creating a dmabuf, with id 152: size [Vector2D: x: 368, y: 136], fmt AR24, planes 1
[1;32mDEBUG [0m]: [CLinuxDMABUFParamsResource]  | plane 0: mod 72057594037927952 fd 49 stride 1536 offset 0
[1;32mDEBUG [0m]: cursorImage request: shape 1 -> default
[1;32mDEBUG [0m]: LayerSurface 55998826b1b0 mapped
[1;32mDEBUG [0m]: [CLinuxDMABUFParamsResource] Creating a dmabuf, with id 162: size [Vector2D: x: 368, y: 136], fmt AR24, planes 1
[1;32mDEBUG [0m]: [CLinuxDMABUFParamsResource]  | plane 0: mod 72057594037927952 fd 89 stride 1536 offset 0
[1;32mDEBUG [0m]: [CLinuxDMABUFParamsResource] Creating a dmabuf, with id 161: size [Vector2D: x: 368, y: 424], fmt AR24, planes 1
[1;32mDEBUG [0m]: [CLinuxDMABUFParamsResource]  | plane 0: mod 72057594037927952 fd 99 stride 1536 offset 0
[1;32mDEBUG [0m]: [CLinuxDMABUFParamsResource] Creating a dmabuf, with id 159: size [Vector2D: x: 368, y: 424], fmt AR24, planes 1
[1;32mDEBUG [0m]: [CLinuxDMABUFParamsResource]  | plane 0: mod 72057594037927952 fd 97 stride 1536 offset 0
[1;32mDEBUG [0m]: [CWLSeatProtocol] New seat resource bound at 559988779130
[1;32mDEBUG [0m]: [CVirtualKeyboardProtocol] New VKeyboard at id 5
[1;32mDEBUG [0m]: ApplyConfigToKeyboard for "hl-virtual-keyboard-wtype", hasconfig: 0
[1;32mDEBUG [0m]: Attempting to create a keymap for layout us with variant  (rules: , model: , options: )
[1;32mDEBUG [0m]: Updating keyboard 55998829dee0's translation state from a provided keymap
[1;32mDEBUG [0m]: xkb: LED index 0 (name Num Lock) got index 1
[1;32mDEBUG [0m]: xkb: LED index 1 (name Caps Lock) got index 0
[1;32mDEBUG [0m]: xkb: LED index 2 (name Scroll Lock) got index 2
[1;32mDEBUG [0m]: xkb: Mod index 0 (name Shift) got index 0
[1;32mDEBUG [0m]: xkb: Mod index 1 (name Lock) got index 1
[1;32mDEBUG [0m]: xkb: Mod index 2 (name Control) got index 2
[1;32mDEBUG [0m]: xkb: Mod index 3 (name Mod1) got index 3
[1;32mDEBUG [0m]: xkb: Mod index 4 (name Mod2) got index 4
[1;32mDEBUG [0m]: xkb: Mod index 5 (name Mod3) got index 5
[1;32mDEBUG [0m]: xkb: Mod index 6 (name Mod4) got index 6
[1;32mDEBUG [0m]: xkb: Mod index 7 (name Mod5) got index 7
[1;32mDEBUG [0m]: Updating keymap fd for keyboard hl-virtual-keyboard-wtype
[1;32mDEBUG [0m]: Updated keymap fd to 108, keymap V1 to: 110
[1;32mDEBUG [0m]: Set the keyboard layout to us and variant to  for keyboard "hl-virtual-keyboard-wtype"
[1;32mDEBUG [0m]: New virtual keyboard created at 55998829dee0
[1;32mDEBUG [0m]: Updating keyboard 55998829dee0's translation state from a provided keymap
[1;32mDEBUG [0m]: Updating keymap fd for keyboard hl-virtual-keyboard-wtype
[1;32mDEBUG [0m]: Updated keymap fd to 108, keymap V1 to: 110
[1;32mDEBUG [0m]: Keyboard at 55998829dee0 removed
[1;32mDEBUG [0m]: Destroyed keyboard 55998829dee0
[1;32mDEBUG [0m]: [CWLSeatProtocol] New seat resource bound at 559988991320
[1;32mDEBUG [0m]: [CVirtualKeyboardProtocol] New VKeyboard at id 5
[1;32mDEBUG [0m]: ApplyConfigToKeyboard for "hl-virtual-keyboard-wtype", hasconfig: 0
[1;32mDEBUG [0m]: Attempting to create a keymap for layout us with variant  (rules: , model: , options: )
[1;32mDEBUG [0m]: Updating keyboard 55998829dee0's translation state from a provided keymap
[1;32mDEBUG [0m]: xkb: LED index 0 (name Num Lock) got index 1
[1;32mDEBUG [0m]: xkb: LED index 1 (name Caps Lock) got index 0
[1;32mDEBUG [0m]: xkb: LED index 2 (name Scroll Lock) got index 2
[1;32mDEBUG [0m]: xkb: Mod index 0 (name Shift) got index 0
[1;32mDEBUG [0m]: xkb: Mod index 1 (name Lock) got index 1
[1;32mDEBUG [0m]: xkb: Mod index 2 (name Control) got index 2
[1;32mDEBUG [0m]: xkb: Mod index 3 (name Mod1) got index 3
[1;32mDEBUG [0m]: xkb: Mod index 4 (name Mod2) got index 4
[1;32mDEBUG [0m]: xkb: Mod index 5 (name Mod3) got index 5
[1;32mDEBUG [0m]: xkb: Mod index 6 (name Mod4) got index 6
[1;32mDEBUG [0m]: xkb: Mod index 7 (name Mod5) got index 7
[1;32mDEBUG [0m]: Updating keymap fd for keyboard hl-virtual-keyboard-wtype
[1;32mDEBUG [0m]: Updated keymap fd to 108, keymap V1 to: 110
[1;32mDEBUG [0m]: Set the keyboard layout to us and variant to  for keyboard "hl-virtual-keyboard-wtype"
[1;32mDEBUG [0m]: New virtual keyboard created at 55998829dee0
[1;32mDEBUG [0m]: Updating keyboard 55998829dee0's translation state from a provided keymap
[1;32mDEBUG [0m]: Updating keymap fd for keyboard hl-virtual-keyboard-wtype
[1;32mDEBUG [0m]: Updated keymap fd to 108, keymap V1 to: 110
[1;32mDEBUG [0m]: Keyboard at 55998829dee0 removed
[1;32mDEBUG [0m]: Destroyed keyboard 55998829dee0
[1;32mDEBUG [0m]: [CWLSeatProtocol] New seat resource bound at 559988779130
[1;32mDEBUG [0m]: [CVirtualKeyboardProtocol] New VKeyboard at id 5
[1;32mDEBUG [0m]: ApplyConfigToKeyboard for "hl-virtual-keyboard-wtype", hasconfig: 0
[1;32mDEBUG [0m]: Attempting to create a keymap for layout us with variant  (rules: , model: , options: )
[1;32mDEBUG [0m]: Updating keyboard 55998829dee0's translation state from a provided keymap
[1;32mDEBUG [0m]: xkb: LED index 0 (name Num Lock) got index 1
[1;32mDEBUG [0m]: xkb: LED index 1 (name Caps Lock) got index 0
[1;32mDEBUG [0m]: xkb: LED index 2 (name Scroll Lock) got index 2
[1;32mDEBUG [0m]: xkb: Mod index 0 (name Shift) got index 0
[1;32mDEBUG [0m]: xkb: Mod index 1 (name Lock) got index 1
[1;32mDEBUG [0m]: xkb: Mod index 2 (name Control) got index 2
[1;32mDEBUG [0m]: xkb: Mod index 3 (name Mod1) got index 3
[1;32mDEBUG [0m]: xkb: Mod index 4 (name Mod2) got index 4
[1;32mDEBUG [0m]: xkb: Mod index 5 (name Mod3) got index 5
[1;32mDEBUG [0m]: xkb: Mod index 6 (name Mod4) got index 6
[1;32mDEBUG [0m]: xkb: Mod index 7 (name Mod5) got index 7
[1;32mDEBUG [0m]: Updating keymap fd for keyboard hl-virtual-keyboard-wtype
[1;32mDEBUG [0m]: Updated keymap fd to 108, keymap V1 to: 110
[1;32mDEBUG [0m]: Set the keyboard layout to us and variant to  for keyboard "hl-virtual-keyboard-wtype"
[1;32mDEBUG [0m]: New virtual keyboard created at 55998829dee0
[1;32mDEBUG [0m]: Updating keyboard 55998829dee0's translation state from a provided keymap
[1;32mDEBUG [0m]: Updating keymap fd for keyboard hl-virtual-keyboard-wtype
[1;32mDEBUG [0m]: Updated keymap fd to 108, keymap V1 to: 110
[1;32mDEBUG [0m]: [CWLCompositorResource] New wl_region with id 152 at 55998886b7b0
[1;32mDEBUG [0m]: [CLinuxDMABUFParamsResource] Creating a dmabuf, with id 152: size [Vector2D: x: 368, y: 676], fmt AR24, planes 1
[1;32mDEBUG [0m]: [CLinuxDMABUFParamsResource]  | plane 0: mod 72057594037927952 fd 104 stride 1536 offset 0
[1;32mDEBUG [0m]: [CLinuxDMABUFParamsResource] Creating a dmabuf, with id 149: size [Vector2D: x: 368, y: 676], fmt AR24, planes 1
[1;32mDEBUG [0m]: [CLinuxDMABUFParamsResource]  | plane 0: mod 72057594037927952 fd 49 stride 1536 offset 0
[1;32mDEBUG [0m]: Keyboard at 55998829dee0 removed
[1;32mDEBUG [0m]: Destroyed keyboard 55998829dee0
[1;32mDEBUG [0m]: [CWLCompositorResource] New wl_region with id 147 at 559988283ca0
[1;32mDEBUG [0m]: [CLinuxDMABUFParamsResource] Creating a dmabuf, with id 147: size [Vector2D: x: 368, y: 622], fmt AR24, planes 1
[1;32mDEBUG [0m]: [CLinuxDMABUFParamsResource]  | plane 0: mod 72057594037927952 fd 49 stride 1536 offset 0
[1;32mDEBUG [0m]: [CLinuxDMABUFParamsResource] Creating a dmabuf, with id 162: size [Vector2D: x: 368, y: 622], fmt AR24, planes 1
[1;32mDEBUG [0m]: [CLinuxDMABUFParamsResource]  | plane 0: mod 72057594037927952 fd 97 stride 1536 offset 0
[1;32mDEBUG [0m]: [CWLCompositorResource] New wl_region with id 152 at 5599883f0290
[1;32mDEBUG [0m]: [CLinuxDMABUFParamsResource] Creating a dmabuf, with id 160: size [Vector2D: x: 1140, y: 627], fmt AR24, planes 1
[1;32mDEBUG [0m]: [CLinuxDMABUFParamsResource]  | plane 0: mod 72057594037927952 fd 97 stride 4608 offset 0
[1;32mDEBUG [0m]: [CWLCompositorResource] New wl_region with id 162 at 5599887cd2b0
[1;32mDEBUG [0m]: [CLinuxDMABUFParamsResource] Creating a dmabuf, with id 149: size [Vector2D: x: 1140, y: 627], fmt AR24, planes 1
[1;32mDEBUG [0m]: [CLinuxDMABUFParamsResource]  | plane 0: mod 72057594037927952 fd 100 stride 4608 offset 0
[1;32mDEBUG [0m]: [CLinuxDMABUFParamsResource] Creating a dmabuf, with id 163: size [Vector2D: x: 368, y: 1072], fmt AR24, planes 1
[1;32mDEBUG [0m]: [CLinuxDMABUFParamsResource]  | plane 0: mod 72057594037927952 fd 89 stride 1536 offset 0
[1;32mDEBUG [0m]: [CWLCompositorResource] New wl_region with id 160 at 559988283ca0
[1;32mDEBUG [0m]: [CLinuxDMABUFParamsResource] Creating a dmabuf, with id 152: size [Vector2D: x: 368, y: 1072], fmt AR24, planes 1
[1;32mDEBUG [0m]: [CLinuxDMABUFParamsResource]  | plane 0: mod 72057594037927952 fd 98 stride 1536 offset 0
[1;32mDEBUG [0m]: LayerSurface 55998826b1b0 destroyed
[1;32mDEBUG [0m]: Forcing an unmap of a LS that did a straight destroy!
[1;32mDEBUG [0m]: LayerSurface 55998826b1b0 unmapped
[1;32mDEBUG [0m]: renderer: making a snapshot of layer 559988415620
[1;32mDEBUG [0m]: Framebuffer "layer snapshot" created, status 36053
[1;32mDEBUG [0m]: renderer: cleared a snapshot of layer 559988415620
[1;32mDEBUG [0m]: renderer: rendered a snapshot of layer 559988415620
[1;32mDEBUG [0m]: renderer: made a snapshot of layer 559988415620
[1;32mDEBUG [0m]: CWLSurface 5599881b57b0 called destroy()
[1;32mDEBUG [0m]: Cleanup: removed 1 fadeouts
[1;32mDEBUG [0m]: [CWLCompositorResource] New wl_surface with id 161 at 5599872829c0
[1;32mDEBUG [0m]: CWLSurface 55998732b320 called init()
[1;32mDEBUG [0m]: LayerSurface 55998826b1b0 (namespace putkin-panel layer 3) created on monitor HEADLESS-1
[1;32mDEBUG [0m]: [CLayerShellProtocol] New wlr_layer_surface 55998826b1b0
[1;32mDEBUG [0m]: [CPrimarySelectionProtocol] CPrimarySelectionProtocol::updateSelection: cannot send selection to a client without a data_device
[1;32mDEBUG [0m]: [CWLCompositorResource] New wl_region with id 153 at 5599887254b0
[1;32mDEBUG [0m]: [CLinuxDMABUFParamsResource] Creating a dmabuf, with id 145: size [Vector2D: x: 368, y: 136], fmt AR24, planes 1
[1;32mDEBUG [0m]: [CLinuxDMABUFParamsResource]  | plane 0: mod 72057594037927952 fd 49 stride 1536 offset 0
[1;32mDEBUG [0m]: cursorImage request: shape 1 -> default
[1;32mDEBUG [0m]: LayerSurface 55998826b1b0 mapped
[1;32mDEBUG [0m]: [CLinuxDMABUFParamsResource] Creating a dmabuf, with id 160: size [Vector2D: x: 368, y: 136], fmt AR24, planes 1
[1;32mDEBUG [0m]: [CLinuxDMABUFParamsResource]  | plane 0: mod 72057594037927952 fd 97 stride 1536 offset 0
[1;32mDEBUG [0m]: [CLinuxDMABUFParamsResource] Creating a dmabuf, with id 157: size [Vector2D: x: 368, y: 424], fmt AR24, planes 1
[1;32mDEBUG [0m]: [CLinuxDMABUFParamsResource]  | plane 0: mod 72057594037927952 fd 100 stride 1536 offset 0
[1;32mDEBUG [0m]: [CLinuxDMABUFParamsResource] Creating a dmabuf, with id 147: size [Vector2D: x: 368, y: 424], fmt AR24, planes 1
[1;32mDEBUG [0m]: [CLinuxDMABUFParamsResource]  | plane 0: mod 72057594037927952 fd 89 stride 1536 offset 0
[1;32mDEBUG [0m]: [CWLSeatProtocol] New seat resource bound at 55998865a7d0
[1;32mDEBUG [0m]: [CVirtualKeyboardProtocol] New VKeyboard at id 5
[1;32mDEBUG [0m]: ApplyConfigToKeyboard for "hl-virtual-keyboard-wtype", hasconfig: 0
[1;32mDEBUG [0m]: Attempting to create a keymap for layout us with variant  (rules: , model: , options: )
[1;32mDEBUG [0m]: Updating keyboard 55998829dee0's translation state from a provided keymap
[1;32mDEBUG [0m]: xkb: LED index 0 (name Num Lock) got index 1
[1;32mDEBUG [0m]: xkb: LED index 1 (name Caps Lock) got index 0
[1;32mDEBUG [0m]: xkb: LED index 2 (name Scroll Lock) got index 2
[1;32mDEBUG [0m]: xkb: Mod index 0 (name Shift) got index 0
[1;32mDEBUG [0m]: xkb: Mod index 1 (name Lock) got index 1
[1;32mDEBUG [0m]: xkb: Mod index 2 (name Control) got index 2
[1;32mDEBUG [0m]: xkb: Mod index 3 (name Mod1) got index 3
[1;32mDEBUG [0m]: xkb: Mod index 4 (name Mod2) got index 4
[1;32mDEBUG [0m]: xkb: Mod index 5 (name Mod3) got index 5
[1;32mDEBUG [0m]: xkb: Mod index 6 (name Mod4) got index 6
[1;32mDEBUG [0m]: xkb: Mod index 7 (name Mod5) got index 7
[1;32mDEBUG [0m]: Updating keymap fd for keyboard hl-virtual-keyboard-wtype
[1;32mDEBUG [0m]: Updated keymap fd to 108, keymap V1 to: 110
[1;32mDEBUG [0m]: Set the keyboard layout to us and variant to  for keyboard "hl-virtual-keyboard-wtype"
[1;32mDEBUG [0m]: New virtual keyboard created at 55998829dee0
[1;32mDEBUG [0m]: Updating keyboard 55998829dee0's translation state from a provided keymap
[1;32mDEBUG [0m]: Updating keymap fd for keyboard hl-virtual-keyboard-wtype
[1;32mDEBUG [0m]: Updated keymap fd to 108, keymap V1 to: 110
[1;32mDEBUG [0m]: Keyboard at 55998829dee0 removed
[1;32mDEBUG [0m]: Destroyed keyboard 55998829dee0
[1;32mDEBUG [0m]: [CWLSeatProtocol] New seat resource bound at 559988365fd0
[1;32mDEBUG [0m]: [CVirtualKeyboardProtocol] New VKeyboard at id 5
[1;32mDEBUG [0m]: ApplyConfigToKeyboard for "hl-virtual-keyboard-wtype", hasconfig: 0
[1;32mDEBUG [0m]: Attempting to create a keymap for layout us with variant  (rules: , model: , options: )
[1;32mDEBUG [0m]: Updating keyboard 55998829dee0's translation state from a provided keymap
[1;32mDEBUG [0m]: xkb: LED index 0 (name Num Lock) got index 1
[1;32mDEBUG [0m]: xkb: LED index 1 (name Caps Lock) got index 0
[1;32mDEBUG [0m]: xkb: LED index 2 (name Scroll Lock) got index 2
[1;32mDEBUG [0m]: xkb: Mod index 0 (name Shift) got index 0
[1;32mDEBUG [0m]: xkb: Mod index 1 (name Lock) got index 1
[1;32mDEBUG [0m]: xkb: Mod index 2 (name Control) got index 2
[1;32mDEBUG [0m]: xkb: Mod index 3 (name Mod1) got index 3
[1;32mDEBUG [0m]: xkb: Mod index 4 (name Mod2) got index 4
[1;32mDEBUG [0m]: xkb: Mod index 5 (name Mod3) got index 5
[1;32mDEBUG [0m]: xkb: Mod index 6 (name Mod4) got index 6
[1;32mDEBUG [0m]: xkb: Mod index 7 (name Mod5) got index 7
[1;32mDEBUG [0m]: Updating keymap fd for keyboard hl-virtual-keyboard-wtype
[1;32mDEBUG [0m]: Updated keymap fd to 108, keymap V1 to: 110
[1;32mDEBUG [0m]: Set the keyboard layout to us and variant to  for keyboard "hl-virtual-keyboard-wtype"
[1;32mDEBUG [0m]: New virtual keyboard created at 55998829dee0
[1;32mDEBUG [0m]: Updating keyboard 55998829dee0's translation state from a provided keymap
[1;32mDEBUG [0m]: Updating keymap fd for keyboard hl-virtual-keyboard-wtype
[1;32mDEBUG [0m]: Updated keymap fd to 108, keymap V1 to: 110
[1;32mDEBUG [0m]: Keyboard at 55998829dee0 removed
[1;32mDEBUG [0m]: Destroyed keyboard 55998829dee0
[1;32mDEBUG [0m]: [CWLSeatProtocol] New seat resource bound at 5599884d0b00
[1;32mDEBUG [0m]: [CVirtualKeyboardProtocol] New VKeyboard at id 5
[1;32mDEBUG [0m]: ApplyConfigToKeyboard for "hl-virtual-keyboard-wtype", hasconfig: 0
[1;32mDEBUG [0m]: Attempting to create a keymap for layout us with variant  (rules: , model: , options: )
[1;32mDEBUG [0m]: Updating keyboard 55998829dee0's translation state from a provided keymap
[1;32mDEBUG [0m]: xkb: LED index 0 (name Num Lock) got index 1
[1;32mDEBUG [0m]: xkb: LED index 1 (name Caps Lock) got index 0
[1;32mDEBUG [0m]: xkb: LED index 2 (name Scroll Lock) got index 2
[1;32mDEBUG [0m]: xkb: Mod index 0 (name Shift) got index 0
[1;32mDEBUG [0m]: xkb: Mod index 1 (name Lock) got index 1
[1;32mDEBUG [0m]: xkb: Mod index 2 (name Control) got index 2
[1;32mDEBUG [0m]: xkb: Mod index 3 (name Mod1) got index 3
[1;32mDEBUG [0m]: xkb: Mod index 4 (name Mod2) got index 4
[1;32mDEBUG [0m]: xkb: Mod index 5 (name Mod3) got index 5
[1;32mDEBUG [0m]: xkb: Mod index 6 (name Mod4) got index 6
[1;32mDEBUG [0m]: xkb: Mod index 7 (name Mod5) got index 7
[1;32mDEBUG [0m]: Updating keymap fd for keyboard hl-virtual-keyboard-wtype
[1;32mDEBUG [0m]: Updated keymap fd to 108, keymap V1 to: 110
[1;32mDEBUG [0m]: Set the keyboard layout to us and variant to  for keyboard "hl-virtual-keyboard-wtype"
[1;32mDEBUG [0m]: New virtual keyboard created at 55998829dee0
[1;32mDEBUG [0m]: Updating keyboard 55998829dee0's translation state from a provided keymap
[1;32mDEBUG [0m]: Updating keymap fd for keyboard hl-virtual-keyboard-wtype
[1;32mDEBUG [0m]: Updated keymap fd to 108, keymap V1 to: 110
[1;32mDEBUG [0m]: [CWLCompositorResource] New wl_region with id 149 at 5599883f1e90
[1;32mDEBUG [0m]: [CLinuxDMABUFParamsResource] Creating a dmabuf, with id 153: size [Vector2D: x: 368, y: 676], fmt AR24, planes 1
[1;32mDEBUG [0m]: [CLinuxDMABUFParamsResource]  | plane 0: mod 72057594037927952 fd 89 stride 1536 offset 0
[1;32mDEBUG [0m]: [CLinuxDMABUFParamsResource] Creating a dmabuf, with id 145: size [Vector2D: x: 368, y: 676], fmt AR24, planes 1
[1;32mDEBUG [0m]: [CLinuxDMABUFParamsResource]  | plane 0: mod 72057594037927952 fd 97 stride 1536 offset 0
[1;32mDEBUG [0m]: Keyboard at 55998829dee0 removed
[1;32mDEBUG [0m]: Destroyed keyboard 55998829dee0
[1;32mDEBUG [0m]: [CWLCompositorResource] New wl_region with id 147 at 5599889f9840
[1;32mDEBUG [0m]: [CLinuxDMABUFParamsResource] Creating a dmabuf, with id 149: size [Vector2D: x: 368, y: 622], fmt AR24, planes 1
[1;32mDEBUG [0m]: [CLinuxDMABUFParamsResource]  | plane 0: mod 72057594037927952 fd 49 stride 1536 offset 0
[1;32mDEBUG [0m]: [CLinuxDMABUFParamsResource] Creating a dmabuf, with id 160: size [Vector2D: x: 368, y: 622], fmt AR24, planes 1
[1;32mDEBUG [0m]: [CLinuxDMABUFParamsResource]  | plane 0: mod 72057594037927952 fd 99 stride 1536 offset 0
[1;32mDEBUG [0m]: [CWLCompositorResource] New wl_region with id 153 at 5599887784a0
[1;32mDEBUG [0m]: [CLinuxDMABUFParamsResource] Creating a dmabuf, with id 154: size [Vector2D: x: 1140, y: 627], fmt AR24, planes 1
[1;32mDEBUG [0m]: [CLinuxDMABUFParamsResource]  | plane 0: mod 72057594037927952 fd 89 stride 4608 offset 0
[1;32mDEBUG [0m]: [CWLCompositorResource] New wl_region with id 162 at 5599882400a0
[1;32mDEBUG [0m]: [CLinuxDMABUFParamsResource] Creating a dmabuf, with id 157: size [Vector2D: x: 1140, y: 627], fmt AR24, planes 1
[1;32mDEBUG [0m]: [CLinuxDMABUFParamsResource]  | plane 0: mod 72057594037927952 fd 98 stride 4608 offset 0
[1;32mDEBUG [0m]: [CLinuxDMABUFParamsResource] Creating a dmabuf, with id 153: size [Vector2D: x: 368, y: 1072], fmt AR24, planes 1
[1;32mDEBUG [0m]: [CLinuxDMABUFParamsResource]  | plane 0: mod 72057594037927952 fd 97 stride 1536 offset 0
[1;32mDEBUG [0m]: [CWLCompositorResource] New wl_region with id 164 at 5599889baa90
[1;32mDEBUG [0m]: [CLinuxDMABUFParamsResource] Creating a dmabuf, with id 160: size [Vector2D: x: 368, y: 1072], fmt AR24, planes 1
[1;32mDEBUG [0m]: [CLinuxDMABUFParamsResource]  | plane 0: mod 72057594037927952 fd 49 stride 1536 offset 0
[1;32mDEBUG [0m]: LayerSurface 55998826b1b0 destroyed
[1;32mDEBUG [0m]: Forcing an unmap of a LS that did a straight destroy!
[1;32mDEBUG [0m]: LayerSurface 55998826b1b0 unmapped
[1;32mDEBUG [0m]: renderer: making a snapshot of layer 559988839ba0
[1;32mDEBUG [0m]: Framebuffer "layer snapshot" created, status 36053
[1;32mDEBUG [0m]: renderer: cleared a snapshot of layer 559988839ba0
[1;32mDEBUG [0m]: renderer: rendered a snapshot of layer 559988839ba0
[1;32mDEBUG [0m]: renderer: made a snapshot of layer 559988839ba0
[1;32mDEBUG [0m]: CWLSurface 55998732b320 called destroy()
[1;32mDEBUG [0m]: Cleanup: removed 1 fadeouts
[1;32mDEBUG [0m]: [CWLCompositorResource] New wl_surface with id 159 at 5599872829c0
[1;32mDEBUG [0m]: CWLSurface 559988283530 called init()
[1;32mDEBUG [0m]: LayerSurface 55998826b1b0 (namespace putkin-panel layer 3) created on monitor HEADLESS-1
[1;32mDEBUG [0m]: [CLayerShellProtocol] New wlr_layer_surface 55998826b1b0
[1;32mDEBUG [0m]: [CPrimarySelectionProtocol] CPrimarySelectionProtocol::updateSelection: cannot send selection to a client without a data_device
[1;32mDEBUG [0m]: [CWLCompositorResource] New wl_region with id 152 at 559988548fa0
[1;32mDEBUG [0m]: [CLinuxDMABUFParamsResource] Creating a dmabuf, with id 149: size [Vector2D: x: 368, y: 136], fmt AR24, planes 1
[1;32mDEBUG [0m]: [CLinuxDMABUFParamsResource]  | plane 0: mod 72057594037927952 fd 49 stride 1536 offset 0
[1;32mDEBUG [0m]: cursorImage request: shape 1 -> default
[1;32mDEBUG [0m]: LayerSurface 55998826b1b0 mapped
[1;32mDEBUG [0m]: [CLinuxDMABUFParamsResource] Creating a dmabuf, with id 164: size [Vector2D: x: 368, y: 424], fmt AR24, planes 1
[1;32mDEBUG [0m]: [CLinuxDMABUFParamsResource]  | plane 0: mod 72057594037927952 fd 97 stride 1536 offset 0
[1;32mDEBUG [0m]: [CLinuxDMABUFParamsResource] Creating a dmabuf, with id 163: size [Vector2D: x: 368, y: 424], fmt AR24, planes 1
[1;32mDEBUG [0m]: [CLinuxDMABUFParamsResource]  | plane 0: mod 72057594037927952 fd 103 stride 1536 offset 0
[1;32mDEBUG [0m]: [CWLSeatProtocol] New seat resource bound at 559988250390
[1;32mDEBUG [0m]: [CVirtualKeyboardProtocol] New VKeyboard at id 5
[1;32mDEBUG [0m]: ApplyConfigToKeyboard for "hl-virtual-keyboard-wtype", hasconfig: 0
[1;32mDEBUG [0m]: Attempting to create a keymap for layout us with variant  (rules: , model: , options: )
[1;32mDEBUG [0m]: Updating keyboard 55998829dee0's translation state from a provided keymap
[1;32mDEBUG [0m]: xkb: LED index 0 (name Num Lock) got index 1
[1;32mDEBUG [0m]: xkb: LED index 1 (name Caps Lock) got index 0
[1;32mDEBUG [0m]: xkb: LED index 2 (name Scroll Lock) got index 2
[1;32mDEBUG [0m]: xkb: Mod index 0 (name Shift) got index 0
[1;32mDEBUG [0m]: xkb: Mod index 1 (name Lock) got index 1
[1;32mDEBUG [0m]: xkb: Mod index 2 (name Control) got index 2
[1;32mDEBUG [0m]: xkb: Mod index 3 (name Mod1) got index 3
[1;32mDEBUG [0m]: xkb: Mod index 4 (name Mod2) got index 4
[1;32mDEBUG [0m]: xkb: Mod index 5 (name Mod3) got index 5
[1;32mDEBUG [0m]: xkb: Mod index 6 (name Mod4) got index 6
[1;32mDEBUG [0m]: xkb: Mod index 7 (name Mod5) got index 7
[1;32mDEBUG [0m]: Updating keymap fd for keyboard hl-virtual-keyboard-wtype
[1;32mDEBUG [0m]: Updated keymap fd to 108, keymap V1 to: 110
[1;32mDEBUG [0m]: Set the keyboard layout to us and variant to  for keyboard "hl-virtual-keyboard-wtype"
[1;32mDEBUG [0m]: New virtual keyboard created at 55998829dee0
[1;32mDEBUG [0m]: Updating keyboard 55998829dee0's translation state from a provided keymap
[1;32mDEBUG [0m]: Updating keymap fd for keyboard hl-virtual-keyboard-wtype
[1;32mDEBUG [0m]: Updated keymap fd to 108, keymap V1 to: 110
[1;32mDEBUG [0m]: Keyboard at 55998829dee0 removed
[1;32mDEBUG [0m]: Destroyed keyboard 55998829dee0
[1;32mDEBUG [0m]: [CWLSeatProtocol] New seat resource bound at 559988742fc0
[1;32mDEBUG [0m]: [CVirtualKeyboardProtocol] New VKeyboard at id 5
[1;32mDEBUG [0m]: ApplyConfigToKeyboard for "hl-virtual-keyboard-wtype", hasconfig: 0
[1;32mDEBUG [0m]: Attempting to create a keymap for layout us with variant  (rules: , model: , options: )
[1;32mDEBUG [0m]: Updating keyboard 55998829dee0's translation state from a provided keymap
[1;32mDEBUG [0m]: xkb: LED index 0 (name Num Lock) got index 1
[1;32mDEBUG [0m]: xkb: LED index 1 (name Caps Lock) got index 0
[1;32mDEBUG [0m]: xkb: LED index 2 (name Scroll Lock) got index 2
[1;32mDEBUG [0m]: xkb: Mod index 0 (name Shift) got index 0
[1;32mDEBUG [0m]: xkb: Mod index 1 (name Lock) got index 1
[1;32mDEBUG [0m]: xkb: Mod index 2 (name Control) got index 2
[1;32mDEBUG [0m]: xkb: Mod index 3 (name Mod1) got index 3
[1;32mDEBUG [0m]: xkb: Mod index 4 (name Mod2) got index 4
[1;32mDEBUG [0m]: xkb: Mod index 5 (name Mod3) got index 5
[1;32mDEBUG [0m]: xkb: Mod index 6 (name Mod4) got index 6
[1;32mDEBUG [0m]: xkb: Mod index 7 (name Mod5) got index 7
[1;32mDEBUG [0m]: Updating keymap fd for keyboard hl-virtual-keyboard-wtype
[1;32mDEBUG [0m]: Updated keymap fd to 108, keymap V1 to: 110
[1;32mDEBUG [0m]: Set the keyboard layout to us and variant to  for keyboard "hl-virtual-keyboard-wtype"
[1;32mDEBUG [0m]: New virtual keyboard created at 55998829dee0
[1;32mDEBUG [0m]: Updating keyboard 55998829dee0's translation state from a provided keymap
[1;32mDEBUG [0m]: Updating keymap fd for keyboard hl-virtual-keyboard-wtype
[1;32mDEBUG [0m]: Updated keymap fd to 108, keymap V1 to: 110
[1;32mDEBUG [0m]: Keyboard at 55998829dee0 removed
[1;32mDEBUG [0m]: Destroyed keyboard 55998829dee0
[1;32mDEBUG [0m]: [CWLSeatProtocol] New seat resource bound at 55998724ff70
[1;32mDEBUG [0m]: [CVirtualKeyboardProtocol] New VKeyboard at id 5
[1;32mDEBUG [0m]: ApplyConfigToKeyboard for "hl-virtual-keyboard-wtype", hasconfig: 0
[1;32mDEBUG [0m]: Attempting to create a keymap for layout us with variant  (rules: , model: , options: )
[1;32mDEBUG [0m]: Updating keyboard 55998829dee0's translation state from a provided keymap
[1;32mDEBUG [0m]: xkb: LED index 0 (name Num Lock) got index 1
[1;32mDEBUG [0m]: xkb: LED index 1 (name Caps Lock) got index 0
[1;32mDEBUG [0m]: xkb: LED index 2 (name Scroll Lock) got index 2
[1;32mDEBUG [0m]: xkb: Mod index 0 (name Shift) got index 0
[1;32mDEBUG [0m]: xkb: Mod index 1 (name Lock) got index 1
[1;32mDEBUG [0m]: xkb: Mod index 2 (name Control) got index 2
[1;32mDEBUG [0m]: xkb: Mod index 3 (name Mod1) got index 3
[1;32mDEBUG [0m]: xkb: Mod index 4 (name Mod2) got index 4
[1;32mDEBUG [0m]: xkb: Mod index 5 (name Mod3) got index 5
[1;32mDEBUG [0m]: xkb: Mod index 6 (name Mod4) got index 6
[1;32mDEBUG [0m]: xkb: Mod index 7 (name Mod5) got index 7
[1;32mDEBUG [0m]: Updating keymap fd for keyboard hl-virtual-keyboard-wtype
[1;32mDEBUG [0m]: Updated keymap fd to 108, keymap V1 to: 110
[1;32mDEBUG [0m]: Set the keyboard layout to us and variant to  for keyboard "hl-virtual-keyboard-wtype"
[1;32mDEBUG [0m]: New virtual keyboard created at 55998829dee0
[1;32mDEBUG [0m]: Updating keyboard 55998829dee0's translation state from a provided keymap
[1;32mDEBUG [0m]: Updating keymap fd for keyboard hl-virtual-keyboard-wtype
[1;32mDEBUG [0m]: Updated keymap fd to 108, keymap V1 to: 110
[1;32mDEBUG [0m]: [CWLCompositorResource] New wl_region with id 154 at 5599882b52d0
[1;32mDEBUG [0m]: [CLinuxDMABUFParamsResource] Creating a dmabuf, with id 157: size [Vector2D: x: 368, y: 676], fmt AR24, planes 1
[1;32mDEBUG [0m]: [CLinuxDMABUFParamsResource]  | plane 0: mod 72057594037927952 fd 103 stride 1536 offset 0
[1;32mDEBUG [0m]: [CLinuxDMABUFParamsResource] Creating a dmabuf, with id 152: size [Vector2D: x: 368, y: 676], fmt AR24, planes 1
[1;32mDEBUG [0m]: [CLinuxDMABUFParamsResource]  | plane 0: mod 72057594037927952 fd 49 stride 1536 offset 0
[1;32mDEBUG [0m]: Keyboard at 55998829dee0 removed
[1;32mDEBUG [0m]: Destroyed keyboard 55998829dee0
[1;32mDEBUG [0m]: [CWLCompositorResource] New wl_region with id 163 at 559988219ce0
[1;32mDEBUG [0m]: [CLinuxDMABUFParamsResource] Creating a dmabuf, with id 163: size [Vector2D: x: 368, y: 622], fmt AR24, planes 1
[1;32mDEBUG [0m]: [CLinuxDMABUFParamsResource]  | plane 0: mod 72057594037927952 fd 49 stride 1536 offset 0
[1;32mDEBUG [0m]: [CLinuxDMABUFParamsResource] Creating a dmabuf, with id 154: size [Vector2D: x: 368, y: 622], fmt AR24, planes 1
[1;32mDEBUG [0m]: [CLinuxDMABUFParamsResource]  | plane 0: mod 72057594037927952 fd 97 stride 1536 offset 0
[1;32mDEBUG [0m]: [CWLCompositorResource] New wl_region with id 165 at 55998894cb30
[1;32mDEBUG [0m]: [CLinuxDMABUFParamsResource] Creating a dmabuf, with id 147: size [Vector2D: x: 1140, y: 627], fmt AR24, planes 1
[1;32mDEBUG [0m]: [CLinuxDMABUFParamsResource]  | plane 0: mod 72057594037927952 fd 97 stride 4608 offset 0
[1;32mDEBUG [0m]: [CWLCompositorResource] New wl_region with id 154 at 559988362b20
[1;32mDEBUG [0m]: [CLinuxDMABUFParamsResource] Creating a dmabuf, with id 157: size [Vector2D: x: 1140, y: 627], fmt AR24, planes 1
[1;32mDEBUG [0m]: [CLinuxDMABUFParamsResource]  | plane 0: mod 72057594037927952 fd 103 stride 4608 offset 0
[1;32mDEBUG [0m]: [CLinuxDMABUFParamsResource] Creating a dmabuf, with id 165: size [Vector2D: x: 368, y: 1072], fmt AR24, planes 1
[1;32mDEBUG [0m]: [CLinuxDMABUFParamsResource]  | plane 0: mod 72057594037927952 fd 89 stride 1536 offset 0
[1;32mDEBUG [0m]: [CWLCompositorResource] New wl_region with id 152 at 5599885eb860
[1;32mDEBUG [0m]: [CLinuxDMABUFParamsResource] Creating a dmabuf, with id 145: size [Vector2D: x: 368, y: 1072], fmt AR24, planes 1
[1;32mDEBUG [0m]: [CLinuxDMABUFParamsResource]  | plane 0: mod 72057594037927952 fd 98 stride 1536 offset 0
[1;32mDEBUG [0m]: LayerSurface 55998826b1b0 destroyed
[1;32mDEBUG [0m]: Forcing an unmap of a LS that did a straight destroy!
[1;32mDEBUG [0m]: LayerSurface 55998826b1b0 unmapped
[1;32mDEBUG [0m]: renderer: making a snapshot of layer 559988415620
[1;32mDEBUG [0m]: Framebuffer "layer snapshot" created, status 36053
[1;32mDEBUG [0m]: renderer: cleared a snapshot of layer 559988415620
[1;32mDEBUG [0m]: renderer: rendered a snapshot of layer 559988415620
[1;32mDEBUG [0m]: renderer: made a snapshot of layer 559988415620
[1;32mDEBUG [0m]: CWLSurface 559988283530 called destroy()
[1;32mDEBUG [0m]: Cleanup: removed 1 fadeouts
[1;32mDEBUG [0m]: [CWLCompositorResource] New wl_surface with id 149 at 5599887302e0
[1;32mDEBUG [0m]: CWLSurface 559987d0f480 called init()
[1;32mDEBUG [0m]: LayerSurface 55998826b1b0 (namespace putkin-panel layer 3) created on monitor HEADLESS-1
[1;32mDEBUG [0m]: [CLayerShellProtocol] New wlr_layer_surface 55998826b1b0
[1;32mDEBUG [0m]: [CPrimarySelectionProtocol] CPrimarySelectionProtocol::updateSelection: cannot send selection to a client without a data_device
[1;32mDEBUG [0m]: [CWLCompositorResource] New wl_region with id 160 at 5599882520f0
[1;32mDEBUG [0m]: [CLinuxDMABUFParamsResource] Creating a dmabuf, with id 163: size [Vector2D: x: 368, y: 136], fmt AR24, planes 1
[1;32mDEBUG [0m]: [CLinuxDMABUFParamsResource]  | plane 0: mod 72057594037927952 fd 49 stride 1536 offset 0
[1;32mDEBUG [0m]: cursorImage request: shape 1 -> default
[1;32mDEBUG [0m]: LayerSurface 55998826b1b0 mapped
[1;32mDEBUG [0m]: [CLinuxDMABUFParamsResource] Creating a dmabuf, with id 152: size [Vector2D: x: 368, y: 136], fmt AR24, planes 1
[1;32mDEBUG [0m]: [CLinuxDMABUFParamsResource]  | plane 0: mod 72057594037927952 fd 97 stride 1536 offset 0
[1;32mDEBUG [0m]: [CLinuxDMABUFParamsResource] Creating a dmabuf, with id 153: size [Vector2D: x: 368, y: 424], fmt AR24, planes 1
[1;32mDEBUG [0m]: [CLinuxDMABUFParamsResource]  | plane 0: mod 72057594037927952 fd 103 stride 1536 offset 0
[1;32mDEBUG [0m]: [CLinuxDMABUFParamsResource] Creating a dmabuf, with id 147: size [Vector2D: x: 368, y: 424], fmt AR24, planes 1
[1;32mDEBUG [0m]: [CLinuxDMABUFParamsResource]  | plane 0: mod 72057594037927952 fd 89 stride 1536 offset 0
[1;32mDEBUG [0m]: [CWLSeatProtocol] New seat resource bound at 5599884d10f0
[1;32mDEBUG [0m]: [CVirtualKeyboardProtocol] New VKeyboard at id 5
[1;32mDEBUG [0m]: ApplyConfigToKeyboard for "hl-virtual-keyboard-wtype", hasconfig: 0
[1;32mDEBUG [0m]: Attempting to create a keymap for layout us with variant  (rules: , model: , options: )
[1;32mDEBUG [0m]: Updating keyboard 55998829dee0's translation state from a provided keymap
[1;32mDEBUG [0m]: xkb: LED index 0 (name Num Lock) got index 1
[1;32mDEBUG [0m]: xkb: LED index 1 (name Caps Lock) got index 0
[1;32mDEBUG [0m]: xkb: LED index 2 (name Scroll Lock) got index 2
[1;32mDEBUG [0m]: xkb: Mod index 0 (name Shift) got index 0
[1;32mDEBUG [0m]: xkb: Mod index 1 (name Lock) got index 1
[1;32mDEBUG [0m]: xkb: Mod index 2 (name Control) got index 2
[1;32mDEBUG [0m]: xkb: Mod index 3 (name Mod1) got index 3
[1;32mDEBUG [0m]: xkb: Mod index 4 (name Mod2) got index 4
[1;32mDEBUG [0m]: xkb: Mod index 5 (name Mod3) got index 5
[1;32mDEBUG [0m]: xkb: Mod index 6 (name Mod4) got index 6
[1;32mDEBUG [0m]: xkb: Mod index 7 (name Mod5) got index 7
[1;32mDEBUG [0m]: Updating keymap fd for keyboard hl-virtual-keyboard-wtype
[1;32mDEBUG [0m]: Updated keymap fd to 108, keymap V1 to: 110
[1;32mDEBUG [0m]: Set the keyboard layout to us and variant to  for keyboard "hl-virtual-keyboard-wtype"
[1;32mDEBUG [0m]: New virtual keyboard created at 55998829dee0
[1;32mDEBUG [0m]: Updating keyboard 55998829dee0's translation state from a provided keymap
[1;32mDEBUG [0m]: Updating keymap fd for keyboard hl-virtual-keyboard-wtype
[1;32mDEBUG [0m]: Updated keymap fd to 108, keymap V1 to: 110
[1;32mDEBUG [0m]: Keyboard at 55998829dee0 removed
[1;32mDEBUG [0m]: Destroyed keyboard 55998829dee0
[1;32mDEBUG [0m]: [CWLSeatProtocol] New seat resource bound at 55998890c480
[1;32mDEBUG [0m]: [CVirtualKeyboardProtocol] New VKeyboard at id 5
[1;32mDEBUG [0m]: ApplyConfigToKeyboard for "hl-virtual-keyboard-wtype", hasconfig: 0
[1;32mDEBUG [0m]: Attempting to create a keymap for layout us with variant  (rules: , model: , options: )
[1;32mDEBUG [0m]: Updating keyboard 55998829dee0's translation state from a provided keymap
[1;32mDEBUG [0m]: xkb: LED index 0 (name Num Lock) got index 1
[1;32mDEBUG [0m]: xkb: LED index 1 (name Caps Lock) got index 0
[1;32mDEBUG [0m]: xkb: LED index 2 (name Scroll Lock) got index 2
[1;32mDEBUG [0m]: xkb: Mod index 0 (name Shift) got index 0
[1;32mDEBUG [0m]: xkb: Mod index 1 (name Lock) got index 1
[1;32mDEBUG [0m]: xkb: Mod index 2 (name Control) got index 2
[1;32mDEBUG [0m]: xkb: Mod index 3 (name Mod1) got index 3
[1;32mDEBUG [0m]: xkb: Mod index 4 (name Mod2) got index 4
[1;32mDEBUG [0m]: xkb: Mod index 5 (name Mod3) got index 5
[1;32mDEBUG [0m]: xkb: Mod index 6 (name Mod4) got index 6
[1;32mDEBUG [0m]: xkb: Mod index 7 (name Mod5) got index 7
[1;32mDEBUG [0m]: Updating keymap fd for keyboard hl-virtual-keyboard-wtype
[1;32mDEBUG [0m]: Updated keymap fd to 108, keymap V1 to: 110
[1;32mDEBUG [0m]: Set the keyboard layout to us and variant to  for keyboard "hl-virtual-keyboard-wtype"
[1;32mDEBUG [0m]: New virtual keyboard created at 55998829dee0
[1;32mDEBUG [0m]: Updating keyboard 55998829dee0's translation state from a provided keymap
[1;32mDEBUG [0m]: Updating keymap fd for keyboard hl-virtual-keyboard-wtype
[1;32mDEBUG [0m]: Updated keymap fd to 108, keymap V1 to: 110
[1;32mDEBUG [0m]: Keyboard at 55998829dee0 removed
[1;32mDEBUG [0m]: Destroyed keyboard 55998829dee0
[1;32mDEBUG [0m]: [CWLSeatProtocol] New seat resource bound at 559988414500
[1;32mDEBUG [0m]: [CVirtualKeyboardProtocol] New VKeyboard at id 5
[1;32mDEBUG [0m]: ApplyConfigToKeyboard for "hl-virtual-keyboard-wtype", hasconfig: 0
[1;32mDEBUG [0m]: Attempting to create a keymap for layout us with variant  (rules: , model: , options: )
[1;32mDEBUG [0m]: Updating keyboard 55998829dee0's translation state from a provided keymap
[1;32mDEBUG [0m]: xkb: LED index 0 (name Num Lock) got index 1
[1;32mDEBUG [0m]: xkb: LED index 1 (name Caps Lock) got index 0
[1;32mDEBUG [0m]: xkb: LED index 2 (name Scroll Lock) got index 2
[1;32mDEBUG [0m]: xkb: Mod index 0 (name Shift) got index 0
[1;32mDEBUG [0m]: xkb: Mod index 1 (name Lock) got index 1
[1;32mDEBUG [0m]: xkb: Mod index 2 (name Control) got index 2
[1;32mDEBUG [0m]: xkb: Mod index 3 (name Mod1) got index 3
[1;32mDEBUG [0m]: xkb: Mod index 4 (name Mod2) got index 4
[1;32mDEBUG [0m]: xkb: Mod index 5 (name Mod3) got index 5
[1;32mDEBUG [0m]: xkb: Mod index 6 (name Mod4) got index 6
[1;32mDEBUG [0m]: xkb: Mod index 7 (name Mod5) got index 7
[1;32mDEBUG [0m]: Updating keymap fd for keyboard hl-virtual-keyboard-wtype
[1;32mDEBUG [0m]: Updated keymap fd to 108, keymap V1 to: 110
[1;32mDEBUG [0m]: Set the keyboard layout to us and variant to  for keyboard "hl-virtual-keyboard-wtype"
[1;32mDEBUG [0m]: New virtual keyboard created at 55998829dee0
[1;32mDEBUG [0m]: Updating keyboard 55998829dee0's translation state from a provided keymap
[1;32mDEBUG [0m]: Updating keymap fd for keyboard hl-virtual-keyboard-wtype
[1;32mDEBUG [0m]: Updated keymap fd to 108, keymap V1 to: 110
[1;32mDEBUG [0m]: [CWLCompositorResource] New wl_region with id 157 at 559987d0b2d0
[1;32mDEBUG [0m]: [CLinuxDMABUFParamsResource] Creating a dmabuf, with id 160: size [Vector2D: x: 368, y: 676], fmt AR24, planes 1
[1;32mDEBUG [0m]: [CLinuxDMABUFParamsResource]  | plane 0: mod 72057594037927952 fd 89 stride 1536 offset 0
[1;32mDEBUG [0m]: [CLinuxDMABUFParamsResource] Creating a dmabuf, with id 163: size [Vector2D: x: 368, y: 676], fmt AR24, planes 1
[1;32mDEBUG [0m]: [CLinuxDMABUFParamsResource]  | plane 0: mod 72057594037927952 fd 97 stride 1536 offset 0
[1;32mDEBUG [0m]: Keyboard at 55998829dee0 removed
[1;32mDEBUG [0m]: Destroyed keyboard 55998829dee0
[1;32mDEBUG [0m]: [CWLCompositorResource] New wl_region with id 147 at 559987d0b2d0
[1;32mDEBUG [0m]: [CLinuxDMABUFParamsResource] Creating a dmabuf, with id 147: size [Vector2D: x: 368, y: 622], fmt AR24, planes 1
[1;32mDEBUG [0m]: [CLinuxDMABUFParamsResource]  | plane 0: mod 72057594037927952 fd 49 stride 1536 offset 0
[1;32mDEBUG [0m]: [CLinuxDMABUFParamsResource] Creating a dmabuf, with id 157: size [Vector2D: x: 368, y: 622], fmt AR24, planes 1
[1;32mDEBUG [0m]: [CLinuxDMABUFParamsResource]  | plane 0: mod 72057594037927952 fd 100 stride 1536 offset 0
[1;32mDEBUG [0m]: [CWLCompositorResource] New wl_region with id 154 at 5599883494e0
[1;32mDEBUG [0m]: [CLinuxDMABUFParamsResource] Creating a dmabuf, with id 162: size [Vector2D: x: 1140, y: 627], fmt AR24, planes 1
[1;32mDEBUG [0m]: [CLinuxDMABUFParamsResource]  | plane 0: mod 72057594037927952 fd 98 stride 4608 offset 0
[1;32mDEBUG [0m]: [CWLCompositorResource] New wl_region with id 157 at 559988725010
[1;32mDEBUG [0m]: [CLinuxDMABUFParamsResource] Creating a dmabuf, with id 163: size [Vector2D: x: 1140, y: 627], fmt AR24, planes 1
[1;32mDEBUG [0m]: [CLinuxDMABUFParamsResource]  | plane 0: mod 72057594037927952 fd 89 stride 4608 offset 0
[1;32mDEBUG [0m]: [CLinuxDMABUFParamsResource] Creating a dmabuf, with id 153: size [Vector2D: x: 368, y: 1072], fmt AR24, planes 1
[1;32mDEBUG [0m]: [CLinuxDMABUFParamsResource]  | plane 0: mod 72057594037927952 fd 97 stride 1536 offset 0
[1;32mDEBUG [0m]: [CWLCompositorResource] New wl_region with id 166 at 5599883494e0
[1;32mDEBUG [0m]: [CLinuxDMABUFParamsResource] Creating a dmabuf, with id 154: size [Vector2D: x: 368, y: 1072], fmt AR24, planes 1
[1;32mDEBUG [0m]: [CLinuxDMABUFParamsResource]  | plane 0: mod 72057594037927952 fd 49 stride 1536 offset 0
[1;32mDEBUG [0m]: LayerSurface 55998826b1b0 destroyed
[1;32mDEBUG [0m]: Forcing an unmap of a LS that did a straight destroy!
[1;32mDEBUG [0m]: LayerSurface 55998826b1b0 unmapped
[1;32mDEBUG [0m]: renderer: making a snapshot of layer 559988839ba0
[1;32mDEBUG [0m]: Framebuffer "layer snapshot" created, status 36053
[1;32mDEBUG [0m]: renderer: cleared a snapshot of layer 559988839ba0
[1;32mDEBUG [0m]: renderer: rendered a snapshot of layer 559988839ba0
[1;32mDEBUG [0m]: renderer: made a snapshot of layer 559988839ba0
[1;32mDEBUG [0m]: CWLSurface 559987d0f480 called destroy()
[1;32mDEBUG [0m]: Cleanup: removed 1 fadeouts
[1;32mDEBUG [0m]: [CWLCompositorResource] New wl_surface with id 152 at 559988916020
[1;32mDEBUG [0m]: CWLSurface 55998732b320 called init()
[1;32mDEBUG [0m]: LayerSurface 55998826b1b0 (namespace putkin-panel layer 3) created on monitor HEADLESS-1
[1;32mDEBUG [0m]: [CLayerShellProtocol] New wlr_layer_surface 55998826b1b0
[1;32mDEBUG [0m]: [CPrimarySelectionProtocol] CPrimarySelectionProtocol::updateSelection: cannot send selection to a client without a data_device
[1;32mDEBUG [0m]: [CWLCompositorResource] New wl_region with id 145 at 5599883491a0
[1;32mDEBUG [0m]: [CLinuxDMABUFParamsResource] Creating a dmabuf, with id 147: size [Vector2D: x: 368, y: 136], fmt AR24, planes 1
[1;32mDEBUG [0m]: [CLinuxDMABUFParamsResource]  | plane 0: mod 72057594037927952 fd 49 stride 1536 offset 0
[1;32mDEBUG [0m]: cursorImage request: shape 1 -> default
[1;32mDEBUG [0m]: LayerSurface 55998826b1b0 mapped
[1;32mDEBUG [0m]: [CLinuxDMABUFParamsResource] Creating a dmabuf, with id 166: size [Vector2D: x: 368, y: 136], fmt AR24, planes 1
[1;32mDEBUG [0m]: [CLinuxDMABUFParamsResource]  | plane 0: mod 72057594037927952 fd 97 stride 1536 offset 0
[1;32mDEBUG [0m]: [CLinuxDMABUFParamsResource] Creating a dmabuf, with id 165: size [Vector2D: x: 368, y: 424], fmt AR24, planes 1
[1;32mDEBUG [0m]: [CLinuxDMABUFParamsResource]  | plane 0: mod 72057594037927952 fd 100 stride 1536 offset 0
[1;32mDEBUG [0m]: [CLinuxDMABUFParamsResource] Creating a dmabuf, with id 163: size [Vector2D: x: 368, y: 424], fmt AR24, planes 1
[1;32mDEBUG [0m]: [CLinuxDMABUFParamsResource]  | plane 0: mod 72057594037927952 fd 89 stride 1536 offset 0
[1;32mDEBUG [0m]: [CWLSeatProtocol] New seat resource bound at 5599888bd030
[1;32mDEBUG [0m]: [CVirtualKeyboardProtocol] New VKeyboard at id 5
[1;32mDEBUG [0m]: ApplyConfigToKeyboard for "hl-virtual-keyboard-wtype", hasconfig: 0
[1;32mDEBUG [0m]: Attempting to create a keymap for layout us with variant  (rules: , model: , options: )
[1;32mDEBUG [0m]: Updating keyboard 55998829dee0's translation state from a provided keymap
[1;32mDEBUG [0m]: xkb: LED index 0 (name Num Lock) got index 1
[1;32mDEBUG [0m]: xkb: LED index 1 (name Caps Lock) got index 0
[1;32mDEBUG [0m]: xkb: LED index 2 (name Scroll Lock) got index 2
[1;32mDEBUG [0m]: xkb: Mod index 0 (name Shift) got index 0
[1;32mDEBUG [0m]: xkb: Mod index 1 (name Lock) got index 1
[1;32mDEBUG [0m]: xkb: Mod index 2 (name Control) got index 2
[1;32mDEBUG [0m]: xkb: Mod index 3 (name Mod1) got index 3
[1;32mDEBUG [0m]: xkb: Mod index 4 (name Mod2) got index 4
[1;32mDEBUG [0m]: xkb: Mod index 5 (name Mod3) got index 5
[1;32mDEBUG [0m]: xkb: Mod index 6 (name Mod4) got index 6
[1;32mDEBUG [0m]: xkb: Mod index 7 (name Mod5) got index 7
[1;32mDEBUG [0m]: Updating keymap fd for keyboard hl-virtual-keyboard-wtype
[1;32mDEBUG [0m]: Updated keymap fd to 108, keymap V1 to: 110
[1;32mDEBUG [0m]: Set the keyboard layout to us and variant to  for keyboard "hl-virtual-keyboard-wtype"
[1;32mDEBUG [0m]: New virtual keyboard created at 55998829dee0
[1;32mDEBUG [0m]: Updating keyboard 55998829dee0's translation state from a provided keymap
[1;32mDEBUG [0m]: Updating keymap fd for keyboard hl-virtual-keyboard-wtype
[1;32mDEBUG [0m]: Updated keymap fd to 108, keymap V1 to: 110
[1;32mDEBUG [0m]: Keyboard at 55998829dee0 removed
[1;32mDEBUG [0m]: Destroyed keyboard 55998829dee0
[1;32mDEBUG [0m]: [CWLSeatProtocol] New seat resource bound at 5599880ee070
[1;32mDEBUG [0m]: [CVirtualKeyboardProtocol] New VKeyboard at id 5
[1;32mDEBUG [0m]: ApplyConfigToKeyboard for "hl-virtual-keyboard-wtype", hasconfig: 0
[1;32mDEBUG [0m]: Attempting to create a keymap for layout us with variant  (rules: , model: , options: )
[1;32mDEBUG [0m]: Updating keyboard 55998829dee0's translation state from a provided keymap
[1;32mDEBUG [0m]: xkb: LED index 0 (name Num Lock) got index 1
[1;32mDEBUG [0m]: xkb: LED index 1 (name Caps Lock) got index 0
[1;32mDEBUG [0m]: xkb: LED index 2 (name Scroll Lock) got index 2
[1;32mDEBUG [0m]: xkb: Mod index 0 (name Shift) got index 0
[1;32mDEBUG [0m]: xkb: Mod index 1 (name Lock) got index 1
[1;32mDEBUG [0m]: xkb: Mod index 2 (name Control) got index 2
[1;32mDEBUG [0m]: xkb: Mod index 3 (name Mod1) got index 3
[1;32mDEBUG [0m]: xkb: Mod index 4 (name Mod2) got index 4
[1;32mDEBUG [0m]: xkb: Mod index 5 (name Mod3) got index 5
[1;32mDEBUG [0m]: xkb: Mod index 6 (name Mod4) got index 6
[1;32mDEBUG [0m]: xkb: Mod index 7 (name Mod5) got index 7
[1;32mDEBUG [0m]: Updating keymap fd for keyboard hl-virtual-keyboard-wtype
[1;32mDEBUG [0m]: Updated keymap fd to 108, keymap V1 to: 110
[1;32mDEBUG [0m]: Set the keyboard layout to us and variant to  for keyboard "hl-virtual-keyboard-wtype"
[1;32mDEBUG [0m]: New virtual keyboard created at 55998829dee0
[1;32mDEBUG [0m]: Updating keyboard 55998829dee0's translation state from a provided keymap
[1;32mDEBUG [0m]: Updating keymap fd for keyboard hl-virtual-keyboard-wtype
[1;32mDEBUG [0m]: Updated keymap fd to 108, keymap V1 to: 110
[1;32mDEBUG [0m]: Keyboard at 55998829dee0 removed
[1;32mDEBUG [0m]: Destroyed keyboard 55998829dee0
[1;32mDEBUG [0m]: [CWLSeatProtocol] New seat resource bound at 5599887f8290
[1;32mDEBUG [0m]: [CVirtualKeyboardProtocol] New VKeyboard at id 5
[1;32mDEBUG [0m]: ApplyConfigToKeyboard for "hl-virtual-keyboard-wtype", hasconfig: 0
[1;32mDEBUG [0m]: Attempting to create a keymap for layout us with variant  (rules: , model: , options: )
[1;32mDEBUG [0m]: Updating keyboard 55998829dee0's translation state from a provided keymap
[1;32mDEBUG [0m]: xkb: LED index 0 (name Num Lock) got index 1
[1;32mDEBUG [0m]: xkb: LED index 1 (name Caps Lock) got index 0
[1;32mDEBUG [0m]: xkb: LED index 2 (name Scroll Lock) got index 2
[1;32mDEBUG [0m]: xkb: Mod index 0 (name Shift) got index 0
[1;32mDEBUG [0m]: xkb: Mod index 1 (name Lock) got index 1
[1;32mDEBUG [0m]: xkb: Mod index 2 (name Control) got index 2
[1;32mDEBUG [0m]: xkb: Mod index 3 (name Mod1) got index 3
[1;32mDEBUG [0m]: xkb: Mod index 4 (name Mod2) got index 4
[1;32mDEBUG [0m]: xkb: Mod index 5 (name Mod3) got index 5
[1;32mDEBUG [0m]: xkb: Mod index 6 (name Mod4) got index 6
[1;32mDEBUG [0m]: xkb: Mod index 7 (name Mod5) got index 7
[1;32mDEBUG [0m]: Updating keymap fd for keyboard hl-virtual-keyboard-wtype
[1;32mDEBUG [0m]: Updated keymap fd to 108, keymap V1 to: 110
[1;32mDEBUG [0m]: Set the keyboard layout to us and variant to  for keyboard "hl-virtual-keyboard-wtype"
[1;32mDEBUG [0m]: New virtual keyboard created at 55998829dee0
[1;32mDEBUG [0m]: Updating keyboard 55998829dee0's translation state from a provided keymap
[1;32mDEBUG [0m]: Updating keymap fd for keyboard hl-virtual-keyboard-wtype
[1;32mDEBUG [0m]: Updated keymap fd to 108, keymap V1 to: 110
[1;32mDEBUG [0m]: [CWLCompositorResource] New wl_region with id 162 at 559988a03fd0
[1;32mDEBUG [0m]: [CLinuxDMABUFParamsResource] Creating a dmabuf, with id 162: size [Vector2D: x: 368, y: 676], fmt AR24, planes 1
[1;32mDEBUG [0m]: [CLinuxDMABUFParamsResource]  | plane 0: mod 72057594037927952 fd 89 stride 1536 offset 0
[1;32mDEBUG [0m]: [CLinuxDMABUFParamsResource] Creating a dmabuf, with id 166: size [Vector2D: x: 368, y: 676], fmt AR24, planes 1
[1;32mDEBUG [0m]: [CLinuxDMABUFParamsResource]  | plane 0: mod 72057594037927952 fd 105 stride 1536 offset 0
[1;32mDEBUG [0m]: Keyboard at 55998829dee0 removed
[1;32mDEBUG [0m]: Destroyed keyboard 55998829dee0
[1;32mDEBUG [0m]: [CWLCompositorResource] New wl_region with id 147 at 55998821b970
[1;32mDEBUG [0m]: [CLinuxDMABUFParamsResource] Creating a dmabuf, with id 147: size [Vector2D: x: 368, y: 622], fmt AR24, planes 1
[1;32mDEBUG [0m]: [CLinuxDMABUFParamsResource]  | plane 0: mod 72057594037927952 fd 49 stride 1536 offset 0
[1;32mDEBUG [0m]: [CLinuxDMABUFParamsResource] Creating a dmabuf, with id 145: size [Vector2D: x: 368, y: 622], fmt AR24, planes 1
[1;32mDEBUG [0m]: [CLinuxDMABUFParamsResource]  | plane 0: mod 72057594037927952 fd 98 stride 1536 offset 0
[1;32mDEBUG [0m]: [CWLCompositorResource] New wl_region with id 167 at 5599887254b0
[1;32mDEBUG [0m]: [CLinuxDMABUFParamsResource] Creating a dmabuf, with id 160: size [Vector2D: x: 1140, y: 627], fmt AR24, planes 1
[1;32mDEBUG [0m]: [CLinuxDMABUFParamsResource]  | plane 0: mod 72057594037927952 fd 98 stride 4608 offset 0
[1;32mDEBUG [0m]: [CWLCompositorResource] New wl_region with id 162 at 559988728140
[1;32mDEBUG [0m]: [CLinuxDMABUFParamsResource] Creating a dmabuf, with id 157: size [Vector2D: x: 1140, y: 627], fmt AR24, planes 1
[1;32mDEBUG [0m]: [CLinuxDMABUFParamsResource]  | plane 0: mod 72057594037927952 fd 89 stride 4608 offset 0
[1;32mDEBUG [0m]: [CLinuxDMABUFParamsResource] Creating a dmabuf, with id 166: size [Vector2D: x: 368, y: 1072], fmt AR24, planes 1
[1;32mDEBUG [0m]: [CLinuxDMABUFParamsResource]  | plane 0: mod 72057594037927952 fd 97 stride 1536 offset 0
[1;32mDEBUG [0m]: [CWLCompositorResource] New wl_region with id 160 at 55998893c890
[1;32mDEBUG [0m]: [CLinuxDMABUFParamsResource] Creating a dmabuf, with id 145: size [Vector2D: x: 368, y: 1072], fmt AR24, planes 1
[1;32mDEBUG [0m]: [CLinuxDMABUFParamsResource]  | plane 0: mod 72057594037927952 fd 99 stride 1536 offset 0
[1;32mDEBUG [0m]: LayerSurface 55998826b1b0 destroyed
[1;32mDEBUG [0m]: Forcing an unmap of a LS that did a straight destroy!
[1;32mDEBUG [0m]: LayerSurface 55998826b1b0 unmapped
[1;32mDEBUG [0m]: renderer: making a snapshot of layer 559988415620
[1;32mDEBUG [0m]: Framebuffer "layer snapshot" created, status 36053
[1;32mDEBUG [0m]: renderer: cleared a snapshot of layer 559988415620
[1;32mDEBUG [0m]: renderer: rendered a snapshot of layer 559988415620
[1;32mDEBUG [0m]: renderer: made a snapshot of layer 559988415620
[1;32mDEBUG [0m]: CWLSurface 55998732b320 called destroy()
[1;32mDEBUG [0m]: Cleanup: removed 1 fadeouts
[1;32mDEBUG [0m]: [CWLCompositorResource] New wl_surface with id 165 at 559988916020
[1;32mDEBUG [0m]: CWLSurface 559988283530 called init()
[1;32mDEBUG [0m]: LayerSurface 55998826b1b0 (namespace putkin-panel layer 3) created on monitor HEADLESS-1
[1;32mDEBUG [0m]: [CLayerShellProtocol] New wlr_layer_surface 55998826b1b0
[1;32mDEBUG [0m]: [CPrimarySelectionProtocol] CPrimarySelectionProtocol::updateSelection: cannot send selection to a client without a data_device
[1;32mDEBUG [0m]: [CWLCompositorResource] New wl_region with id 154 at 559987d0b2d0
[1;32mDEBUG [0m]: [CLinuxDMABUFParamsResource] Creating a dmabuf, with id 167: size [Vector2D: x: 368, y: 136], fmt AR24, planes 1
[1;32mDEBUG [0m]: [CLinuxDMABUFParamsResource]  | plane 0: mod 72057594037927952 fd 49 stride 1536 offset 0
[1;32mDEBUG [0m]: cursorImage request: shape 1 -> default
[1;32mDEBUG [0m]: LayerSurface 55998826b1b0 mapped
[1;32mDEBUG [0m]: [CLinuxDMABUFParamsResource] Creating a dmabuf, with id 153: size [Vector2D: x: 368, y: 136], fmt AR24, planes 1
[1;32mDEBUG [0m]: [CLinuxDMABUFParamsResource]  | plane 0: mod 72057594037927952 fd 98 stride 1536 offset 0
[1;32mDEBUG [0m]: [CLinuxDMABUFParamsResource] Creating a dmabuf, with id 160: size [Vector2D: x: 368, y: 424], fmt AR24, planes 1
[1;32mDEBUG [0m]: [CLinuxDMABUFParamsResource]  | plane 0: mod 72057594037927952 fd 97 stride 1536 offset 0
[1;32mDEBUG [0m]: [CLinuxDMABUFParamsResource] Creating a dmabuf, with id 147: size [Vector2D: x: 368, y: 424], fmt AR24, planes 1
[1;32mDEBUG [0m]: [CLinuxDMABUFParamsResource]  | plane 0: mod 72057594037927952 fd 89 stride 1536 offset 0
[1;32mDEBUG [0m]: [CWLSeatProtocol] New seat resource bound at 55998724ff70
[1;32mDEBUG [0m]: [CVirtualKeyboardProtocol] New VKeyboard at id 5
[1;32mDEBUG [0m]: ApplyConfigToKeyboard for "hl-virtual-keyboard-wtype", hasconfig: 0
[1;32mDEBUG [0m]: Attempting to create a keymap for layout us with variant  (rules: , model: , options: )
[1;32mDEBUG [0m]: Updating keyboard 55998829dee0's translation state from a provided keymap
[1;32mDEBUG [0m]: xkb: LED index 0 (name Num Lock) got index 1
[1;32mDEBUG [0m]: xkb: LED index 1 (name Caps Lock) got index 0
[1;32mDEBUG [0m]: xkb: LED index 2 (name Scroll Lock) got index 2
[1;32mDEBUG [0m]: xkb: Mod index 0 (name Shift) got index 0
[1;32mDEBUG [0m]: xkb: Mod index 1 (name Lock) got index 1
[1;32mDEBUG [0m]: xkb: Mod index 2 (name Control) got index 2
[1;32mDEBUG [0m]: xkb: Mod index 3 (name Mod1) got index 3
[1;32mDEBUG [0m]: xkb: Mod index 4 (name Mod2) got index 4
[1;32mDEBUG [0m]: xkb: Mod index 5 (name Mod3) got index 5
[1;32mDEBUG [0m]: xkb: Mod index 6 (name Mod4) got index 6
[1;32mDEBUG [0m]: xkb: Mod index 7 (name Mod5) got index 7
[1;32mDEBUG [0m]: Updating keymap fd for keyboard hl-virtual-keyboard-wtype
[1;32mDEBUG [0m]: Updated keymap fd to 108, keymap V1 to: 110
[1;32mDEBUG [0m]: Set the keyboard layout to us and variant to  for keyboard "hl-virtual-keyboard-wtype"
[1;32mDEBUG [0m]: New virtual keyboard created at 55998829dee0
[1;32mDEBUG [0m]: Updating keyboard 55998829dee0's translation state from a provided keymap
[1;32mDEBUG [0m]: Updating keymap fd for keyboard hl-virtual-keyboard-wtype
[1;32mDEBUG [0m]: Updated keymap fd to 108, keymap V1 to: 110
[1;32mDEBUG [0m]: Keyboard at 55998829dee0 removed
[1;32mDEBUG [0m]: Destroyed keyboard 55998829dee0
[1;32mDEBUG [0m]: [CWLSeatProtocol] New seat resource bound at 55998890c480
[1;32mDEBUG [0m]: [CVirtualKeyboardProtocol] New VKeyboard at id 5
[1;32mDEBUG [0m]: ApplyConfigToKeyboard for "hl-virtual-keyboard-wtype", hasconfig: 0
[1;32mDEBUG [0m]: Attempting to create a keymap for layout us with variant  (rules: , model: , options: )
[1;32mDEBUG [0m]: Updating keyboard 55998829dee0's translation state from a provided keymap
[1;32mDEBUG [0m]: xkb: LED index 0 (name Num Lock) got index 1
[1;32mDEBUG [0m]: xkb: LED index 1 (name Caps Lock) got index 0
[1;32mDEBUG [0m]: xkb: LED index 2 (name Scroll Lock) got index 2
[1;32mDEBUG [0m]: xkb: Mod index 0 (name Shift) got index 0
[1;32mDEBUG [0m]: xkb: Mod index 1 (name Lock) got index 1
[1;32mDEBUG [0m]: xkb: Mod index 2 (name Control) got index 2
[1;32mDEBUG [0m]: xkb: Mod index 3 (name Mod1) got index 3
[1;32mDEBUG [0m]: xkb: Mod index 4 (name Mod2) got index 4
[1;32mDEBUG [0m]: xkb: Mod index 5 (name Mod3) got index 5
[1;32mDEBUG [0m]: xkb: Mod index 6 (name Mod4) got index 6
[1;32mDEBUG [0m]: xkb: Mod index 7 (name Mod5) got index 7
[1;32mDEBUG [0m]: Updating keymap fd for keyboard hl-virtual-keyboard-wtype
[1;32mDEBUG [0m]: Updated keymap fd to 108, keymap V1 to: 110
[1;32mDEBUG [0m]: Set the keyboard layout to us and variant to  for keyboard "hl-virtual-keyboard-wtype"
[1;32mDEBUG [0m]: New virtual keyboard created at 55998829dee0
[1;32mDEBUG [0m]: Updating keyboard 55998829dee0's translation state from a provided keymap
[1;32mDEBUG [0m]: Updating keymap fd for keyboard hl-virtual-keyboard-wtype
[1;32mDEBUG [0m]: Updated keymap fd to 108, keymap V1 to: 110
[1;32mDEBUG [0m]: Keyboard at 55998829dee0 removed
[1;32mDEBUG [0m]: Destroyed keyboard 55998829dee0
[1;32mDEBUG [0m]: [CWLSeatProtocol] New seat resource bound at 5599887f7c30
[1;32mDEBUG [0m]: [CVirtualKeyboardProtocol] New VKeyboard at id 5
[1;32mDEBUG [0m]: ApplyConfigToKeyboard for "hl-virtual-keyboard-wtype", hasconfig: 0
[1;32mDEBUG [0m]: Attempting to create a keymap for layout us with variant  (rules: , model: , options: )
[1;32mDEBUG [0m]: Updating keyboard 55998829dee0's translation state from a provided keymap
[1;32mDEBUG [0m]: xkb: LED index 0 (name Num Lock) got index 1
[1;32mDEBUG [0m]: xkb: LED index 1 (name Caps Lock) got index 0
[1;32mDEBUG [0m]: xkb: LED index 2 (name Scroll Lock) got index 2
[1;32mDEBUG [0m]: xkb: Mod index 0 (name Shift) got index 0
[1;32mDEBUG [0m]: xkb: Mod index 1 (name Lock) got index 1
[1;32mDEBUG [0m]: xkb: Mod index 2 (name Control) got index 2
[1;32mDEBUG [0m]: xkb: Mod index 3 (name Mod1) got index 3
[1;32mDEBUG [0m]: xkb: Mod index 4 (name Mod2) got index 4
[1;32mDEBUG [0m]: xkb: Mod index 5 (name Mod3) got index 5
[1;32mDEBUG [0m]: xkb: Mod index 6 (name Mod4) got index 6
[1;32mDEBUG [0m]: xkb: Mod index 7 (name Mod5) got index 7
[1;32mDEBUG [0m]: Updating keymap fd for keyboard hl-virtual-keyboard-wtype
[1;32mDEBUG [0m]: Updated keymap fd to 108, keymap V1 to: 110
[1;32mDEBUG [0m]: Set the keyboard layout to us and variant to  for keyboard "hl-virtual-keyboard-wtype"
[1;32mDEBUG [0m]: New virtual keyboard created at 55998829dee0
[1;32mDEBUG [0m]: Updating keyboard 55998829dee0's translation state from a provided keymap
[1;32mDEBUG [0m]: Updating keymap fd for keyboard hl-virtual-keyboard-wtype
[1;32mDEBUG [0m]: Updated keymap fd to 108, keymap V1 to: 110
[1;32mDEBUG [0m]: [CWLCompositorResource] New wl_region with id 157 at 559988c56bd0
[1;32mDEBUG [0m]: [CLinuxDMABUFParamsResource] Creating a dmabuf, with id 157: size [Vector2D: x: 368, y: 676], fmt AR24, planes 1
[1;32mDEBUG [0m]: [CLinuxDMABUFParamsResource]  | plane 0: mod 72057594037927952 fd 105 stride 1536 offset 0
[1;32mDEBUG [0m]: [CLinuxDMABUFParamsResource] Creating a dmabuf, with id 167: size [Vector2D: x: 368, y: 676], fmt AR24, planes 1
[1;32mDEBUG [0m]: [CLinuxDMABUFParamsResource]  | plane 0: mod 72057594037927952 fd 98 stride 1536 offset 0
[1;32mDEBUG [0m]: Keyboard at 55998829dee0 removed
[1;32mDEBUG [0m]: Destroyed keyboard 55998829dee0
[1;32mDEBUG [0m]: [CWLCompositorResource] New wl_region with id 154 at 559987fa5840
[1;32mDEBUG [0m]: [CLinuxDMABUFParamsResource] Creating a dmabuf, with id 154: size [Vector2D: x: 368, y: 622], fmt AR24, planes 1
[1;32mDEBUG [0m]: [CLinuxDMABUFParamsResource]  | plane 0: mod 72057594037927952 fd 49 stride 1536 offset 0
[1;32mDEBUG [0m]: [CLinuxDMABUFParamsResource] Creating a dmabuf, with id 153: size [Vector2D: x: 368, y: 622], fmt AR24, planes 1
[1;32mDEBUG [0m]: [CLinuxDMABUFParamsResource]  | plane 0: mod 72057594037927952 fd 97 stride 1536 offset 0
[1;32mDEBUG [0m]: [CWLCompositorResource] New wl_region with id 168 at 559988236880
[1;32mDEBUG [0m]: [CLinuxDMABUFParamsResource] Creating a dmabuf, with id 164: size [Vector2D: x: 1140, y: 627], fmt AR24, planes 1
[1;32mDEBUG [0m]: [CLinuxDMABUFParamsResource]  | plane 0: mod 72057594037927952 fd 89 stride 4608 offset 0
[1;32mDEBUG [0m]: [CWLCompositorResource] New wl_region with id 153 at 559988236880
[1;32mDEBUG [0m]: [CLinuxDMABUFParamsResource] Creating a dmabuf, with id 157: size [Vector2D: x: 1140, y: 627], fmt AR24, planes 1
[1;32mDEBUG [0m]: [CLinuxDMABUFParamsResource]  | plane 0: mod 72057594037927952 fd 103 stride 4608 offset 0
[1;32mDEBUG [0m]: [CLinuxDMABUFParamsResource] Creating a dmabuf, with id 168: size [Vector2D: x: 368, y: 1072], fmt AR24, planes 1
[1;32mDEBUG [0m]: [CLinuxDMABUFParamsResource]  | plane 0: mod 72057594037927952 fd 98 stride 1536 offset 0
[1;32mDEBUG [0m]: [CWLCompositorResource] New wl_region with id 167 at 5599882679c0
[1;32mDEBUG [0m]: [CLinuxDMABUFParamsResource] Creating a dmabuf, with id 163: size [Vector2D: x: 368, y: 1072], fmt AR24, planes 1
[1;32mDEBUG [0m]: [CLinuxDMABUFParamsResource]  | plane 0: mod 72057594037927952 fd 49 stride 1536 offset 0
[1;32mDEBUG [0m]: LayerSurface 55998826b1b0 destroyed
[1;32mDEBUG [0m]: Forcing an unmap of a LS that did a straight destroy!
[1;32mDEBUG [0m]: LayerSurface 55998826b1b0 unmapped
[1;32mDEBUG [0m]: renderer: making a snapshot of layer 559988839ba0
[1;32mDEBUG [0m]: Framebuffer "layer snapshot" created, status 36053
[1;32mDEBUG [0m]: renderer: cleared a snapshot of layer 559988839ba0
[1;32mDEBUG [0m]: renderer: rendered a snapshot of layer 559988839ba0
[1;32mDEBUG [0m]: renderer: made a snapshot of layer 559988839ba0
[1;32mDEBUG [0m]: CWLSurface 559988283530 called destroy()
[1;32mDEBUG [0m]: Cleanup: removed 1 fadeouts
[1;32mDEBUG [0m]: [CWLCompositorResource] New wl_surface with id 147 at 559988c56d50
[1;32mDEBUG [0m]: CWLSurface 559987d0f480 called init()
[1;32mDEBUG [0m]: LayerSurface 55998826b1b0 (namespace putkin-panel layer 3) created on monitor HEADLESS-1
[1;32mDEBUG [0m]: [CLayerShellProtocol] New wlr_layer_surface 55998826b1b0
[1;32mDEBUG [0m]: [CPrimarySelectionProtocol] CPrimarySelectionProtocol::updateSelection: cannot send selection to a client without a data_device
[1;32mDEBUG [0m]: [CWLCompositorResource] New wl_region with id 145 at 5599882830e0
[1;32mDEBUG [0m]: [CLinuxDMABUFParamsResource] Creating a dmabuf, with id 154: size [Vector2D: x: 368, y: 136], fmt AR24, planes 1
[1;32mDEBUG [0m]: [CLinuxDMABUFParamsResource]  | plane 0: mod 72057594037927952 fd 49 stride 1536 offset 0
[1;32mDEBUG [0m]: cursorImage request: shape 1 -> default
[1;32mDEBUG [0m]: LayerSurface 55998826b1b0 mapped
[1;32mDEBUG [0m]: [CLinuxDMABUFParamsResource] Creating a dmabuf, with id 157: size [Vector2D: x: 368, y: 136], fmt AR24, planes 1
[1;32mDEBUG [0m]: [CLinuxDMABUFParamsResource]  | plane 0: mod 72057594037927952 fd 98 stride 1536 offset 0
[1;32mDEBUG [0m]: [CLinuxDMABUFParamsResource] Creating a dmabuf, with id 166: size [Vector2D: x: 368, y: 424], fmt AR24, planes 1
[1;32mDEBUG [0m]: [CLinuxDMABUFParamsResource]  | plane 0: mod 72057594037927952 fd 97 stride 1536 offset 0
[1;32mDEBUG [0m]: [CLinuxDMABUFParamsResource] Creating a dmabuf, with id 145: size [Vector2D: x: 368, y: 424], fmt AR24, planes 1
[1;32mDEBUG [0m]: [CLinuxDMABUFParamsResource]  | plane 0: mod 72057594037927952 fd 89 stride 1536 offset 0
[1;32mDEBUG [0m]: [CWLSeatProtocol] New seat resource bound at 559988c56ca0
[1;32mDEBUG [0m]: [CVirtualKeyboardProtocol] New VKeyboard at id 5
[1;32mDEBUG [0m]: ApplyConfigToKeyboard for "hl-virtual-keyboard-wtype", hasconfig: 0
[1;32mDEBUG [0m]: Attempting to create a keymap for layout us with variant  (rules: , model: , options: )
[1;32mDEBUG [0m]: Updating keyboard 55998829dee0's translation state from a provided keymap
[1;32mDEBUG [0m]: xkb: LED index 0 (name Num Lock) got index 1
[1;32mDEBUG [0m]: xkb: LED index 1 (name Caps Lock) got index 0
[1;32mDEBUG [0m]: xkb: LED index 2 (name Scroll Lock) got index 2
[1;32mDEBUG [0m]: xkb: Mod index 0 (name Shift) got index 0
[1;32mDEBUG [0m]: xkb: Mod index 1 (name Lock) got index 1
[1;32mDEBUG [0m]: xkb: Mod index 2 (name Control) got index 2
[1;32mDEBUG [0m]: xkb: Mod index 3 (name Mod1) got index 3
[1;32mDEBUG [0m]: xkb: Mod index 4 (name Mod2) got index 4
[1;32mDEBUG [0m]: xkb: Mod index 5 (name Mod3) got index 5
[1;32mDEBUG [0m]: xkb: Mod index 6 (name Mod4) got index 6
[1;32mDEBUG [0m]: xkb: Mod index 7 (name Mod5) got index 7
[1;32mDEBUG [0m]: Updating keymap fd for keyboard hl-virtual-keyboard-wtype
[1;32mDEBUG [0m]: Updated keymap fd to 108, keymap V1 to: 110
[1;32mDEBUG [0m]: Set the keyboard layout to us and variant to  for keyboard "hl-virtual-keyboard-wtype"
[1;32mDEBUG [0m]: New virtual keyboard created at 55998829dee0
[1;32mDEBUG [0m]: Updating keyboard 55998829dee0's translation state from a provided keymap
[1;32mDEBUG [0m]: Updating keymap fd for keyboard hl-virtual-keyboard-wtype
[1;32mDEBUG [0m]: Updated keymap fd to 108, keymap V1 to: 110
[1;32mDEBUG [0m]: Keyboard at 55998829dee0 removed
[1;32mDEBUG [0m]: Destroyed keyboard 55998829dee0
[1;32mDEBUG [0m]: [CWLSeatProtocol] New seat resource bound at 559988239580
[1;32mDEBUG [0m]: [CVirtualKeyboardProtocol] New VKeyboard at id 5
[1;32mDEBUG [0m]: ApplyConfigToKeyboard for "hl-virtual-keyboard-wtype", hasconfig: 0
[1;32mDEBUG [0m]: Attempting to create a keymap for layout us with variant  (rules: , model: , options: )
[1;32mDEBUG [0m]: Updating keyboard 55998829dee0's translation state from a provided keymap
[1;32mDEBUG [0m]: xkb: LED index 0 (name Num Lock) got index 1
[1;32mDEBUG [0m]: xkb: LED index 1 (name Caps Lock) got index 0
[1;32mDEBUG [0m]: xkb: LED index 2 (name Scroll Lock) got index 2
[1;32mDEBUG [0m]: xkb: Mod index 0 (name Shift) got index 0
[1;32mDEBUG [0m]: xkb: Mod index 1 (name Lock) got index 1
[1;32mDEBUG [0m]: xkb: Mod index 2 (name Control) got index 2
[1;32mDEBUG [0m]: xkb: Mod index 3 (name Mod1) got index 3
[1;32mDEBUG [0m]: xkb: Mod index 4 (name Mod2) got index 4
[1;32mDEBUG [0m]: xkb: Mod index 5 (name Mod3) got index 5
[1;32mDEBUG [0m]: xkb: Mod index 6 (name Mod4) got index 6
[1;32mDEBUG [0m]: xkb: Mod index 7 (name Mod5) got index 7
[1;32mDEBUG [0m]: Updating keymap fd for keyboard hl-virtual-keyboard-wtype
[1;32mDEBUG [0m]: Updated keymap fd to 108, keymap V1 to: 110
[1;32mDEBUG [0m]: Set the keyboard layout to us and variant to  for keyboard "hl-virtual-keyboard-wtype"
[1;32mDEBUG [0m]: New virtual keyboard created at 55998829dee0
[1;32mDEBUG [0m]: Updating keyboard 55998829dee0's translation state from a provided keymap
[1;32mDEBUG [0m]: Updating keymap fd for keyboard hl-virtual-keyboard-wtype
[1;32mDEBUG [0m]: Updated keymap fd to 108, keymap V1 to: 110
[1;32mDEBUG [0m]: Keyboard at 55998829dee0 removed
[1;32mDEBUG [0m]: Destroyed keyboard 55998829dee0
[1;32mDEBUG [0m]: [CWLSeatProtocol] New seat resource bound at 5599889dd730
[1;32mDEBUG [0m]: [CVirtualKeyboardProtocol] New VKeyboard at id 5
[1;32mDEBUG [0m]: ApplyConfigToKeyboard for "hl-virtual-keyboard-wtype", hasconfig: 0
[1;32mDEBUG [0m]: Attempting to create a keymap for layout us with variant  (rules: , model: , options: )
[1;32mDEBUG [0m]: Updating keyboard 55998829dee0's translation state from a provided keymap
[1;32mDEBUG [0m]: xkb: LED index 0 (name Num Lock) got index 1
[1;32mDEBUG [0m]: xkb: LED index 1 (name Caps Lock) got index 0
[1;32mDEBUG [0m]: xkb: LED index 2 (name Scroll Lock) got index 2
[1;32mDEBUG [0m]: xkb: Mod index 0 (name Shift) got index 0
[1;32mDEBUG [0m]: xkb: Mod index 1 (name Lock) got index 1
[1;32mDEBUG [0m]: xkb: Mod index 2 (name Control) got index 2
[1;32mDEBUG [0m]: xkb: Mod index 3 (name Mod1) got index 3
[1;32mDEBUG [0m]: xkb: Mod index 4 (name Mod2) got index 4
[1;32mDEBUG [0m]: xkb: Mod index 5 (name Mod3) got index 5
[1;32mDEBUG [0m]: xkb: Mod index 6 (name Mod4) got index 6
[1;32mDEBUG [0m]: xkb: Mod index 7 (name Mod5) got index 7
[1;32mDEBUG [0m]: Updating keymap fd for keyboard hl-virtual-keyboard-wtype
[1;32mDEBUG [0m]: Updated keymap fd to 108, keymap V1 to: 110
[1;32mDEBUG [0m]: Set the keyboard layout to us and variant to  for keyboard "hl-virtual-keyboard-wtype"
[1;32mDEBUG [0m]: New virtual keyboard created at 55998829dee0
[1;32mDEBUG [0m]: Updating keyboard 55998829dee0's translation state from a provided keymap
[1;32mDEBUG [0m]: Updating keymap fd for keyboard hl-virtual-keyboard-wtype
[1;32mDEBUG [0m]: Updated keymap fd to 108, keymap V1 to: 110
[1;32mDEBUG [0m]: [CWLCompositorResource] New wl_region with id 164 at 559988753780
[1;32mDEBUG [0m]: [CLinuxDMABUFParamsResource] Creating a dmabuf, with id 167: size [Vector2D: x: 368, y: 676], fmt AR24, planes 1
[1;32mDEBUG [0m]: [CLinuxDMABUFParamsResource]  | plane 0: mod 72057594037927952 fd 89 stride 1536 offset 0
[1;32mDEBUG [0m]: [CLinuxDMABUFParamsResource] Creating a dmabuf, with id 154: size [Vector2D: x: 368, y: 676], fmt AR24, planes 1
[1;32mDEBUG [0m]: [CLinuxDMABUFParamsResource]  | plane 0: mod 72057594037927952 fd 98 stride 1536 offset 0
[1;32mDEBUG [0m]: Keyboard at 55998829dee0 removed
[1;32mDEBUG [0m]: Destroyed keyboard 55998829dee0
[1;32mDEBUG [0m]: [CWLCompositorResource] New wl_region with id 145 at 55998827b4e0
[1;32mDEBUG [0m]: [CLinuxDMABUFParamsResource] Creating a dmabuf, with id 164: size [Vector2D: x: 368, y: 622], fmt AR24, planes 1
[1;32mDEBUG [0m]: [CLinuxDMABUFParamsResource]  | plane 0: mod 72057594037927952 fd 49 stride 1536 offset 0
[1;32mDEBUG [0m]: [CLinuxDMABUFParamsResource] Creating a dmabuf, with id 157: size [Vector2D: x: 368, y: 622], fmt AR24, planes 1
[1;32mDEBUG [0m]: [CLinuxDMABUFParamsResource]  | plane 0: mod 72057594037927952 fd 97 stride 1536 offset 0
[1;32mDEBUG [0m]: [CWLCompositorResource] New wl_region with id 167 at 5599887f89a0
[1;32mDEBUG [0m]: [CLinuxDMABUFParamsResource] Creating a dmabuf, with id 153: size [Vector2D: x: 1140, y: 627], fmt AR24, planes 1
[1;32mDEBUG [0m]: [CLinuxDMABUFParamsResource]  | plane 0: mod 72057594037927952 fd 97 stride 4608 offset 0
[1;32mDEBUG [0m]: [CWLCompositorResource] New wl_region with id 166 at 5599889b8e60
[1;32mDEBUG [0m]: [CLinuxDMABUFParamsResource] Creating a dmabuf, with id 167: size [Vector2D: x: 1140, y: 627], fmt AR24, planes 1
[1;32mDEBUG [0m]: [CLinuxDMABUFParamsResource]  | plane 0: mod 72057594037927952 fd 89 stride 4608 offset 0
[1;32mDEBUG [0m]: [CLinuxDMABUFParamsResource] Creating a dmabuf, with id 169: size [Vector2D: x: 368, y: 1072], fmt AR24, planes 1
[1;32mDEBUG [0m]: [CLinuxDMABUFParamsResource]  | plane 0: mod 72057594037927952 fd 97 stride 1536 offset 0
[1;32mDEBUG [0m]: [CWLCompositorResource] New wl_region with id 153 at 5599882830e0
[1;32mDEBUG [0m]: [CLinuxDMABUFParamsResource] Creating a dmabuf, with id 157: size [Vector2D: x: 368, y: 1072], fmt AR24, planes 1
[1;32mDEBUG [0m]: [CLinuxDMABUFParamsResource]  | plane 0: mod 72057594037927952 fd 99 stride 1536 offset 0
[1;32mDEBUG [0m]: LayerSurface 55998826b1b0 destroyed
[1;32mDEBUG [0m]: Forcing an unmap of a LS that did a straight destroy!
[1;32mDEBUG [0m]: LayerSurface 55998826b1b0 unmapped
[1;32mDEBUG [0m]: renderer: making a snapshot of layer 559988415620
[1;32mDEBUG [0m]: Framebuffer "layer snapshot" created, status 36053
[1;32mDEBUG [0m]: renderer: cleared a snapshot of layer 559988415620
[1;32mDEBUG [0m]: renderer: rendered a snapshot of layer 559988415620
[1;32mDEBUG [0m]: renderer: made a snapshot of layer 559988415620
[1;32mDEBUG [0m]: CWLSurface 559987d0f480 called destroy()
[1;32mDEBUG [0m]: Cleanup: removed 1 fadeouts
[1;32mDEBUG [0m]: [CWLCompositorResource] New wl_surface with id 145 at 559987216870
[1;32mDEBUG [0m]: CWLSurface 55998821ac60 called init()
[1;32mDEBUG [0m]: LayerSurface 55998826b1b0 (namespace putkin-panel layer 3) created on monitor HEADLESS-1
[1;32mDEBUG [0m]: [CLayerShellProtocol] New wlr_layer_surface 55998826b1b0
[1;32mDEBUG [0m]: [CPrimarySelectionProtocol] CPrimarySelectionProtocol::updateSelection: cannot send selection to a client without a data_device
[1;32mDEBUG [0m]: [CWLCompositorResource] New wl_region with id 163 at 559988239a90
[1;32mDEBUG [0m]: [CLinuxDMABUFParamsResource] Creating a dmabuf, with id 160: size [Vector2D: x: 368, y: 136], fmt AR24, planes 1
[1;32mDEBUG [0m]: [CLinuxDMABUFParamsResource]  | plane 0: mod 72057594037927952 fd 49 stride 1536 offset 0
[1;32mDEBUG [0m]: cursorImage request: shape 1 -> default
[1;32mDEBUG [0m]: LayerSurface 55998826b1b0 mapped
[1;32mDEBUG [0m]: [CLinuxDMABUFParamsResource] Creating a dmabuf, with id 153: size [Vector2D: x: 368, y: 136], fmt AR24, planes 1
[1;32mDEBUG [0m]: [CLinuxDMABUFParamsResource]  | plane 0: mod 72057594037927952 fd 97 stride 1536 offset 0
[1;32mDEBUG [0m]: [CLinuxDMABUFParamsResource] Creating a dmabuf, with id 168: size [Vector2D: x: 368, y: 424], fmt AR24, planes 1
[1;32mDEBUG [0m]: [CLinuxDMABUFParamsResource]  | plane 0: mod 72057594037927952 fd 103 stride 1536 offset 0
[1;32mDEBUG [0m]: [CLinuxDMABUFParamsResource] Creating a dmabuf, with id 164: size [Vector2D: x: 368, y: 424], fmt AR24, planes 1
[1;32mDEBUG [0m]: [CLinuxDMABUFParamsResource]  | plane 0: mod 72057594037927952 fd 89 stride 1536 offset 0
[1;32mDEBUG [0m]: [CWLSeatProtocol] New seat resource bound at 55998895f100
[1;32mDEBUG [0m]: [CVirtualKeyboardProtocol] New VKeyboard at id 5
[1;32mDEBUG [0m]: ApplyConfigToKeyboard for "hl-virtual-keyboard-wtype", hasconfig: 0
[1;32mDEBUG [0m]: Attempting to create a keymap for layout us with variant  (rules: , model: , options: )
[1;32mDEBUG [0m]: Updating keyboard 55998829dee0's translation state from a provided keymap
[1;32mDEBUG [0m]: xkb: LED index 0 (name Num Lock) got index 1
[1;32mDEBUG [0m]: xkb: LED index 1 (name Caps Lock) got index 0
[1;32mDEBUG [0m]: xkb: LED index 2 (name Scroll Lock) got index 2
[1;32mDEBUG [0m]: xkb: Mod index 0 (name Shift) got index 0
[1;32mDEBUG [0m]: xkb: Mod index 1 (name Lock) got index 1
[1;32mDEBUG [0m]: xkb: Mod index 2 (name Control) got index 2
[1;32mDEBUG [0m]: xkb: Mod index 3 (name Mod1) got index 3
[1;32mDEBUG [0m]: xkb: Mod index 4 (name Mod2) got index 4
[1;32mDEBUG [0m]: xkb: Mod index 5 (name Mod3) got index 5
[1;32mDEBUG [0m]: xkb: Mod index 6 (name Mod4) got index 6
[1;32mDEBUG [0m]: xkb: Mod index 7 (name Mod5) got index 7
[1;32mDEBUG [0m]: Updating keymap fd for keyboard hl-virtual-keyboard-wtype
[1;32mDEBUG [0m]: Updated keymap fd to 108, keymap V1 to: 110
[1;32mDEBUG [0m]: Set the keyboard layout to us and variant to  for keyboard "hl-virtual-keyboard-wtype"
[1;32mDEBUG [0m]: New virtual keyboard created at 55998829dee0
[1;32mDEBUG [0m]: Updating keyboard 55998829dee0's translation state from a provided keymap
[1;32mDEBUG [0m]: Updating keymap fd for keyboard hl-virtual-keyboard-wtype
[1;32mDEBUG [0m]: Updated keymap fd to 108, keymap V1 to: 110
[1;32mDEBUG [0m]: Keyboard at 55998829dee0 removed
[1;32mDEBUG [0m]: Destroyed keyboard 55998829dee0
[1;32mDEBUG [0m]: [CWLSeatProtocol] New seat resource bound at 5599882649e0
[1;32mDEBUG [0m]: [CVirtualKeyboardProtocol] New VKeyboard at id 5
[1;32mDEBUG [0m]: ApplyConfigToKeyboard for "hl-virtual-keyboard-wtype", hasconfig: 0
[1;32mDEBUG [0m]: Attempting to create a keymap for layout us with variant  (rules: , model: , options: )
[1;32mDEBUG [0m]: Updating keyboard 55998829dee0's translation state from a provided keymap
[1;32mDEBUG [0m]: xkb: LED index 0 (name Num Lock) got index 1
[1;32mDEBUG [0m]: xkb: LED index 1 (name Caps Lock) got index 0
[1;32mDEBUG [0m]: xkb: LED index 2 (name Scroll Lock) got index 2
[1;32mDEBUG [0m]: xkb: Mod index 0 (name Shift) got index 0
[1;32mDEBUG [0m]: xkb: Mod index 1 (name Lock) got index 1
[1;32mDEBUG [0m]: xkb: Mod index 2 (name Control) got index 2
[1;32mDEBUG [0m]: xkb: Mod index 3 (name Mod1) got index 3
[1;32mDEBUG [0m]: xkb: Mod index 4 (name Mod2) got index 4
[1;32mDEBUG [0m]: xkb: Mod index 5 (name Mod3) got index 5
[1;32mDEBUG [0m]: xkb: Mod index 6 (name Mod4) got index 6
[1;32mDEBUG [0m]: xkb: Mod index 7 (name Mod5) got index 7
[1;32mDEBUG [0m]: Updating keymap fd for keyboard hl-virtual-keyboard-wtype
[1;32mDEBUG [0m]: Updated keymap fd to 108, keymap V1 to: 110
[1;32mDEBUG [0m]: Set the keyboard layout to us and variant to  for keyboard "hl-virtual-keyboard-wtype"
[1;32mDEBUG [0m]: New virtual keyboard created at 55998829dee0
[1;32mDEBUG [0m]: Updating keyboard 55998829dee0's translation state from a provided keymap
[1;32mDEBUG [0m]: Updating keymap fd for keyboard hl-virtual-keyboard-wtype
[1;32mDEBUG [0m]: Updated keymap fd to 108, keymap V1 to: 110
[1;32mDEBUG [0m]: Keyboard at 55998829dee0 removed
[1;32mDEBUG [0m]: Destroyed keyboard 55998829dee0
[1;32mDEBUG [0m]: [CWLSeatProtocol] New seat resource bound at 55998825e570
[1;32mDEBUG [0m]: [CVirtualKeyboardProtocol] New VKeyboard at id 5
[1;32mDEBUG [0m]: ApplyConfigToKeyboard for "hl-virtual-keyboard-wtype", hasconfig: 0
[1;32mDEBUG [0m]: Attempting to create a keymap for layout us with variant  (rules: , model: , options: )
[1;32mDEBUG [0m]: Updating keyboard 55998829dee0's translation state from a provided keymap
[1;32mDEBUG [0m]: xkb: LED index 0 (name Num Lock) got index 1
[1;32mDEBUG [0m]: xkb: LED index 1 (name Caps Lock) got index 0
[1;32mDEBUG [0m]: xkb: LED index 2 (name Scroll Lock) got index 2
[1;32mDEBUG [0m]: xkb: Mod index 0 (name Shift) got index 0
[1;32mDEBUG [0m]: xkb: Mod index 1 (name Lock) got index 1
[1;32mDEBUG [0m]: xkb: Mod index 2 (name Control) got index 2
[1;32mDEBUG [0m]: xkb: Mod index 3 (name Mod1) got index 3
[1;32mDEBUG [0m]: xkb: Mod index 4 (name Mod2) got index 4
[1;32mDEBUG [0m]: xkb: Mod index 5 (name Mod3) got index 5
[1;32mDEBUG [0m]: xkb: Mod index 6 (name Mod4) got index 6
[1;32mDEBUG [0m]: xkb: Mod index 7 (name Mod5) got index 7
[1;32mDEBUG [0m]: Updating keymap fd for keyboard hl-virtual-keyboard-wtype
[1;32mDEBUG [0m]: Updated keymap fd to 108, keymap V1 to: 110
[1;32mDEBUG [0m]: Set the keyboard layout to us and variant to  for keyboard "hl-virtual-keyboard-wtype"
[1;32mDEBUG [0m]: New virtual keyboard created at 55998829dee0
[1;32mDEBUG [0m]: Updating keyboard 55998829dee0's translation state from a provided keymap
[1;32mDEBUG [0m]: Updating keymap fd for keyboard hl-virtual-keyboard-wtype
[1;32mDEBUG [0m]: Updated keymap fd to 108, keymap V1 to: 110
[1;32mDEBUG [0m]: [CWLCompositorResource] New wl_region with id 167 at 559988a03be0
[1;32mDEBUG [0m]: [CLinuxDMABUFParamsResource] Creating a dmabuf, with id 163: size [Vector2D: x: 368, y: 676], fmt AR24, planes 1
[1;32mDEBUG [0m]: [CLinuxDMABUFParamsResource]  | plane 0: mod 72057594037927952 fd 89 stride 1536 offset 0
[1;32mDEBUG [0m]: [CLinuxDMABUFParamsResource] Creating a dmabuf, with id 160: size [Vector2D: x: 368, y: 676], fmt AR24, planes 1
[1;32mDEBUG [0m]: [CLinuxDMABUFParamsResource]  | plane 0: mod 72057594037927952 fd 97 stride 1536 offset 0
[1;32mDEBUG [0m]: Keyboard at 55998829dee0 removed
[1;32mDEBUG [0m]: Destroyed keyboard 55998829dee0
[1;32mDEBUG [0m]: [CWLCompositorResource] New wl_region with id 153 at 559988a03be0
[1;32mDEBUG [0m]: [CLinuxDMABUFParamsResource] Creating a dmabuf, with id 167: size [Vector2D: x: 368, y: 622], fmt AR24, planes 1
[1;32mDEBUG [0m]: [CLinuxDMABUFParamsResource]  | plane 0: mod 72057594037927952 fd 49 stride 1536 offset 0
[1;32mDEBUG [0m]: [CLinuxDMABUFParamsResource] Creating a dmabuf, with id 163: size [Vector2D: x: 368, y: 622], fmt AR24, planes 1
[1;32mDEBUG [0m]: [CLinuxDMABUFParamsResource]  | plane 0: mod 72057594037927952 fd 99 stride 1536 offset 0
[1;32mDEBUG [0m]: [CWLCompositorResource] New wl_region with id 160 at 559988235cd0
[1;32mDEBUG [0m]: [CLinuxDMABUFParamsResource] Creating a dmabuf, with id 164: size [Vector2D: x: 1140, y: 627], fmt AR24, planes 1
[1;32mDEBUG [0m]: [CLinuxDMABUFParamsResource]  | plane 0: mod 72057594037927952 fd 98 stride 4608 offset 0
[1;32mDEBUG [0m]: [CWLCompositorResource] New wl_region with id 163 at 559988362b20
[1;32mDEBUG [0m]: [CLinuxDMABUFParamsResource] Creating a dmabuf, with id 166: size [Vector2D: x: 1140, y: 627], fmt AR24, planes 1
[1;32mDEBUG [0m]: [CLinuxDMABUFParamsResource]  | plane 0: mod 72057594037927952 fd 97 stride 4608 offset 0
[1;32mDEBUG [0m]: [CLinuxDMABUFParamsResource] Creating a dmabuf, with id 171: size [Vector2D: x: 368, y: 1072], fmt AR24, planes 1
[1;32mDEBUG [0m]: [CLinuxDMABUFParamsResource]  | plane 0: mod 72057594037927952 fd 89 stride 1536 offset 0
[1;32mDEBUG [0m]: [CWLCompositorResource] New wl_region with id 168 at 5599889b8e60
[1;32mDEBUG [0m]: [CLinuxDMABUFParamsResource] Creating a dmabuf, with id 160: size [Vector2D: x: 368, y: 1072], fmt AR24, planes 1
[1;32mDEBUG [0m]: [CLinuxDMABUFParamsResource]  | plane 0: mod 72057594037927952 fd 49 stride 1536 offset 0
[1;32mDEBUG [0m]: LayerSurface 55998826b1b0 destroyed
[1;32mDEBUG [0m]: Forcing an unmap of a LS that did a straight destroy!
[1;32mDEBUG [0m]: LayerSurface 55998826b1b0 unmapped
[1;32mDEBUG [0m]: renderer: making a snapshot of layer 559988839ba0
[1;32mDEBUG [0m]: Framebuffer "layer snapshot" created, status 36053
[1;32mDEBUG [0m]: renderer: cleared a snapshot of layer 559988839ba0
[1;32mDEBUG [0m]: renderer: rendered a snapshot of layer 559988839ba0
[1;32mDEBUG [0m]: renderer: made a snapshot of layer 559988839ba0
[1;32mDEBUG [0m]: CWLSurface 55998821ac60 called destroy()
[1;32mDEBUG [0m]: Cleanup: removed 1 fadeouts
[1;32mDEBUG [0m]: [CWLCompositorResource] New wl_surface with id 170 at 5599888435c0
[1;32mDEBUG [0m]: CWLSurface 559988283530 called init()
[1;32mDEBUG [0m]: LayerSurface 55998826b1b0 (namespace putkin-panel layer 3) created on monitor HEADLESS-1
[1;32mDEBUG [0m]: [CLayerShellProtocol] New wlr_layer_surface 55998826b1b0
[1;32mDEBUG [0m]: [CPrimarySelectionProtocol] CPrimarySelectionProtocol::updateSelection: cannot send selection to a client without a data_device
[1;32mDEBUG [0m]: [CWLCompositorResource] New wl_region with id 157 at 559988236310
[1;32mDEBUG [0m]: [CLinuxDMABUFParamsResource] Creating a dmabuf, with id 167: size [Vector2D: x: 368, y: 136], fmt AR24, planes 1
[1;32mDEBUG [0m]: [CLinuxDMABUFParamsResource]  | plane 0: mod 72057594037927952 fd 49 stride 1536 offset 0
[1;32mDEBUG [0m]: cursorImage request: shape 1 -> default
[1;32mDEBUG [0m]: LayerSurface 55998826b1b0 mapped
[1;32mDEBUG [0m]: [CLinuxDMABUFParamsResource] Creating a dmabuf, with id 168: size [Vector2D: x: 368, y: 136], fmt AR24, planes 1
[1;32mDEBUG [0m]: [CLinuxDMABUFParamsResource]  | plane 0: mod 72057594037927952 fd 97 stride 1536 offset 0
[1;32mDEBUG [0m]: [CLinuxDMABUFParamsResource] Creating a dmabuf, with id 169: size [Vector2D: x: 368, y: 424], fmt AR24, planes 1
[1;32mDEBUG [0m]: [CLinuxDMABUFParamsResource]  | plane 0: mod 72057594037927952 fd 99 stride 1536 offset 0
[1;32mDEBUG [0m]: [CLinuxDMABUFParamsResource] Creating a dmabuf, with id 166: size [Vector2D: x: 368, y: 424], fmt AR24, planes 1
[1;32mDEBUG [0m]: [CLinuxDMABUFParamsResource]  | plane 0: mod 72057594037927952 fd 89 stride 1536 offset 0
[1;32mDEBUG [0m]: [CWLSeatProtocol] New seat resource bound at 559987230c80
[1;32mDEBUG [0m]: [CVirtualKeyboardProtocol] New VKeyboard at id 5
[1;32mDEBUG [0m]: ApplyConfigToKeyboard for "hl-virtual-keyboard-wtype", hasconfig: 0
[1;32mDEBUG [0m]: Attempting to create a keymap for layout us with variant  (rules: , model: , options: )
[1;32mDEBUG [0m]: Updating keyboard 55998829dee0's translation state from a provided keymap
[1;32mDEBUG [0m]: xkb: LED index 0 (name Num Lock) got index 1
[1;32mDEBUG [0m]: xkb: LED index 1 (name Caps Lock) got index 0
[1;32mDEBUG [0m]: xkb: LED index 2 (name Scroll Lock) got index 2
[1;32mDEBUG [0m]: xkb: Mod index 0 (name Shift) got index 0
[1;32mDEBUG [0m]: xkb: Mod index 1 (name Lock) got index 1
[1;32mDEBUG [0m]: xkb: Mod index 2 (name Control) got index 2
[1;32mDEBUG [0m]: xkb: Mod index 3 (name Mod1) got index 3
[1;32mDEBUG [0m]: xkb: Mod index 4 (name Mod2) got index 4
[1;32mDEBUG [0m]: xkb: Mod index 5 (name Mod3) got index 5
[1;32mDEBUG [0m]: xkb: Mod index 6 (name Mod4) got index 6
[1;32mDEBUG [0m]: xkb: Mod index 7 (name Mod5) got index 7
[1;32mDEBUG [0m]: Updating keymap fd for keyboard hl-virtual-keyboard-wtype
[1;32mDEBUG [0m]: Updated keymap fd to 108, keymap V1 to: 110
[1;32mDEBUG [0m]: Set the keyboard layout to us and variant to  for keyboard "hl-virtual-keyboard-wtype"
[1;32mDEBUG [0m]: New virtual keyboard created at 55998829dee0
[1;32mDEBUG [0m]: Updating keyboard 55998829dee0's translation state from a provided keymap
[1;32mDEBUG [0m]: Updating keymap fd for keyboard hl-virtual-keyboard-wtype
[1;32mDEBUG [0m]: Updated keymap fd to 108, keymap V1 to: 110
[1;32mDEBUG [0m]: Keyboard at 55998829dee0 removed
[1;32mDEBUG [0m]: Destroyed keyboard 55998829dee0
[1;32mDEBUG [0m]: [CWLSeatProtocol] New seat resource bound at 5599888eb910
[1;32mDEBUG [0m]: [CVirtualKeyboardProtocol] New VKeyboard at id 5
[1;32mDEBUG [0m]: ApplyConfigToKeyboard for "hl-virtual-keyboard-wtype", hasconfig: 0
[1;32mDEBUG [0m]: Attempting to create a keymap for layout us with variant  (rules: , model: , options: )
[1;32mDEBUG [0m]: Updating keyboard 55998829dee0's translation state from a provided keymap
[1;32mDEBUG [0m]: xkb: LED index 0 (name Num Lock) got index 1
[1;32mDEBUG [0m]: xkb: LED index 1 (name Caps Lock) got index 0
[1;32mDEBUG [0m]: xkb: LED index 2 (name Scroll Lock) got index 2
[1;32mDEBUG [0m]: xkb: Mod index 0 (name Shift) got index 0
[1;32mDEBUG [0m]: xkb: Mod index 1 (name Lock) got index 1
[1;32mDEBUG [0m]: xkb: Mod index 2 (name Control) got index 2
[1;32mDEBUG [0m]: xkb: Mod index 3 (name Mod1) got index 3
[1;32mDEBUG [0m]: xkb: Mod index 4 (name Mod2) got index 4
[1;32mDEBUG [0m]: xkb: Mod index 5 (name Mod3) got index 5
[1;32mDEBUG [0m]: xkb: Mod index 6 (name Mod4) got index 6
[1;32mDEBUG [0m]: xkb: Mod index 7 (name Mod5) got index 7
[1;32mDEBUG [0m]: Updating keymap fd for keyboard hl-virtual-keyboard-wtype
[1;32mDEBUG [0m]: Updated keymap fd to 108, keymap V1 to: 110
[1;32mDEBUG [0m]: Set the keyboard layout to us and variant to  for keyboard "hl-virtual-keyboard-wtype"
[1;32mDEBUG [0m]: New virtual keyboard created at 55998829dee0
[1;32mDEBUG [0m]: Updating keyboard 55998829dee0's translation state from a provided keymap
[1;32mDEBUG [0m]: Updating keymap fd for keyboard hl-virtual-keyboard-wtype
[1;32mDEBUG [0m]: Updated keymap fd to 108, keymap V1 to: 110
[1;32mDEBUG [0m]: Keyboard at 55998829dee0 removed
[1;32mDEBUG [0m]: Destroyed keyboard 55998829dee0
[1;32mDEBUG [0m]: [CWLSeatProtocol] New seat resource bound at 559988261690
[1;32mDEBUG [0m]: [CVirtualKeyboardProtocol] New VKeyboard at id 5
[1;32mDEBUG [0m]: ApplyConfigToKeyboard for "hl-virtual-keyboard-wtype", hasconfig: 0
[1;32mDEBUG [0m]: Attempting to create a keymap for layout us with variant  (rules: , model: , options: )
[1;32mDEBUG [0m]: Updating keyboard 55998829dee0's translation state from a provided keymap
[1;32mDEBUG [0m]: xkb: LED index 0 (name Num Lock) got index 1
[1;32mDEBUG [0m]: xkb: LED index 1 (name Caps Lock) got index 0
[1;32mDEBUG [0m]: xkb: LED index 2 (name Scroll Lock) got index 2
[1;32mDEBUG [0m]: xkb: Mod index 0 (name Shift) got index 0
[1;32mDEBUG [0m]: xkb: Mod index 1 (name Lock) got index 1
[1;32mDEBUG [0m]: xkb: Mod index 2 (name Control) got index 2
[1;32mDEBUG [0m]: xkb: Mod index 3 (name Mod1) got index 3
[1;32mDEBUG [0m]: xkb: Mod index 4 (name Mod2) got index 4
[1;32mDEBUG [0m]: xkb: Mod index 5 (name Mod3) got index 5
[1;32mDEBUG [0m]: xkb: Mod index 6 (name Mod4) got index 6
[1;32mDEBUG [0m]: xkb: Mod index 7 (name Mod5) got index 7
[1;32mDEBUG [0m]: Updating keymap fd for keyboard hl-virtual-keyboard-wtype
[1;32mDEBUG [0m]: Updated keymap fd to 108, keymap V1 to: 110
[1;32mDEBUG [0m]: Set the keyboard layout to us and variant to  for keyboard "hl-virtual-keyboard-wtype"
[1;32mDEBUG [0m]: New virtual keyboard created at 55998829dee0
[1;32mDEBUG [0m]: Updating keyboard 55998829dee0's translation state from a provided keymap
[1;32mDEBUG [0m]: Updating keymap fd for keyboard hl-virtual-keyboard-wtype
[1;32mDEBUG [0m]: Updated keymap fd to 108, keymap V1 to: 110
[1;32mDEBUG [0m]: [CWLCompositorResource] New wl_region with id 164 at 5599882955b0
[1;32mDEBUG [0m]: [CLinuxDMABUFParamsResource] Creating a dmabuf, with id 164: size [Vector2D: x: 368, y: 676], fmt AR24, planes 1
[1;32mDEBUG [0m]: [CLinuxDMABUFParamsResource]  | plane 0: mod 72057594037927952 fd 104 stride 1536 offset 0
[1;32mDEBUG [0m]: [CLinuxDMABUFParamsResource] Creating a dmabuf, with id 167: size [Vector2D: x: 368, y: 676], fmt AR24, planes 1
[1;32mDEBUG [0m]: [CLinuxDMABUFParamsResource]  | plane 0: mod 72057594037927952 fd 97 stride 1536 offset 0
[1;32mDEBUG [0m]: Keyboard at 55998829dee0 removed
[1;32mDEBUG [0m]: Destroyed keyboard 55998829dee0
[1;32mDEBUG [0m]: [CWLCompositorResource] New wl_region with id 157 at 5599887f8ac0
[1;32mDEBUG [0m]: [CLinuxDMABUFParamsResource] Creating a dmabuf, with id 157: size [Vector2D: x: 368, y: 622], fmt AR24, planes 1
[1;32mDEBUG [0m]: [CLinuxDMABUFParamsResource]  | plane 0: mod 72057594037927952 fd 49 stride 1536 offset 0
[1;32mDEBUG [0m]: [CLinuxDMABUFParamsResource] Creating a dmabuf, with id 168: size [Vector2D: x: 368, y: 622], fmt AR24, planes 1
[1;32mDEBUG [0m]: [CLinuxDMABUFParamsResource]  | plane 0: mod 72057594037927952 fd 99 stride 1536 offset 0
[1;32mDEBUG [0m]: [CWLCompositorResource] New wl_region with id 162 at 5599887cd2b0
[1;32mDEBUG [0m]: [CLinuxDMABUFParamsResource] Creating a dmabuf, with id 153: size [Vector2D: x: 1140, y: 627], fmt AR24, planes 1
[1;32mDEBUG [0m]: [CLinuxDMABUFParamsResource]  | plane 0: mod 72057594037927952 fd 89 stride 4608 offset 0
[1;32mDEBUG [0m]: [CWLCompositorResource] New wl_region with id 168 at 559987d88580
[1;32mDEBUG [0m]: [CLinuxDMABUFParamsResource] Creating a dmabuf, with id 162: size [Vector2D: x: 1140, y: 627], fmt AR24, planes 1
[1;32mDEBUG [0m]: [CLinuxDMABUFParamsResource]  | plane 0: mod 72057594037927952 fd 100 stride 4608 offset 0
[1;32mDEBUG [0m]: [CLinuxDMABUFParamsResource] Creating a dmabuf, with id 163: size [Vector2D: x: 368, y: 1072], fmt AR24, planes 1
[1;32mDEBUG [0m]: [CLinuxDMABUFParamsResource]  | plane 0: mod 72057594037927952 fd 97 stride 1536 offset 0
[1;32mDEBUG [0m]: [CWLCompositorResource] New wl_region with id 167 at 5599872215e0
[1;32mDEBUG [0m]: [CLinuxDMABUFParamsResource] Creating a dmabuf, with id 169: size [Vector2D: x: 368, y: 1072], fmt AR24, planes 1
[1;32mDEBUG [0m]: [CLinuxDMABUFParamsResource]  | plane 0: mod 72057594037927952 fd 99 stride 1536 offset 0
[1;32mDEBUG [0m]: LayerSurface 55998826b1b0 destroyed
[1;32mDEBUG [0m]: Forcing an unmap of a LS that did a straight destroy!
[1;32mDEBUG [0m]: LayerSurface 55998826b1b0 unmapped
[1;32mDEBUG [0m]: renderer: making a snapshot of layer 559988415620
[1;32mDEBUG [0m]: Framebuffer "layer snapshot" created, status 36053
[1;32mDEBUG [0m]: renderer: cleared a snapshot of layer 559988415620
[1;32mDEBUG [0m]: renderer: rendered a snapshot of layer 559988415620
[1;32mDEBUG [0m]: renderer: made a snapshot of layer 559988415620
[1;32mDEBUG [0m]: CWLSurface 559988283530 called destroy()
[1;32mDEBUG [0m]: Cleanup: removed 1 fadeouts
[1;32mDEBUG [0m]: [CWLCompositorResource] New wl_surface with id 166 at 559988538970
[1;32mDEBUG [0m]: CWLSurface 559987d0f480 called init()
[1;32mDEBUG [0m]: LayerSurface 55998826b1b0 (namespace putkin-panel layer 3) created on monitor HEADLESS-1
[1;32mDEBUG [0m]: [CLayerShellProtocol] New wlr_layer_surface 55998826b1b0
[1;32mDEBUG [0m]: [CPrimarySelectionProtocol] CPrimarySelectionProtocol::updateSelection: cannot send selection to a client without a data_device
[1;32mDEBUG [0m]: [CWLCompositorResource] New wl_region with id 160 at 559988c51730
[1;32mDEBUG [0m]: [CLinuxDMABUFParamsResource] Creating a dmabuf, with id 157: size [Vector2D: x: 368, y: 136], fmt AR24, planes 1
[1;32mDEBUG [0m]: [CLinuxDMABUFParamsResource]  | plane 0: mod 72057594037927952 fd 49 stride 1536 offset 0
[1;32mDEBUG [0m]: cursorImage request: shape 1 -> default
[1;32mDEBUG [0m]: LayerSurface 55998826b1b0 mapped
[1;32mDEBUG [0m]: [CLinuxDMABUFParamsResource] Creating a dmabuf, with id 167: size [Vector2D: x: 368, y: 136], fmt AR24, planes 1
[1;32mDEBUG [0m]: [CLinuxDMABUFParamsResource]  | plane 0: mod 72057594037927952 fd 98 stride 1536 offset 0
[1;32mDEBUG [0m]: [CLinuxDMABUFParamsResource] Creating a dmabuf, with id 171: size [Vector2D: x: 368, y: 424], fmt AR24, planes 1
[1;32mDEBUG [0m]: [CLinuxDMABUFParamsResource]  | plane 0: mod 72057594037927952 fd 97 stride 1536 offset 0
[1;32mDEBUG [0m]: [CLinuxDMABUFParamsResource] Creating a dmabuf, with id 157: size [Vector2D: x: 368, y: 424], fmt AR24, planes 1
[1;32mDEBUG [0m]: [CLinuxDMABUFParamsResource]  | plane 0: mod 72057594037927952 fd 49 stride 1536 offset 0
[1;32mDEBUG [0m]: [CWLSeatProtocol] New seat resource bound at 559988919830
[1;32mDEBUG [0m]: [CVirtualKeyboardProtocol] New VKeyboard at id 5
[1;32mDEBUG [0m]: ApplyConfigToKeyboard for "hl-virtual-keyboard-wtype", hasconfig: 0
[1;32mDEBUG [0m]: Attempting to create a keymap for layout us with variant  (rules: , model: , options: )
[1;32mDEBUG [0m]: Updating keyboard 55998829dee0's translation state from a provided keymap
[1;32mDEBUG [0m]: xkb: LED index 0 (name Num Lock) got index 1
[1;32mDEBUG [0m]: xkb: LED index 1 (name Caps Lock) got index 0
[1;32mDEBUG [0m]: xkb: LED index 2 (name Scroll Lock) got index 2
[1;32mDEBUG [0m]: xkb: Mod index 0 (name Shift) got index 0
[1;32mDEBUG [0m]: xkb: Mod index 1 (name Lock) got index 1
[1;32mDEBUG [0m]: xkb: Mod index 2 (name Control) got index 2
[1;32mDEBUG [0m]: xkb: Mod index 3 (name Mod1) got index 3
[1;32mDEBUG [0m]: xkb: Mod index 4 (name Mod2) got index 4
[1;32mDEBUG [0m]: xkb: Mod index 5 (name Mod3) got index 5
[1;32mDEBUG [0m]: xkb: Mod index 6 (name Mod4) got index 6
[1;32mDEBUG [0m]: xkb: Mod index 7 (name Mod5) got index 7
[1;32mDEBUG [0m]: Updating keymap fd for keyboard hl-virtual-keyboard-wtype
[1;32mDEBUG [0m]: Updated keymap fd to 108, keymap V1 to: 110
[1;32mDEBUG [0m]: Set the keyboard layout to us and variant to  for keyboard "hl-virtual-keyboard-wtype"
[1;32mDEBUG [0m]: New virtual keyboard created at 55998829dee0
[1;32mDEBUG [0m]: Updating keyboard 55998829dee0's translation state from a provided keymap
[1;32mDEBUG [0m]: Updating keymap fd for keyboard hl-virtual-keyboard-wtype
[1;32mDEBUG [0m]: Updated keymap fd to 108, keymap V1 to: 110
[1;32mDEBUG [0m]: Keyboard at 55998829dee0 removed
[1;32mDEBUG [0m]: Destroyed keyboard 55998829dee0
[1;32mDEBUG [0m]: [CWLSeatProtocol] New seat resource bound at 559988250c40
[1;32mDEBUG [0m]: [CVirtualKeyboardProtocol] New VKeyboard at id 5
[1;32mDEBUG [0m]: ApplyConfigToKeyboard for "hl-virtual-keyboard-wtype", hasconfig: 0
[1;32mDEBUG [0m]: Attempting to create a keymap for layout us with variant  (rules: , model: , options: )
[1;32mDEBUG [0m]: Updating keyboard 55998829dee0's translation state from a provided keymap
[1;32mDEBUG [0m]: xkb: LED index 0 (name Num Lock) got index 1
[1;32mDEBUG [0m]: xkb: LED index 1 (name Caps Lock) got index 0
[1;32mDEBUG [0m]: xkb: LED index 2 (name Scroll Lock) got index 2
[1;32mDEBUG [0m]: xkb: Mod index 0 (name Shift) got index 0
[1;32mDEBUG [0m]: xkb: Mod index 1 (name Lock) got index 1
[1;32mDEBUG [0m]: xkb: Mod index 2 (name Control) got index 2
[1;32mDEBUG [0m]: xkb: Mod index 3 (name Mod1) got index 3
[1;32mDEBUG [0m]: xkb: Mod index 4 (name Mod2) got index 4
[1;32mDEBUG [0m]: xkb: Mod index 5 (name Mod3) got index 5
[1;32mDEBUG [0m]: xkb: Mod index 6 (name Mod4) got index 6
[1;32mDEBUG [0m]: xkb: Mod index 7 (name Mod5) got index 7
[1;32mDEBUG [0m]: Updating keymap fd for keyboard hl-virtual-keyboard-wtype
[1;32mDEBUG [0m]: Updated keymap fd to 108, keymap V1 to: 110
[1;32mDEBUG [0m]: Set the keyboard layout to us and variant to  for keyboard "hl-virtual-keyboard-wtype"
[1;32mDEBUG [0m]: New virtual keyboard created at 55998829dee0
[1;32mDEBUG [0m]: Updating keyboard 55998829dee0's translation state from a provided keymap
[1;32mDEBUG [0m]: Updating keymap fd for keyboard hl-virtual-keyboard-wtype
[1;32mDEBUG [0m]: Updated keymap fd to 108, keymap V1 to: 110
[1;32mDEBUG [0m]: Keyboard at 55998829dee0 removed
[1;32mDEBUG [0m]: Destroyed keyboard 55998829dee0
[1;32mDEBUG [0m]: [CWLSeatProtocol] New seat resource bound at 5599882649e0
[1;32mDEBUG [0m]: [CVirtualKeyboardProtocol] New VKeyboard at id 5
[1;32mDEBUG [0m]: ApplyConfigToKeyboard for "hl-virtual-keyboard-wtype", hasconfig: 0
[1;32mDEBUG [0m]: Attempting to create a keymap for layout us with variant  (rules: , model: , options: )
[1;32mDEBUG [0m]: Updating keyboard 55998829dee0's translation state from a provided keymap
[1;32mDEBUG [0m]: xkb: LED index 0 (name Num Lock) got index 1
[1;32mDEBUG [0m]: xkb: LED index 1 (name Caps Lock) got index 0
[1;32mDEBUG [0m]: xkb: LED index 2 (name Scroll Lock) got index 2
[1;32mDEBUG [0m]: xkb: Mod index 0 (name Shift) got index 0
[1;32mDEBUG [0m]: xkb: Mod index 1 (name Lock) got index 1
[1;32mDEBUG [0m]: xkb: Mod index 2 (name Control) got index 2
[1;32mDEBUG [0m]: xkb: Mod index 3 (name Mod1) got index 3
[1;32mDEBUG [0m]: xkb: Mod index 4 (name Mod2) got index 4
[1;32mDEBUG [0m]: xkb: Mod index 5 (name Mod3) got index 5
[1;32mDEBUG [0m]: xkb: Mod index 6 (name Mod4) got index 6
[1;32mDEBUG [0m]: xkb: Mod index 7 (name Mod5) got index 7
[1;32mDEBUG [0m]: Updating keymap fd for keyboard hl-virtual-keyboard-wtype
[1;32mDEBUG [0m]: Updated keymap fd to 108, keymap V1 to: 110
[1;32mDEBUG [0m]: Set the keyboard layout to us and variant to  for keyboard "hl-virtual-keyboard-wtype"
[1;32mDEBUG [0m]: New virtual keyboard created at 55998829dee0
[1;32mDEBUG [0m]: Updating keyboard 55998829dee0's translation state from a provided keymap
[1;32mDEBUG [0m]: Updating keymap fd for keyboard hl-virtual-keyboard-wtype
[1;32mDEBUG [0m]: Updated keymap fd to 108, keymap V1 to: 110
[1;32mDEBUG [0m]: [CWLCompositorResource] New wl_region with id 162 at 559988c56510
[1;32mDEBUG [0m]: [CLinuxDMABUFParamsResource] Creating a dmabuf, with id 160: size [Vector2D: x: 368, y: 676], fmt AR24, planes 1
[1;32mDEBUG [0m]: [CLinuxDMABUFParamsResource]  | plane 0: mod 72057594037927952 fd 49 stride 1536 offset 0
[1;32mDEBUG [0m]: [CLinuxDMABUFParamsResource] Creating a dmabuf, with id 153: size [Vector2D: x: 368, y: 676], fmt AR24, planes 1
[1;32mDEBUG [0m]: [CLinuxDMABUFParamsResource]  | plane 0: mod 72057594037927952 fd 98 stride 1536 offset 0
[1;32mDEBUG [0m]: Keyboard at 55998829dee0 removed
[1;32mDEBUG [0m]: Destroyed keyboard 55998829dee0
[1;32mDEBUG [0m]: [CWLCompositorResource] New wl_region with id 157 at 55998821b880
[1;32mDEBUG [0m]: [CLinuxDMABUFParamsResource] Creating a dmabuf, with id 157: size [Vector2D: x: 368, y: 622], fmt AR24, planes 1
[1;32mDEBUG [0m]: [CLinuxDMABUFParamsResource]  | plane 0: mod 72057594037927952 fd 89 stride 1536 offset 0
[1;32mDEBUG [0m]: [CLinuxDMABUFParamsResource] Creating a dmabuf, with id 162: size [Vector2D: x: 368, y: 622], fmt AR24, planes 1
[1;32mDEBUG [0m]: [CLinuxDMABUFParamsResource]  | plane 0: mod 72057594037927952 fd 97 stride 1536 offset 0
[1;32mDEBUG [0m]: [CWLCompositorResource] New wl_region with id 172 at 559988241ed0
[1;32mDEBUG [0m]: [CLinuxDMABUFParamsResource] Creating a dmabuf, with id 172: size [Vector2D: x: 1140, y: 627], fmt AR24, planes 1
[1;32mDEBUG [0m]: [CLinuxDMABUFParamsResource]  | plane 0: mod 72057594037927952 fd 97 stride 4608 offset 0
[1;32mDEBUG [0m]: [CWLCompositorResource] New wl_region with id 171 at 559988728140
[1;32mDEBUG [0m]: [CLinuxDMABUFParamsResource] Creating a dmabuf, with id 162: size [Vector2D: x: 1140, y: 627], fmt AR24, planes 1
[1;32mDEBUG [0m]: [CLinuxDMABUFParamsResource]  | plane 0: mod 72057594037927952 fd 49 stride 4608 offset 0
[1;32mDEBUG [0m]: [CLinuxDMABUFParamsResource] Creating a dmabuf, with id 160: size [Vector2D: x: 368, y: 1072], fmt AR24, planes 1
[1;32mDEBUG [0m]: [CLinuxDMABUFParamsResource]  | plane 0: mod 72057594037927952 fd 98 stride 1536 offset 0
[1;32mDEBUG [0m]: [CWLCompositorResource] New wl_region with id 153 at 559987217780
[1;32mDEBUG [0m]: [CLinuxDMABUFParamsResource] Creating a dmabuf, with id 154: size [Vector2D: x: 368, y: 1072], fmt AR24, planes 1
[1;32mDEBUG [0m]: [CLinuxDMABUFParamsResource]  | plane 0: mod 72057594037927952 fd 89 stride 1536 offset 0
[1;32mDEBUG [0m]: LayerSurface 55998826b1b0 destroyed
[1;32mDEBUG [0m]: Forcing an unmap of a LS that did a straight destroy!
[1;32mDEBUG [0m]: LayerSurface 55998826b1b0 unmapped
[1;32mDEBUG [0m]: renderer: making a snapshot of layer 559988839ba0
[1;32mDEBUG [0m]: Framebuffer "layer snapshot" created, status 36053
[1;32mDEBUG [0m]: renderer: cleared a snapshot of layer 559988839ba0
[1;32mDEBUG [0m]: renderer: rendered a snapshot of layer 559988839ba0
[1;32mDEBUG [0m]: renderer: made a snapshot of layer 559988839ba0
[1;32mDEBUG [0m]: CWLSurface 559987d0f480 called destroy()
[1;32mDEBUG [0m]: Cleanup: removed 1 fadeouts
[1;32mDEBUG [0m]: [CWLCompositorResource] New wl_surface with id 167 at 559987216870
[1;32mDEBUG [0m]: CWLSurface 55998821ac60 called init()
[1;32mDEBUG [0m]: LayerSurface 55998826b1b0 (namespace putkin-panel layer 3) created on monitor HEADLESS-1
[1;32mDEBUG [0m]: [CLayerShellProtocol] New wlr_layer_surface 55998826b1b0
[1;32mDEBUG [0m]: [CPrimarySelectionProtocol] CPrimarySelectionProtocol::updateSelection: cannot send selection to a client without a data_device
[1;32mDEBUG [0m]: [CWLCompositorResource] New wl_region with id 169 at 559988914e10
[1;32mDEBUG [0m]: [CLinuxDMABUFParamsResource] Creating a dmabuf, with id 157: size [Vector2D: x: 368, y: 136], fmt AR24, planes 1
[1;32mDEBUG [0m]: [CLinuxDMABUFParamsResource]  | plane 0: mod 72057594037927952 fd 49 stride 1536 offset 0
[1;32mDEBUG [0m]: cursorImage request: shape 1 -> default
[1;32mDEBUG [0m]: LayerSurface 55998826b1b0 mapped
[1;32mDEBUG [0m]: [CLinuxDMABUFParamsResource] Creating a dmabuf, with id 153: size [Vector2D: x: 368, y: 136], fmt AR24, planes 1
[1;32mDEBUG [0m]: [CLinuxDMABUFParamsResource]  | plane 0: mod 72057594037927952 fd 98 stride 1536 offset 0
[1;32mDEBUG [0m]: [CLinuxDMABUFParamsResource] Creating a dmabuf, with id 163: size [Vector2D: x: 368, y: 424], fmt AR24, planes 1
[1;32mDEBUG [0m]: [CLinuxDMABUFParamsResource]  | plane 0: mod 72057594037927952 fd 97 stride 1536 offset 0
[1;32mDEBUG [0m]: [CLinuxDMABUFParamsResource] Creating a dmabuf, with id 162: size [Vector2D: x: 368, y: 424], fmt AR24, planes 1
[1;32mDEBUG [0m]: [CLinuxDMABUFParamsResource]  | plane 0: mod 72057594037927952 fd 89 stride 1536 offset 0
[1;32mDEBUG [0m]: [CWLSeatProtocol] New seat resource bound at 55998865a7d0
[1;32mDEBUG [0m]: [CVirtualKeyboardProtocol] New VKeyboard at id 5
[1;32mDEBUG [0m]: ApplyConfigToKeyboard for "hl-virtual-keyboard-wtype", hasconfig: 0
[1;32mDEBUG [0m]: Attempting to create a keymap for layout us with variant  (rules: , model: , options: )
[1;32mDEBUG [0m]: Updating keyboard 55998829dee0's translation state from a provided keymap
[1;32mDEBUG [0m]: xkb: LED index 0 (name Num Lock) got index 1
[1;32mDEBUG [0m]: xkb: LED index 1 (name Caps Lock) got index 0
[1;32mDEBUG [0m]: xkb: LED index 2 (name Scroll Lock) got index 2
[1;32mDEBUG [0m]: xkb: Mod index 0 (name Shift) got index 0
[1;32mDEBUG [0m]: xkb: Mod index 1 (name Lock) got index 1
[1;32mDEBUG [0m]: xkb: Mod index 2 (name Control) got index 2
[1;32mDEBUG [0m]: xkb: Mod index 3 (name Mod1) got index 3
[1;32mDEBUG [0m]: xkb: Mod index 4 (name Mod2) got index 4
[1;32mDEBUG [0m]: xkb: Mod index 5 (name Mod3) got index 5
[1;32mDEBUG [0m]: xkb: Mod index 6 (name Mod4) got index 6
[1;32mDEBUG [0m]: xkb: Mod index 7 (name Mod5) got index 7
[1;32mDEBUG [0m]: Updating keymap fd for keyboard hl-virtual-keyboard-wtype
[1;32mDEBUG [0m]: Updated keymap fd to 108, keymap V1 to: 110
[1;32mDEBUG [0m]: Set the keyboard layout to us and variant to  for keyboard "hl-virtual-keyboard-wtype"
[1;32mDEBUG [0m]: New virtual keyboard created at 55998829dee0
[1;32mDEBUG [0m]: Updating keyboard 55998829dee0's translation state from a provided keymap
[1;32mDEBUG [0m]: Updating keymap fd for keyboard hl-virtual-keyboard-wtype
[1;32mDEBUG [0m]: Updated keymap fd to 108, keymap V1 to: 110
[1;32mDEBUG [0m]: Keyboard at 55998829dee0 removed
[1;32mDEBUG [0m]: Destroyed keyboard 55998829dee0
[1;32mDEBUG [0m]: [CWLSeatProtocol] New seat resource bound at 559987258990
[1;32mDEBUG [0m]: [CVirtualKeyboardProtocol] New VKeyboard at id 5
[1;32mDEBUG [0m]: ApplyConfigToKeyboard for "hl-virtual-keyboard-wtype", hasconfig: 0
[1;32mDEBUG [0m]: Attempting to create a keymap for layout us with variant  (rules: , model: , options: )
[1;32mDEBUG [0m]: Updating keyboard 55998829dee0's translation state from a provided keymap
[1;32mDEBUG [0m]: xkb: LED index 0 (name Num Lock) got index 1
[1;32mDEBUG [0m]: xkb: LED index 1 (name Caps Lock) got index 0
[1;32mDEBUG [0m]: xkb: LED index 2 (name Scroll Lock) got index 2
[1;32mDEBUG [0m]: xkb: Mod index 0 (name Shift) got index 0
[1;32mDEBUG [0m]: xkb: Mod index 1 (name Lock) got index 1
[1;32mDEBUG [0m]: xkb: Mod index 2 (name Control) got index 2
[1;32mDEBUG [0m]: xkb: Mod index 3 (name Mod1) got index 3
[1;32mDEBUG [0m]: xkb: Mod index 4 (name Mod2) got index 4
[1;32mDEBUG [0m]: xkb: Mod index 5 (name Mod3) got index 5
[1;32mDEBUG [0m]: xkb: Mod index 6 (name Mod4) got index 6
[1;32mDEBUG [0m]: xkb: Mod index 7 (name Mod5) got index 7
[1;32mDEBUG [0m]: Updating keymap fd for keyboard hl-virtual-keyboard-wtype
[1;32mDEBUG [0m]: Updated keymap fd to 108, keymap V1 to: 110
[1;32mDEBUG [0m]: Set the keyboard layout to us and variant to  for keyboard "hl-virtual-keyboard-wtype"
[1;32mDEBUG [0m]: New virtual keyboard created at 55998829dee0
[1;32mDEBUG [0m]: Updating keyboard 55998829dee0's translation state from a provided keymap
[1;32mDEBUG [0m]: Updating keymap fd for keyboard hl-virtual-keyboard-wtype
[1;32mDEBUG [0m]: Updated keymap fd to 108, keymap V1 to: 110
[1;32mDEBUG [0m]: Keyboard at 55998829dee0 removed
[1;32mDEBUG [0m]: Destroyed keyboard 55998829dee0
[1;32mDEBUG [0m]: [CWLSeatProtocol] New seat resource bound at 559988262170
[1;32mDEBUG [0m]: [CVirtualKeyboardProtocol] New VKeyboard at id 5
[1;32mDEBUG [0m]: ApplyConfigToKeyboard for "hl-virtual-keyboard-wtype", hasconfig: 0
[1;32mDEBUG [0m]: Attempting to create a keymap for layout us with variant  (rules: , model: , options: )
[1;32mDEBUG [0m]: Updating keyboard 55998829dee0's translation state from a provided keymap
[1;32mDEBUG [0m]: xkb: LED index 0 (name Num Lock) got index 1
[1;32mDEBUG [0m]: xkb: LED index 1 (name Caps Lock) got index 0
[1;32mDEBUG [0m]: xkb: LED index 2 (name Scroll Lock) got index 2
[1;32mDEBUG [0m]: xkb: Mod index 0 (name Shift) got index 0
[1;32mDEBUG [0m]: xkb: Mod index 1 (name Lock) got index 1
[1;32mDEBUG [0m]: xkb: Mod index 2 (name Control) got index 2
[1;32mDEBUG [0m]: xkb: Mod index 3 (name Mod1) got index 3
[1;32mDEBUG [0m]: xkb: Mod index 4 (name Mod2) got index 4
[1;32mDEBUG [0m]: xkb: Mod index 5 (name Mod3) got index 5
[1;32mDEBUG [0m]: xkb: Mod index 6 (name Mod4) got index 6
[1;32mDEBUG [0m]: xkb: Mod index 7 (name Mod5) got index 7
[1;32mDEBUG [0m]: Updating keymap fd for keyboard hl-virtual-keyboard-wtype
[1;32mDEBUG [0m]: Updated keymap fd to 108, keymap V1 to: 110
[1;32mDEBUG [0m]: Set the keyboard layout to us and variant to  for keyboard "hl-virtual-keyboard-wtype"
[1;32mDEBUG [0m]: New virtual keyboard created at 55998829dee0
[1;32mDEBUG [0m]: Updating keyboard 55998829dee0's translation state from a provided keymap
[1;32mDEBUG [0m]: Updating keymap fd for keyboard hl-virtual-keyboard-wtype
[1;32mDEBUG [0m]: Updated keymap fd to 108, keymap V1 to: 110
[1;32mDEBUG [0m]: [CWLCompositorResource] New wl_region with id 172 at 559988a54980
[1;32mDEBUG [0m]: [CLinuxDMABUFParamsResource] Creating a dmabuf, with id 169: size [Vector2D: x: 368, y: 676], fmt AR24, planes 1
[1;32mDEBUG [0m]: [CLinuxDMABUFParamsResource]  | plane 0: mod 72057594037927952 fd 89 stride 1536 offset 0
[1;32mDEBUG [0m]: [CLinuxDMABUFParamsResource] Creating a dmabuf, with id 157: size [Vector2D: x: 368, y: 676], fmt AR24, planes 1
[1;32mDEBUG [0m]: [CLinuxDMABUFParamsResource]  | plane 0: mod 72057594037927952 fd 98 stride 1536 offset 0
[1;32mDEBUG [0m]: Keyboard at 55998829dee0 removed
[1;32mDEBUG [0m]: Destroyed keyboard 55998829dee0
[1;32mDEBUG [0m]: [CWLCompositorResource] New wl_region with id 162 at 559988914e10
[1;32mDEBUG [0m]: [CLinuxDMABUFParamsResource] Creating a dmabuf, with id 162: size [Vector2D: x: 368, y: 622], fmt AR24, planes 1
[1;32mDEBUG [0m]: [CLinuxDMABUFParamsResource]  | plane 0: mod 72057594037927952 fd 49 stride 1536 offset 0
[1;32mDEBUG [0m]: [CLinuxDMABUFParamsResource] Creating a dmabuf, with id 172: size [Vector2D: x: 368, y: 622], fmt AR24, planes 1
[1;32mDEBUG [0m]: [CLinuxDMABUFParamsResource]  | plane 0: mod 72057594037927952 fd 97 stride 1536 offset 0
[1;32mDEBUG [0m]: [CWLCompositorResource] New wl_region with id 169 at 5599889b9830
[1;32mDEBUG [0m]: [CLinuxDMABUFParamsResource] Creating a dmabuf, with id 168: size [Vector2D: x: 1140, y: 627], fmt AR24, planes 1
[1;32mDEBUG [0m]: [CLinuxDMABUFParamsResource]  | plane 0: mod 72057594037927952 fd 97 stride 4608 offset 0
[1;32mDEBUG [0m]: [CWLCompositorResource] New wl_region with id 169 at 5599872895d0
[1;32mDEBUG [0m]: [CLinuxDMABUFParamsResource] Creating a dmabuf, with id 157: size [Vector2D: x: 1140, y: 627], fmt AR24, planes 1
[1;32mDEBUG [0m]: [CLinuxDMABUFParamsResource]  | plane 0: mod 72057594037927952 fd 89 stride 4608 offset 0
[1;32mDEBUG [0m]: [CLinuxDMABUFParamsResource] Creating a dmabuf, with id 171: size [Vector2D: x: 368, y: 1072], fmt AR24, planes 1
[1;32mDEBUG [0m]: [CLinuxDMABUFParamsResource]  | plane 0: mod 72057594037927952 fd 97 stride 1536 offset 0
[1;32mDEBUG [0m]: [CWLCompositorResource] New wl_region with id 172 at 5599887fa650
[1;32mDEBUG [0m]: [CLinuxDMABUFParamsResource] Creating a dmabuf, with id 173: size [Vector2D: x: 368, y: 1072], fmt AR24, planes 1
[1;32mDEBUG [0m]: [CLinuxDMABUFParamsResource]  | plane 0: mod 72057594037927952 fd 99 stride 1536 offset 0
[1;32mDEBUG [0m]: LayerSurface 55998826b1b0 destroyed
[1;32mDEBUG [0m]: Forcing an unmap of a LS that did a straight destroy!
[1;32mDEBUG [0m]: LayerSurface 55998826b1b0 unmapped
[1;32mDEBUG [0m]: renderer: making a snapshot of layer 559988415620
[1;32mDEBUG [0m]: Framebuffer "layer snapshot" created, status 36053
[1;32mDEBUG [0m]: renderer: cleared a snapshot of layer 559988415620
[1;32mDEBUG [0m]: renderer: rendered a snapshot of layer 559988415620
[1;32mDEBUG [0m]: renderer: made a snapshot of layer 559988415620
[1;32mDEBUG [0m]: CWLSurface 55998821ac60 called destroy()
[1;32mDEBUG [0m]: Cleanup: removed 1 fadeouts
[1;32mDEBUG [0m]: [CWLCompositorResource] New wl_surface with id 164 at 559987216870
[1;32mDEBUG [0m]: CWLSurface 559988283530 called init()
[1;32mDEBUG [0m]: LayerSurface 55998826b1b0 (namespace putkin-panel layer 3) created on monitor HEADLESS-1
[1;32mDEBUG [0m]: [CLayerShellProtocol] New wlr_layer_surface 55998826b1b0
[1;32mDEBUG [0m]: [CPrimarySelectionProtocol] CPrimarySelectionProtocol::updateSelection: cannot send selection to a client without a data_device
[1;32mDEBUG [0m]: [CWLCompositorResource] New wl_region with id 154 at 559988296160
[1;32mDEBUG [0m]: [CLinuxDMABUFParamsResource] Creating a dmabuf, with id 162: size [Vector2D: x: 368, y: 136], fmt AR24, planes 1
[1;32mDEBUG [0m]: [CLinuxDMABUFParamsResource]  | plane 0: mod 72057594037927952 fd 49 stride 1536 offset 0
[1;32mDEBUG [0m]: LayerSurface 55998826b1b0 mapped
[1;32mDEBUG [0m]: cursorImage request: shape 1 -> default
[1;32mDEBUG [0m]: [CLinuxDMABUFParamsResource] Creating a dmabuf, with id 168: size [Vector2D: x: 368, y: 136], fmt AR24, planes 1
[1;32mDEBUG [0m]: [CLinuxDMABUFParamsResource]  | plane 0: mod 72057594037927952 fd 97 stride 1536 offset 0
[1;32mDEBUG [0m]: [CLinuxDMABUFParamsResource] Creating a dmabuf, with id 160: size [Vector2D: x: 368, y: 424], fmt AR24, planes 1
[1;32mDEBUG [0m]: [CLinuxDMABUFParamsResource]  | plane 0: mod 72057594037927952 fd 99 stride 1536 offset 0
[1;32mDEBUG [0m]: [CLinuxDMABUFParamsResource] Creating a dmabuf, with id 154: size [Vector2D: x: 368, y: 424], fmt AR24, planes 1
[1;32mDEBUG [0m]: [CLinuxDMABUFParamsResource]  | plane 0: mod 72057594037927952 fd 89 stride 1536 offset 0
[1;32mDEBUG [0m]: [CWLSeatProtocol] New seat resource bound at 559988263070
[1;32mDEBUG [0m]: [CVirtualKeyboardProtocol] New VKeyboard at id 5
[1;32mDEBUG [0m]: ApplyConfigToKeyboard for "hl-virtual-keyboard-wtype", hasconfig: 0
[1;32mDEBUG [0m]: Attempting to create a keymap for layout us with variant  (rules: , model: , options: )
[1;32mDEBUG [0m]: Updating keyboard 55998829dee0's translation state from a provided keymap
[1;32mDEBUG [0m]: xkb: LED index 0 (name Num Lock) got index 1
[1;32mDEBUG [0m]: xkb: LED index 1 (name Caps Lock) got index 0
[1;32mDEBUG [0m]: xkb: LED index 2 (name Scroll Lock) got index 2
[1;32mDEBUG [0m]: xkb: Mod index 0 (name Shift) got index 0
[1;32mDEBUG [0m]: xkb: Mod index 1 (name Lock) got index 1
[1;32mDEBUG [0m]: xkb: Mod index 2 (name Control) got index 2
[1;32mDEBUG [0m]: xkb: Mod index 3 (name Mod1) got index 3
[1;32mDEBUG [0m]: xkb: Mod index 4 (name Mod2) got index 4
[1;32mDEBUG [0m]: xkb: Mod index 5 (name Mod3) got index 5
[1;32mDEBUG [0m]: xkb: Mod index 6 (name Mod4) got index 6
[1;32mDEBUG [0m]: xkb: Mod index 7 (name Mod5) got index 7
[1;32mDEBUG [0m]: Updating keymap fd for keyboard hl-virtual-keyboard-wtype
[1;32mDEBUG [0m]: Updated keymap fd to 108, keymap V1 to: 110
[1;32mDEBUG [0m]: Set the keyboard layout to us and variant to  for keyboard "hl-virtual-keyboard-wtype"
[1;32mDEBUG [0m]: New virtual keyboard created at 55998829dee0
[1;32mDEBUG [0m]: Updating keyboard 55998829dee0's translation state from a provided keymap
[1;32mDEBUG [0m]: Updating keymap fd for keyboard hl-virtual-keyboard-wtype
[1;32mDEBUG [0m]: Updated keymap fd to 108, keymap V1 to: 110
[1;32mDEBUG [0m]: Keyboard at 55998829dee0 removed
[1;32mDEBUG [0m]: Destroyed keyboard 55998829dee0
[1;32mDEBUG [0m]: [CWLSeatProtocol] New seat resource bound at 5599889dd730
[1;32mDEBUG [0m]: [CVirtualKeyboardProtocol] New VKeyboard at id 5
[1;32mDEBUG [0m]: ApplyConfigToKeyboard for "hl-virtual-keyboard-wtype", hasconfig: 0
[1;32mDEBUG [0m]: Attempting to create a keymap for layout us with variant  (rules: , model: , options: )
[1;32mDEBUG [0m]: Updating keyboard 55998829dee0's translation state from a provided keymap
[1;32mDEBUG [0m]: xkb: LED index 0 (name Num Lock) got index 1
[1;32mDEBUG [0m]: xkb: LED index 1 (name Caps Lock) got index 0
[1;32mDEBUG [0m]: xkb: LED index 2 (name Scroll Lock) got index 2
[1;32mDEBUG [0m]: xkb: Mod index 0 (name Shift) got index 0
[1;32mDEBUG [0m]: xkb: Mod index 1 (name Lock) got index 1
[1;32mDEBUG [0m]: xkb: Mod index 2 (name Control) got index 2
[1;32mDEBUG [0m]: xkb: Mod index 3 (name Mod1) got index 3
[1;32mDEBUG [0m]: xkb: Mod index 4 (name Mod2) got index 4
[1;32mDEBUG [0m]: xkb: Mod index 5 (name Mod3) got index 5
[1;32mDEBUG [0m]: xkb: Mod index 6 (name Mod4) got index 6
[1;32mDEBUG [0m]: xkb: Mod index 7 (name Mod5) got index 7
[1;32mDEBUG [0m]: Updating keymap fd for keyboard hl-virtual-keyboard-wtype
[1;32mDEBUG [0m]: Updated keymap fd to 108, keymap V1 to: 110
[1;32mDEBUG [0m]: Set the keyboard layout to us and variant to  for keyboard "hl-virtual-keyboard-wtype"
[1;32mDEBUG [0m]: New virtual keyboard created at 55998829dee0
[1;32mDEBUG [0m]: Updating keyboard 55998829dee0's translation state from a provided keymap
[1;32mDEBUG [0m]: Updating keymap fd for keyboard hl-virtual-keyboard-wtype
[1;32mDEBUG [0m]: Updated keymap fd to 108, keymap V1 to: 110
[1;32mDEBUG [0m]: Keyboard at 55998829dee0 removed
[1;32mDEBUG [0m]: Destroyed keyboard 55998829dee0
[1;32mDEBUG [0m]: [CWLSeatProtocol] New seat resource bound at 559988845a10
[1;32mDEBUG [0m]: [CVirtualKeyboardProtocol] New VKeyboard at id 5
[1;32mDEBUG [0m]: ApplyConfigToKeyboard for "hl-virtual-keyboard-wtype", hasconfig: 0
[1;32mDEBUG [0m]: Attempting to create a keymap for layout us with variant  (rules: , model: , options: )
[1;32mDEBUG [0m]: Updating keyboard 55998829dee0's translation state from a provided keymap
[1;32mDEBUG [0m]: xkb: LED index 0 (name Num Lock) got index 1
[1;32mDEBUG [0m]: xkb: LED index 1 (name Caps Lock) got index 0
[1;32mDEBUG [0m]: xkb: LED index 2 (name Scroll Lock) got index 2
[1;32mDEBUG [0m]: xkb: Mod index 0 (name Shift) got index 0
[1;32mDEBUG [0m]: xkb: Mod index 1 (name Lock) got index 1
[1;32mDEBUG [0m]: xkb: Mod index 2 (name Control) got index 2
[1;32mDEBUG [0m]: xkb: Mod index 3 (name Mod1) got index 3
[1;32mDEBUG [0m]: xkb: Mod index 4 (name Mod2) got index 4
[1;32mDEBUG [0m]: xkb: Mod index 5 (name Mod3) got index 5
[1;32mDEBUG [0m]: xkb: Mod index 6 (name Mod4) got index 6
[1;32mDEBUG [0m]: xkb: Mod index 7 (name Mod5) got index 7
[1;32mDEBUG [0m]: Updating keymap fd for keyboard hl-virtual-keyboard-wtype
[1;32mDEBUG [0m]: Updated keymap fd to 108, keymap V1 to: 110
[1;32mDEBUG [0m]: Set the keyboard layout to us and variant to  for keyboard "hl-virtual-keyboard-wtype"
[1;32mDEBUG [0m]: New virtual keyboard created at 55998829dee0
[1;32mDEBUG [0m]: Updating keyboard 55998829dee0's translation state from a provided keymap
[1;32mDEBUG [0m]: Updating keymap fd for keyboard hl-virtual-keyboard-wtype
[1;32mDEBUG [0m]: Updated keymap fd to 108, keymap V1 to: 110
[1;32mDEBUG [0m]: [CWLCompositorResource] New wl_region with id 157 at 559988a3fac0
[1;32mDEBUG [0m]: [CLinuxDMABUFParamsResource] Creating a dmabuf, with id 169: size [Vector2D: x: 368, y: 676], fmt AR24, planes 1
[1;32mDEBUG [0m]: [CLinuxDMABUFParamsResource]  | plane 0: mod 72057594037927952 fd 89 stride 1536 offset 0
[1;32mDEBUG [0m]: [CLinuxDMABUFParamsResource] Creating a dmabuf, with id 162: size [Vector2D: x: 368, y: 676], fmt AR24, planes 1
[1;32mDEBUG [0m]: [CLinuxDMABUFParamsResource]  | plane 0: mod 72057594037927952 fd 97 stride 1536 offset 0
[1;32mDEBUG [0m]: Keyboard at 55998829dee0 removed
[1;32mDEBUG [0m]: Destroyed keyboard 55998829dee0
[1;32mDEBUG [0m]: Socket2 accepted a new client at FD 49
[1;32mDEBUG [0m]: [CLinuxDMABUFParamsResource] Creating a dmabuf, with id 160: size [Vector2D: x: 1920, y: 1080], fmt AR24, planes 1
[1;32mDEBUG [0m]: [CLinuxDMABUFParamsResource]  | plane 0: mod 72057594037927952 fd 106 stride 7680 offset 0
[1;32mDEBUG [0m]: [CLinuxDMABUFParamsResource] Creating a dmabuf, with id 175: size [Vector2D: x: 1920, y: 1080], fmt AR24, planes 1
[1;32mDEBUG [0m]: [CLinuxDMABUFParamsResource]  | plane 0: mod 72057594037927952 fd 110 stride 7680 offset 0
[1;32mDEBUG [0m]: [CLinuxDMABUFParamsResource] Creating a dmabuf, with id 178: size [Vector2D: x: 1920, y: 1080], fmt AR24, planes 1
[1;32mDEBUG [0m]: [CLinuxDMABUFParamsResource]  | plane 0: mod 72057594037927952 fd 113 stride 7680 offset 0
[1;32mDEBUG [0m]: Socket2 fd 44 hung up
[1;32mDEBUG [0m]: LayerSurface 55998826b1b0 destroyed
[1;32mDEBUG [0m]: Forcing an unmap of a LS that did a straight destroy!
[1;32mDEBUG [0m]: LayerSurface 55998826b1b0 unmapped
[1;32mDEBUG [0m]: renderer: making a snapshot of layer 559988839ba0
[1;32mDEBUG [0m]: Framebuffer "layer snapshot" created, status 36053
[1;32mDEBUG [0m]: renderer: cleared a snapshot of layer 559988839ba0
[1;32mDEBUG [0m]: renderer: rendered a snapshot of layer 559988839ba0
[1;32mDEBUG [0m]: renderer: made a snapshot of layer 559988839ba0
[1;32mDEBUG [0m]: CWLSurface 559988283530 called destroy()
[1;32mDEBUG [0m]: Cleanup: removed 1 fadeouts
[1;32mDEBUG [0m]: [CWLCompositorResource] New wl_surface with id 163 at 559987216870
[1;32mDEBUG [0m]: [CWLCompositorResource] New wl_surface with id 164 at 559987216870
[1;32mDEBUG [0m]: CWLSurface 5599881b57b0 called init()
[1;32mDEBUG [0m]: LayerSurface 55998826b1b0 (namespace putkin-panel layer 3) created on monitor HEADLESS-1
[1;32mDEBUG [0m]: [CLayerShellProtocol] New wlr_layer_surface 55998826b1b0
[1;32mDEBUG [0m]: [CPrimarySelectionProtocol] CPrimarySelectionProtocol::updateSelection: cannot send selection to a client without a data_device
[1;32mDEBUG [0m]: [CWLCompositorResource] New wl_region with id 169 at 5599889dc2e0
[1;32mDEBUG [0m]: [CLinuxDMABUFParamsResource] Creating a dmabuf, with id 171: size [Vector2D: x: 368, y: 446], fmt AR24, planes 1
[1;32mDEBUG [0m]: [CLinuxDMABUFParamsResource]  | plane 0: mod 72057594037927952 fd 44 stride 1536 offset 0
[1;32mDEBUG [0m]: cursorImage request: shape 1 -> default
[1;32mDEBUG [0m]: LayerSurface 55998826b1b0 mapped
[1;32mDEBUG [0m]: [CLinuxDMABUFParamsResource] Creating a dmabuf, with id 177: size [Vector2D: x: 368, y: 446], fmt AR24, planes 1
[1;32mDEBUG [0m]: [CLinuxDMABUFParamsResource]  | plane 0: mod 72057594037927952 fd 45 stride 1536 offset 0
[1;32mDEBUG [0m]: [CLinuxDMABUFParamsResource] Creating a dmabuf, with id 163: size [Vector2D: x: 368, y: 622], fmt AR24, planes 1
[1;32mDEBUG [0m]: [CLinuxDMABUFParamsResource]  | plane 0: mod 72057594037927952 fd 98 stride 1536 offset 0
[1;32mDEBUG [0m]: [CLinuxDMABUFParamsResource] Creating a dmabuf, with id 123: size [Vector2D: x: 368, y: 622], fmt AR24, planes 1
[1;32mDEBUG [0m]: [CLinuxDMABUFParamsResource]  | plane 0: mod 72057594037927952 fd 96 stride 1536 offset 0
[1;32mDEBUG [0m]: Socket2 accepted a new client at FD 86
[1;32mDEBUG [0m]: [CLinuxDMABUFParamsResource] Creating a dmabuf, with id 168: size [Vector2D: x: 1920, y: 1080], fmt AR24, planes 1
[1;32mDEBUG [0m]: [CLinuxDMABUFParamsResource]  | plane 0: mod 72057594037927952 fd 103 stride 7680 offset 0
[1;32mDEBUG [0m]: Socket2 fd 49 hung up
[1;32mDEBUG [0m]: LayerSurface 55998826b1b0 destroyed
[1;32mDEBUG [0m]: Forcing an unmap of a LS that did a straight destroy!
[1;32mDEBUG [0m]: LayerSurface 55998826b1b0 unmapped
[1;32mDEBUG [0m]: renderer: making a snapshot of layer 559988415620
[1;32mDEBUG [0m]: Framebuffer "layer snapshot" created, status 36053
[1;32mDEBUG [0m]: renderer: cleared a snapshot of layer 559988415620
[1;32mDEBUG [0m]: renderer: rendered a snapshot of layer 559988415620
[1;32mDEBUG [0m]: renderer: made a snapshot of layer 559988415620
[1;32mDEBUG [0m]: CWLSurface 5599881b57b0 called destroy()
[1;32mDEBUG [0m]: Cleanup: removed 1 fadeouts
[1;32mDEBUG [0m]: [CWLCompositorResource] New wl_surface with id 172 at 559987216870
[1;32mDEBUG [0m]: CWLSurface 559988234230 called init()
[1;32mDEBUG [0m]: LayerSurface 55998826b1b0 (namespace putkin-panel layer 3) created on monitor HEADLESS-1
[1;32mDEBUG [0m]: [CLayerShellProtocol] New wlr_layer_surface 55998826b1b0
[1;32mDEBUG [0m]: [CPrimarySelectionProtocol] CPrimarySelectionProtocol::updateSelection: cannot send selection to a client without a data_device
[1;32mDEBUG [0m]: [CWLCompositorResource] New wl_region with id 167 at 559988728140
[1;32mDEBUG [0m]: [CLinuxDMABUFParamsResource] Creating a dmabuf, with id 162: size [Vector2D: x: 368, y: 136], fmt AR24, planes 1
[1;32mDEBUG [0m]: [CLinuxDMABUFParamsResource]  | plane 0: mod 72057594037927952 fd 44 stride 1536 offset 0
[1;32mDEBUG [0m]: LayerSurface 55998826b1b0 mapped
[1;32mDEBUG [0m]: cursorImage request: shape 1 -> default
[1;32mDEBUG [0m]: [CLinuxDMABUFParamsResource] Creating a dmabuf, with id 163: size [Vector2D: x: 368, y: 424], fmt AR24, planes 1
[1;32mDEBUG [0m]: [CLinuxDMABUFParamsResource]  | plane 0: mod 72057594037927952 fd 49 stride 1536 offset 0
[1;32mDEBUG [0m]: [CLinuxDMABUFParamsResource] Creating a dmabuf, with id 176: size [Vector2D: x: 368, y: 424], fmt AR24, planes 1
[1;32mDEBUG [0m]: [CLinuxDMABUFParamsResource]  | plane 0: mod 72057594037927952 fd 96 stride 1536 offset 0
[1;32mDEBUG [0m]: [CWLSeatProtocol] New seat resource bound at 5599880ea3d0
[1;32mDEBUG [0m]: [CVirtualKeyboardProtocol] New VKeyboard at id 5
[1;32mDEBUG [0m]: ApplyConfigToKeyboard for "hl-virtual-keyboard-wtype", hasconfig: 0
[1;32mDEBUG [0m]: Attempting to create a keymap for layout us with variant  (rules: , model: , options: )
[1;32mDEBUG [0m]: Updating keyboard 55998829dee0's translation state from a provided keymap
[1;32mDEBUG [0m]: xkb: LED index 0 (name Num Lock) got index 1
[1;32mDEBUG [0m]: xkb: LED index 1 (name Caps Lock) got index 0
[1;32mDEBUG [0m]: xkb: LED index 2 (name Scroll Lock) got index 2
[1;32mDEBUG [0m]: xkb: Mod index 0 (name Shift) got index 0
[1;32mDEBUG [0m]: xkb: Mod index 1 (name Lock) got index 1
[1;32mDEBUG [0m]: xkb: Mod index 2 (name Control) got index 2
[1;32mDEBUG [0m]: xkb: Mod index 3 (name Mod1) got index 3
[1;32mDEBUG [0m]: xkb: Mod index 4 (name Mod2) got index 4
[1;32mDEBUG [0m]: xkb: Mod index 5 (name Mod3) got index 5
[1;32mDEBUG [0m]: xkb: Mod index 6 (name Mod4) got index 6
[1;32mDEBUG [0m]: xkb: Mod index 7 (name Mod5) got index 7
[1;32mDEBUG [0m]: Updating keymap fd for keyboard hl-virtual-keyboard-wtype
[1;32mDEBUG [0m]: Updated keymap fd to 108, keymap V1 to: 111
[1;32mDEBUG [0m]: Set the keyboard layout to us and variant to  for keyboard "hl-virtual-keyboard-wtype"
[1;32mDEBUG [0m]: New virtual keyboard created at 55998829dee0
[1;32mDEBUG [0m]: Updating keyboard 55998829dee0's translation state from a provided keymap
[1;32mDEBUG [0m]: Updating keymap fd for keyboard hl-virtual-keyboard-wtype
[1;32mDEBUG [0m]: Updated keymap fd to 108, keymap V1 to: 111
[1;32mDEBUG [0m]: Keyboard at 55998829dee0 removed
[1;32mDEBUG [0m]: Destroyed keyboard 55998829dee0
[1;32mDEBUG [0m]: [CWLSeatProtocol] New seat resource bound at 559988c51c90
[1;32mDEBUG [0m]: [CVirtualKeyboardProtocol] New VKeyboard at id 5
[1;32mDEBUG [0m]: ApplyConfigToKeyboard for "hl-virtual-keyboard-wtype", hasconfig: 0
[1;32mDEBUG [0m]: Attempting to create a keymap for layout us with variant  (rules: , model: , options: )
[1;32mDEBUG [0m]: Updating keyboard 55998829dee0's translation state from a provided keymap
[1;32mDEBUG [0m]: xkb: LED index 0 (name Num Lock) got index 1
[1;32mDEBUG [0m]: xkb: LED index 1 (name Caps Lock) got index 0
[1;32mDEBUG [0m]: xkb: LED index 2 (name Scroll Lock) got index 2
[1;32mDEBUG [0m]: xkb: Mod index 0 (name Shift) got index 0
[1;32mDEBUG [0m]: xkb: Mod index 1 (name Lock) got index 1
[1;32mDEBUG [0m]: xkb: Mod index 2 (name Control) got index 2
[1;32mDEBUG [0m]: xkb: Mod index 3 (name Mod1) got index 3
[1;32mDEBUG [0m]: xkb: Mod index 4 (name Mod2) got index 4
[1;32mDEBUG [0m]: xkb: Mod index 5 (name Mod3) got index 5
[1;32mDEBUG [0m]: xkb: Mod index 6 (name Mod4) got index 6
[1;32mDEBUG [0m]: xkb: Mod index 7 (name Mod5) got index 7
[1;32mDEBUG [0m]: Updating keymap fd for keyboard hl-virtual-keyboard-wtype
[1;32mDEBUG [0m]: Updated keymap fd to 108, keymap V1 to: 111
[1;32mDEBUG [0m]: Set the keyboard layout to us and variant to  for keyboard "hl-virtual-keyboard-wtype"
[1;32mDEBUG [0m]: New virtual keyboard created at 55998829dee0
[1;32mDEBUG [0m]: Updating keyboard 55998829dee0's translation state from a provided keymap
[1;32mDEBUG [0m]: Updating keymap fd for keyboard hl-virtual-keyboard-wtype
[1;32mDEBUG [0m]: Updated keymap fd to 108, keymap V1 to: 111
[1;32mDEBUG [0m]: Keyboard at 55998829dee0 removed
[1;32mDEBUG [0m]: Destroyed keyboard 55998829dee0
[1;32mDEBUG [0m]: [CWLSeatProtocol] New seat resource bound at 559988841e50
[1;32mDEBUG [0m]: [CVirtualKeyboardProtocol] New VKeyboard at id 5
[1;32mDEBUG [0m]: ApplyConfigToKeyboard for "hl-virtual-keyboard-wtype", hasconfig: 0
[1;32mDEBUG [0m]: Attempting to create a keymap for layout us with variant  (rules: , model: , options: )
[1;32mDEBUG [0m]: Updating keyboard 55998829dee0's translation state from a provided keymap
[1;32mDEBUG [0m]: xkb: LED index 0 (name Num Lock) got index 1
[1;32mDEBUG [0m]: xkb: LED index 1 (name Caps Lock) got index 0
[1;32mDEBUG [0m]: xkb: LED index 2 (name Scroll Lock) got index 2
[1;32mDEBUG [0m]: xkb: Mod index 0 (name Shift) got index 0
[1;32mDEBUG [0m]: xkb: Mod index 1 (name Lock) got index 1
[1;32mDEBUG [0m]: xkb: Mod index 2 (name Control) got index 2
[1;32mDEBUG [0m]: xkb: Mod index 3 (name Mod1) got index 3
[1;32mDEBUG [0m]: xkb: Mod index 4 (name Mod2) got index 4
[1;32mDEBUG [0m]: xkb: Mod index 5 (name Mod3) got index 5
[1;32mDEBUG [0m]: xkb: Mod index 6 (name Mod4) got index 6
[1;32mDEBUG [0m]: xkb: Mod index 7 (name Mod5) got index 7
[1;32mDEBUG [0m]: Updating keymap fd for keyboard hl-virtual-keyboard-wtype
[1;32mDEBUG [0m]: Updated keymap fd to 108, keymap V1 to: 111
[1;32mDEBUG [0m]: Set the keyboard layout to us and variant to  for keyboard "hl-virtual-keyboard-wtype"
[1;32mDEBUG [0m]: New virtual keyboard created at 55998829dee0
[1;32mDEBUG [0m]: Updating keyboard 55998829dee0's translation state from a provided keymap
[1;32mDEBUG [0m]: Updating keymap fd for keyboard hl-virtual-keyboard-wtype
[1;32mDEBUG [0m]: Updated keymap fd to 108, keymap V1 to: 111
[1;32mDEBUG [0m]: [CWLCompositorResource] New wl_region with id 137 at 559988293150
[1;32mDEBUG [0m]: [CLinuxDMABUFParamsResource] Creating a dmabuf, with id 167: size [Vector2D: x: 368, y: 676], fmt AR24, planes 1
[1;32mDEBUG [0m]: [CLinuxDMABUFParamsResource]  | plane 0: mod 72057594037927952 fd 49 stride 1536 offset 0
[1;32mDEBUG [0m]: [CLinuxDMABUFParamsResource] Creating a dmabuf, with id 169: size [Vector2D: x: 368, y: 676], fmt AR24, planes 1
[1;32mDEBUG [0m]: [CLinuxDMABUFParamsResource]  | plane 0: mod 72057594037927952 fd 89 stride 1536 offset 0
[1;32mDEBUG [0m]: Keyboard at 55998829dee0 removed
[1;32mDEBUG [0m]: Destroyed keyboard 55998829dee0
[1;32mDEBUG [0m]: Socket2 accepted a new client at FD 44
[1;32mDEBUG [0m]: [CWLCompositorResource] New wl_surface with id 163 at 559987237a20
[1;32mDEBUG [0m]: [CWLCompositorResource] New wl_surface with id 179 at 559987237a20
[1;32mDEBUG [0m]: CWLSurface 559988283530 called init()
[1;32mDEBUG [0m]: LayerSurface 5599882613b0 (namespace putkin-wallpaper layer 0) created on monitor WAYLAND-1
[1;32mDEBUG [0m]: [CLayerShellProtocol] New wlr_layer_surface 5599882613b0
[1;32mDEBUG [0m]: [CWLCompositorResource] New wl_surface with id 180 at 5599872827e0
[1;32mDEBUG [0m]: [CWLCompositorResource] New wl_surface with id 183 at 559988887790
[1;32mDEBUG [0m]: CWLSurface 55998824b310 called init()
[1;32mDEBUG [0m]: LayerSurface 559988905fd0 (namespace putkin-wallpaper layer 0) created on monitor HEADLESS-1
[1;32mDEBUG [0m]: [CLayerShellProtocol] New wlr_layer_surface 559988905fd0
[1;32mDEBUG [0m]: [CWLCompositorResource] New wl_surface with id 187 at 5599872827e0
[1;32mDEBUG [0m]: [CWLCompositorResource] New wl_surface with id 190 at 5599872827e0
[1;32mDEBUG [0m]: CWLSurface 559987300620 called init()
[1;32mDEBUG [0m]: LayerSurface 559988916770 (namespace putkin-wallpaper layer 0) created on monitor HEADLESS-6
[1;32mDEBUG [0m]: [CLayerShellProtocol] New wlr_layer_surface 559988916770
[1;32mDEBUG [0m]: [CWLCompositorResource] New wl_surface with id 194 at 559988655700
[1;32mDEBUG [0m]: [CWLCompositorResource] New wl_surface with id 197 at 559988655700
[1;32mDEBUG [0m]: CWLSurface 5599881b6710 called init()
[1;32mDEBUG [0m]: LayerSurface 559988a3fbe0 (namespace putkin-bar layer 2) created on monitor WAYLAND-1
[1;32mDEBUG [0m]: [CLayerShellProtocol] New wlr_layer_surface 559988a3fbe0
[1;32mDEBUG [0m]: [CWLCompositorResource] New wl_surface with id 201 at 5599889b71f0
[1;32mDEBUG [0m]: [CWLCompositorResource] New wl_surface with id 204 at 5599889b71f0
[1;32mDEBUG [0m]: CWLSurface 5599872fc500 called init()
[1;32mDEBUG [0m]: LayerSurface 559988918630 (namespace putkin-bar layer 2) created on monitor HEADLESS-1
[1;32mDEBUG [0m]: [CLayerShellProtocol] New wlr_layer_surface 559988918630
[1;32mDEBUG [0m]: [CWLCompositorResource] New wl_surface with id 208 at 559988a03ef0
[1;32mDEBUG [0m]: [CWLCompositorResource] New wl_surface with id 211 at 559988c56ca0
[1;32mDEBUG [0m]: CWLSurface 5599887caba0 called init()
[1;32mDEBUG [0m]: LayerSurface 559988a3fe60 (namespace putkin-bar layer 2) created on monitor HEADLESS-6
[1;32mDEBUG [0m]: [CLayerShellProtocol] New wlr_layer_surface 559988a3fe60
[1;32mDEBUG [0m]: Socket2 fd 86 hung up
[1;32mDEBUG [0m]: [CWLCompositorResource] New wl_region with id 210 at 559988c5e230
[1;32mDEBUG [0m]: [CWLCompositorResource] New wl_region with id 208 at 55998886a3c0
[1;32mDEBUG [0m]: [CLinuxDMABUFParamsResource] Creating a dmabuf, with id 203: size [Vector2D: x: 1920, y: 1080], fmt AR24, planes 1
[1;32mDEBUG [0m]: [CLinuxDMABUFParamsResource]  | plane 0: mod 72057594037927952 fd 45 stride 7680 offset 0
[1;32mDEBUG [0m]: LayerSurface 5599882613b0 mapped
[1;32mDEBUG [0m]: [CWLCompositorResource] New wl_region with id 196 at 559988918270
[1;32mDEBUG [0m]: [CWLCompositorResource] New wl_region with id 210 at 559988235970
[1;32mDEBUG [0m]: [CLinuxDMABUFParamsResource] Creating a dmabuf, with id 208: size [Vector2D: x: 1920, y: 1080], fmt AR24, planes 1
[1;32mDEBUG [0m]: [CLinuxDMABUFParamsResource]  | plane 0: mod 72057594037927952 fd 97 stride 7680 offset 0
[1;32mDEBUG [0m]: LayerSurface 559988905fd0 mapped
[1;32mDEBUG [0m]: [CWLCompositorResource] New wl_region with id 189 at 559988235970
[1;32mDEBUG [0m]: [CWLCompositorResource] New wl_region with id 196 at 559988c5e230
[1;32mDEBUG [0m]: [CLinuxDMABUFParamsResource] Creating a dmabuf, with id 210: size [Vector2D: x: 1920, y: 1080], fmt AR24, planes 1
[1;32mDEBUG [0m]: [CLinuxDMABUFParamsResource]  | plane 0: mod 72057594037927952 fd 60 stride 7680 offset 0
[1;32mDEBUG [0m]: LayerSurface 559988916770 mapped
[1;32mDEBUG [0m]: [CWLCompositorResource] New wl_region with id 182 at 559988918270
[1;32mDEBUG [0m]: [CLinuxDMABUFParamsResource] Creating a dmabuf, with id 173: size [Vector2D: x: 1920, y: 32], fmt AR24, planes 1
[1;32mDEBUG [0m]: [CLinuxDMABUFParamsResource]  | plane 0: mod 72057594037927952 fd 104 stride 7680 offset 0
[1;32mDEBUG [0m]: [CWLCompositorResource] New wl_region with id 180 at 559988235970
[1;32mDEBUG [0m]: LayerSurface 559988a3fbe0 mapped
[1;32mDEBUG [0m]: [CLinuxDMABUFParamsResource] Creating a dmabuf, with id 182: size [Vector2D: x: 1920, y: 32], fmt AR24, planes 1
[1;32mDEBUG [0m]: [CLinuxDMABUFParamsResource]  | plane 0: mod 72057594037927952 fd 111 stride 7680 offset 0
[1;32mDEBUG [0m]: LayerSurface 559988918630 mapped
[1;32mDEBUG [0m]: [CWLCompositorResource] New wl_region with id 189 at 559987289bc0
[1;32mDEBUG [0m]: [CLinuxDMABUFParamsResource] Creating a dmabuf, with id 163: size [Vector2D: x: 1920, y: 48], fmt AR24, planes 1
[1;32mDEBUG [0m]: [CLinuxDMABUFParamsResource]  | plane 0: mod 72057594037927952 fd 109 stride 7680 offset 0
[1;32mDEBUG [0m]: LayerSurface 559988a3fe60 mapped
[1;32mDEBUG [0m]: LayerSurface 5599881b4f10 destroyed
[1;32mDEBUG [0m]: Forcing an unmap of a LS that did a straight destroy!
[1;32mDEBUG [0m]: LayerSurface 5599881b4f10 unmapped
[1;32mDEBUG [0m]: renderer: making a snapshot of layer 5599880df1d0
[1;32mDEBUG [0m]: Framebuffer "layer snapshot" created, status 36053
[1;32mDEBUG [0m]: renderer: cleared a snapshot of layer 5599880df1d0
[1;32mDEBUG [0m]: renderer: rendered a snapshot of layer 5599880df1d0
[1;32mDEBUG [0m]: renderer: made a snapshot of layer 5599880df1d0
[1;32mDEBUG [0m]: CWLSurface 559987255f40 called destroy()
[1;32mDEBUG [0m]: LayerSurface 5599880cd3e0 destroyed
[1;32mDEBUG [0m]: Forcing an unmap of a LS that did a straight destroy!
[1;32mDEBUG [0m]: LayerSurface 5599880cd3e0 unmapped
[1;32mDEBUG [0m]: renderer: making a snapshot of layer 559987256a80
[1;32mDEBUG [0m]: Framebuffer "layer snapshot" created, status 36053
[1;32mDEBUG [0m]: renderer: cleared a snapshot of layer 559987256a80
[1;32mDEBUG [0m]: renderer: rendered a snapshot of layer 559987256a80
[1;32mDEBUG [0m]: renderer: made a snapshot of layer 559987256a80
[1;32mDEBUG [0m]: CWLSurface 5599872576f0 called destroy()
[1;32mDEBUG [0m]: LayerSurface 55998826b9f0 destroyed
[1;32mDEBUG [0m]: Forcing an unmap of a LS that did a straight destroy!
[1;32mDEBUG [0m]: LayerSurface 55998826b9f0 unmapped
[1;32mDEBUG [0m]: renderer: making a snapshot of layer 559988261840
[1;32mDEBUG [0m]: Framebuffer "layer snapshot" created, status 36053
[1;32mDEBUG [0m]: renderer: cleared a snapshot of layer 559988261840
[1;32mDEBUG [0m]: renderer: rendered a snapshot of layer 559988261840
[1;32mDEBUG [0m]: renderer: made a snapshot of layer 559988261840
[1;32mDEBUG [0m]: CWLSurface 559988248ac0 called destroy()
[1;32mDEBUG [0m]: LayerSurface 55998826b1b0 destroyed
[1;32mDEBUG [0m]: Forcing an unmap of a LS that did a straight destroy!
[1;32mDEBUG [0m]: LayerSurface 55998826b1b0 unmapped
[1;32mDEBUG [0m]: renderer: making a snapshot of layer 559988839ba0
[1;32mDEBUG [0m]: Framebuffer "layer snapshot" created, status 36053
[1;32mDEBUG [0m]: renderer: cleared a snapshot of layer 559988839ba0
[1;32mDEBUG [0m]: renderer: rendered a snapshot of layer 559988839ba0
[1;32mDEBUG [0m]: renderer: made a snapshot of layer 559988839ba0
[1;32mDEBUG [0m]: CWLSurface 559988234230 called destroy()
[1;32mDEBUG [0m]: LayerSurface 5599880dec50 destroyed
[1;32mDEBUG [0m]: Forcing an unmap of a LS that did a straight destroy!
[1;32mDEBUG [0m]: LayerSurface 5599880dec50 unmapped
[1;32mDEBUG [0m]: renderer: making a snapshot of layer 55998824f240
[1;32mDEBUG [0m]: Framebuffer "layer snapshot" created, status 36053
[1;32mDEBUG [0m]: renderer: cleared a snapshot of layer 55998824f240
[1;32mDEBUG [0m]: renderer: rendered a snapshot of layer 55998824f240
[1;32mDEBUG [0m]: renderer: made a snapshot of layer 55998824f240
[1;32mDEBUG [0m]: CWLSurface 559988248cc0 called destroy()
[1;32mDEBUG [0m]: LayerSurface 55998824e490 destroyed
[1;32mDEBUG [0m]: Forcing an unmap of a LS that did a straight destroy!
[1;32mDEBUG [0m]: LayerSurface 55998824e490 unmapped
[1;32mDEBUG [0m]: renderer: making a snapshot of layer 55998824e940
[1;32mDEBUG [0m]: Framebuffer "layer snapshot" created, status 36053
[1;32mDEBUG [0m]: renderer: cleared a snapshot of layer 55998824e940
[1;32mDEBUG [0m]: renderer: rendered a snapshot of layer 55998824e940
[1;32mDEBUG [0m]: renderer: made a snapshot of layer 55998824e940
[1;32mDEBUG [0m]: CWLSurface 55998824fb90 called destroy()
[1;32mDEBUG [0m]: LayerSurface 559988741650 destroyed
[1;32mDEBUG [0m]: Forcing an unmap of a LS that did a straight destroy!
[1;32mDEBUG [0m]: LayerSurface 559988741650 unmapped
[1;32mDEBUG [0m]: renderer: making a snapshot of layer 5599882b6130
[1;32mDEBUG [0m]: Framebuffer "layer snapshot" created, status 36053
[1;32mDEBUG [0m]: renderer: cleared a snapshot of layer 5599882b6130
[1;32mDEBUG [0m]: renderer: rendered a snapshot of layer 5599882b6130
[1;32mDEBUG [0m]: renderer: made a snapshot of layer 5599882b6130
[1;32mDEBUG [0m]: CWLSurface 559987f57700 called destroy()
[1;32mDEBUG [0m]: [CLinuxDMABUFParamsResource] Creating a dmabuf, with id 104: size [Vector2D: x: 1920, y: 32], fmt AR24, planes 1
[1;32mDEBUG [0m]: [CLinuxDMABUFParamsResource]  | plane 0: mod 72057594037927952 fd 115 stride 7680 offset 0
[1;32mDEBUG [0m]: [CLinuxDMABUFParamsResource] Creating a dmabuf, with id 216: size [Vector2D: x: 1920, y: 32], fmt AR24, planes 1
[1;32mDEBUG [0m]: [CLinuxDMABUFParamsResource]  | plane 0: mod 72057594037927952 fd 50 stride 7680 offset 0
[1;32mDEBUG [0m]: Cleanup: removed 2 fadeouts
[1;32mDEBUG [0m]: Cleanup: removed 3 fadeouts
[1;32mDEBUG [0m]: Cleanup: removed 2 fadeouts
[1;32mDEBUG [0m]: [CLinuxDMABUFParamsResource] Creating a dmabuf, with id 143: size [Vector2D: x: 1920, y: 48], fmt AR24, planes 1
[1;32mDEBUG [0m]: [CLinuxDMABUFParamsResource]  | plane 0: mod 72057594037927952 fd 55 stride 7680 offset 0
[1;32mDEBUG [0m]: [CLinuxDMABUFParamsResource] Creating a dmabuf, with id 79: size [Vector2D: x: 1920, y: 32], fmt AR24, planes 1
[1;32mDEBUG [0m]: [CLinuxDMABUFParamsResource]  | plane 0: mod 72057594037927952 fd 46 stride 7680 offset 0
[1;32mDEBUG [0m]: [CWLCompositorResource] New wl_surface with id 217 at 559988917230
[1;32mDEBUG [0m]: CWLSurface 55998821aaa0 called init()
[1;32mDEBUG [0m]: LayerSurface 559987232a20 (namespace putkin-panel layer 3) created on monitor HEADLESS-1
[1;32mDEBUG [0m]: [CLayerShellProtocol] New wlr_layer_surface 559987232a20
[1;32mDEBUG [0m]: [CPrimarySelectionProtocol] CPrimarySelectionProtocol::updateSelection: cannot send selection to a client without a data_device
[1;32mDEBUG [0m]: [CWLCompositorResource] New wl_region with id 139 at 55998824e270
[1;32mDEBUG [0m]: [CLinuxDMABUFParamsResource] Creating a dmabuf, with id 189: size [Vector2D: x: 368, y: 446], fmt AR24, planes 1
[1;32mDEBUG [0m]: [CLinuxDMABUFParamsResource]  | plane 0: mod 72057594037927952 fd 70 stride 1536 offset 0
[1;32mDEBUG [0m]: LayerSurface 559987232a20 mapped
[1;32mDEBUG [0m]: cursorImage request: shape 1 -> default
[1;32mDEBUG [0m]: [CLinuxDMABUFParamsResource] Creating a dmabuf, with id 168: size [Vector2D: x: 368, y: 622], fmt AR24, planes 1
[1;32mDEBUG [0m]: [CLinuxDMABUFParamsResource]  | plane 0: mod 72057594037927952 fd 56 stride 1536 offset 0
[1;32mDEBUG [0m]: [CLinuxDMABUFParamsResource] Creating a dmabuf, with id 103: size [Vector2D: x: 368, y: 622], fmt AR24, planes 1
[1;32mDEBUG [0m]: [CLinuxDMABUFParamsResource]  | plane 0: mod 72057594037927952 fd 72 stride 1536 offset 0
[1;32mDEBUG [0m]: [CLinuxDMABUFParamsResource] Creating a dmabuf, with id 189: size [Vector2D: x: 1920, y: 32], fmt AR24, planes 1
[1;32mDEBUG [0m]: [CLinuxDMABUFParamsResource]  | plane 0: mod 72057594037927952 fd 71 stride 7680 offset 0
[1;32mDEBUG [0m]: [CLinuxDMABUFParamsResource] Creating a dmabuf, with id 135: size [Vector2D: x: 1920, y: 48], fmt AR24, planes 1
[1;32mDEBUG [0m]: [CLinuxDMABUFParamsResource]  | plane 0: mod 72057594037927952 fd 84 stride 7680 offset 0
[1;32mDEBUG [0m]: Socket2 accepted a new client at FD 57
[1;32mDEBUG [0m]: [CWLCompositorResource] New wl_surface with id 64 at 55998890bb10
[1;32mDEBUG [0m]: [CWLCompositorResource] New wl_surface with id 154 at 55998890bb10
[1;32mDEBUG [0m]: CWLSurface 5599888b1fb0 called init()
[1;32mDEBUG [0m]: LayerSurface 559987256c20 (namespace putkin-wallpaper layer 0) created on monitor WAYLAND-1
[1;32mDEBUG [0m]: [CLayerShellProtocol] New wlr_layer_surface 559987256c20
[1;32mDEBUG [0m]: [CWLCompositorResource] New wl_surface with id 105 at 559988295ad0
[1;32mDEBUG [0m]: [CWLCompositorResource] New wl_surface with id 71 at 559988295ad0
[1;32mDEBUG [0m]: CWLSurface 559987d0f480 called init()
[1;32mDEBUG [0m]: LayerSurface 559988741650 (namespace putkin-wallpaper layer 0) created on monitor HEADLESS-1
[1;32mDEBUG [0m]: [CLayerShellProtocol] New wlr_layer_surface 559988741650
[1;32mDEBUG [0m]: [CWLCompositorResource] New wl_surface with id 73 at 559988249190
[1;32mDEBUG [0m]: [CWLCompositorResource] New wl_surface with id 45 at 559988249190
[1;32mDEBUG [0m]: CWLSurface 55998824fb90 called init()
[1;32mDEBUG [0m]: LayerSurface 55998824e490 (namespace putkin-wallpaper layer 0) created on monitor HEADLESS-6
[1;32mDEBUG [0m]: [CLayerShellProtocol] New wlr_layer_surface 55998824e490
[1;32mDEBUG [0m]: [CWLCompositorResource] New wl_surface with id 172 at 5599886279e0
[1;32mDEBUG [0m]: [CWLCompositorResource] New wl_surface with id 90 at 5599886279e0
[1;32mDEBUG [0m]: CWLSurface 559988234230 called init()
[1;32mDEBUG [0m]: LayerSurface 5599880dec50 (namespace putkin-bar layer 2) created on monitor WAYLAND-1
[1;32mDEBUG [0m]: [CLayerShellProtocol] New wlr_layer_surface 5599880dec50
[1;32mDEBUG [0m]: [CWLCompositorResource] New wl_surface with id 129 at 55998824c6a0
[1;32mDEBUG [0m]: [CWLCompositorResource] New wl_surface with id 178 at 55998824c6a0
[1;32mDEBUG [0m]: CWLSurface 5599872576f0 called init()
[1;32mDEBUG [0m]: LayerSurface 55998826b1b0 (namespace putkin-bar layer 2) created on monitor HEADLESS-1
[1;32mDEBUG [0m]: [CLayerShellProtocol] New wlr_layer_surface 55998826b1b0
[1;32mDEBUG [0m]: [CWLCompositorResource] New wl_surface with id 59 at 5599885fa610
[1;32mDEBUG [0m]: [CWLCompositorResource] New wl_surface with id 49 at 5599885fa610
[1;32mDEBUG [0m]: CWLSurface 55998823cfa0 called init()
[1;32mDEBUG [0m]: LayerSurface 55998826b9f0 (namespace putkin-bar layer 2) created on monitor HEADLESS-6
[1;32mDEBUG [0m]: [CLayerShellProtocol] New wlr_layer_surface 55998826b9f0
[1;32mDEBUG [0m]: Socket2 fd 44 hung up
[1;32mDEBUG [0m]: [CWLCompositorResource] New wl_region with id 175 at 5599882453f0
[1;32mDEBUG [0m]: [CWLCompositorResource] New wl_region with id 59 at 559987247900
[1;32mDEBUG [0m]: [CLinuxDMABUFParamsResource] Creating a dmabuf, with id 140: size [Vector2D: x: 1920, y: 1080], fmt AR24, planes 1
[1;32mDEBUG [0m]: [CLinuxDMABUFParamsResource]  | plane 0: mod 72057594037927952 fd 44 stride 7680 offset 0
[1;32mDEBUG [0m]: LayerSurface 559987256c20 mapped
[1;32mDEBUG [0m]: [CWLCompositorResource] New wl_region with id 164 at 5599883494e0
[1;32mDEBUG [0m]: [CWLCompositorResource] New wl_region with id 175 at 5599872562a0
[1;32mDEBUG [0m]: [CLinuxDMABUFParamsResource] Creating a dmabuf, with id 59: size [Vector2D: x: 1920, y: 1080], fmt AR24, planes 1
[1;32mDEBUG [0m]: [CLinuxDMABUFParamsResource]  | plane 0: mod 72057594037927952 fd 93 stride 7680 offset 0
[1;32mDEBUG [0m]: LayerSurface 559988741650 mapped
[1;32mDEBUG [0m]: [CWLCompositorResource] New wl_region with id 65 at 559987d8af40
[1;32mDEBUG [0m]: [CWLCompositorResource] New wl_region with id 164 at 559987247900
[1;32mDEBUG [0m]: [CLinuxDMABUFParamsResource] Creating a dmabuf, with id 175: size [Vector2D: x: 1920, y: 1080], fmt AR24, planes 1
[1;32mDEBUG [0m]: [CLinuxDMABUFParamsResource]  | plane 0: mod 72057594037927952 fd 89 stride 7680 offset 0
[1;32mDEBUG [0m]: LayerSurface 55998824e490 mapped
[1;32mDEBUG [0m]: [CWLCompositorResource] New wl_region with id 70 at 5599883494e0
[1;32mDEBUG [0m]: [CLinuxDMABUFParamsResource] Creating a dmabuf, with id 167: size [Vector2D: x: 1920, y: 32], fmt AR24, planes 1
[1;32mDEBUG [0m]: [CLinuxDMABUFParamsResource]  | plane 0: mod 72057594037927952 fd 100 stride 7680 offset 0
[1;32mDEBUG [0m]: LayerSurface 5599880dec50 mapped
[1;32mDEBUG [0m]: [CWLCompositorResource] New wl_region with id 105 at 55998724b020
[1;32mDEBUG [0m]: [CLinuxDMABUFParamsResource] Creating a dmabuf, with id 70: size [Vector2D: x: 1920, y: 32], fmt AR24, planes 1
[1;32mDEBUG [0m]: [CLinuxDMABUFParamsResource]  | plane 0: mod 72057594037927952 fd 104 stride 7680 offset 0
[1;32mDEBUG [0m]: LayerSurface 55998826b1b0 mapped
[1;32mDEBUG [0m]: [CWLCompositorResource] New wl_region with id 105 at 559987d8af40
[1;32mDEBUG [0m]: [CLinuxDMABUFParamsResource] Creating a dmabuf, with id 64: size [Vector2D: x: 1920, y: 48], fmt AR24, planes 1
[1;32mDEBUG [0m]: [CLinuxDMABUFParamsResource]  | plane 0: mod 72057594037927952 fd 103 stride 7680 offset 0
[1;32mDEBUG [0m]: LayerSurface 55998826b9f0 mapped
[1;32mDEBUG [0m]: LayerSurface 5599882613b0 destroyed
[1;32mDEBUG [0m]: Forcing an unmap of a LS that did a straight destroy!
[1;32mDEBUG [0m]: LayerSurface 5599882613b0 unmapped
[1;32mDEBUG [0m]: renderer: making a snapshot of layer 5599882b5f90
[1;32mDEBUG [0m]: Framebuffer "layer snapshot" created, status 36053
[1;32mDEBUG [0m]: renderer: cleared a snapshot of layer 5599882b5f90
[1;32mDEBUG [0m]: renderer: rendered a snapshot of layer 5599882b5f90
[1;32mDEBUG [0m]: renderer: made a snapshot of layer 5599882b5f90
[1;32mDEBUG [0m]: CWLSurface 559988283530 called destroy()
[1;32mDEBUG [0m]: LayerSurface 559988905fd0 destroyed
[1;32mDEBUG [0m]: Forcing an unmap of a LS that did a straight destroy!
[1;32mDEBUG [0m]: LayerSurface 559988905fd0 unmapped
[1;32mDEBUG [0m]: renderer: making a snapshot of layer 559988917090
[1;32mDEBUG [0m]: Framebuffer "layer snapshot" created, status 36053
[1;32mDEBUG [0m]: renderer: cleared a snapshot of layer 559988917090
[1;32mDEBUG [0m]: renderer: rendered a snapshot of layer 559988917090
[1;32mDEBUG [0m]: renderer: made a snapshot of layer 559988917090
[1;32mDEBUG [0m]: CWLSurface 55998824b310 called destroy()
[1;32mDEBUG [0m]: LayerSurface 559988916770 destroyed
[1;32mDEBUG [0m]: Forcing an unmap of a LS that did a straight destroy!
[1;32mDEBUG [0m]: LayerSurface 559988916770 unmapped
[1;32mDEBUG [0m]: renderer: making a snapshot of layer 559988366940
[1;32mDEBUG [0m]: Framebuffer "layer snapshot" created, status 36053
[1;32mDEBUG [0m]: renderer: cleared a snapshot of layer 559988366940
[1;32mDEBUG [0m]: renderer: rendered a snapshot of layer 559988366940
[1;32mDEBUG [0m]: renderer: made a snapshot of layer 559988366940
[1;32mDEBUG [0m]: CWLSurface 559987300620 called destroy()
[1;32mDEBUG [0m]: LayerSurface 559987232a20 destroyed
[1;32mDEBUG [0m]: Forcing an unmap of a LS that did a straight destroy!
[1;32mDEBUG [0m]: LayerSurface 559987232a20 unmapped
[1;32mDEBUG [0m]: renderer: making a snapshot of layer 559988842370
[1;32mDEBUG [0m]: Framebuffer "layer snapshot" created, status 36053
[1;32mDEBUG [0m]: renderer: cleared a snapshot of layer 559988842370
[1;32mDEBUG [0m]: renderer: rendered a snapshot of layer 559988842370
[1;32mDEBUG [0m]: renderer: made a snapshot of layer 559988842370
[1;32mDEBUG [0m]: CWLSurface 55998821aaa0 called destroy()
[1;32mDEBUG [0m]: LayerSurface 559988a3fbe0 destroyed
[1;32mDEBUG [0m]: Forcing an unmap of a LS that did a straight destroy!
[1;32mDEBUG [0m]: LayerSurface 559988a3fbe0 unmapped
[1;32mDEBUG [0m]: renderer: making a snapshot of layer 559988118be0
[1;32mDEBUG [0m]: Framebuffer "layer snapshot" created, status 36053
[1;32mDEBUG [0m]: renderer: cleared a snapshot of layer 559988118be0
[1;32mDEBUG [0m]: renderer: rendered a snapshot of layer 559988118be0
[1;32mDEBUG [0m]: renderer: made a snapshot of layer 559988118be0
[1;32mDEBUG [0m]: CWLSurface 5599881b6710 called destroy()
[1;32mDEBUG [0m]: LayerSurface 559988918630 destroyed
[1;32mDEBUG [0m]: Forcing an unmap of a LS that did a straight destroy!
[1;32mDEBUG [0m]: LayerSurface 559988918630 unmapped
[1;32mDEBUG [0m]: renderer: making a snapshot of layer 559988349e90
[1;32mDEBUG [0m]: Framebuffer "layer snapshot" created, status 36053
[1;32mDEBUG [0m]: renderer: cleared a snapshot of layer 559988349e90
[1;32mDEBUG [0m]: renderer: rendered a snapshot of layer 559988349e90
[1;32mDEBUG [0m]: renderer: made a snapshot of layer 559988349e90
[1;32mDEBUG [0m]: CWLSurface 5599872fc500 called destroy()
[1;32mDEBUG [0m]: LayerSurface 559988a3fe60 destroyed
[1;32mDEBUG [0m]: Forcing an unmap of a LS that did a straight destroy!
[1;32mDEBUG [0m]: LayerSurface 559988a3fe60 unmapped
[1;32mDEBUG [0m]: renderer: making a snapshot of layer 559988c569d0
[1;32mDEBUG [0m]: Framebuffer "layer snapshot" created, status 36053
[1;32mDEBUG [0m]: renderer: cleared a snapshot of layer 559988c569d0
[1;32mDEBUG [0m]: renderer: rendered a snapshot of layer 559988c569d0
[1;32mDEBUG [0m]: renderer: made a snapshot of layer 559988c569d0
[1;32mDEBUG [0m]: CWLSurface 5599887caba0 called destroy()
[1;32mDEBUG [0m]: [CLinuxDMABUFParamsResource] Creating a dmabuf, with id 153: size [Vector2D: x: 1920, y: 32], fmt AR24, planes 1
[1;32mDEBUG [0m]: [CLinuxDMABUFParamsResource]  | plane 0: mod 72057594037927952 fd 108 stride 7680 offset 0
[1;32mDEBUG [0m]: Cleanup: removed 2 fadeouts
[1;32mDEBUG [0m]: Cleanup: removed 3 fadeouts
[1;32mDEBUG [0m]: Cleanup: removed 2 fadeouts
[1;32mDEBUG [0m]: [CLinuxDMABUFParamsResource] Creating a dmabuf, with id 213: size [Vector2D: x: 1920, y: 32], fmt AR24, planes 1
[1;32mDEBUG [0m]: [CLinuxDMABUFParamsResource]  | plane 0: mod 72057594037927952 fd 46 stride 7680 offset 0
[1;32mDEBUG [0m]: [CLinuxDMABUFParamsResource] Creating a dmabuf, with id 189: size [Vector2D: x: 1920, y: 48], fmt AR24, planes 1
[1;32mDEBUG [0m]: [CLinuxDMABUFParamsResource]  | plane 0: mod 72057594037927952 fd 50 stride 7680 offset 0
[1;32mDEBUG [0m]: Hyprctl: new connection from pid 2190
[1;32mDEBUG [0m]: Hyprctl: new connection from pid 2191
[1;32mDEBUG [0m]: Hyprctl: new connection from pid 2192
[1;32mDEBUG [0m]: Hyprctl: new connection from pid 2193
[1;32mDEBUG [0m]: Hyprctl: new connection from pid 2194
[1;32mDEBUG [0m]: Hyprctl: new connection from pid 2195
[1;32mDEBUG [0m]: Hyprctl: new connection from pid 2196
[1;32mDEBUG [0m]: Hyprctl: new connection from pid 2197
[1;32mDEBUG [0m]: Socket2 fd 57 hung up
[1;32mDEBUG [0m]: Socket2 fd 43 hung up
[1;32mDEBUG [0m]: LayerSurface 559988741650 destroyed
[1;32mDEBUG [0m]: Forcing an unmap of a LS that did a straight destroy!
[1;32mDEBUG [0m]: LayerSurface 559988741650 unmapped
[1;32mDEBUG [0m]: renderer: making a snapshot of layer 559987251dd0
[1;32mDEBUG [0m]: Framebuffer "layer snapshot" created, status 36053
[1;32mDEBUG [0m]: renderer: cleared a snapshot of layer 559987251dd0
[1;32mDEBUG [0m]: renderer: rendered a snapshot of layer 559987251dd0
[1;32mDEBUG [0m]: renderer: made a snapshot of layer 559987251dd0
[1;32mDEBUG [0m]: CWLSurface 559987d0f480 called destroy()
[1;32mDEBUG [0m]: LayerSurface 55998824e490 unmapped
[1;32mDEBUG [0m]: renderer: making a snapshot of layer 559988415620
[1;32mDEBUG [0m]: Framebuffer "layer snapshot" created, status 36053
[1;32mDEBUG [0m]: renderer: cleared a snapshot of layer 559988415620
[1;32mDEBUG [0m]: renderer: rendered a snapshot of layer 559988415620
[1;32mDEBUG [0m]: renderer: made a snapshot of layer 559988415620
[1;32mDEBUG [0m]: LayerSurface 55998824e490 destroyed
[1;32mDEBUG [0m]: CWLSurface 55998824fb90 called destroy()
[1;32mDEBUG [0m]: LayerSurface 55998826b9f0 unmapped
[1;32mDEBUG [0m]: renderer: making a snapshot of layer 55998702e0d0
[1;32mDEBUG [0m]: Framebuffer "layer snapshot" created, status 36053
[1;32mDEBUG [0m]: renderer: cleared a snapshot of layer 55998702e0d0
[1;32mDEBUG [0m]: renderer: rendered a snapshot of layer 55998702e0d0
[1;32mDEBUG [0m]: renderer: made a snapshot of layer 55998702e0d0
[1;32mDEBUG [0m]: LayerSurface 55998826b9f0 destroyed
[1;32mDEBUG [0m]: CWLSurface 55998823cfa0 called destroy()
[1;32mDEBUG [0m]: LayerSurface 55998826b1b0 destroyed
[1;32mDEBUG [0m]: Forcing an unmap of a LS that did a straight destroy!
[1;32mDEBUG [0m]: LayerSurface 55998826b1b0 unmapped
[1;32mDEBUG [0m]: renderer: making a snapshot of layer 559987256610
[1;32mDEBUG [0m]: Framebuffer "layer snapshot" created, status 36053
[1;32mDEBUG [0m]: renderer: cleared a snapshot of layer 559987256610
[1;32mDEBUG [0m]: renderer: rendered a snapshot of layer 559987256610
[1;32mDEBUG [0m]: renderer: made a snapshot of layer 559987256610
[1;32mDEBUG [0m]: CWLSurface 5599872576f0 called destroy()
[1;32mDEBUG [0m]: LayerSurface 5599880dec50 unmapped
[1;32mDEBUG [0m]: renderer: making a snapshot of layer 55998723bc60
[1;32mDEBUG [0m]: Framebuffer "layer snapshot" created, status 36053
[1;32mDEBUG [0m]: renderer: cleared a snapshot of layer 55998723bc60
[1;32mDEBUG [0m]: renderer: rendered a snapshot of layer 55998723bc60
[1;32mDEBUG [0m]: renderer: made a snapshot of layer 55998723bc60
[1;32mDEBUG [0m]: LayerSurface 5599880dec50 destroyed
[1;32mDEBUG [0m]: CWLSurface 559988234230 called destroy()
[1;32mDEBUG [0m]: LayerSurface 559987256c20 destroyed
[1;32mDEBUG [0m]: Forcing an unmap of a LS that did a straight destroy!
[1;32mDEBUG [0m]: LayerSurface 559987256c20 unmapped
[1;32mDEBUG [0m]: renderer: making a snapshot of layer 55998824e2f0
[1;32mDEBUG [0m]: Framebuffer "layer snapshot" created, status 36053
[1;32mDEBUG [0m]: renderer: cleared a snapshot of layer 55998824e2f0
[1;32mDEBUG [0m]: renderer: rendered a snapshot of layer 55998824e2f0
[1;32mDEBUG [0m]: renderer: made a snapshot of layer 55998824e2f0
[1;32mDEBUG [0m]: CWLSurface 5599888b1fb0 called destroy()
[1;32mDEBUG [0m]: Cleanup: removed 2 fadeouts
[1;32mDEBUG [0m]: Cleanup: removed 2 fadeouts
[1;32mDEBUG [0m]: Cleanup: removed 2 fadeouts
[1;32mDEBUG [0m]: Hyprland received signal 15
[1;32mDEBUG [0m]: Hyprland is stopping!
[1;32mDEBUG [0m]: Kicked off the event loop! :(
[1;32mDEBUG [0m]: Monitor WAYLAND-1 -> destroyed all render data
[1;32mDEBUG [0m]: Monitor HEADLESS-1 -> destroyed all render data
[1;32mDEBUG [0m]: Monitor HEADLESS-6 -> destroyed all render data
[1;32mDEBUG [0m]: Destroying workspace ID 2
[1;32mDEBUG [0m]: Destroying workspace ID 3
[1;32mDEBUG [0m]: Destroying workspace ID 1
[1;32mDEBUG [0m]: Hyprland has reached the end.
